2026-07-05 23:30:19 [btc_live] INFO: New trading day: 2026-07-05. Resetting daily counters.
2026-07-05 23:30:19 [btc_live] INFO: New trading day: 2026-07-05. Resetting daily counters.
2026-07-05 23:30:19 [btc_live] WARNING: Could not load win_rate.csv: [Errno 2] No such file or directory: 'C:\\Users\\Zuhri\\Documents\\apps\\polymarket-trade\\btc-binary-VWAP-Momentum-bot\\data\\win_rate.csv'
2026-07-05 23:30:21 [btc_live] INFO: RTDS Chainlink connected
2026-07-05 23:30:21 [btc_live] INFO: Market tokens assigned:
2026-07-05 23:30:21 [btc_live] INFO:   Slug: btc-updown-5m-1783269000
2026-07-05 23:30:21 [btc_live] INFO:   End Time: 2026-07-05T16:35:00Z (timestamp: 1783269300.0)
2026-07-05 23:30:21 [btc_live] INFO:   UP token: 8336819086335817196018885406711312189990...
2026-07-05 23:30:21 [btc_live] INFO:   DOWN token: 9074025203278269748781387970495509842584...
2026-07-05 23:30:22 [btc_live] INFO: WebSocket subscribing to tokens:
2026-07-05 23:30:22 [btc_live] INFO:   UP: 8336819086335817196018885406711312189990...
2026-07-05 23:30:22 [btc_live] INFO:   DOWN: 9074025203278269748781387970495509842584...
2026-07-05 23:30:22 [btc_live] INFO: Tokens validated: UP=0.68, DOWN=0.31, sum=0.99
2026-07-05 23:30:22 [btc_live] INFO: BTC Chainlink init: $62,589.40 (window 1783269000, ts=16:30:22.000)
2026-07-05 23:34:46 [btc_live] INFO: BTC_TICK 16:34:45.000 (local 16:34:46.102) $62,598.65 [-15.000s before 16:35:00]
2026-07-05 23:34:46 [btc_live] INFO: BTC_TICK 16:34:46.000 (local 16:34:46.832) $62,598.63 [-14.000s before 16:35:00]
2026-07-05 23:34:47 [btc_live] INFO: BTC_TICK 16:34:47.000 (local 16:34:47.746) $62,598.47 [-13.000s before 16:35:00]
2026-07-05 23:34:48 [btc_live] INFO: BTC_TICK 16:34:48.000 (local 16:34:48.874) $62,598.43 [-12.000s before 16:35:00]
2026-07-05 23:34:50 [btc_live] INFO: BTC_TICK 16:34:49.000 (local 16:34:50.119) $62,598.42 [-11.000s before 16:35:00]
2026-07-05 23:34:51 [btc_live] INFO: BTC_TICK 16:34:50.000 (local 16:34:51.142) $62,598.23 [-10.000s before 16:35:00]
2026-07-05 23:34:51 [btc_live] INFO: BTC_TICK 16:34:51.000 (local 16:34:51.695) $62,598.23 [-9.000s before 16:35:00]
2026-07-05 23:34:52 [btc_live] INFO: BTC_TICK 16:34:52.000 (local 16:34:52.781) $62,598.37 [-8.000s before 16:35:00]
2026-07-05 23:34:53 [btc_live] INFO: BTC_TICK 16:34:53.000 (local 16:34:53.918) $62,598.01 [-7.000s before 16:35:00]
2026-07-05 23:34:55 [btc_live] INFO: BTC_TICK 16:34:54.000 (local 16:34:55.050) $62,598.72 [-6.000s before 16:35:00]
2026-07-05 23:34:55 [btc_live] INFO: BTC_TICK 16:34:55.000 (local 16:34:55.670) $62,598.72 [-5.000s before 16:35:00]
2026-07-05 23:34:57 [btc_live] INFO: BTC_TICK 16:34:56.000 (local 16:34:57.022) $62,597.49 [-4.000s before 16:35:00]
2026-07-05 23:34:57 [btc_live] INFO: BTC_TICK 16:34:57.000 (local 16:34:57.969) $62,596.89 [-3.000s before 16:35:00]
2026-07-05 23:34:59 [btc_live] INFO: BTC_TICK 16:34:58.000 (local 16:34:59.203) $62,596.56 [-2.000s before 16:35:00]
2026-07-05 23:35:00 [btc_live] INFO: BTC_TICK 16:34:59.000 (local 16:35:00.094) $62,594.64 [-1.000s before 16:35:00]
2026-07-05 23:35:00 [btc_live] INFO: BTC_TICK 16:35:00.000 (local 16:35:00.638) $62,594.62 [+0.000s after 16:35:00]
2026-07-05 23:35:00 [btc_live] INFO: BTC anchor reset: $62,594.62 (boundary 16:35:00, first tick at 16:35:00.000, delay 0ms, prev anchor $62,589.40)
2026-07-05 23:35:01 [btc_live] INFO: BTC_TICK 16:35:01.000 (local 16:35:01.539) $62,594.99 [+1.000s after 16:35:00]
2026-07-05 23:35:02 [btc_live] INFO: BTC_TICK 16:35:02.000 (local 16:35:02.783) $62,594.50 [+2.000s after 16:35:00]
2026-07-05 23:35:03 [btc_live] INFO: BTC_TICK 16:35:03.000 (local 16:35:03.890) $62,594.50 [+3.000s after 16:35:00]
2026-07-05 23:35:04 [btc_live] INFO: BTC_TICK 16:35:04.000 (local 16:35:04.919) $62,594.49 [+4.000s after 16:35:00]
2026-07-05 23:35:06 [btc_live] INFO: BTC_TICK 16:35:05.000 (local 16:35:06.050) $62,593.76 [+5.000s after 16:35:00]
2026-07-05 23:35:10 [btc_live] INFO: WebSocket closed gracefully (code 1000)
2026-07-05 23:35:15 [btc_live] INFO: Market tokens assigned:
2026-07-05 23:35:15 [btc_live] INFO:   Slug: btc-updown-5m-1783269300
2026-07-05 23:35:15 [btc_live] INFO:   End Time: 2026-07-05T16:40:00Z (timestamp: 1783269600.0)
2026-07-05 23:35:15 [btc_live] INFO:   UP token: 1247043415454090492583962767124613655446...
2026-07-05 23:35:15 [btc_live] INFO:   DOWN token: 1126913365264348484442987334787398327111...
2026-07-05 23:35:16 [btc_live] INFO: WebSocket subscribing to tokens:
2026-07-05 23:35:16 [btc_live] INFO:   UP: 1247043415454090492583962767124613655446...
2026-07-05 23:35:16 [btc_live] INFO:   DOWN: 1126913365264348484442987334787398327111...
2026-07-05 23:35:16 [btc_live] INFO: Tokens validated: UP=0.47, DOWN=0.52, sum=0.99
2026-07-05 23:35:49 [btc_live] INFO: WebSocket closed gracefully (code 1000)
2026-07-05 23:35:49 [btc_live] INFO: RTDS Chainlink closed gracefully
2026-07-05 23:50:05 [btc_live] INFO: New trading day: 2026-07-05. Resetting daily counters.
2026-07-05 23:50:18 [btc_live] INFO: New trading day: 2026-07-05. Resetting daily counters.
2026-07-05 23:50:18 [btc_live] INFO: New trading day: 2026-07-05. Resetting daily counters.
2026-07-05 23:50:18 [btc_live] WARNING: Could not load win_rate.csv: 
2026-07-05 23:50:19 [btc_live] INFO: RTDS Chainlink connected
2026-07-05 23:50:20 [btc_live] INFO: Market tokens assigned:
2026-07-05 23:50:20 [btc_live] INFO:   Slug: btc-updown-5m-1783270200
2026-07-05 23:50:20 [btc_live] INFO:   End Time: 2026-07-05T16:55:00Z (timestamp: 1783270500.0)
2026-07-05 23:50:20 [btc_live] INFO:   UP token: 8531355142548284083647037275044693181385...
2026-07-05 23:50:20 [btc_live] INFO:   DOWN token: 7561005840292695933062481995922400577882...
2026-07-05 23:50:21 [btc_live] INFO: WebSocket subscribing to tokens:
2026-07-05 23:50:21 [btc_live] INFO:   UP: 8531355142548284083647037275044693181385...
2026-07-05 23:50:21 [btc_live] INFO:   DOWN: 7561005840292695933062481995922400577882...
2026-07-05 23:50:21 [btc_live] INFO: Tokens validated: UP=0.49, DOWN=0.50, sum=0.99
2026-07-05 23:50:21 [btc_live] INFO: BTC Chainlink init: $62,567.99 (window 1783270200, ts=16:50:20.000)
2026-07-05 23:53:06 [btc_live] INFO: New trading day: 2026-07-05. Resetting daily counters.
2026-07-05 23:53:06 [btc_live] INFO: New trading day: 2026-07-05. Resetting daily counters.
2026-07-05 23:53:06 [btc_live] WARNING: Could not load win_rate.csv: 
2026-07-05 23:53:07 [btc_live] INFO: RTDS Chainlink connected
2026-07-05 23:53:09 [btc_live] INFO: BTC Chainlink init: $62,559.87 (window 1783270200, ts=16:53:08.000)
2026-07-05 23:53:10 [btc_live] INFO: Market tokens assigned:
2026-07-05 23:53:10 [btc_live] INFO:   Slug: btc-updown-5m-1783270200
2026-07-05 23:53:10 [btc_live] INFO:   End Time: 2026-07-05T16:55:00Z (timestamp: 1783270500.0)
2026-07-05 23:53:10 [btc_live] INFO:   UP token: 8531355142548284083647037275044693181385...
2026-07-05 23:53:10 [btc_live] INFO:   DOWN token: 7561005840292695933062481995922400577882...
2026-07-05 23:53:11 [btc_live] INFO: WebSocket subscribing to tokens:
2026-07-05 23:53:11 [btc_live] INFO:   UP: 8531355142548284083647037275044693181385...
2026-07-05 23:53:11 [btc_live] INFO:   DOWN: 7561005840292695933062481995922400577882...
2026-07-05 23:53:11 [btc_live] INFO: Tokens validated: UP=0.40, DOWN=0.59, sum=0.99
2026-07-05 23:54:45 [btc_live] INFO: BTC_TICK 16:54:45.000 (local 16:54:45.797) $62,569.32 [-15.000s before 16:55:00]
2026-07-05 23:54:46 [btc_live] INFO: BTC_TICK 16:54:46.000 (local 16:54:46.742) $62,568.88 [-14.000s before 16:55:00]
2026-07-05 23:54:47 [btc_live] INFO: BTC_TICK 16:54:47.000 (local 16:54:47.788) $62,568.96 [-13.000s before 16:55:00]
2026-07-05 23:54:48 [btc_live] INFO: BTC_TICK 16:54:48.000 (local 16:54:48.777) $62,568.47 [-12.000s before 16:55:00]
2026-07-05 23:54:49 [btc_live] INFO: BTC_TICK 16:54:49.000 (local 16:54:49.826) $62,568.47 [-11.000s before 16:55:00]
2026-07-05 23:54:50 [btc_live] INFO: BTC_TICK 16:54:50.000 (local 16:54:50.759) $62,568.47 [-10.000s before 16:55:00]
2026-07-05 23:54:52 [btc_live] INFO: BTC_TICK 16:54:51.000 (local 16:54:52.328) $62,571.66 [-9.000s before 16:55:00]
2026-07-05 23:54:53 [btc_live] INFO: BTC_TICK 16:54:52.000 (local 16:54:53.771) $62,571.95 [-8.000s before 16:55:00]
2026-07-05 23:54:54 [btc_live] INFO: BTC_TICK 16:54:53.000 (local 16:54:54.714) $62,572.03 [-7.000s before 16:55:00]
2026-07-05 23:54:55 [btc_live] INFO: BTC_TICK 16:54:54.000 (local 16:54:55.405) $62,571.59 [-6.000s before 16:55:00]
2026-07-05 23:54:56 [btc_live] INFO: BTC_TICK 16:54:55.000 (local 16:54:56.038) $62,571.49 [-5.000s before 16:55:00]
2026-07-05 23:54:56 [btc_live] INFO: BTC_TICK 16:54:56.000 (local 16:54:56.856) $62,571.49 [-4.000s before 16:55:00]
2026-07-05 23:54:58 [btc_live] INFO: BTC_TICK 16:54:57.000 (local 16:54:58.488) $62,572.60 [-3.000s before 16:55:00]
2026-07-05 23:54:59 [btc_live] INFO: BTC_TICK 16:54:58.000 (local 16:54:59.337) $62,572.54 [-2.000s before 16:55:00]
2026-07-05 23:54:59 [btc_live] INFO: BTC_TICK 16:54:59.000 (local 16:54:59.815) $62,572.54 [-1.000s before 16:55:00]
2026-07-05 23:55:01 [btc_live] INFO: BTC_TICK 16:55:00.000 (local 16:55:01.576) $62,571.72 [+0.000s after 16:55:00]
2026-07-05 23:55:01 [btc_live] INFO: BTC anchor reset: $62,571.72 (boundary 16:55:00, first tick at 16:55:00.000, delay 0ms, prev anchor $62,559.87)
2026-07-05 23:55:02 [btc_live] INFO: BTC_TICK 16:55:01.000 (local 16:55:02.186) $62,572.04 [+1.000s after 16:55:00]
2026-07-05 23:55:03 [btc_live] INFO: BTC_TICK 16:55:02.000 (local 16:55:03.217) $62,575.87 [+2.000s after 16:55:00]
2026-07-05 23:55:04 [btc_live] INFO: BTC_TICK 16:55:03.000 (local 16:55:04.540) $62,576.64 [+3.000s after 16:55:00]
2026-07-05 23:55:05 [btc_live] INFO: BTC_TICK 16:55:04.000 (local 16:55:05.324) $62,576.65 [+4.000s after 16:55:00]
2026-07-05 23:55:06 [btc_live] INFO: BTC_TICK 16:55:05.000 (local 16:55:06.146) $62,577.43 [+5.000s after 16:55:00]
2026-07-05 23:55:10 [btc_live] INFO: WebSocket closed gracefully (code 1000)
2026-07-05 23:55:15 [btc_live] INFO: Market tokens assigned:
2026-07-05 23:55:15 [btc_live] INFO:   Slug: btc-updown-5m-1783270500
2026-07-05 23:55:15 [btc_live] INFO:   End Time: 2026-07-05T17:00:00Z (timestamp: 1783270800.0)
2026-07-05 23:55:15 [btc_live] INFO:   UP token: 7132426995289807310606978344447435240465...
2026-07-05 23:55:15 [btc_live] INFO:   DOWN token: 6805998390764851026889524420349280683163...
2026-07-05 23:55:16 [btc_live] INFO: WebSocket subscribing to tokens:
2026-07-05 23:55:16 [btc_live] INFO:   UP: 7132426995289807310606978344447435240465...
2026-07-05 23:55:16 [btc_live] INFO:   DOWN: 6805998390764851026889524420349280683163...
2026-07-05 23:55:16 [btc_live] INFO: Tokens validated: UP=0.66, DOWN=0.33, sum=0.99
2026-07-05 23:59:19 [btc_live] INFO: WebSocket closed gracefully (code 1000)
2026-07-05 23:59:19 [btc_live] INFO: RTDS Chainlink closed gracefully
2026-07-06 00:09:52 [btc_live] INFO: New trading day: 2026-07-06. Resetting daily counters.
2026-07-06 00:09:52 [btc_live] INFO: New trading day: 2026-07-06. Resetting daily counters.
2026-07-06 00:09:52 [btc_live] WARNING: Could not load win_rate.csv: 
2026-07-06 00:09:53 [btc_live] INFO: RTDS Chainlink connected
2026-07-06 00:09:54 [btc_live] INFO: Market tokens assigned:
2026-07-06 00:09:54 [btc_live] INFO:   Slug: btc-updown-5m-1783271100
2026-07-06 00:09:54 [btc_live] INFO:   End Time: 2026-07-05T17:10:00Z (timestamp: 1783271400.0)
2026-07-06 00:09:54 [btc_live] INFO:   UP token: 8202170897908591391497839145800005833346...
2026-07-06 00:09:54 [btc_live] INFO:   DOWN token: 2866320087852921748194073596780140943577...
2026-07-06 00:09:55 [btc_live] INFO: BTC_TICK 17:09:54.000 (local 17:09:55.003) $62,656.19 [-6.000s before 17:10:00]
2026-07-06 00:09:55 [btc_live] INFO: BTC Chainlink init: $62,656.19 (window 1783271100, ts=17:09:54.000)
2026-07-06 00:09:55 [btc_live] INFO: WebSocket subscribing to tokens:
2026-07-06 00:09:55 [btc_live] INFO:   UP: 8202170897908591391497839145800005833346...
2026-07-06 00:09:55 [btc_live] INFO:   DOWN: 2866320087852921748194073596780140943577...
2026-07-06 00:09:55 [btc_live] INFO: Tokens validated: UP=0.31, DOWN=0.68, sum=0.99
2026-07-06 00:09:56 [btc_live] INFO: BTC_TICK 17:09:55.000 (local 17:09:56.402) $62,654.33 [-5.000s before 17:10:00]
2026-07-06 00:09:57 [btc_live] INFO: BTC_TICK 17:09:56.000 (local 17:09:57.245) $62,655.08 [-4.000s before 17:10:00]
2026-07-06 00:09:57 [btc_live] INFO: BTC_TICK 17:09:57.000 (local 17:09:57.971) $62,656.13 [-3.000s before 17:10:00]
2026-07-06 00:09:59 [btc_live] INFO: BTC_TICK 17:09:58.000 (local 17:09:59.750) $62,664.67 [-2.000s before 17:10:00]
2026-07-06 00:10:00 [btc_live] INFO: BTC_TICK 17:09:59.000 (local 17:10:00.635) $62,664.77 [-1.000s before 17:10:00]
2026-07-06 00:10:01 [btc_live] INFO: BTC_TICK 17:10:00.000 (local 17:10:01.065) $62,664.95 [+0.000s after 17:10:00]
2026-07-06 00:10:01 [btc_live] INFO: BTC anchor reset: $62,664.95 (boundary 17:10:00, first tick at 17:10:00.000, delay 0ms, prev anchor $62,656.19)
2026-07-06 00:10:02 [btc_live] INFO: BTC_TICK 17:10:01.000 (local 17:10:02.487) $62,666.65 [+1.000s after 17:10:00]
2026-07-06 00:10:03 [btc_live] INFO: BTC_TICK 17:10:02.000 (local 17:10:03.377) $62,666.65 [+2.000s after 17:10:00]
2026-07-06 00:10:04 [btc_live] INFO: BTC_TICK 17:10:03.000 (local 17:10:04.053) $62,666.68 [+3.000s after 17:10:00]
2026-07-06 00:10:04 [btc_live] INFO: BTC_TICK 17:10:04.000 (local 17:10:04.926) $62,666.29 [+4.000s after 17:10:00]
2026-07-06 00:10:06 [btc_live] INFO: BTC_TICK 17:10:05.000 (local 17:10:06.210) $62,666.00 [+5.000s after 17:10:00]
2026-07-06 00:10:10 [btc_live] INFO: WebSocket closed gracefully (code 1000)
2026-07-06 00:10:15 [btc_live] INFO: Market tokens assigned:
2026-07-06 00:10:15 [btc_live] INFO:   Slug: btc-updown-5m-1783271400
2026-07-06 00:10:15 [btc_live] INFO:   End Time: 2026-07-05T17:15:00Z (timestamp: 1783271700.0)
2026-07-06 00:10:15 [btc_live] INFO:   UP token: 3879421049176336785204438837040271330235...
2026-07-06 00:10:15 [btc_live] INFO:   DOWN token: 1960853882640704047919118842562660386852...
2026-07-06 00:10:16 [btc_live] INFO: WebSocket subscribing to tokens:
2026-07-06 00:10:16 [btc_live] INFO:   UP: 3879421049176336785204438837040271330235...
2026-07-06 00:10:16 [btc_live] INFO:   DOWN: 1960853882640704047919118842562660386852...
2026-07-06 00:10:16 [btc_live] INFO: Tokens validated: UP=0.41, DOWN=0.58, sum=0.99
2026-07-06 00:14:46 [btc_live] INFO: BTC_TICK 17:14:45.000 (local 17:14:46.072) $62,654.35 [-15.000s before 17:15:00]
2026-07-06 00:14:46 [btc_live] INFO: BTC_TICK 17:14:46.000 (local 17:14:46.626) $62,654.34 [-14.000s before 17:15:00]
2026-07-06 00:14:47 [btc_live] INFO: BTC_TICK 17:14:47.000 (local 17:14:47.562) $62,654.96 [-13.000s before 17:15:00]
2026-07-06 00:14:48 [btc_live] INFO: BTC_TICK 17:14:48.000 (local 17:14:48.575) $62,654.70 [-12.000s before 17:15:00]
2026-07-06 00:14:50 [btc_live] INFO: BTC_TICK 17:14:49.000 (local 17:14:50.441) $62,654.41 [-11.000s before 17:15:00]
2026-07-06 00:14:50 [btc_live] INFO: BTC_TICK 17:14:50.000 (local 17:14:50.900) $62,655.33 [-10.000s before 17:15:00]
2026-07-06 00:14:52 [btc_live] INFO: BTC_TICK 17:14:51.000 (local 17:14:52.326) $62,655.69 [-9.000s before 17:15:00]
2026-07-06 00:14:52 [btc_live] INFO: BTC_TICK 17:14:52.000 (local 17:14:52.710) $62,655.34 [-8.000s before 17:15:00]
2026-07-06 00:14:53 [btc_live] INFO: BTC_TICK 17:14:53.000 (local 17:14:53.781) $62,654.52 [-7.000s before 17:15:00]
2026-07-06 00:14:54 [btc_live] INFO: BTC_TICK 17:14:54.000 (local 17:14:54.926) $62,656.17 [-6.000s before 17:15:00]
2026-07-06 00:14:56 [btc_live] INFO: BTC_TICK 17:14:55.000 (local 17:14:56.101) $62,655.51 [-5.000s before 17:15:00]
2026-07-06 00:14:57 [btc_live] INFO: BTC_TICK 17:14:56.000 (local 17:14:57.195) $62,657.03 [-4.000s before 17:15:00]
2026-07-06 00:14:57 [btc_live] INFO: BTC_TICK 17:14:57.000 (local 17:14:57.554) $62,657.03 [-3.000s before 17:15:00]
2026-07-06 00:14:58 [btc_live] INFO: BTC_TICK 17:14:58.000 (local 17:14:58.739) $62,662.26 [-2.000s before 17:15:00]
2026-07-06 00:14:59 [btc_live] INFO: BTC_TICK 17:14:59.000 (local 17:14:59.662) $62,665.38 [-1.000s before 17:15:00]
2026-07-06 00:15:00 [btc_live] INFO: BTC_TICK 17:15:00.000 (local 17:15:00.906) $62,664.20 [+0.000s after 17:15:00]
2026-07-06 00:15:00 [btc_live] INFO: BTC anchor reset: $62,664.20 (boundary 17:15:00, first tick at 17:15:00.000, delay 0ms, prev anchor $62,664.95)
2026-07-06 00:15:01 [btc_live] INFO: BTC_TICK 17:15:01.000 (local 17:15:01.706) $62,664.64 [+1.000s after 17:15:00]
2026-07-06 00:15:02 [btc_live] INFO: BTC_TICK 17:15:02.000 (local 17:15:02.950) $62,664.75 [+2.000s after 17:15:00]
2026-07-06 00:15:04 [btc_live] INFO: BTC_TICK 17:15:03.000 (local 17:15:04.836) $62,663.53 [+3.000s after 17:15:00]
2026-07-06 00:15:05 [btc_live] INFO: BTC_TICK 17:15:04.000 (local 17:15:05.193) $62,663.53 [+4.000s after 17:15:00]
2026-07-06 00:15:05 [btc_live] INFO: BTC_TICK 17:15:05.000 (local 17:15:05.852) $62,662.46 [+5.000s after 17:15:00]
2026-07-06 00:15:10 [btc_live] INFO: WebSocket closed gracefully (code 1000)
2026-07-06 00:15:15 [btc_live] INFO: Market tokens assigned:
2026-07-06 00:15:15 [btc_live] INFO:   Slug: btc-updown-5m-1783271700
2026-07-06 00:15:15 [btc_live] INFO:   End Time: 2026-07-05T17:20:00Z (timestamp: 1783272000.0)
2026-07-06 00:15:15 [btc_live] INFO:   UP token: 8260647137038004668205528201246698135405...
2026-07-06 00:15:15 [btc_live] INFO:   DOWN token: 8814866128653788622010364913251225300823...
2026-07-06 00:15:16 [btc_live] INFO: WebSocket subscribing to tokens:
2026-07-06 00:15:16 [btc_live] INFO:   UP: 8260647137038004668205528201246698135405...
2026-07-06 00:15:16 [btc_live] INFO:   DOWN: 8814866128653788622010364913251225300823...
2026-07-06 00:15:16 [btc_live] INFO: Tokens validated: UP=0.46, DOWN=0.53, sum=0.99
2026-07-06 00:19:45 [btc_live] INFO: BTC_TICK 17:19:45.000 (local 17:19:45.756) $62,646.00 [-15.000s before 17:20:00]
2026-07-06 00:19:46 [btc_live] INFO: BTC_TICK 17:19:46.000 (local 17:19:46.756) $62,645.97 [-14.000s before 17:20:00]
2026-07-06 00:19:47 [btc_live] INFO: BTC_TICK 17:19:47.000 (local 17:19:47.618) $62,645.97 [-13.000s before 17:20:00]
2026-07-06 00:19:48 [btc_live] INFO: BTC_TICK 17:19:48.000 (local 17:19:48.652) $62,645.69 [-12.000s before 17:20:00]
2026-07-06 00:19:49 [btc_live] INFO: BTC_TICK 17:19:49.000 (local 17:19:49.644) $62,645.46 [-11.000s before 17:20:00]
2026-07-06 00:19:50 [btc_live] INFO: BTC_TICK 17:19:50.000 (local 17:19:50.637) $62,645.42 [-10.000s before 17:20:00]
2026-07-06 00:19:51 [btc_live] INFO: BTC_TICK 17:19:51.000 (local 17:19:51.822) $62,645.42 [-9.000s before 17:20:00]
2026-07-06 00:19:52 [btc_live] INFO: BTC_TICK 17:19:52.000 (local 17:19:52.895) $62,645.42 [-8.000s before 17:20:00]
2026-07-06 00:19:53 [btc_live] INFO: BTC_TICK 17:19:53.000 (local 17:19:53.833) $62,645.42 [-7.000s before 17:20:00]
2026-07-06 00:19:54 [btc_live] INFO: BTC_TICK 17:19:54.000 (local 17:19:54.809) $62,645.42 [-6.000s before 17:20:00]
2026-07-06 00:19:55 [btc_live] INFO: BTC_TICK 17:19:55.000 (local 17:19:55.832) $62,645.15 [-5.000s before 17:20:00]
2026-07-06 00:19:56 [btc_live] INFO: BTC_TICK 17:19:56.000 (local 17:19:56.698) $62,645.16 [-4.000s before 17:20:00]
2026-07-06 00:19:58 [btc_live] INFO: BTC_TICK 17:19:57.000 (local 17:19:58.140) $62,645.25 [-3.000s before 17:20:00]
2026-07-06 00:19:58 [btc_live] INFO: BTC_TICK 17:19:58.000 (local 17:19:58.708) $62,645.25 [-2.000s before 17:20:00]
2026-07-06 00:19:59 [btc_live] INFO: BTC_TICK 17:19:59.000 (local 17:19:59.835) $62,645.45 [-1.000s before 17:20:00]
2026-07-06 00:20:00 [btc_live] INFO: BTC_TICK 17:20:00.000 (local 17:20:00.780) $62,645.45 [+0.000s after 17:20:00]
2026-07-06 00:20:00 [btc_live] INFO: BTC anchor reset: $62,645.45 (boundary 17:20:00, first tick at 17:20:00.000, delay 0ms, prev anchor $62,664.20)
2026-07-06 00:20:01 [btc_live] INFO: BTC_TICK 17:20:01.000 (local 17:20:01.892) $62,645.25 [+1.000s after 17:20:00]
2026-07-06 00:20:02 [btc_live] INFO: BTC_TICK 17:20:02.000 (local 17:20:02.955) $62,644.66 [+2.000s after 17:20:00]
2026-07-06 00:20:03 [btc_live] INFO: BTC_TICK 17:20:03.000 (local 17:20:03.974) $62,645.17 [+3.000s after 17:20:00]
2026-07-06 00:20:05 [btc_live] INFO: BTC_TICK 17:20:04.000 (local 17:20:05.042) $62,645.09 [+4.000s after 17:20:00]
2026-07-06 00:20:05 [btc_live] INFO: BTC_TICK 17:20:05.000 (local 17:20:05.560) $62,645.09 [+5.000s after 17:20:00]
2026-07-06 00:20:10 [btc_live] INFO: WebSocket closed gracefully (code 1000)
2026-07-06 00:20:15 [btc_live] INFO: Market tokens assigned:
2026-07-06 00:20:15 [btc_live] INFO:   Slug: btc-updown-5m-1783272000
2026-07-06 00:20:15 [btc_live] INFO:   End Time: 2026-07-05T17:25:00Z (timestamp: 1783272300.0)
2026-07-06 00:20:15 [btc_live] INFO:   UP token: 9901961313616484858744016461971865953246...
2026-07-06 00:20:15 [btc_live] INFO:   DOWN token: 7821275984841937056040031025307667363393...
2026-07-06 00:20:16 [btc_live] INFO: WebSocket subscribing to tokens:
2026-07-06 00:20:16 [btc_live] INFO:   UP: 9901961313616484858744016461971865953246...
2026-07-06 00:20:16 [btc_live] INFO:   DOWN: 7821275984841937056040031025307667363393...
2026-07-06 00:20:16 [btc_live] INFO: Tokens validated: UP=0.64, DOWN=0.35, sum=0.99
2026-07-06 00:21:45 [btc_live] INFO: WebSocket closed gracefully (code 1000)
2026-07-06 00:21:46 [btc_live] INFO: RTDS Chainlink closed gracefully
2026-07-06 00:21:51 [btc_live] INFO: New trading day: 2026-07-06. Resetting daily counters.
2026-07-06 00:21:51 [btc_live] INFO: New trading day: 2026-07-06. Resetting daily counters.
2026-07-06 00:21:51 [btc_live] WARNING: Could not load win_rate.csv: 
2026-07-06 00:21:53 [btc_live] INFO: RTDS Chainlink connected
2026-07-06 00:21:53 [btc_live] INFO: Market tokens assigned:
2026-07-06 00:21:53 [btc_live] INFO:   Slug: btc-updown-5m-1783272000
2026-07-06 00:21:53 [btc_live] INFO:   End Time: 2026-07-05T17:25:00Z (timestamp: 1783272300.0)
2026-07-06 00:21:53 [btc_live] INFO:   UP token: 9901961313616484858744016461971865953246...
2026-07-06 00:21:53 [btc_live] INFO:   DOWN token: 7821275984841937056040031025307667363393...
2026-07-06 00:21:54 [btc_live] INFO: WebSocket subscribing to tokens:
2026-07-06 00:21:54 [btc_live] INFO:   UP: 9901961313616484858744016461971865953246...
2026-07-06 00:21:54 [btc_live] INFO:   DOWN: 7821275984841937056040031025307667363393...
2026-07-06 00:21:54 [btc_live] INFO: Tokens validated: UP=0.36, DOWN=0.63, sum=0.99
2026-07-06 00:21:55 [btc_live] INFO: BTC Chainlink init: $62,639.88 (window 1783272000, ts=17:21:54.000)
2026-07-06 00:24:46 [btc_live] INFO: BTC_TICK 17:24:45.000 (local 17:24:46.052) $62,737.23 [-15.000s before 17:25:00]
2026-07-06 00:24:47 [btc_live] INFO: BTC_TICK 17:24:46.000 (local 17:24:47.187) $62,736.01 [-14.000s before 17:25:00]
2026-07-06 00:24:47 [btc_live] INFO: BTC_TICK 17:24:47.000 (local 17:24:47.720) $62,736.62 [-13.000s before 17:25:00]
2026-07-06 00:24:48 [btc_live] INFO: BTC_TICK 17:24:48.000 (local 17:24:48.695) $62,736.68 [-12.000s before 17:25:00]
2026-07-06 00:24:49 [btc_live] INFO: BTC_TICK 17:24:49.000 (local 17:24:49.677) $62,735.61 [-11.000s before 17:25:00]
2026-07-06 00:24:50 [btc_live] INFO: BTC_TICK 17:24:50.000 (local 17:24:50.670) $62,736.39 [-10.000s before 17:25:00]
2026-07-06 00:24:51 [btc_live] INFO: BTC_TICK 17:24:51.000 (local 17:24:51.862) $62,736.71 [-9.000s before 17:25:00]
2026-07-06 00:24:52 [btc_live] INFO: BTC_TICK 17:24:52.000 (local 17:24:52.874) $62,737.03 [-8.000s before 17:25:00]
2026-07-06 00:24:53 [btc_live] INFO: BTC_TICK 17:24:53.000 (local 17:24:53.795) $62,735.92 [-7.000s before 17:25:00]
2026-07-06 00:24:55 [btc_live] INFO: BTC_TICK 17:24:54.000 (local 17:24:55.277) $62,735.84 [-6.000s before 17:25:00]
2026-07-06 00:24:56 [btc_live] INFO: BTC_TICK 17:24:55.000 (local 17:24:56.262) $62,735.84 [-5.000s before 17:25:00]
2026-07-06 00:24:56 [btc_live] INFO: BTC_TICK 17:24:56.000 (local 17:24:56.864) $62,735.42 [-4.000s before 17:25:00]
2026-07-06 00:24:57 [btc_live] INFO: BTC_TICK 17:24:57.000 (local 17:24:57.909) $62,735.34 [-3.000s before 17:25:00]
2026-07-06 00:24:59 [btc_live] INFO: BTC_TICK 17:24:58.000 (local 17:24:59.188) $62,735.34 [-2.000s before 17:25:00]
2026-07-06 00:24:59 [btc_live] INFO: BTC_TICK 17:24:59.000 (local 17:24:59.938) $62,735.34 [-1.000s before 17:25:00]
2026-07-06 00:25:00 [btc_live] INFO: WebSocket closed gracefully (code 1000)
2026-07-06 00:25:01 [btc_live] INFO: BTC_TICK 17:25:00.000 (local 17:25:01.056) $62,735.37 [+0.000s after 17:25:00]
2026-07-06 00:25:01 [btc_live] INFO: BTC anchor reset: $62,735.37 (boundary 17:25:00, first tick at 17:25:00.000, delay 0ms, prev anchor $62,639.88)
2026-07-06 00:25:01 [btc_live] INFO: BTC_TICK 17:25:01.000 (local 17:25:01.831) $62,735.26 [+1.000s after 17:25:00]
2026-07-06 00:25:03 [btc_live] INFO: BTC_TICK 17:25:02.000 (local 17:25:03.044) $62,727.75 [+2.000s after 17:25:00]
2026-07-06 00:25:03 [btc_live] INFO: BTC_TICK 17:25:03.000 (local 17:25:03.745) $62,726.68 [+3.000s after 17:25:00]
2026-07-06 00:25:05 [btc_live] INFO: BTC_TICK 17:25:04.000 (local 17:25:05.077) $62,726.57 [+4.000s after 17:25:00]
2026-07-06 00:25:05 [btc_live] INFO: Market tokens assigned:
2026-07-06 00:25:05 [btc_live] INFO:   Slug: btc-updown-5m-1783272300
2026-07-06 00:25:05 [btc_live] INFO:   End Time: 2026-07-05T17:30:00Z (timestamp: 1783272600.0)
2026-07-06 00:25:05 [btc_live] INFO:   UP token: 3563129631196524772587674692019551185049...
2026-07-06 00:25:05 [btc_live] INFO:   DOWN token: 1003439338412221478255369455524357386411...
2026-07-06 00:25:06 [btc_live] INFO: BTC_TICK 17:25:05.000 (local 17:25:06.281) $62,726.44 [+5.000s after 17:25:00]
2026-07-06 00:25:06 [btc_live] INFO: WebSocket subscribing to tokens:
2026-07-06 00:25:06 [btc_live] INFO:   UP: 3563129631196524772587674692019551185049...
2026-07-06 00:25:06 [btc_live] INFO:   DOWN: 1003439338412221478255369455524357386411...
2026-07-06 00:25:06 [btc_live] INFO: Tokens validated: UP=0.38, DOWN=0.61, sum=0.99
2026-07-06 00:29:45 [btc_live] INFO: BTC_TICK 17:29:45.000 (local 17:29:45.567) $62,631.49 [-15.000s before 17:30:00]
2026-07-06 00:29:46 [btc_live] INFO: BTC_TICK 17:29:46.000 (local 17:29:46.731) $62,631.39 [-14.000s before 17:30:00]
2026-07-06 00:29:47 [btc_live] INFO: BTC_TICK 17:29:47.000 (local 17:29:47.799) $62,631.97 [-13.000s before 17:30:00]
2026-07-06 00:29:48 [btc_live] INFO: BTC_TICK 17:29:48.000 (local 17:29:48.791) $62,631.98 [-12.000s before 17:30:00]
2026-07-06 00:29:49 [btc_live] INFO: BTC_TICK 17:29:49.000 (local 17:29:49.954) $62,631.80 [-11.000s before 17:30:00]
2026-07-06 00:29:51 [btc_live] INFO: BTC_TICK 17:29:50.000 (local 17:29:51.102) $62,631.98 [-10.000s before 17:30:00]
2026-07-06 00:29:51 [btc_live] INFO: BTC_TICK 17:29:51.000 (local 17:29:51.675) $62,631.98 [-9.000s before 17:30:00]
2026-07-06 00:29:52 [btc_live] INFO: BTC_TICK 17:29:52.000 (local 17:29:52.823) $62,631.71 [-8.000s before 17:30:00]
2026-07-06 00:29:54 [btc_live] INFO: BTC_TICK 17:29:54.000 (local 17:29:54.669) $62,631.79 [-6.000s before 17:30:00]
2026-07-06 00:29:56 [btc_live] INFO: BTC_TICK 17:29:55.000 (local 17:29:56.579) $62,631.61 [-5.000s before 17:30:00]
2026-07-06 00:29:57 [btc_live] INFO: BTC_TICK 17:29:56.000 (local 17:29:57.349) $62,631.63 [-4.000s before 17:30:00]
2026-07-06 00:29:58 [btc_live] INFO: BTC_TICK 17:29:57.000 (local 17:29:58.047) $62,631.77 [-3.000s before 17:30:00]
2026-07-06 00:29:59 [btc_live] INFO: BTC_TICK 17:29:58.000 (local 17:29:59.461) $62,631.77 [-2.000s before 17:30:00]
2026-07-06 00:29:59 [btc_live] INFO: BTC_TICK 17:29:59.000 (local 17:29:59.725) $62,631.78 [-1.000s before 17:30:00]
2026-07-06 00:30:00 [btc_live] INFO: WebSocket closed gracefully (code 1000)
2026-07-06 00:30:01 [btc_live] INFO: BTC_TICK 17:30:00.000 (local 17:30:01.342) $62,631.78 [+0.000s after 17:30:00]
2026-07-06 00:30:01 [btc_live] INFO: BTC anchor reset: $62,631.78 (boundary 17:30:00, first tick at 17:30:00.000, delay 0ms, prev anchor $62,735.37)
2026-07-06 00:30:02 [btc_live] INFO: BTC_TICK 17:30:01.000 (local 17:30:02.150) $62,631.78 [+1.000s after 17:30:00]
2026-07-06 00:30:03 [btc_live] INFO: BTC_TICK 17:30:02.000 (local 17:30:03.016) $62,631.71 [+2.000s after 17:30:00]
2026-07-06 00:30:04 [btc_live] INFO: BTC_TICK 17:30:03.000 (local 17:30:04.654) $62,631.71 [+3.000s after 17:30:00]
2026-07-06 00:30:05 [btc_live] INFO: Market tokens assigned:
2026-07-06 00:30:05 [btc_live] INFO:   Slug: btc-updown-5m-1783272600
2026-07-06 00:30:05 [btc_live] INFO:   End Time: 2026-07-05T17:35:00Z (timestamp: 1783272900.0)
2026-07-06 00:30:05 [btc_live] INFO:   UP token: 5614728502638500173547297626728771055650...
2026-07-06 00:30:05 [btc_live] INFO:   DOWN token: 4104017103796443909021728927173737379984...
2026-07-06 00:30:05 [btc_live] INFO: BTC_TICK 17:30:04.000 (local 17:30:05.494) $62,631.70 [+4.000s after 17:30:00]
2026-07-06 00:30:05 [btc_live] INFO: WebSocket subscribing to tokens:
2026-07-06 00:30:05 [btc_live] INFO:   UP: 5614728502638500173547297626728771055650...
2026-07-06 00:30:05 [btc_live] INFO:   DOWN: 4104017103796443909021728927173737379984...
2026-07-06 00:30:06 [btc_live] INFO: BTC_TICK 17:30:05.000 (local 17:30:06.191) $62,631.70 [+5.000s after 17:30:00]
2026-07-06 00:30:06 [btc_live] INFO: Tokens validated: UP=0.49, DOWN=0.50, sum=0.99
2026-07-06 00:34:45 [btc_live] INFO: BTC_TICK 17:34:45.000 (local 17:34:45.878) $62,631.49 [-15.000s before 17:35:00]
2026-07-06 00:34:46 [btc_live] INFO: BTC_TICK 17:34:46.000 (local 17:34:46.781) $62,631.49 [-14.000s before 17:35:00]
2026-07-06 00:34:48 [btc_live] INFO: BTC_TICK 17:34:47.000 (local 17:34:48.071) $62,631.49 [-13.000s before 17:35:00]
2026-07-06 00:34:48 [btc_live] INFO: BTC_TICK 17:34:48.000 (local 17:34:48.970) $62,631.38 [-12.000s before 17:35:00]
2026-07-06 00:34:49 [btc_live] INFO: BTC_TICK 17:34:49.000 (local 17:34:49.903) $62,631.49 [-11.000s before 17:35:00]
2026-07-06 00:34:50 [btc_live] INFO: BTC_TICK 17:34:50.000 (local 17:34:50.848) $62,631.49 [-10.000s before 17:35:00]
2026-07-06 00:34:51 [btc_live] INFO: BTC_TICK 17:34:51.000 (local 17:34:51.774) $62,628.85 [-9.000s before 17:35:00]
2026-07-06 00:34:52 [btc_live] INFO: BTC_TICK 17:34:52.000 (local 17:34:52.672) $62,627.57 [-8.000s before 17:35:00]
2026-07-06 00:34:53 [btc_live] INFO: BTC_TICK 17:34:53.000 (local 17:34:53.766) $62,627.50 [-7.000s before 17:35:00]
2026-07-06 00:34:54 [btc_live] INFO: BTC_TICK 17:34:54.000 (local 17:34:54.509) $62,627.23 [-6.000s before 17:35:00]
2026-07-06 00:34:55 [btc_live] INFO: BTC_TICK 17:34:55.000 (local 17:34:55.493) $62,626.02 [-5.000s before 17:35:00]
2026-07-06 00:34:56 [btc_live] INFO: BTC_TICK 17:34:56.000 (local 17:34:56.954) $62,625.95 [-4.000s before 17:35:00]
2026-07-06 00:34:58 [btc_live] INFO: BTC_TICK 17:34:57.000 (local 17:34:58.207) $62,627.10 [-3.000s before 17:35:00]
2026-07-06 00:34:58 [btc_live] INFO: BTC_TICK 17:34:58.000 (local 17:34:58.768) $62,630.42 [-2.000s before 17:35:00]
2026-07-06 00:35:00 [btc_live] INFO: BTC_TICK 17:34:59.000 (local 17:35:00.649) $62,636.08 [-1.000s before 17:35:00]
2026-07-06 00:35:01 [btc_live] INFO: BTC_TICK 17:35:00.000 (local 17:35:01.114) $62,637.34 [+0.000s after 17:35:00]
2026-07-06 00:35:01 [btc_live] INFO: BTC anchor reset: $62,637.34 (boundary 17:35:00, first tick at 17:35:00.000, delay 0ms, prev anchor $62,631.78)
2026-07-06 00:35:02 [btc_live] INFO: BTC_TICK 17:35:01.000 (local 17:35:02.377) $62,640.15 [+1.000s after 17:35:00]
2026-07-06 00:35:02 [btc_live] INFO: BTC_TICK 17:35:02.000 (local 17:35:02.533) $62,640.21 [+2.000s after 17:35:00]
2026-07-06 00:35:03 [btc_live] INFO: BTC_TICK 17:35:03.000 (local 17:35:03.578) $62,638.84 [+3.000s after 17:35:00]
2026-07-06 00:35:04 [btc_live] INFO: BTC_TICK 17:35:04.000 (local 17:35:04.615) $62,638.84 [+4.000s after 17:35:00]
2026-07-06 00:35:05 [btc_live] INFO: BTC_TICK 17:35:05.000 (local 17:35:05.837) $62,638.84 [+5.000s after 17:35:00]
2026-07-06 00:35:10 [btc_live] INFO: WebSocket closed gracefully (code 1000)
2026-07-06 00:35:15 [btc_live] INFO: Market tokens assigned:
2026-07-06 00:35:15 [btc_live] INFO:   Slug: btc-updown-5m-1783272900
2026-07-06 00:35:15 [btc_live] INFO:   End Time: 2026-07-05T17:40:00Z (timestamp: 1783273200.0)
2026-07-06 00:35:15 [btc_live] INFO:   UP token: 1248732047233860736650458954643698175429...
2026-07-06 00:35:15 [btc_live] INFO:   DOWN token: 5558537811514320002847158424401937570793...
2026-07-06 00:35:16 [btc_live] INFO: WebSocket subscribing to tokens:
2026-07-06 00:35:16 [btc_live] INFO:   UP: 1248732047233860736650458954643698175429...
2026-07-06 00:35:16 [btc_live] INFO:   DOWN: 5558537811514320002847158424401937570793...
2026-07-06 00:35:16 [btc_live] INFO: Tokens validated: UP=0.41, DOWN=0.58, sum=0.99
2026-07-06 00:39:45 [btc_live] INFO: BTC_TICK 17:39:45.000 (local 17:39:45.706) $62,648.39 [-15.000s before 17:40:00]
2026-07-06 00:39:46 [btc_live] INFO: BTC_TICK 17:39:46.000 (local 17:39:46.753) $62,648.27 [-14.000s before 17:40:00]
2026-07-06 00:39:47 [btc_live] INFO: BTC_TICK 17:39:47.000 (local 17:39:47.791) $62,648.32 [-13.000s before 17:40:00]
2026-07-06 00:39:49 [btc_live] INFO: BTC_TICK 17:39:48.000 (local 17:39:49.496) $62,648.49 [-12.000s before 17:40:00]
2026-07-06 00:39:50 [btc_live] INFO: BTC_TICK 17:39:49.000 (local 17:39:50.084) $62,648.97 [-11.000s before 17:40:00]
2026-07-06 00:39:50 [btc_live] INFO: BTC_TICK 17:39:50.000 (local 17:39:50.606) $62,648.96 [-10.000s before 17:40:00]
2026-07-06 00:39:51 [btc_live] INFO: BTC_TICK 17:39:51.000 (local 17:39:51.822) $62,646.45 [-9.000s before 17:40:00]
2026-07-06 00:39:52 [btc_live] INFO: BTC_TICK 17:39:52.000 (local 17:39:52.848) $62,644.69 [-8.000s before 17:40:00]
2026-07-06 00:39:54 [btc_live] INFO: BTC_TICK 17:39:53.000 (local 17:39:54.005) $62,642.36 [-7.000s before 17:40:00]
2026-07-06 00:39:55 [btc_live] INFO: BTC_TICK 17:39:54.000 (local 17:39:55.072) $62,642.21 [-6.000s before 17:40:00]
2026-07-06 00:39:55 [btc_live] INFO: BTC_TICK 17:39:55.000 (local 17:39:55.658) $62,642.21 [-5.000s before 17:40:00]
2026-07-06 00:39:56 [btc_live] INFO: BTC_TICK 17:39:56.000 (local 17:39:56.719) $62,642.09 [-4.000s before 17:40:00]
2026-07-06 00:39:57 [btc_live] INFO: BTC_TICK 17:39:57.000 (local 17:39:57.753) $62,636.31 [-3.000s before 17:40:00]
2026-07-06 00:39:58 [btc_live] INFO: BTC_TICK 17:39:58.000 (local 17:39:58.788) $62,635.77 [-2.000s before 17:40:00]
2026-07-06 00:40:00 [btc_live] INFO: BTC_TICK 17:39:59.000 (local 17:40:00.024) $62,633.60 [-1.000s before 17:40:00]
2026-07-06 00:40:01 [btc_live] INFO: BTC_TICK 17:40:00.000 (local 17:40:01.067) $62,632.17 [+0.000s after 17:40:00]
2026-07-06 00:40:01 [btc_live] INFO: BTC anchor reset: $62,632.17 (boundary 17:40:00, first tick at 17:40:00.000, delay 0ms, prev anchor $62,637.34)
2026-07-06 00:40:01 [btc_live] INFO: BTC_TICK 17:40:01.000 (local 17:40:01.608) $62,630.51 [+1.000s after 17:40:00]
2026-07-06 00:40:02 [btc_live] INFO: BTC_TICK 17:40:02.000 (local 17:40:02.933) $62,628.71 [+2.000s after 17:40:00]
2026-07-06 00:40:04 [btc_live] INFO: BTC_TICK 17:40:03.000 (local 17:40:04.055) $62,628.57 [+3.000s after 17:40:00]
2026-07-06 00:40:04 [btc_live] INFO: BTC_TICK 17:40:04.000 (local 17:40:04.962) $62,628.58 [+4.000s after 17:40:00]
2026-07-06 00:40:05 [btc_live] INFO: BTC_TICK 17:40:05.000 (local 17:40:05.691) $62,628.56 [+5.000s after 17:40:00]
2026-07-06 00:40:10 [btc_live] INFO: WebSocket closed gracefully (code 1000)
2026-07-06 00:40:15 [btc_live] INFO: Market tokens assigned:
2026-07-06 00:40:15 [btc_live] INFO:   Slug: btc-updown-5m-1783273200
2026-07-06 00:40:15 [btc_live] INFO:   End Time: 2026-07-05T17:45:00Z (timestamp: 1783273500.0)
2026-07-06 00:40:15 [btc_live] INFO:   UP token: 2414047740248063699613798991239172234157...
2026-07-06 00:40:15 [btc_live] INFO:   DOWN token: 5606001470254533658768895286259578926562...
2026-07-06 00:40:16 [btc_live] INFO: WebSocket subscribing to tokens:
2026-07-06 00:40:16 [btc_live] INFO:   UP: 2414047740248063699613798991239172234157...
2026-07-06 00:40:16 [btc_live] INFO:   DOWN: 5606001470254533658768895286259578926562...
2026-07-06 00:40:16 [btc_live] INFO: Tokens validated: UP=0.39, DOWN=0.60, sum=0.99
2026-07-06 00:44:45 [btc_live] INFO: BTC_TICK 17:44:45.000 (local 17:44:45.811) $62,558.44 [-15.000s before 17:45:00]
2026-07-06 00:44:46 [btc_live] INFO: BTC_TICK 17:44:46.000 (local 17:44:46.731) $62,553.78 [-14.000s before 17:45:00]
2026-07-06 00:44:47 [btc_live] INFO: BTC_TICK 17:44:47.000 (local 17:44:47.758) $62,553.57 [-13.000s before 17:45:00]
2026-07-06 00:44:48 [btc_live] INFO: BTC_TICK 17:44:48.000 (local 17:44:48.794) $62,552.95 [-12.000s before 17:45:00]
2026-07-06 00:44:49 [btc_live] INFO: BTC_TICK 17:44:49.000 (local 17:44:49.866) $62,552.52 [-11.000s before 17:45:00]
2026-07-06 00:44:50 [btc_live] INFO: BTC_TICK 17:44:50.000 (local 17:44:50.971) $62,553.14 [-10.000s before 17:45:00]
2026-07-06 00:44:51 [btc_live] INFO: BTC_TICK 17:44:51.000 (local 17:44:51.996) $62,553.12 [-9.000s before 17:45:00]
2026-07-06 00:44:52 [btc_live] INFO: BTC_TICK 17:44:52.000 (local 17:44:52.885) $62,553.22 [-8.000s before 17:45:00]
2026-07-06 00:44:53 [btc_live] INFO: BTC_TICK 17:44:53.000 (local 17:44:53.879) $62,552.94 [-7.000s before 17:45:00]
2026-07-06 00:44:54 [btc_live] INFO: BTC_TICK 17:44:54.000 (local 17:44:54.820) $62,551.06 [-6.000s before 17:45:00]
2026-07-06 00:44:56 [btc_live] INFO: BTC_TICK 17:44:55.000 (local 17:44:56.321) $62,551.30 [-5.000s before 17:45:00]
2026-07-06 00:44:56 [btc_live] INFO: BTC_TICK 17:44:56.000 (local 17:44:56.873) $62,551.52 [-4.000s before 17:45:00]
2026-07-06 00:44:57 [btc_live] INFO: BTC_TICK 17:44:57.000 (local 17:44:57.867) $62,551.99 [-3.000s before 17:45:00]
2026-07-06 00:44:58 [btc_live] INFO: BTC_TICK 17:44:58.000 (local 17:44:58.839) $62,551.51 [-2.000s before 17:45:00]
2026-07-06 00:44:59 [btc_live] INFO: BTC_TICK 17:44:59.000 (local 17:44:59.940) $62,551.24 [-1.000s before 17:45:00]
2026-07-06 00:45:00 [btc_live] INFO: WebSocket closed gracefully (code 1000)
2026-07-06 00:45:00 [btc_live] INFO: BTC_TICK 17:45:00.000 (local 17:45:00.822) $62,551.24 [+0.000s after 17:45:00]
2026-07-06 00:45:00 [btc_live] INFO: BTC anchor reset: $62,551.24 (boundary 17:45:00, first tick at 17:45:00.000, delay 0ms, prev anchor $62,632.17)
2026-07-06 00:45:01 [btc_live] INFO: BTC_TICK 17:45:01.000 (local 17:45:01.706) $62,551.50 [+1.000s after 17:45:00]
2026-07-06 00:45:02 [btc_live] INFO: BTC_TICK 17:45:02.000 (local 17:45:02.796) $62,551.38 [+2.000s after 17:45:00]
2026-07-06 00:45:03 [btc_live] INFO: BTC_TICK 17:45:03.000 (local 17:45:03.712) $62,551.28 [+3.000s after 17:45:00]
2026-07-06 00:45:04 [btc_live] INFO: BTC_TICK 17:45:04.000 (local 17:45:04.678) $62,551.08 [+4.000s after 17:45:00]
2026-07-06 00:45:05 [btc_live] INFO: Market tokens assigned:
2026-07-06 00:45:05 [btc_live] INFO:   Slug: btc-updown-5m-1783273500
2026-07-06 00:45:05 [btc_live] INFO:   End Time: 2026-07-05T17:50:00Z (timestamp: 1783273800.0)
2026-07-06 00:45:05 [btc_live] INFO:   UP token: 4808328878967789899170200590022987543471...
2026-07-06 00:45:05 [btc_live] INFO:   DOWN token: 1075340529954461220287449428946575619493...
2026-07-06 00:45:05 [btc_live] INFO: BTC_TICK 17:45:05.000 (local 17:45:05.737) $62,551.72 [+5.000s after 17:45:00]
2026-07-06 00:45:06 [btc_live] INFO: WebSocket subscribing to tokens:
2026-07-06 00:45:06 [btc_live] INFO:   UP: 4808328878967789899170200590022987543471...
2026-07-06 00:45:06 [btc_live] INFO:   DOWN: 1075340529954461220287449428946575619493...
2026-07-06 00:45:06 [btc_live] INFO: Tokens validated: UP=0.55, DOWN=0.44, sum=0.99
2026-07-06 00:49:46 [btc_live] INFO: BTC_TICK 17:49:45.000 (local 17:49:46.255) $62,594.15 [-15.000s before 17:50:00]
2026-07-06 00:49:46 [btc_live] INFO: BTC_TICK 17:49:46.000 (local 17:49:46.922) $62,594.20 [-14.000s before 17:50:00]
2026-07-06 00:49:48 [btc_live] INFO: BTC_TICK 17:49:47.000 (local 17:49:48.171) $62,594.23 [-13.000s before 17:50:00]
2026-07-06 00:49:49 [btc_live] INFO: BTC_TICK 17:49:48.000 (local 17:49:49.033) $62,594.32 [-12.000s before 17:50:00]
2026-07-06 00:49:49 [btc_live] INFO: BTC_TICK 17:49:49.000 (local 17:49:49.862) $62,594.32 [-11.000s before 17:50:00]
2026-07-06 00:49:51 [btc_live] INFO: BTC_TICK 17:49:50.000 (local 17:49:51.646) $62,594.39 [-10.000s before 17:50:00]
2026-07-06 00:49:52 [btc_live] INFO: BTC_TICK 17:49:51.000 (local 17:49:52.359) $62,594.79 [-9.000s before 17:50:00]
2026-07-06 00:49:53 [btc_live] INFO: BTC_TICK 17:49:52.000 (local 17:49:53.138) $62,594.84 [-8.000s before 17:50:00]
2026-07-06 00:49:53 [btc_live] INFO: BTC_TICK 17:49:53.000 (local 17:49:53.801) $62,594.85 [-7.000s before 17:50:00]
2026-07-06 00:49:55 [btc_live] INFO: BTC_TICK 17:49:54.000 (local 17:49:55.240) $62,594.85 [-6.000s before 17:50:00]
2026-07-06 00:49:56 [btc_live] INFO: BTC_TICK 17:49:55.000 (local 17:49:56.227) $62,594.77 [-5.000s before 17:50:00]
2026-07-06 00:49:56 [btc_live] INFO: BTC_TICK 17:49:56.000 (local 17:49:56.887) $62,594.84 [-4.000s before 17:50:00]
2026-07-06 00:49:58 [btc_live] INFO: BTC_TICK 17:49:57.000 (local 17:49:58.324) $62,594.89 [-3.000s before 17:50:00]
2026-07-06 00:49:59 [btc_live] INFO: BTC_TICK 17:49:58.000 (local 17:49:59.073) $62,594.88 [-2.000s before 17:50:00]
2026-07-06 00:49:59 [btc_live] INFO: BTC_TICK 17:49:59.000 (local 17:49:59.856) $62,594.88 [-1.000s before 17:50:00]
2026-07-06 00:50:00 [btc_live] INFO: WebSocket closed gracefully (code 1000)
2026-07-06 00:50:01 [btc_live] INFO: BTC_TICK 17:50:00.000 (local 17:50:01.249) $62,594.84 [+0.000s after 17:50:00]
2026-07-06 00:50:01 [btc_live] INFO: BTC anchor reset: $62,594.84 (boundary 17:50:00, first tick at 17:50:00.000, delay 0ms, prev anchor $62,551.24)
2026-07-06 00:50:01 [btc_live] INFO: BTC_TICK 17:50:01.000 (local 17:50:01.951) $62,594.74 [+1.000s after 17:50:00]
2026-07-06 00:50:02 [btc_live] INFO: BTC_TICK 17:50:02.000 (local 17:50:02.791) $62,594.32 [+2.000s after 17:50:00]
2026-07-06 00:50:04 [btc_live] INFO: BTC_TICK 17:50:03.000 (local 17:50:04.407) $62,594.20 [+3.000s after 17:50:00]
2026-07-06 00:50:04 [btc_live] INFO: BTC_TICK 17:50:04.000 (local 17:50:04.929) $62,593.77 [+4.000s after 17:50:00]
2026-07-06 00:50:05 [btc_live] INFO: Market tokens assigned:
2026-07-06 00:50:05 [btc_live] INFO:   Slug: btc-updown-5m-1783273800
2026-07-06 00:50:05 [btc_live] INFO:   End Time: 2026-07-05T17:55:00Z (timestamp: 1783274100.0)
2026-07-06 00:50:05 [btc_live] INFO:   UP token: 5848971478567688364538910725410485370667...
2026-07-06 00:50:05 [btc_live] INFO:   DOWN token: 8301132573761151056560874234165730024609...
2026-07-06 00:50:06 [btc_live] INFO: BTC_TICK 17:50:05.000 (local 17:50:06.042) $62,593.86 [+5.000s after 17:50:00]
2026-07-06 00:50:06 [btc_live] INFO: WebSocket subscribing to tokens:
2026-07-06 00:50:06 [btc_live] INFO:   UP: 5848971478567688364538910725410485370667...
2026-07-06 00:50:06 [btc_live] INFO:   DOWN: 8301132573761151056560874234165730024609...
2026-07-06 00:50:06 [btc_live] INFO: Tokens validated: UP=0.51, DOWN=0.48, sum=0.99
2026-07-06 00:54:45 [btc_live] INFO: BTC_TICK 17:54:45.000 (local 17:54:45.611) $62,560.47 [-15.000s before 17:55:00]
2026-07-06 00:54:46 [btc_live] INFO: BTC_TICK 17:54:46.000 (local 17:54:46.752) $62,560.35 [-14.000s before 17:55:00]
2026-07-06 00:54:47 [btc_live] INFO: BTC_TICK 17:54:47.000 (local 17:54:47.762) $62,559.66 [-13.000s before 17:55:00]
2026-07-06 00:54:48 [btc_live] INFO: BTC_TICK 17:54:48.000 (local 17:54:48.734) $62,559.54 [-12.000s before 17:55:00]
2026-07-06 00:54:49 [btc_live] INFO: BTC_TICK 17:54:49.000 (local 17:54:49.754) $62,559.53 [-11.000s before 17:55:00]
2026-07-06 00:54:50 [btc_live] INFO: BTC_TICK 17:54:50.000 (local 17:54:50.838) $62,558.98 [-10.000s before 17:55:00]
2026-07-06 00:54:52 [btc_live] INFO: BTC_TICK 17:54:51.000 (local 17:54:52.520) $62,558.28 [-9.000s before 17:55:00]
2026-07-06 00:54:53 [btc_live] INFO: BTC_TICK 17:54:52.000 (local 17:54:53.298) $62,555.95 [-8.000s before 17:55:00]
2026-07-06 00:54:53 [btc_live] INFO: BTC_TICK 17:54:53.000 (local 17:54:53.915) $62,556.03 [-7.000s before 17:55:00]
2026-07-06 00:54:55 [btc_live] INFO: BTC_TICK 17:54:54.000 (local 17:54:55.290) $62,556.90 [-6.000s before 17:55:00]
2026-07-06 00:54:55 [btc_live] INFO: BTC_TICK 17:54:55.000 (local 17:54:55.769) $62,557.03 [-5.000s before 17:55:00]
2026-07-06 00:54:56 [btc_live] INFO: BTC_TICK 17:54:56.000 (local 17:54:56.750) $62,559.14 [-4.000s before 17:55:00]
2026-07-06 00:54:57 [btc_live] INFO: BTC_TICK 17:54:57.000 (local 17:54:57.883) $62,559.13 [-3.000s before 17:55:00]
2026-07-06 00:54:58 [btc_live] INFO: BTC_TICK 17:54:58.000 (local 17:54:58.921) $62,559.57 [-2.000s before 17:55:00]
2026-07-06 00:54:59 [btc_live] INFO: BTC_TICK 17:54:59.000 (local 17:54:59.903) $62,559.60 [-1.000s before 17:55:00]
2026-07-06 00:55:00 [btc_live] INFO: WebSocket closed gracefully (code 1000)
2026-07-06 00:55:01 [btc_live] INFO: BTC_TICK 17:55:00.000 (local 17:55:01.018) $62,560.19 [+0.000s after 17:55:00]
2026-07-06 00:55:01 [btc_live] INFO: BTC anchor reset: $62,560.19 (boundary 17:55:00, first tick at 17:55:00.000, delay 0ms, prev anchor $62,594.84)
2026-07-06 00:55:01 [btc_live] INFO: BTC_TICK 17:55:01.000 (local 17:55:01.610) $62,560.20 [+1.000s after 17:55:00]
2026-07-06 00:55:02 [btc_live] INFO: BTC_TICK 17:55:02.000 (local 17:55:02.749) $62,560.29 [+2.000s after 17:55:00]
2026-07-06 00:55:04 [btc_live] INFO: BTC_TICK 17:55:03.000 (local 17:55:04.132) $62,561.12 [+3.000s after 17:55:00]
2026-07-06 00:55:05 [btc_live] INFO: BTC_TICK 17:55:04.000 (local 17:55:05.165) $62,562.01 [+4.000s after 17:55:00]
2026-07-06 00:55:05 [btc_live] INFO: BTC_TICK 17:55:05.000 (local 17:55:05.678) $62,562.20 [+5.000s after 17:55:00]
2026-07-06 00:55:05 [btc_live] INFO: Market tokens assigned:
2026-07-06 00:55:05 [btc_live] INFO:   Slug: btc-updown-5m-1783274100
2026-07-06 00:55:05 [btc_live] INFO:   End Time: 2026-07-05T18:00:00Z (timestamp: 1783274400.0)
2026-07-06 00:55:05 [btc_live] INFO:   UP token: 2996542642935885892829483550432063790179...
2026-07-06 00:55:05 [btc_live] INFO:   DOWN token: 9861323646960863108911290919027242692168...
2026-07-06 00:55:06 [btc_live] INFO: WebSocket subscribing to tokens:
2026-07-06 00:55:06 [btc_live] INFO:   UP: 2996542642935885892829483550432063790179...
2026-07-06 00:55:06 [btc_live] INFO:   DOWN: 9861323646960863108911290919027242692168...
2026-07-06 00:55:06 [btc_live] INFO: Tokens validated: UP=0.52, DOWN=0.47, sum=0.99
2026-07-06 00:59:45 [btc_live] INFO: BTC_TICK 17:59:45.000 (local 17:59:45.454) $62,580.00 [-15.000s before 18:00:00]
2026-07-06 00:59:46 [btc_live] INFO: BTC_TICK 17:59:46.000 (local 17:59:46.838) $62,579.44 [-14.000s before 18:00:00]
2026-07-06 00:59:47 [btc_live] INFO: BTC_TICK 17:59:47.000 (local 17:59:47.820) $62,580.47 [-13.000s before 18:00:00]
2026-07-06 00:59:48 [btc_live] INFO: BTC_TICK 17:59:48.000 (local 17:59:48.831) $62,578.73 [-12.000s before 18:00:00]
2026-07-06 00:59:49 [btc_live] INFO: BTC_TICK 17:59:49.000 (local 17:59:49.709) $62,578.69 [-11.000s before 18:00:00]
2026-07-06 00:59:50 [btc_live] INFO: BTC_TICK 17:59:50.000 (local 17:59:50.763) $62,578.28 [-10.000s before 18:00:00]
2026-07-06 00:59:51 [btc_live] INFO: BTC_TICK 17:59:51.000 (local 17:59:51.523) $62,577.51 [-9.000s before 18:00:00]
2026-07-06 00:59:52 [btc_live] INFO: BTC_TICK 17:59:52.000 (local 17:59:52.623) $62,575.65 [-8.000s before 18:00:00]
2026-07-06 00:59:54 [btc_live] INFO: BTC_TICK 17:59:53.000 (local 17:59:54.292) $62,575.39 [-7.000s before 18:00:00]
2026-07-06 00:59:54 [btc_live] INFO: BTC_TICK 17:59:54.000 (local 17:59:54.751) $62,574.53 [-6.000s before 18:00:00]
2026-07-06 00:59:56 [btc_live] INFO: BTC_TICK 17:59:55.000 (local 17:59:56.186) $62,573.99 [-5.000s before 18:00:00]
2026-07-06 00:59:56 [btc_live] INFO: BTC_TICK 17:59:56.000 (local 17:59:56.684) $62,573.99 [-4.000s before 18:00:00]
2026-07-06 00:59:57 [btc_live] INFO: BTC_TICK 17:59:57.000 (local 17:59:57.947) $62,574.19 [-3.000s before 18:00:00]
2026-07-06 00:59:58 [btc_live] INFO: BTC_TICK 17:59:58.000 (local 17:59:58.961) $62,574.13 [-2.000s before 18:00:00]
2026-07-06 01:00:00 [btc_live] INFO: BTC_TICK 17:59:59.000 (local 18:00:00.459) $62,574.15 [-1.000s before 18:00:00]
2026-07-06 01:00:01 [btc_live] INFO: BTC_TICK 18:00:00.000 (local 18:00:01.035) $62,574.14 [+0.000s after 18:00:00]
2026-07-06 01:00:01 [btc_live] INFO: BTC anchor reset: $62,574.14 (boundary 18:00:00, first tick at 18:00:00.000, delay 0ms, prev anchor $62,560.19)
2026-07-06 01:00:01 [btc_live] INFO: BTC_TICK 18:00:01.000 (local 18:00:01.627) $62,574.13 [+1.000s after 18:00:00]
2026-07-06 01:00:03 [btc_live] INFO: BTC_TICK 18:00:02.000 (local 18:00:03.037) $62,574.16 [+2.000s after 18:00:00]
2026-07-06 01:00:04 [btc_live] INFO: BTC_TICK 18:00:03.000 (local 18:00:04.065) $62,574.16 [+3.000s after 18:00:00]
2026-07-06 01:00:04 [btc_live] INFO: BTC_TICK 18:00:04.000 (local 18:00:04.688) $62,574.16 [+4.000s after 18:00:00]
2026-07-06 01:00:05 [btc_live] INFO: BTC_TICK 18:00:05.000 (local 18:00:05.648) $62,574.17 [+5.000s after 18:00:00]
2026-07-06 01:00:10 [btc_live] INFO: WebSocket closed gracefully (code 1000)
2026-07-06 01:00:15 [btc_live] INFO: Market tokens assigned:
2026-07-06 01:00:15 [btc_live] INFO:   Slug: btc-updown-5m-1783274400
2026-07-06 01:00:15 [btc_live] INFO:   End Time: 2026-07-05T18:05:00Z (timestamp: 1783274700.0)
2026-07-06 01:00:15 [btc_live] INFO:   UP token: 9922916734028911961309922907873331553306...
2026-07-06 01:00:15 [btc_live] INFO:   DOWN token: 3401173228151910215420619563982828129805...
2026-07-06 01:00:15 [btc_live] INFO: WebSocket subscribing to tokens:
2026-07-06 01:00:15 [btc_live] INFO:   UP: 9922916734028911961309922907873331553306...
2026-07-06 01:00:15 [btc_live] INFO:   DOWN: 3401173228151910215420619563982828129805...
2026-07-06 01:00:16 [btc_live] INFO: Tokens validated: UP=0.51, DOWN=0.48, sum=0.99
2026-07-06 01:02:47 [btc_live] INFO: WebSocket subscribing to tokens:
2026-07-06 01:02:47 [btc_live] INFO:   UP: 9922916734028911961309922907873331553306...
2026-07-06 01:02:47 [btc_live] INFO:   DOWN: 3401173228151910215420619563982828129805...
2026-07-06 01:03:25 [btc_live] INFO: WebSocket subscribing to tokens:
2026-07-06 01:03:25 [btc_live] INFO:   UP: 9922916734028911961309922907873331553306...
2026-07-06 01:03:25 [btc_live] INFO:   DOWN: 3401173228151910215420619563982828129805...
2026-07-06 01:04:45 [btc_live] INFO: BTC_TICK 18:04:45.000 (local 18:04:45.551) $62,575.76 [-15.000s before 18:05:00]
2026-07-06 01:04:46 [btc_live] INFO: BTC_TICK 18:04:46.000 (local 18:04:46.524) $62,575.76 [-14.000s before 18:05:00]
2026-07-06 01:04:47 [btc_live] INFO: BTC_TICK 18:04:47.000 (local 18:04:47.639) $62,575.76 [-13.000s before 18:05:00]
2026-07-06 01:04:48 [btc_live] INFO: BTC_TICK 18:04:48.000 (local 18:04:48.604) $62,575.76 [-12.000s before 18:05:00]
2026-07-06 01:04:50 [btc_live] INFO: BTC_TICK 18:04:49.000 (local 18:04:50.168) $62,573.84 [-11.000s before 18:05:00]
2026-07-06 01:04:50 [btc_live] INFO: BTC_TICK 18:04:50.000 (local 18:04:50.689) $62,573.81 [-10.000s before 18:05:00]
2026-07-06 01:04:51 [btc_live] INFO: BTC_TICK 18:04:51.000 (local 18:04:51.619) $62,578.95 [-9.000s before 18:05:00]
2026-07-06 01:04:52 [btc_live] INFO: BTC_TICK 18:04:52.000 (local 18:04:52.625) $62,583.34 [-8.000s before 18:05:00]
2026-07-06 01:04:53 [btc_live] INFO: BTC_TICK 18:04:53.000 (local 18:04:53.580) $62,586.81 [-7.000s before 18:05:00]
2026-07-06 01:04:54 [btc_live] INFO: BTC_TICK 18:04:54.000 (local 18:04:54.778) $62,587.33 [-6.000s before 18:05:00]
2026-07-06 01:04:55 [btc_live] INFO: BTC_TICK 18:04:55.000 (local 18:04:55.730) $62,587.84 [-5.000s before 18:05:00]
2026-07-06 01:04:56 [btc_live] INFO: BTC_TICK 18:04:56.000 (local 18:04:56.531) $62,588.16 [-4.000s before 18:05:00]
2026-07-06 01:04:57 [btc_live] INFO: BTC_TICK 18:04:57.000 (local 18:04:57.533) $62,588.65 [-3.000s before 18:05:00]
2026-07-06 01:04:58 [btc_live] INFO: BTC_TICK 18:04:58.000 (local 18:04:58.602) $62,591.60 [-2.000s before 18:05:00]
2026-07-06 01:04:59 [btc_live] INFO: BTC_TICK 18:04:59.000 (local 18:04:59.631) $62,595.98 [-1.000s before 18:05:00]
2026-07-06 01:05:00 [btc_live] INFO: BTC_TICK 18:05:00.000 (local 18:05:00.687) $62,597.36 [+0.000s after 18:05:00]
2026-07-06 01:05:00 [btc_live] INFO: BTC anchor reset: $62,597.36 (boundary 18:05:00, first tick at 18:05:00.000, delay 0ms, prev anchor $62,574.14)
2026-07-06 01:05:01 [btc_live] INFO: BTC_TICK 18:05:01.000 (local 18:05:01.642) $62,600.11 [+1.000s after 18:05:00]
2026-07-06 01:05:03 [btc_live] INFO: BTC_TICK 18:05:02.000 (local 18:05:03.071) $62,600.94 [+2.000s after 18:05:00]
2026-07-06 01:05:04 [btc_live] INFO: BTC_TICK 18:05:03.000 (local 18:05:04.124) $62,603.78 [+3.000s after 18:05:00]
2026-07-06 01:05:05 [btc_live] INFO: BTC_TICK 18:05:04.000 (local 18:05:05.149) $62,605.49 [+4.000s after 18:05:00]
2026-07-06 01:05:06 [btc_live] INFO: BTC_TICK 18:05:05.000 (local 18:05:06.511) $62,608.28 [+5.000s after 18:05:00]
2026-07-06 01:05:10 [btc_live] INFO: WebSocket closed gracefully (code 1000)
2026-07-06 01:05:15 [btc_live] INFO: Market tokens assigned:
2026-07-06 01:05:15 [btc_live] INFO:   Slug: btc-updown-5m-1783274700
2026-07-06 01:05:15 [btc_live] INFO:   End Time: 2026-07-05T18:10:00Z (timestamp: 1783275000.0)
2026-07-06 01:05:15 [btc_live] INFO:   UP token: 9988205245171604807955966964930474179237...
2026-07-06 01:05:15 [btc_live] INFO:   DOWN token: 1777711957147317690679671960061797632587...
2026-07-06 01:05:16 [btc_live] INFO: WebSocket subscribing to tokens:
2026-07-06 01:05:16 [btc_live] INFO:   UP: 9988205245171604807955966964930474179237...
2026-07-06 01:05:16 [btc_live] INFO:   DOWN: 1777711957147317690679671960061797632587...
2026-07-06 01:05:17 [btc_live] INFO: Tokens validated: UP=0.70, DOWN=0.29, sum=0.99
2026-07-06 01:08:53 [btc_live] INFO: WebSocket subscribing to tokens:
2026-07-06 01:08:53 [btc_live] INFO:   UP: 9988205245171604807955966964930474179237...
2026-07-06 01:08:53 [btc_live] INFO:   DOWN: 1777711957147317690679671960061797632587...
2026-07-06 01:09:46 [btc_live] INFO: BTC_TICK 18:09:45.000 (local 18:09:46.409) $62,590.44 [-15.000s before 18:10:00]
2026-07-06 01:09:47 [btc_live] INFO: BTC_TICK 18:09:46.000 (local 18:09:47.254) $62,596.73 [-14.000s before 18:10:00]
2026-07-06 01:09:47 [btc_live] INFO: BTC_TICK 18:09:47.000 (local 18:09:47.911) $62,596.73 [-13.000s before 18:10:00]
2026-07-06 01:09:49 [btc_live] INFO: BTC_TICK 18:09:48.000 (local 18:09:49.478) $62,600.96 [-12.000s before 18:10:00]
2026-07-06 01:09:49 [btc_live] INFO: BTC_TICK 18:09:49.000 (local 18:09:49.985) $62,601.52 [-11.000s before 18:10:00]
2026-07-06 01:09:50 [btc_live] INFO: BTC_TICK 18:09:50.000 (local 18:09:50.800) $62,602.54 [-10.000s before 18:10:00]
2026-07-06 01:09:52 [btc_live] INFO: BTC_TICK 18:09:51.000 (local 18:09:52.134) $62,606.63 [-9.000s before 18:10:00]
2026-07-06 01:09:52 [btc_live] INFO: BTC_TICK 18:09:52.000 (local 18:09:52.937) $62,608.17 [-8.000s before 18:10:00]
2026-07-06 01:09:54 [btc_live] INFO: BTC_TICK 18:09:53.000 (local 18:09:54.658) $62,608.10 [-7.000s before 18:10:00]
2026-07-06 01:09:55 [btc_live] INFO: BTC_TICK 18:09:54.000 (local 18:09:55.337) $62,608.20 [-6.000s before 18:10:00]
2026-07-06 01:09:55 [btc_live] INFO: BTC_TICK 18:09:55.000 (local 18:09:55.818) $62,608.20 [-5.000s before 18:10:00]
2026-07-06 01:09:56 [btc_live] INFO: BTC_TICK 18:09:56.000 (local 18:09:56.923) $62,608.27 [-4.000s before 18:10:00]
2026-07-06 01:09:57 [btc_live] INFO: BTC_TICK 18:09:57.000 (local 18:09:57.979) $62,607.55 [-3.000s before 18:10:00]
2026-07-06 01:09:58 [btc_live] INFO: BTC_TICK 18:09:58.000 (local 18:09:58.799) $62,607.66 [-2.000s before 18:10:00]
2026-07-06 01:09:59 [btc_live] INFO: BTC_TICK 18:09:59.000 (local 18:09:59.836) $62,607.65 [-1.000s before 18:10:00]
2026-07-06 01:10:01 [btc_live] INFO: BTC_TICK 18:10:00.000 (local 18:10:01.463) $62,607.67 [+0.000s after 18:10:00]
2026-07-06 01:10:01 [btc_live] INFO: BTC anchor reset: $62,607.67 (boundary 18:10:00, first tick at 18:10:00.000, delay 0ms, prev anchor $62,597.36)
2026-07-06 01:10:02 [btc_live] INFO: BTC_TICK 18:10:01.000 (local 18:10:02.043) $62,607.69 [+1.000s after 18:10:00]
2026-07-06 01:10:03 [btc_live] INFO: BTC_TICK 18:10:02.000 (local 18:10:03.055) $62,608.75 [+2.000s after 18:10:00]
2026-07-06 01:10:04 [btc_live] INFO: BTC_TICK 18:10:03.000 (local 18:10:04.520) $62,609.38 [+3.000s after 18:10:00]
2026-07-06 01:10:05 [btc_live] INFO: BTC_TICK 18:10:04.000 (local 18:10:05.352) $62,609.72 [+4.000s after 18:10:00]
2026-07-06 01:10:06 [btc_live] INFO: BTC_TICK 18:10:05.000 (local 18:10:06.272) $62,610.04 [+5.000s after 18:10:00]
2026-07-06 01:10:10 [btc_live] INFO: WebSocket closed gracefully (code 1000)
2026-07-06 01:10:15 [btc_live] INFO: Market tokens assigned:
2026-07-06 01:10:15 [btc_live] INFO:   Slug: btc-updown-5m-1783275000
2026-07-06 01:10:15 [btc_live] INFO:   End Time: 2026-07-05T18:15:00Z (timestamp: 1783275300.0)
2026-07-06 01:10:15 [btc_live] INFO:   UP token: 6898563735389782652002701895834641074127...
2026-07-06 01:10:15 [btc_live] INFO:   DOWN token: 1009610104511256250467328119597044796337...
2026-07-06 01:10:17 [btc_live] INFO: WebSocket subscribing to tokens:
2026-07-06 01:10:17 [btc_live] INFO:   UP: 6898563735389782652002701895834641074127...
2026-07-06 01:10:17 [btc_live] INFO:   DOWN: 1009610104511256250467328119597044796337...
2026-07-06 01:10:17 [btc_live] INFO: Tokens validated: UP=0.54, DOWN=0.45, sum=0.99
2026-07-06 01:14:45 [btc_live] INFO: BTC_TICK 18:14:45.000 (local 18:14:45.948) $62,596.92 [-15.000s before 18:15:00]
2026-07-06 01:14:47 [btc_live] INFO: BTC_TICK 18:14:46.000 (local 18:14:47.010) $62,596.86 [-14.000s before 18:15:00]
2026-07-06 01:14:47 [btc_live] INFO: BTC_TICK 18:14:47.000 (local 18:14:47.646) $62,596.86 [-13.000s before 18:15:00]
2026-07-06 01:14:48 [btc_live] INFO: BTC_TICK 18:14:48.000 (local 18:14:48.643) $62,596.95 [-12.000s before 18:15:00]
2026-07-06 01:14:49 [btc_live] INFO: BTC_TICK 18:14:49.000 (local 18:14:49.846) $62,596.95 [-11.000s before 18:15:00]
2026-07-06 01:14:51 [btc_live] INFO: BTC_TICK 18:14:50.000 (local 18:14:51.208) $62,597.70 [-10.000s before 18:15:00]
2026-07-06 01:14:51 [btc_live] INFO: BTC_TICK 18:14:51.000 (local 18:14:51.853) $62,599.48 [-9.000s before 18:15:00]
2026-07-06 01:14:53 [btc_live] INFO: BTC_TICK 18:14:52.000 (local 18:14:53.008) $62,599.69 [-8.000s before 18:15:00]
2026-07-06 01:14:54 [btc_live] INFO: BTC_TICK 18:14:53.000 (local 18:14:54.144) $62,599.87 [-7.000s before 18:15:00]
2026-07-06 01:14:54 [btc_live] INFO: BTC_TICK 18:14:54.000 (local 18:14:54.827) $62,600.26 [-6.000s before 18:15:00]
2026-07-06 01:14:55 [btc_live] INFO: BTC_TICK 18:14:55.000 (local 18:14:55.701) $62,600.97 [-5.000s before 18:15:00]
2026-07-06 01:14:56 [btc_live] INFO: BTC_TICK 18:14:56.000 (local 18:14:56.718) $62,601.75 [-4.000s before 18:15:00]
2026-07-06 01:14:57 [btc_live] INFO: BTC_TICK 18:14:57.000 (local 18:14:57.716) $62,602.68 [-3.000s before 18:15:00]
2026-07-06 01:14:58 [btc_live] INFO: BTC_TICK 18:14:58.000 (local 18:14:58.741) $62,603.42 [-2.000s before 18:15:00]
2026-07-06 01:14:59 [btc_live] INFO: BTC_TICK 18:14:59.000 (local 18:14:59.938) $62,604.08 [-1.000s before 18:15:00]
2026-07-06 01:15:00 [btc_live] INFO: WebSocket closed gracefully (code 1000)
2026-07-06 01:15:00 [btc_live] INFO: BTC_TICK 18:15:00.000 (local 18:15:00.977) $62,605.04 [+0.000s after 18:15:00]
2026-07-06 01:15:00 [btc_live] INFO: BTC anchor reset: $62,605.04 (boundary 18:15:00, first tick at 18:15:00.000, delay 0ms, prev anchor $62,607.67)
2026-07-06 01:15:01 [btc_live] INFO: BTC_TICK 18:15:01.000 (local 18:15:01.909) $62,605.17 [+1.000s after 18:15:00]
2026-07-06 01:15:02 [btc_live] INFO: BTC_TICK 18:15:02.000 (local 18:15:02.931) $62,605.17 [+2.000s after 18:15:00]
2026-07-06 01:15:03 [btc_live] INFO: BTC_TICK 18:15:03.000 (local 18:15:03.953) $62,605.21 [+3.000s after 18:15:00]
2026-07-06 01:15:05 [btc_live] INFO: BTC_TICK 18:15:04.000 (local 18:15:05.185) $62,605.93 [+4.000s after 18:15:00]
2026-07-06 01:15:05 [btc_live] INFO: Market tokens assigned:
2026-07-06 01:15:05 [btc_live] INFO:   Slug: btc-updown-5m-1783275300
2026-07-06 01:15:05 [btc_live] INFO:   End Time: 2026-07-05T18:20:00Z (timestamp: 1783275600.0)
2026-07-06 01:15:05 [btc_live] INFO:   UP token: 8630298947536341779405680301936195638864...
2026-07-06 01:15:05 [btc_live] INFO:   DOWN token: 3936349956233628208608481785330281912950...
2026-07-06 01:15:05 [btc_live] INFO: BTC_TICK 18:15:05.000 (local 18:15:05.568) $62,606.16 [+5.000s after 18:15:00]
2026-07-06 01:15:06 [btc_live] INFO: WebSocket subscribing to tokens:
2026-07-06 01:15:06 [btc_live] INFO:   UP: 8630298947536341779405680301936195638864...
2026-07-06 01:15:06 [btc_live] INFO:   DOWN: 3936349956233628208608481785330281912950...
2026-07-06 01:15:06 [btc_live] INFO: Tokens validated: UP=0.56, DOWN=0.43, sum=0.99
2026-07-06 01:19:46 [btc_live] INFO: BTC_TICK 18:19:45.000 (local 18:19:46.351) $62,633.26 [-15.000s before 18:20:00]
2026-07-06 01:19:47 [btc_live] INFO: BTC_TICK 18:19:46.000 (local 18:19:47.027) $62,633.32 [-14.000s before 18:20:00]
2026-07-06 01:19:47 [btc_live] INFO: BTC_TICK 18:19:47.000 (local 18:19:47.780) $62,633.32 [-13.000s before 18:20:00]
2026-07-06 01:19:49 [btc_live] INFO: BTC_TICK 18:19:48.000 (local 18:19:49.059) $62,633.32 [-12.000s before 18:20:00]
2026-07-06 01:19:49 [btc_live] INFO: BTC_TICK 18:19:49.000 (local 18:19:49.831) $62,633.33 [-11.000s before 18:20:00]
2026-07-06 01:19:51 [btc_live] INFO: BTC_TICK 18:19:50.000 (local 18:19:51.107) $62,633.52 [-10.000s before 18:20:00]
2026-07-06 01:19:51 [btc_live] INFO: BTC_TICK 18:19:51.000 (local 18:19:51.612) $62,633.53 [-9.000s before 18:20:00]
2026-07-06 01:19:52 [btc_live] INFO: BTC_TICK 18:19:52.000 (local 18:19:52.694) $62,633.53 [-8.000s before 18:20:00]
2026-07-06 01:19:53 [btc_live] INFO: BTC_TICK 18:19:53.000 (local 18:19:53.818) $62,633.50 [-7.000s before 18:20:00]
2026-07-06 01:19:54 [btc_live] INFO: BTC_TICK 18:19:54.000 (local 18:19:54.803) $62,633.48 [-6.000s before 18:20:00]
2026-07-06 01:19:55 [btc_live] INFO: BTC_TICK 18:19:55.000 (local 18:19:55.793) $62,633.39 [-5.000s before 18:20:00]
2026-07-06 01:19:56 [btc_live] INFO: BTC_TICK 18:19:56.000 (local 18:19:56.925) $62,633.46 [-4.000s before 18:20:00]
2026-07-06 01:19:57 [btc_live] INFO: BTC_TICK 18:19:57.000 (local 18:19:57.924) $62,633.48 [-3.000s before 18:20:00]
2026-07-06 01:19:58 [btc_live] INFO: BTC_TICK 18:19:58.000 (local 18:19:58.918) $62,633.46 [-2.000s before 18:20:00]
2026-07-06 01:20:00 [btc_live] INFO: BTC_TICK 18:19:59.000 (local 18:20:00.043) $62,633.91 [-1.000s before 18:20:00]
2026-07-06 01:20:00 [btc_live] INFO: WebSocket closed gracefully (code 1000)
2026-07-06 01:20:00 [btc_live] INFO: BTC_TICK 18:20:00.000 (local 18:20:00.872) $62,634.16 [+0.000s after 18:20:00]
2026-07-06 01:20:00 [btc_live] INFO: BTC anchor reset: $62,634.16 (boundary 18:20:00, first tick at 18:20:00.000, delay 0ms, prev anchor $62,605.04)
2026-07-06 01:20:01 [btc_live] INFO: BTC_TICK 18:20:01.000 (local 18:20:01.821) $62,634.53 [+1.000s after 18:20:00]
2026-07-06 01:20:03 [btc_live] INFO: BTC_TICK 18:20:02.000 (local 18:20:03.049) $62,634.53 [+2.000s after 18:20:00]
2026-07-06 01:20:03 [btc_live] INFO: BTC_TICK 18:20:03.000 (local 18:20:03.553) $62,634.53 [+3.000s after 18:20:00]
2026-07-06 01:20:04 [btc_live] INFO: BTC_TICK 18:20:04.000 (local 18:20:04.611) $62,634.51 [+4.000s after 18:20:00]
2026-07-06 01:20:05 [btc_live] INFO: BTC_TICK 18:20:05.000 (local 18:20:05.742) $62,634.51 [+5.000s after 18:20:00]
2026-07-06 01:20:05 [btc_live] INFO: Market tokens assigned:
2026-07-06 01:20:05 [btc_live] INFO:   Slug: btc-updown-5m-1783275600
2026-07-06 01:20:05 [btc_live] INFO:   End Time: 2026-07-05T18:25:00Z (timestamp: 1783275900.0)
2026-07-06 01:20:05 [btc_live] INFO:   UP token: 7677962548364957889742129022703708590846...
2026-07-06 01:20:05 [btc_live] INFO:   DOWN token: 3969557557389242427957580769704997518160...
2026-07-06 01:20:06 [btc_live] INFO: WebSocket subscribing to tokens:
2026-07-06 01:20:06 [btc_live] INFO:   UP: 7677962548364957889742129022703708590846...
2026-07-06 01:20:06 [btc_live] INFO:   DOWN: 3969557557389242427957580769704997518160...
2026-07-06 01:20:06 [btc_live] INFO: Tokens validated: UP=0.56, DOWN=0.43, sum=0.99
2026-07-06 01:24:45 [btc_live] INFO: BTC_TICK 18:24:45.000 (local 18:24:45.658) $62,632.69 [-15.000s before 18:25:00]
2026-07-06 01:24:46 [btc_live] INFO: BTC_TICK 18:24:46.000 (local 18:24:46.877) $62,632.68 [-14.000s before 18:25:00]
2026-07-06 01:24:47 [btc_live] INFO: BTC_TICK 18:24:47.000 (local 18:24:47.964) $62,632.66 [-13.000s before 18:25:00]
2026-07-06 01:24:49 [btc_live] INFO: BTC_TICK 18:24:48.000 (local 18:24:49.209) $62,632.45 [-12.000s before 18:25:00]
2026-07-06 01:24:49 [btc_live] INFO: BTC_TICK 18:24:49.000 (local 18:24:49.652) $62,631.74 [-11.000s before 18:25:00]
2026-07-06 01:24:51 [btc_live] INFO: BTC_TICK 18:24:50.000 (local 18:24:51.067) $62,628.38 [-10.000s before 18:25:00]
2026-07-06 01:24:52 [btc_live] INFO: BTC_TICK 18:24:51.000 (local 18:24:52.324) $62,627.28 [-9.000s before 18:25:00]
2026-07-06 01:24:53 [btc_live] INFO: BTC_TICK 18:24:52.000 (local 18:24:53.200) $62,627.27 [-8.000s before 18:25:00]
2026-07-06 01:24:53 [btc_live] INFO: BTC_TICK 18:24:53.000 (local 18:24:53.767) $62,628.31 [-7.000s before 18:25:00]
2026-07-06 01:24:54 [btc_live] INFO: BTC_TICK 18:24:54.000 (local 18:24:54.766) $62,629.78 [-6.000s before 18:25:00]
2026-07-06 01:24:55 [btc_live] INFO: BTC_TICK 18:24:55.000 (local 18:24:55.797) $62,629.86 [-5.000s before 18:25:00]
2026-07-06 01:24:56 [btc_live] INFO: BTC_TICK 18:24:56.000 (local 18:24:56.959) $62,630.14 [-4.000s before 18:25:00]
2026-07-06 01:24:57 [btc_live] INFO: BTC_TICK 18:24:57.000 (local 18:24:57.748) $62,633.83 [-3.000s before 18:25:00]
2026-07-06 01:24:58 [btc_live] INFO: BTC_TICK 18:24:58.000 (local 18:24:58.688) $62,633.93 [-2.000s before 18:25:00]
2026-07-06 01:24:59 [btc_live] INFO: BTC_TICK 18:24:59.000 (local 18:24:59.765) $62,633.98 [-1.000s before 18:25:00]
2026-07-06 01:25:00 [btc_live] INFO: BTC_TICK 18:25:00.000 (local 18:25:00.603) $62,633.50 [+0.000s after 18:25:00]
2026-07-06 01:25:00 [btc_live] INFO: BTC anchor reset: $62,633.50 (boundary 18:25:00, first tick at 18:25:00.000, delay 0ms, prev anchor $62,634.16)
2026-07-06 01:25:01 [btc_live] INFO: BTC_TICK 18:25:01.000 (local 18:25:01.565) $62,633.32 [+1.000s after 18:25:00]
2026-07-06 01:25:02 [btc_live] INFO: BTC_TICK 18:25:02.000 (local 18:25:02.616) $62,633.01 [+2.000s after 18:25:00]
2026-07-06 01:25:04 [btc_live] INFO: BTC_TICK 18:25:03.000 (local 18:25:04.048) $62,632.08 [+3.000s after 18:25:00]
2026-07-06 01:25:04 [btc_live] INFO: BTC_TICK 18:25:04.000 (local 18:25:04.975) $62,632.10 [+4.000s after 18:25:00]
2026-07-06 01:25:06 [btc_live] INFO: BTC_TICK 18:25:05.000 (local 18:25:06.066) $62,632.11 [+5.000s after 18:25:00]
2026-07-06 01:25:10 [btc_live] INFO: WebSocket closed gracefully (code 1000)
2026-07-06 01:25:15 [btc_live] INFO: Market tokens assigned:
2026-07-06 01:25:15 [btc_live] INFO:   Slug: btc-updown-5m-1783275900
2026-07-06 01:25:15 [btc_live] INFO:   End Time: 2026-07-05T18:30:00Z (timestamp: 1783276200.0)
2026-07-06 01:25:15 [btc_live] INFO:   UP token: 8200308400589289180720156237937990036783...
2026-07-06 01:25:15 [btc_live] INFO:   DOWN token: 9835109363111351819566636714947488048489...
2026-07-06 01:25:16 [btc_live] INFO: WebSocket subscribing to tokens:
2026-07-06 01:25:16 [btc_live] INFO:   UP: 8200308400589289180720156237937990036783...
2026-07-06 01:25:16 [btc_live] INFO:   DOWN: 9835109363111351819566636714947488048489...
2026-07-06 01:25:17 [btc_live] INFO: Tokens validated: UP=0.50, DOWN=0.49, sum=0.99
2026-07-06 01:29:46 [btc_live] INFO: BTC_TICK 18:29:45.000 (local 18:29:46.497) $62,638.72 [-15.000s before 18:30:00]
2026-07-06 01:29:46 [btc_live] INFO: BTC_TICK 18:29:46.000 (local 18:29:46.742) $62,638.81 [-14.000s before 18:30:00]
2026-07-06 01:29:47 [btc_live] INFO: BTC_TICK 18:29:47.000 (local 18:29:47.656) $62,638.87 [-13.000s before 18:30:00]
2026-07-06 01:29:48 [btc_live] INFO: BTC_TICK 18:29:48.000 (local 18:29:48.698) $62,638.95 [-12.000s before 18:30:00]
2026-07-06 01:29:49 [btc_live] INFO: BTC_TICK 18:29:49.000 (local 18:29:49.692) $62,638.96 [-11.000s before 18:30:00]
2026-07-06 01:29:50 [btc_live] INFO: BTC_TICK 18:29:50.000 (local 18:29:50.537) $62,638.96 [-10.000s before 18:30:00]
2026-07-06 01:29:51 [btc_live] INFO: BTC_TICK 18:29:51.000 (local 18:29:51.560) $62,638.96 [-9.000s before 18:30:00]
2026-07-06 01:29:53 [btc_live] INFO: BTC_TICK 18:29:52.000 (local 18:29:53.018) $62,638.91 [-8.000s before 18:30:00]
2026-07-06 01:29:53 [btc_live] INFO: BTC_TICK 18:29:53.000 (local 18:29:53.845) $62,638.79 [-7.000s before 18:30:00]
2026-07-06 01:29:54 [btc_live] INFO: BTC_TICK 18:29:54.000 (local 18:29:54.972) $62,637.56 [-6.000s before 18:30:00]
2026-07-06 01:29:55 [btc_live] INFO: BTC_TICK 18:29:55.000 (local 18:29:55.822) $62,634.45 [-5.000s before 18:30:00]
2026-07-06 01:29:56 [btc_live] INFO: BTC_TICK 18:29:56.000 (local 18:29:56.624) $62,634.20 [-4.000s before 18:30:00]
2026-07-06 01:29:58 [btc_live] INFO: BTC_TICK 18:29:57.000 (local 18:29:58.273) $62,631.75 [-3.000s before 18:30:00]
2026-07-06 01:29:58 [btc_live] INFO: BTC_TICK 18:29:58.000 (local 18:29:58.995) $62,631.75 [-2.000s before 18:30:00]
2026-07-06 01:30:00 [btc_live] INFO: BTC_TICK 18:29:59.000 (local 18:30:00.729) $62,632.02 [-1.000s before 18:30:00]
2026-07-06 01:30:00 [btc_live] INFO: BTC_TICK 18:30:00.000 (local 18:30:00.987) $62,632.03 [+0.000s after 18:30:00]
2026-07-06 01:30:00 [btc_live] INFO: BTC anchor reset: $62,632.03 (boundary 18:30:00, first tick at 18:30:00.000, delay 0ms, prev anchor $62,633.50)
2026-07-06 01:30:02 [btc_live] INFO: BTC_TICK 18:30:01.000 (local 18:30:02.069) $62,632.03 [+1.000s after 18:30:00]
2026-07-06 01:30:03 [btc_live] INFO: BTC_TICK 18:30:02.000 (local 18:30:03.017) $62,631.88 [+2.000s after 18:30:00]
2026-07-06 01:30:03 [btc_live] INFO: BTC_TICK 18:30:03.000 (local 18:30:03.837) $62,631.92 [+3.000s after 18:30:00]
2026-07-06 01:30:04 [btc_live] INFO: BTC_TICK 18:30:04.000 (local 18:30:04.861) $62,631.93 [+4.000s after 18:30:00]
2026-07-06 01:30:05 [btc_live] INFO: BTC_TICK 18:30:05.000 (local 18:30:05.786) $62,631.90 [+5.000s after 18:30:00]
2026-07-06 01:30:10 [btc_live] INFO: WebSocket closed gracefully (code 1000)
2026-07-06 01:30:15 [btc_live] INFO: Market tokens assigned:
2026-07-06 01:30:15 [btc_live] INFO:   Slug: btc-updown-5m-1783276200
2026-07-06 01:30:15 [btc_live] INFO:   End Time: 2026-07-05T18:35:00Z (timestamp: 1783276500.0)
2026-07-06 01:30:15 [btc_live] INFO:   UP token: 7677646635234920117283278033553038612400...
2026-07-06 01:30:15 [btc_live] INFO:   DOWN token: 1662845612143866210974900194733318826534...
2026-07-06 01:30:16 [btc_live] INFO: WebSocket subscribing to tokens:
2026-07-06 01:30:16 [btc_live] INFO:   UP: 7677646635234920117283278033553038612400...
2026-07-06 01:30:16 [btc_live] INFO:   DOWN: 1662845612143866210974900194733318826534...
2026-07-06 01:30:16 [btc_live] INFO: Tokens validated: UP=0.67, DOWN=0.32, sum=0.99
2026-07-06 01:34:45 [btc_live] INFO: BTC_TICK 18:34:45.000 (local 18:34:45.900) $62,667.02 [-15.000s before 18:35:00]
2026-07-06 01:34:46 [btc_live] INFO: BTC_TICK 18:34:46.000 (local 18:34:46.574) $62,667.19 [-14.000s before 18:35:00]
2026-07-06 01:34:47 [btc_live] INFO: BTC_TICK 18:34:47.000 (local 18:34:47.692) $62,667.19 [-13.000s before 18:35:00]
2026-07-06 01:34:48 [btc_live] INFO: BTC_TICK 18:34:48.000 (local 18:34:48.785) $62,667.18 [-12.000s before 18:35:00]
2026-07-06 01:34:49 [btc_live] INFO: BTC_TICK 18:34:49.000 (local 18:34:49.992) $62,667.18 [-11.000s before 18:35:00]
2026-07-06 01:34:51 [btc_live] INFO: BTC_TICK 18:34:51.000 (local 18:34:51.698) $62,667.18 [-9.000s before 18:35:00]
2026-07-06 01:34:52 [btc_live] INFO: BTC_TICK 18:34:52.000 (local 18:34:52.869) $62,667.18 [-8.000s before 18:35:00]
2026-07-06 01:34:54 [btc_live] INFO: BTC_TICK 18:34:54.000 (local 18:34:54.976) $62,667.18 [-6.000s before 18:35:00]
2026-07-06 01:34:55 [btc_live] INFO: BTC_TICK 18:34:55.000 (local 18:34:55.586) $62,667.18 [-5.000s before 18:35:00]
2026-07-06 01:34:57 [btc_live] INFO: BTC_TICK 18:34:56.000 (local 18:34:57.189) $62,667.18 [-4.000s before 18:35:00]
2026-07-06 01:34:58 [btc_live] INFO: BTC_TICK 18:34:57.000 (local 18:34:58.071) $62,667.17 [-3.000s before 18:35:00]
2026-07-06 01:34:58 [btc_live] INFO: BTC_TICK 18:34:58.000 (local 18:34:58.834) $62,667.17 [-2.000s before 18:35:00]
2026-07-06 01:35:00 [btc_live] INFO: BTC_TICK 18:34:59.000 (local 18:35:00.132) $62,667.17 [-1.000s before 18:35:00]
2026-07-06 01:35:01 [btc_live] INFO: BTC_TICK 18:35:00.000 (local 18:35:01.364) $62,667.17 [+0.000s after 18:35:00]
2026-07-06 01:35:01 [btc_live] INFO: BTC anchor reset: $62,667.17 (boundary 18:35:00, first tick at 18:35:00.000, delay 0ms, prev anchor $62,632.03)
2026-07-06 01:35:02 [btc_live] INFO: BTC_TICK 18:35:01.000 (local 18:35:02.004) $62,666.70 [+1.000s after 18:35:00]
2026-07-06 01:35:02 [btc_live] INFO: BTC_TICK 18:35:02.000 (local 18:35:02.711) $62,664.05 [+2.000s after 18:35:00]
2026-07-06 01:35:04 [btc_live] INFO: BTC_TICK 18:35:03.000 (local 18:35:04.393) $62,666.96 [+3.000s after 18:35:00]
2026-07-06 01:35:05 [btc_live] INFO: BTC_TICK 18:35:04.000 (local 18:35:05.005) $62,667.10 [+4.000s after 18:35:00]
2026-07-06 01:35:06 [btc_live] INFO: BTC_TICK 18:35:05.000 (local 18:35:06.374) $62,667.12 [+5.000s after 18:35:00]
2026-07-06 01:35:10 [btc_live] INFO: WebSocket closed gracefully (code 1000)
2026-07-06 01:35:15 [btc_live] INFO: Market tokens assigned:
2026-07-06 01:35:15 [btc_live] INFO:   Slug: btc-updown-5m-1783276500
2026-07-06 01:35:15 [btc_live] INFO:   End Time: 2026-07-05T18:40:00Z (timestamp: 1783276800.0)
2026-07-06 01:35:15 [btc_live] INFO:   UP token: 6729128765680703492865437957297494393646...
2026-07-06 01:35:15 [btc_live] INFO:   DOWN token: 3283350849301221444835084792633087910658...
2026-07-06 01:35:16 [btc_live] INFO: WebSocket subscribing to tokens:
2026-07-06 01:35:16 [btc_live] INFO:   UP: 6729128765680703492865437957297494393646...
2026-07-06 01:35:16 [btc_live] INFO:   DOWN: 3283350849301221444835084792633087910658...
2026-07-06 01:35:16 [btc_live] INFO: Tokens validated: UP=0.28, DOWN=0.71, sum=0.99
2026-07-06 01:39:45 [btc_live] INFO: BTC_TICK 18:39:45.000 (local 18:39:45.722) $62,688.37 [-15.000s before 18:40:00]
2026-07-06 01:39:46 [btc_live] INFO: BTC_TICK 18:39:46.000 (local 18:39:46.621) $62,688.43 [-14.000s before 18:40:00]
2026-07-06 01:39:47 [btc_live] INFO: BTC_TICK 18:39:47.000 (local 18:39:47.911) $62,689.45 [-13.000s before 18:40:00]
2026-07-06 01:39:49 [btc_live] INFO: BTC_TICK 18:39:48.000 (local 18:39:49.224) $62,689.15 [-12.000s before 18:40:00]
2026-07-06 01:39:49 [btc_live] INFO: BTC_TICK 18:39:49.000 (local 18:39:49.589) $62,690.14 [-11.000s before 18:40:00]
2026-07-06 01:39:50 [btc_live] INFO: BTC_TICK 18:39:50.000 (local 18:39:50.968) $62,692.87 [-10.000s before 18:40:00]
2026-07-06 01:39:52 [btc_live] INFO: BTC_TICK 18:39:51.000 (local 18:39:52.007) $62,700.73 [-9.000s before 18:40:00]
2026-07-06 01:39:52 [btc_live] INFO: BTC_TICK 18:39:52.000 (local 18:39:52.873) $62,700.52 [-8.000s before 18:40:00]
2026-07-06 01:39:54 [btc_live] INFO: BTC_TICK 18:39:53.000 (local 18:39:54.013) $62,702.16 [-7.000s before 18:40:00]
2026-07-06 01:39:55 [btc_live] INFO: BTC_TICK 18:39:54.000 (local 18:39:55.005) $62,703.08 [-6.000s before 18:40:00]
2026-07-06 01:39:55 [btc_live] INFO: BTC_TICK 18:39:55.000 (local 18:39:55.970) $62,703.69 [-5.000s before 18:40:00]
2026-07-06 01:39:56 [btc_live] INFO: BTC_TICK 18:39:56.000 (local 18:39:56.993) $62,704.49 [-4.000s before 18:40:00]
2026-07-06 01:39:58 [btc_live] INFO: BTC_TICK 18:39:57.000 (local 18:39:58.100) $62,705.01 [-3.000s before 18:40:00]
2026-07-06 01:39:59 [btc_live] INFO: BTC_TICK 18:39:58.000 (local 18:39:59.172) $62,705.13 [-2.000s before 18:40:00]
2026-07-06 01:39:59 [btc_live] INFO: BTC_TICK 18:39:59.000 (local 18:39:59.742) $62,705.90 [-1.000s before 18:40:00]
2026-07-06 01:40:00 [btc_live] INFO: BTC_TICK 18:40:00.000 (local 18:40:00.794) $62,705.59 [+0.000s after 18:40:00]
2026-07-06 01:40:00 [btc_live] INFO: BTC anchor reset: $62,705.59 (boundary 18:40:00, first tick at 18:40:00.000, delay 0ms, prev anchor $62,667.17)
2026-07-06 01:40:01 [btc_live] INFO: BTC_TICK 18:40:01.000 (local 18:40:01.806) $62,703.80 [+1.000s after 18:40:00]
2026-07-06 01:40:02 [btc_live] INFO: BTC_TICK 18:40:02.000 (local 18:40:02.958) $62,703.80 [+2.000s after 18:40:00]
2026-07-06 01:40:03 [btc_live] INFO: BTC_TICK 18:40:03.000 (local 18:40:03.810) $62,703.77 [+3.000s after 18:40:00]
2026-07-06 01:40:04 [btc_live] INFO: BTC_TICK 18:40:04.000 (local 18:40:04.946) $62,703.80 [+4.000s after 18:40:00]
2026-07-06 01:40:06 [btc_live] INFO: BTC_TICK 18:40:05.000 (local 18:40:06.071) $62,703.80 [+5.000s after 18:40:00]
2026-07-06 01:40:10 [btc_live] INFO: WebSocket closed gracefully (code 1000)
2026-07-06 01:40:15 [btc_live] INFO: Market tokens assigned:
2026-07-06 01:40:15 [btc_live] INFO:   Slug: btc-updown-5m-1783276800
2026-07-06 01:40:15 [btc_live] INFO:   End Time: 2026-07-05T18:45:00Z (timestamp: 1783277100.0)
2026-07-06 01:40:15 [btc_live] INFO:   UP token: 5481249032824322035105692255854022066937...
2026-07-06 01:40:15 [btc_live] INFO:   DOWN token: 6731455339466758437884808179052349376844...
2026-07-06 01:40:16 [btc_live] INFO: WebSocket subscribing to tokens:
2026-07-06 01:40:16 [btc_live] INFO:   UP: 5481249032824322035105692255854022066937...
2026-07-06 01:40:16 [btc_live] INFO:   DOWN: 6731455339466758437884808179052349376844...
2026-07-06 01:40:16 [btc_live] INFO: Tokens validated: UP=0.39, DOWN=0.60, sum=0.99
2026-07-06 01:44:46 [btc_live] INFO: BTC_TICK 18:44:45.000 (local 18:44:46.531) $62,698.72 [-15.000s before 18:45:00]
2026-07-06 01:44:47 [btc_live] INFO: BTC_TICK 18:44:46.000 (local 18:44:47.055) $62,698.74 [-14.000s before 18:45:00]
2026-07-06 01:44:47 [btc_live] INFO: BTC_TICK 18:44:47.000 (local 18:44:47.666) $62,698.74 [-13.000s before 18:45:00]
2026-07-06 01:44:48 [btc_live] INFO: BTC_TICK 18:44:48.000 (local 18:44:48.944) $62,698.69 [-12.000s before 18:45:00]
2026-07-06 01:44:50 [btc_live] INFO: BTC_TICK 18:44:49.000 (local 18:44:50.208) $62,698.68 [-11.000s before 18:45:00]
2026-07-06 01:44:51 [btc_live] INFO: BTC_TICK 18:44:50.000 (local 18:44:51.067) $62,698.68 [-10.000s before 18:45:00]
2026-07-06 01:44:52 [btc_live] INFO: BTC_TICK 18:44:51.000 (local 18:44:52.616) $62,700.57 [-9.000s before 18:45:00]
2026-07-06 01:44:53 [btc_live] INFO: BTC_TICK 18:44:52.000 (local 18:44:53.310) $62,701.76 [-8.000s before 18:45:00]
2026-07-06 01:44:54 [btc_live] INFO: BTC_TICK 18:44:53.000 (local 18:44:54.043) $62,702.15 [-7.000s before 18:45:00]
2026-07-06 01:44:54 [btc_live] INFO: BTC_TICK 18:44:54.000 (local 18:44:54.730) $62,702.64 [-6.000s before 18:45:00]
2026-07-06 01:44:56 [btc_live] INFO: BTC_TICK 18:44:55.000 (local 18:44:56.329) $62,703.61 [-5.000s before 18:45:00]
2026-07-06 01:44:56 [btc_live] INFO: BTC_TICK 18:44:56.000 (local 18:44:56.970) $62,704.74 [-4.000s before 18:45:00]
2026-07-06 01:44:57 [btc_live] INFO: BTC_TICK 18:44:57.000 (local 18:44:57.753) $62,704.81 [-3.000s before 18:45:00]
2026-07-06 01:44:59 [btc_live] INFO: BTC_TICK 18:44:58.000 (local 18:44:59.412) $62,707.73 [-2.000s before 18:45:00]
2026-07-06 01:45:00 [btc_live] INFO: BTC_TICK 18:44:59.000 (local 18:45:00.198) $62,708.90 [-1.000s before 18:45:00]
2026-07-06 01:45:01 [btc_live] INFO: BTC_TICK 18:45:00.000 (local 18:45:01.053) $62,709.98 [+0.000s after 18:45:00]
2026-07-06 01:45:01 [btc_live] INFO: BTC anchor reset: $62,709.98 (boundary 18:45:00, first tick at 18:45:00.000, delay 0ms, prev anchor $62,705.59)
2026-07-06 01:45:01 [btc_live] INFO: BTC_TICK 18:45:01.000 (local 18:45:01.958) $62,710.07 [+1.000s after 18:45:00]
2026-07-06 01:45:03 [btc_live] INFO: BTC_TICK 18:45:02.000 (local 18:45:03.514) $62,710.63 [+2.000s after 18:45:00]
2026-07-06 01:45:04 [btc_live] INFO: BTC_TICK 18:45:03.000 (local 18:45:04.299) $62,710.62 [+3.000s after 18:45:00]
2026-07-06 01:45:04 [btc_live] INFO: BTC_TICK 18:45:04.000 (local 18:45:04.940) $62,710.62 [+4.000s after 18:45:00]
2026-07-06 01:45:05 [btc_live] INFO: BTC_TICK 18:45:05.000 (local 18:45:05.922) $62,710.60 [+5.000s after 18:45:00]
2026-07-06 01:45:10 [btc_live] INFO: WebSocket closed gracefully (code 1000)
2026-07-06 01:45:15 [btc_live] INFO: Market tokens assigned:
2026-07-06 01:45:15 [btc_live] INFO:   Slug: btc-updown-5m-1783277100
2026-07-06 01:45:15 [btc_live] INFO:   End Time: 2026-07-05T18:50:00Z (timestamp: 1783277400.0)
2026-07-06 01:45:15 [btc_live] INFO:   UP token: 1002349205614178702165581290250457118207...
2026-07-06 01:45:15 [btc_live] INFO:   DOWN token: 2404839850982878643088799202028841980523...
2026-07-06 01:45:15 [btc_live] INFO: WebSocket subscribing to tokens:
2026-07-06 01:45:15 [btc_live] INFO:   UP: 1002349205614178702165581290250457118207...
2026-07-06 01:45:15 [btc_live] INFO:   DOWN: 2404839850982878643088799202028841980523...
2026-07-06 01:45:15 [btc_live] INFO: Tokens validated: UP=0.48, DOWN=0.51, sum=0.99
2026-07-06 01:49:45 [btc_live] INFO: BTC_TICK 18:49:45.000 (local 18:49:45.605) $62,725.66 [-15.000s before 18:50:00]
2026-07-06 01:49:46 [btc_live] INFO: BTC_TICK 18:49:46.000 (local 18:49:46.693) $62,726.76 [-14.000s before 18:50:00]
2026-07-06 01:49:47 [btc_live] INFO: BTC_TICK 18:49:47.000 (local 18:49:47.626) $62,727.38 [-13.000s before 18:50:00]
2026-07-06 01:49:48 [btc_live] INFO: BTC_TICK 18:49:48.000 (local 18:49:48.733) $62,728.62 [-12.000s before 18:50:00]
2026-07-06 01:49:50 [btc_live] INFO: BTC_TICK 18:49:49.000 (local 18:49:50.258) $62,728.68 [-11.000s before 18:50:00]
2026-07-06 01:49:50 [btc_live] INFO: BTC_TICK 18:49:50.000 (local 18:49:50.792) $62,728.68 [-10.000s before 18:50:00]
2026-07-06 01:49:51 [btc_live] INFO: BTC_TICK 18:49:51.000 (local 18:49:51.824) $62,728.78 [-9.000s before 18:50:00]
2026-07-06 01:49:52 [btc_live] INFO: BTC_TICK 18:49:52.000 (local 18:49:52.892) $62,728.70 [-8.000s before 18:50:00]
2026-07-06 01:49:54 [btc_live] INFO: BTC_TICK 18:49:53.000 (local 18:49:54.187) $62,728.69 [-7.000s before 18:50:00]
2026-07-06 01:49:54 [btc_live] INFO: BTC_TICK 18:49:54.000 (local 18:49:54.665) $62,728.72 [-6.000s before 18:50:00]
2026-07-06 01:49:55 [btc_live] INFO: BTC_TICK 18:49:55.000 (local 18:49:55.820) $62,728.72 [-5.000s before 18:50:00]
2026-07-06 01:49:56 [btc_live] INFO: BTC_TICK 18:49:56.000 (local 18:49:56.930) $62,727.61 [-4.000s before 18:50:00]
2026-07-06 01:49:57 [btc_live] INFO: BTC_TICK 18:49:57.000 (local 18:49:57.959) $62,727.54 [-3.000s before 18:50:00]
2026-07-06 01:49:59 [btc_live] INFO: BTC_TICK 18:49:58.000 (local 18:49:59.058) $62,728.33 [-2.000s before 18:50:00]
2026-07-06 01:49:59 [btc_live] INFO: BTC_TICK 18:49:59.000 (local 18:49:59.687) $62,728.33 [-1.000s before 18:50:00]
2026-07-06 01:50:00 [btc_live] INFO: BTC_TICK 18:50:00.000 (local 18:50:00.680) $62,728.50 [+0.000s after 18:50:00]
2026-07-06 01:50:00 [btc_live] INFO: BTC anchor reset: $62,728.50 (boundary 18:50:00, first tick at 18:50:00.000, delay 0ms, prev anchor $62,709.98)
2026-07-06 01:50:01 [btc_live] INFO: BTC_TICK 18:50:01.000 (local 18:50:01.680) $62,729.00 [+1.000s after 18:50:00]
2026-07-06 01:50:02 [btc_live] INFO: BTC_TICK 18:50:02.000 (local 18:50:02.697) $62,728.96 [+2.000s after 18:50:00]
2026-07-06 01:50:04 [btc_live] INFO: BTC_TICK 18:50:03.000 (local 18:50:04.429) $62,728.80 [+3.000s after 18:50:00]
2026-07-06 01:50:05 [btc_live] INFO: BTC_TICK 18:50:04.000 (local 18:50:05.045) $62,728.80 [+4.000s after 18:50:00]
2026-07-06 01:50:05 [btc_live] INFO: BTC_TICK 18:50:05.000 (local 18:50:05.830) $62,728.80 [+5.000s after 18:50:00]
2026-07-06 01:50:10 [btc_live] INFO: WebSocket closed gracefully (code 1000)
2026-07-06 01:50:15 [btc_live] INFO: Market tokens assigned:
2026-07-06 01:50:15 [btc_live] INFO:   Slug: btc-updown-5m-1783277400
2026-07-06 01:50:15 [btc_live] INFO:   End Time: 2026-07-05T18:55:00Z (timestamp: 1783277700.0)
2026-07-06 01:50:15 [btc_live] INFO:   UP token: 7505668920349802001754594577053088248449...
2026-07-06 01:50:15 [btc_live] INFO:   DOWN token: 8342538902561113201557786429695137644445...
2026-07-06 01:50:16 [btc_live] INFO: WebSocket subscribing to tokens:
2026-07-06 01:50:16 [btc_live] INFO:   UP: 7505668920349802001754594577053088248449...
2026-07-06 01:50:16 [btc_live] INFO:   DOWN: 8342538902561113201557786429695137644445...
2026-07-06 01:50:16 [btc_live] INFO: Tokens validated: UP=0.25, DOWN=0.74, sum=0.99
2026-07-06 01:54:45 [btc_live] INFO: BTC_TICK 18:54:45.000 (local 18:54:45.860) $62,779.53 [-15.000s before 18:55:00]
2026-07-06 01:54:47 [btc_live] INFO: BTC_TICK 18:54:46.000 (local 18:54:47.183) $62,779.85 [-14.000s before 18:55:00]
2026-07-06 01:54:47 [btc_live] INFO: BTC_TICK 18:54:47.000 (local 18:54:47.803) $62,779.84 [-13.000s before 18:55:00]
2026-07-06 01:54:49 [btc_live] INFO: BTC_TICK 18:54:48.000 (local 18:54:49.138) $62,779.85 [-12.000s before 18:55:00]
2026-07-06 01:54:49 [btc_live] INFO: BTC_TICK 18:54:49.000 (local 18:54:49.814) $62,779.85 [-11.000s before 18:55:00]
2026-07-06 01:54:51 [btc_live] INFO: BTC_TICK 18:54:50.000 (local 18:54:51.014) $62,779.86 [-10.000s before 18:55:00]
2026-07-06 01:54:51 [btc_live] INFO: BTC_TICK 18:54:51.000 (local 18:54:51.675) $62,779.87 [-9.000s before 18:55:00]
2026-07-06 01:54:53 [btc_live] INFO: BTC_TICK 18:54:52.000 (local 18:54:53.553) $62,779.83 [-8.000s before 18:55:00]
2026-07-06 01:54:54 [btc_live] INFO: BTC_TICK 18:54:53.000 (local 18:54:54.860) $62,779.83 [-7.000s before 18:55:00]
2026-07-06 01:54:55 [btc_live] INFO: BTC_TICK 18:54:54.000 (local 18:54:55.533) $62,779.83 [-6.000s before 18:55:00]
2026-07-06 01:54:56 [btc_live] INFO: BTC_TICK 18:54:55.000 (local 18:54:56.164) $62,779.83 [-5.000s before 18:55:00]
2026-07-06 01:54:56 [btc_live] INFO: BTC_TICK 18:54:56.000 (local 18:54:56.583) $62,779.82 [-4.000s before 18:55:00]
2026-07-06 01:54:57 [btc_live] INFO: BTC_TICK 18:54:57.000 (local 18:54:57.812) $62,779.49 [-3.000s before 18:55:00]
2026-07-06 01:54:58 [btc_live] INFO: BTC_TICK 18:54:58.000 (local 18:54:58.821) $62,779.49 [-2.000s before 18:55:00]
2026-07-06 01:55:00 [btc_live] INFO: BTC_TICK 18:54:59.000 (local 18:55:00.127) $62,779.45 [-1.000s before 18:55:00]
2026-07-06 01:55:00 [btc_live] INFO: WebSocket closed gracefully (code 1000)
2026-07-06 01:55:00 [btc_live] INFO: BTC_TICK 18:55:00.000 (local 18:55:00.658) $62,779.46 [+0.000s after 18:55:00]
2026-07-06 01:55:00 [btc_live] INFO: BTC anchor reset: $62,779.46 (boundary 18:55:00, first tick at 18:55:00.000, delay 0ms, prev anchor $62,728.50)
2026-07-06 01:55:01 [btc_live] INFO: BTC_TICK 18:55:01.000 (local 18:55:01.737) $62,779.45 [+1.000s after 18:55:00]
2026-07-06 01:55:03 [btc_live] INFO: BTC_TICK 18:55:02.000 (local 18:55:03.049) $62,779.48 [+2.000s after 18:55:00]
2026-07-06 01:55:03 [btc_live] INFO: BTC_TICK 18:55:03.000 (local 18:55:03.595) $62,779.48 [+3.000s after 18:55:00]
2026-07-06 01:55:04 [btc_live] INFO: BTC_TICK 18:55:04.000 (local 18:55:04.844) $62,779.46 [+4.000s after 18:55:00]
2026-07-06 01:55:05 [btc_live] INFO: Market tokens assigned:
2026-07-06 01:55:05 [btc_live] INFO:   Slug: btc-updown-5m-1783277700
2026-07-06 01:55:05 [btc_live] INFO:   End Time: 2026-07-05T19:00:00Z (timestamp: 1783278000.0)
2026-07-06 01:55:05 [btc_live] INFO:   UP token: 1505142359015113444935626071580436502234...
2026-07-06 01:55:05 [btc_live] INFO:   DOWN token: 9704888604808703667448646364509742694245...
2026-07-06 01:55:05 [btc_live] INFO: BTC_TICK 18:55:05.000 (local 18:55:05.766) $62,779.47 [+5.000s after 18:55:00]
2026-07-06 01:55:06 [btc_live] INFO: WebSocket subscribing to tokens:
2026-07-06 01:55:06 [btc_live] INFO:   UP: 1505142359015113444935626071580436502234...
2026-07-06 01:55:06 [btc_live] INFO:   DOWN: 9704888604808703667448646364509742694245...
2026-07-06 01:55:06 [btc_live] INFO: Tokens validated: UP=0.43, DOWN=0.56, sum=0.99
2026-07-06 01:59:45 [btc_live] INFO: BTC_TICK 18:59:45.000 (local 18:59:45.747) $62,768.10 [-15.000s before 19:00:00]
2026-07-06 01:59:46 [btc_live] INFO: BTC_TICK 18:59:46.000 (local 18:59:46.817) $62,767.00 [-14.000s before 19:00:00]
2026-07-06 01:59:47 [btc_live] INFO: BTC_TICK 18:59:47.000 (local 18:59:47.866) $62,766.86 [-13.000s before 19:00:00]
2026-07-06 01:59:49 [btc_live] INFO: BTC_TICK 18:59:48.000 (local 18:59:49.061) $62,762.41 [-12.000s before 19:00:00]
2026-07-06 01:59:49 [btc_live] INFO: BTC_TICK 18:59:49.000 (local 18:59:49.648) $62,762.96 [-11.000s before 19:00:00]
2026-07-06 01:59:50 [btc_live] INFO: BTC_TICK 18:59:50.000 (local 18:59:50.764) $62,762.17 [-10.000s before 19:00:00]
2026-07-06 01:59:51 [btc_live] INFO: BTC_TICK 18:59:51.000 (local 18:59:51.871) $62,762.27 [-9.000s before 19:00:00]
2026-07-06 01:59:52 [btc_live] INFO: BTC_TICK 18:59:52.000 (local 18:59:52.963) $62,763.10 [-8.000s before 19:00:00]
2026-07-06 01:59:53 [btc_live] INFO: BTC_TICK 18:59:53.000 (local 18:59:53.847) $62,762.81 [-7.000s before 19:00:00]
2026-07-06 01:59:54 [btc_live] INFO: BTC_TICK 18:59:54.000 (local 18:59:54.935) $62,761.64 [-6.000s before 19:00:00]
2026-07-06 01:59:55 [btc_live] INFO: BTC_TICK 18:59:55.000 (local 18:59:55.686) $62,761.79 [-5.000s before 19:00:00]
2026-07-06 01:59:56 [btc_live] INFO: BTC_TICK 18:59:56.000 (local 18:59:56.854) $62,762.03 [-4.000s before 19:00:00]
2026-07-06 01:59:57 [btc_live] INFO: BTC_TICK 18:59:57.000 (local 18:59:57.698) $62,762.03 [-3.000s before 19:00:00]
2026-07-06 01:59:58 [btc_live] INFO: BTC_TICK 18:59:58.000 (local 18:59:58.728) $62,762.58 [-2.000s before 19:00:00]
2026-07-06 01:59:59 [btc_live] INFO: BTC_TICK 18:59:59.000 (local 18:59:59.661) $62,763.12 [-1.000s before 19:00:00]
2026-07-06 02:00:00 [btc_live] INFO: BTC_TICK 19:00:00.000 (local 19:00:00.639) $62,762.59 [+0.000s after 19:00:00]
2026-07-06 02:00:00 [btc_live] INFO: BTC anchor reset: $62,762.59 (boundary 19:00:00, first tick at 19:00:00.000, delay 0ms, prev anchor $62,779.46)
2026-07-06 02:00:01 [btc_live] INFO: BTC_TICK 19:00:01.000 (local 19:00:01.904) $62,761.93 [+1.000s after 19:00:00]
2026-07-06 02:00:03 [btc_live] INFO: BTC_TICK 19:00:02.000 (local 19:00:03.096) $62,755.52 [+2.000s after 19:00:00]
2026-07-06 02:00:03 [btc_live] INFO: BTC_TICK 19:00:03.000 (local 19:00:03.824) $62,750.15 [+3.000s after 19:00:00]
2026-07-06 02:00:04 [btc_live] INFO: BTC_TICK 19:00:04.000 (local 19:00:04.947) $62,749.21 [+4.000s after 19:00:00]
2026-07-06 02:00:06 [btc_live] INFO: BTC_TICK 19:00:05.000 (local 19:00:06.106) $62,748.62 [+5.000s after 19:00:00]
2026-07-06 02:00:10 [btc_live] INFO: WebSocket closed gracefully (code 1000)
2026-07-06 02:00:15 [btc_live] INFO: Market tokens assigned:
2026-07-06 02:00:15 [btc_live] INFO:   Slug: btc-updown-5m-1783278000
2026-07-06 02:00:15 [btc_live] INFO:   End Time: 2026-07-05T19:05:00Z (timestamp: 1783278300.0)
2026-07-06 02:00:15 [btc_live] INFO:   UP token: 9242999554434114502205081516318197648460...
2026-07-06 02:00:15 [btc_live] INFO:   DOWN token: 6792378398695510557437155851851720831137...
2026-07-06 02:00:16 [btc_live] INFO: WebSocket subscribing to tokens:
2026-07-06 02:00:16 [btc_live] INFO:   UP: 9242999554434114502205081516318197648460...
2026-07-06 02:00:16 [btc_live] INFO:   DOWN: 6792378398695510557437155851851720831137...
2026-07-06 02:00:16 [btc_live] INFO: Tokens validated: UP=0.37, DOWN=0.62, sum=0.99
2026-07-06 02:04:46 [btc_live] INFO: BTC_TICK 19:04:45.000 (local 19:04:46.008) $62,771.45 [-15.000s before 19:05:00]
2026-07-06 02:04:46 [btc_live] INFO: BTC_TICK 19:04:46.000 (local 19:04:46.482) $62,771.53 [-14.000s before 19:05:00]
2026-07-06 02:04:47 [btc_live] INFO: BTC_TICK 19:04:47.000 (local 19:04:47.595) $62,771.39 [-13.000s before 19:05:00]
2026-07-06 02:04:48 [btc_live] INFO: BTC_TICK 19:04:48.000 (local 19:04:48.597) $62,770.88 [-12.000s before 19:05:00]
2026-07-06 02:04:49 [btc_live] INFO: BTC_TICK 19:04:49.000 (local 19:04:49.723) $62,770.56 [-11.000s before 19:05:00]
2026-07-06 02:04:50 [btc_live] INFO: BTC_TICK 19:04:50.000 (local 19:04:50.936) $62,768.39 [-10.000s before 19:05:00]
2026-07-06 02:04:51 [btc_live] INFO: BTC_TICK 19:04:51.000 (local 19:04:51.867) $62,768.28 [-9.000s before 19:05:00]
2026-07-06 02:04:53 [btc_live] INFO: BTC_TICK 19:04:52.000 (local 19:04:53.047) $62,764.91 [-8.000s before 19:05:00]
2026-07-06 02:04:53 [btc_live] INFO: BTC_TICK 19:04:53.000 (local 19:04:53.559) $62,764.01 [-7.000s before 19:05:00]
2026-07-06 02:04:54 [btc_live] INFO: BTC_TICK 19:04:54.000 (local 19:04:54.604) $62,761.39 [-6.000s before 19:05:00]
2026-07-06 02:04:56 [btc_live] INFO: BTC_TICK 19:04:55.000 (local 19:04:56.020) $62,758.81 [-5.000s before 19:05:00]
2026-07-06 02:04:56 [btc_live] INFO: BTC_TICK 19:04:56.000 (local 19:04:56.699) $62,758.68 [-4.000s before 19:05:00]
2026-07-06 02:04:58 [btc_live] INFO: BTC_TICK 19:04:57.000 (local 19:04:58.312) $62,757.40 [-3.000s before 19:05:00]
2026-07-06 02:04:58 [btc_live] INFO: BTC_TICK 19:04:58.000 (local 19:04:58.539) $62,757.76 [-2.000s before 19:05:00]
2026-07-06 02:04:59 [btc_live] INFO: BTC_TICK 19:04:59.000 (local 19:04:59.658) $62,757.71 [-1.000s before 19:05:00]
2026-07-06 02:05:00 [btc_live] INFO: BTC_TICK 19:05:00.000 (local 19:05:00.548) $62,757.60 [+0.000s after 19:05:00]
2026-07-06 02:05:00 [btc_live] INFO: BTC anchor reset: $62,757.60 (boundary 19:05:00, first tick at 19:05:00.000, delay 0ms, prev anchor $62,762.59)
2026-07-06 02:05:01 [btc_live] INFO: BTC_TICK 19:05:01.000 (local 19:05:01.568) $62,757.83 [+1.000s after 19:05:00]
2026-07-06 02:05:03 [btc_live] INFO: BTC_TICK 19:05:02.000 (local 19:05:03.087) $62,757.47 [+2.000s after 19:05:00]
2026-07-06 02:05:04 [btc_live] INFO: BTC_TICK 19:05:03.000 (local 19:05:04.083) $62,757.89 [+3.000s after 19:05:00]
2026-07-06 02:05:04 [btc_live] INFO: BTC_TICK 19:05:04.000 (local 19:05:04.804) $62,757.89 [+4.000s after 19:05:00]
2026-07-06 02:05:05 [btc_live] INFO: BTC_TICK 19:05:05.000 (local 19:05:05.727) $62,757.89 [+5.000s after 19:05:00]
2026-07-06 02:05:10 [btc_live] INFO: WebSocket closed gracefully (code 1000)
2026-07-06 02:05:15 [btc_live] INFO: Market tokens assigned:
2026-07-06 02:05:15 [btc_live] INFO:   Slug: btc-updown-5m-1783278300
2026-07-06 02:05:15 [btc_live] INFO:   End Time: 2026-07-05T19:10:00Z (timestamp: 1783278600.0)
2026-07-06 02:05:15 [btc_live] INFO:   UP token: 1003743817371321970454891817604374497156...
2026-07-06 02:05:15 [btc_live] INFO:   DOWN token: 4816641684702871438002296276363759703742...
2026-07-06 02:05:16 [btc_live] INFO: WebSocket subscribing to tokens:
2026-07-06 02:05:16 [btc_live] INFO:   UP: 1003743817371321970454891817604374497156...
2026-07-06 02:05:16 [btc_live] INFO:   DOWN: 4816641684702871438002296276363759703742...
2026-07-06 02:05:16 [btc_live] INFO: Tokens validated: UP=0.66, DOWN=0.33, sum=0.99
2026-07-06 02:09:46 [btc_live] INFO: BTC_TICK 19:09:45.000 (local 19:09:46.005) $62,748.05 [-15.000s before 19:10:00]
2026-07-06 02:09:46 [btc_live] INFO: BTC_TICK 19:09:46.000 (local 19:09:46.919) $62,750.26 [-14.000s before 19:10:00]
2026-07-06 02:09:47 [btc_live] INFO: BTC_TICK 19:09:47.000 (local 19:09:47.716) $62,749.94 [-13.000s before 19:10:00]
2026-07-06 02:09:48 [btc_live] INFO: BTC_TICK 19:09:48.000 (local 19:09:48.668) $62,749.95 [-12.000s before 19:10:00]
2026-07-06 02:09:49 [btc_live] INFO: BTC_TICK 19:09:49.000 (local 19:09:49.719) $62,750.90 [-11.000s before 19:10:00]
2026-07-06 02:09:50 [btc_live] INFO: BTC_TICK 19:09:50.000 (local 19:09:50.719) $62,750.90 [-10.000s before 19:10:00]
2026-07-06 02:09:51 [btc_live] INFO: BTC_TICK 19:09:51.000 (local 19:09:51.783) $62,751.24 [-9.000s before 19:10:00]
2026-07-06 02:09:52 [btc_live] INFO: BTC_TICK 19:09:52.000 (local 19:09:52.858) $62,751.16 [-8.000s before 19:10:00]
2026-07-06 02:09:53 [btc_live] INFO: BTC_TICK 19:09:53.000 (local 19:09:53.845) $62,753.01 [-7.000s before 19:10:00]
2026-07-06 02:09:54 [btc_live] INFO: BTC_TICK 19:09:54.000 (local 19:09:54.873) $62,754.10 [-6.000s before 19:10:00]
2026-07-06 02:09:55 [btc_live] INFO: BTC_TICK 19:09:55.000 (local 19:09:55.915) $62,754.62 [-5.000s before 19:10:00]
2026-07-06 02:09:57 [btc_live] INFO: BTC_TICK 19:09:56.000 (local 19:09:57.115) $62,754.33 [-4.000s before 19:10:00]
2026-07-06 02:09:57 [btc_live] INFO: BTC_TICK 19:09:57.000 (local 19:09:57.989) $62,757.31 [-3.000s before 19:10:00]
2026-07-06 02:09:58 [btc_live] INFO: BTC_TICK 19:09:58.000 (local 19:09:58.829) $62,766.45 [-2.000s before 19:10:00]
2026-07-06 02:09:59 [btc_live] INFO: BTC_TICK 19:09:59.000 (local 19:09:59.856) $62,764.72 [-1.000s before 19:10:00]
2026-07-06 02:10:01 [btc_live] INFO: BTC_TICK 19:10:00.000 (local 19:10:01.408) $62,766.33 [+0.000s after 19:10:00]
2026-07-06 02:10:01 [btc_live] INFO: BTC anchor reset: $62,766.33 (boundary 19:10:00, first tick at 19:10:00.000, delay 0ms, prev anchor $62,757.60)
2026-07-06 02:10:03 [btc_live] INFO: BTC_TICK 19:10:01.000 (local 19:10:03.527) $62,756.60 [+1.000s after 19:10:00]
2026-07-06 02:10:04 [btc_live] INFO: BTC_TICK 19:10:02.000 (local 19:10:04.351) $62,752.73 [+2.000s after 19:10:00]
2026-07-06 02:10:05 [btc_live] INFO: BTC_TICK 19:10:03.000 (local 19:10:05.173) $62,751.53 [+3.000s after 19:10:00]
2026-07-06 02:10:06 [btc_live] INFO: BTC_TICK 19:10:04.000 (local 19:10:06.612) $62,751.53 [+4.000s after 19:10:00]
2026-07-06 02:10:07 [btc_live] INFO: BTC_TICK 19:10:05.000 (local 19:10:07.805) $62,751.10 [+5.000s after 19:10:00]
2026-07-06 02:10:10 [btc_live] INFO: WebSocket closed gracefully (code 1000)
2026-07-06 02:10:15 [btc_live] INFO: Market tokens assigned:
2026-07-06 02:10:15 [btc_live] INFO:   Slug: btc-updown-5m-1783278600
2026-07-06 02:10:15 [btc_live] INFO:   End Time: 2026-07-05T19:15:00Z (timestamp: 1783278900.0)
2026-07-06 02:10:15 [btc_live] INFO:   UP token: 7827819248544865963756232047436448070644...
2026-07-06 02:10:15 [btc_live] INFO:   DOWN token: 8688215912170207438980895187278711118091...
2026-07-06 02:10:16 [btc_live] INFO: WebSocket subscribing to tokens:
2026-07-06 02:10:16 [btc_live] INFO:   UP: 7827819248544865963756232047436448070644...
2026-07-06 02:10:16 [btc_live] INFO:   DOWN: 8688215912170207438980895187278711118091...
2026-07-06 02:10:16 [btc_live] INFO: Tokens validated: UP=0.35, DOWN=0.64, sum=0.99
2026-07-06 02:14:45 [btc_live] INFO: BTC_TICK 19:14:45.000 (local 19:14:45.940) $62,784.99 [-15.000s before 19:15:00]
2026-07-06 02:14:46 [btc_live] INFO: BTC_TICK 19:14:46.000 (local 19:14:46.522) $62,784.85 [-14.000s before 19:15:00]
2026-07-06 02:14:48 [btc_live] INFO: BTC_TICK 19:14:47.000 (local 19:14:48.041) $62,784.66 [-13.000s before 19:15:00]
2026-07-06 02:14:49 [btc_live] INFO: BTC_TICK 19:14:48.000 (local 19:14:49.689) $62,784.63 [-12.000s before 19:15:00]
2026-07-06 02:14:50 [btc_live] INFO: BTC_TICK 19:14:49.000 (local 19:14:50.119) $62,784.59 [-11.000s before 19:15:00]
2026-07-06 02:14:51 [btc_live] INFO: BTC_TICK 19:14:50.000 (local 19:14:51.008) $62,785.05 [-10.000s before 19:15:00]
2026-07-06 02:14:51 [btc_live] INFO: BTC_TICK 19:14:51.000 (local 19:14:51.870) $62,786.03 [-9.000s before 19:15:00]
2026-07-06 02:14:53 [btc_live] INFO: BTC_TICK 19:14:52.000 (local 19:14:53.008) $62,785.12 [-8.000s before 19:15:00]
2026-07-06 02:14:54 [btc_live] INFO: BTC_TICK 19:14:53.000 (local 19:14:54.211) $62,784.98 [-7.000s before 19:15:00]
2026-07-06 02:14:54 [btc_live] INFO: BTC_TICK 19:14:54.000 (local 19:14:54.560) $62,785.15 [-6.000s before 19:15:00]
2026-07-06 02:14:55 [btc_live] INFO: BTC_TICK 19:14:55.000 (local 19:14:55.677) $62,785.15 [-5.000s before 19:15:00]
2026-07-06 02:14:56 [btc_live] INFO: BTC_TICK 19:14:56.000 (local 19:14:56.693) $62,785.13 [-4.000s before 19:15:00]
2026-07-06 02:14:57 [btc_live] INFO: BTC_TICK 19:14:57.000 (local 19:14:57.688) $62,785.07 [-3.000s before 19:15:00]
2026-07-06 02:14:58 [btc_live] INFO: BTC_TICK 19:14:58.000 (local 19:14:58.639) $62,786.06 [-2.000s before 19:15:00]
2026-07-06 02:14:59 [btc_live] INFO: BTC_TICK 19:14:59.000 (local 19:14:59.776) $62,788.46 [-1.000s before 19:15:00]
2026-07-06 02:15:00 [btc_live] INFO: BTC_TICK 19:15:00.000 (local 19:15:00.945) $62,788.48 [+0.000s after 19:15:00]
2026-07-06 02:15:00 [btc_live] INFO: BTC anchor reset: $62,788.48 (boundary 19:15:00, first tick at 19:15:00.000, delay 0ms, prev anchor $62,766.33)
2026-07-06 02:15:01 [btc_live] INFO: BTC_TICK 19:15:01.000 (local 19:15:01.813) $62,788.48 [+1.000s after 19:15:00]
2026-07-06 02:15:02 [btc_live] INFO: BTC_TICK 19:15:02.000 (local 19:15:02.806) $62,788.51 [+2.000s after 19:15:00]
2026-07-06 02:15:03 [btc_live] INFO: BTC_TICK 19:15:03.000 (local 19:15:03.654) $62,795.52 [+3.000s after 19:15:00]
2026-07-06 02:15:05 [btc_live] INFO: BTC_TICK 19:15:04.000 (local 19:15:05.063) $62,798.21 [+4.000s after 19:15:00]
2026-07-06 02:15:05 [btc_live] INFO: BTC_TICK 19:15:05.000 (local 19:15:05.947) $62,799.23 [+5.000s after 19:15:00]
2026-07-06 02:15:10 [btc_live] INFO: WebSocket closed gracefully (code 1000)
2026-07-06 02:15:15 [btc_live] INFO: Market tokens assigned:
2026-07-06 02:15:15 [btc_live] INFO:   Slug: btc-updown-5m-1783278900
2026-07-06 02:15:15 [btc_live] INFO:   End Time: 2026-07-05T19:20:00Z (timestamp: 1783279200.0)
2026-07-06 02:15:15 [btc_live] INFO:   UP token: 5002031271712486852973190043113539868885...
2026-07-06 02:15:15 [btc_live] INFO:   DOWN token: 7280780581745564531451935424573087863091...
2026-07-06 02:15:16 [btc_live] INFO: WebSocket subscribing to tokens:
2026-07-06 02:15:16 [btc_live] INFO:   UP: 5002031271712486852973190043113539868885...
2026-07-06 02:15:16 [btc_live] INFO:   DOWN: 7280780581745564531451935424573087863091...
2026-07-06 02:15:17 [btc_live] INFO: Tokens validated: UP=0.61, DOWN=0.38, sum=0.99
2026-07-06 02:19:45 [btc_live] INFO: BTC_TICK 19:19:45.000 (local 19:19:45.614) $62,787.59 [-15.000s before 19:20:00]
2026-07-06 02:19:46 [btc_live] INFO: BTC_TICK 19:19:46.000 (local 19:19:46.849) $62,788.21 [-14.000s before 19:20:00]
2026-07-06 02:19:48 [btc_live] INFO: BTC_TICK 19:19:47.000 (local 19:19:48.047) $62,788.22 [-13.000s before 19:20:00]
2026-07-06 02:19:48 [btc_live] INFO: BTC_TICK 19:19:48.000 (local 19:19:48.470) $62,788.37 [-12.000s before 19:20:00]
2026-07-06 02:19:49 [btc_live] INFO: BTC_TICK 19:19:49.000 (local 19:19:49.647) $62,786.39 [-11.000s before 19:20:00]
2026-07-06 02:19:50 [btc_live] INFO: BTC_TICK 19:19:50.000 (local 19:19:50.809) $62,786.38 [-10.000s before 19:20:00]
2026-07-06 02:19:52 [btc_live] INFO: BTC_TICK 19:19:51.000 (local 19:19:52.130) $62,786.13 [-9.000s before 19:20:00]
2026-07-06 02:19:52 [btc_live] INFO: BTC_TICK 19:19:52.000 (local 19:19:52.631) $62,786.18 [-8.000s before 19:20:00]
2026-07-06 02:19:53 [btc_live] INFO: BTC_TICK 19:19:53.000 (local 19:19:53.990) $62,786.25 [-7.000s before 19:20:00]
2026-07-06 02:19:54 [btc_live] INFO: BTC_TICK 19:19:54.000 (local 19:19:54.958) $62,786.96 [-6.000s before 19:20:00]
2026-07-06 02:19:55 [btc_live] INFO: BTC_TICK 19:19:55.000 (local 19:19:55.849) $62,787.00 [-5.000s before 19:20:00]
2026-07-06 02:19:56 [btc_live] INFO: BTC_TICK 19:19:56.000 (local 19:19:56.866) $62,786.74 [-4.000s before 19:20:00]
2026-07-06 02:19:57 [btc_live] INFO: BTC_TICK 19:19:57.000 (local 19:19:57.608) $62,786.10 [-3.000s before 19:20:00]
2026-07-06 02:19:59 [btc_live] INFO: BTC_TICK 19:19:58.000 (local 19:19:59.042) $62,787.73 [-2.000s before 19:20:00]
2026-07-06 02:19:59 [btc_live] INFO: BTC_TICK 19:19:59.000 (local 19:19:59.573) $62,787.73 [-1.000s before 19:20:00]
2026-07-06 02:20:00 [btc_live] INFO: BTC_TICK 19:20:00.000 (local 19:20:00.526) $62,789.24 [+0.000s after 19:20:00]
2026-07-06 02:20:00 [btc_live] INFO: BTC anchor reset: $62,789.24 (boundary 19:20:00, first tick at 19:20:00.000, delay 0ms, prev anchor $62,788.48)
2026-07-06 02:20:01 [btc_live] INFO: BTC_TICK 19:20:01.000 (local 19:20:01.930) $62,787.79 [+1.000s after 19:20:00]
2026-07-06 02:20:02 [btc_live] INFO: BTC_TICK 19:20:02.000 (local 19:20:02.800) $62,785.87 [+2.000s after 19:20:00]
2026-07-06 02:20:04 [btc_live] INFO: BTC_TICK 19:20:03.000 (local 19:20:04.401) $62,785.87 [+3.000s after 19:20:00]
2026-07-06 02:20:05 [btc_live] INFO: BTC_TICK 19:20:04.000 (local 19:20:05.012) $62,785.87 [+4.000s after 19:20:00]
2026-07-06 02:20:05 [btc_live] INFO: BTC_TICK 19:20:05.000 (local 19:20:05.927) $62,785.66 [+5.000s after 19:20:00]
2026-07-06 02:20:10 [btc_live] INFO: WebSocket closed gracefully (code 1000)
2026-07-06 02:20:15 [btc_live] INFO: Market tokens assigned:
2026-07-06 02:20:15 [btc_live] INFO:   Slug: btc-updown-5m-1783279200
2026-07-06 02:20:15 [btc_live] INFO:   End Time: 2026-07-05T19:25:00Z (timestamp: 1783279500.0)
2026-07-06 02:20:15 [btc_live] INFO:   UP token: 8489836139677474739713111405404007095043...
2026-07-06 02:20:15 [btc_live] INFO:   DOWN token: 1020830051858038808294579328535552605089...
2026-07-06 02:20:16 [btc_live] INFO: WebSocket subscribing to tokens:
2026-07-06 02:20:16 [btc_live] INFO:   UP: 8489836139677474739713111405404007095043...
2026-07-06 02:20:16 [btc_live] INFO:   DOWN: 1020830051858038808294579328535552605089...
2026-07-06 02:20:16 [btc_live] INFO: Tokens validated: UP=0.42, DOWN=0.57, sum=0.99
2026-07-06 02:21:53 [btc_live] INFO: RTDS Chainlink connected
2026-07-06 02:24:45 [btc_live] INFO: BTC_TICK 19:24:45.000 (local 19:24:45.931) $62,730.31 [-15.000s before 19:25:00]
2026-07-06 02:24:47 [btc_live] INFO: BTC_TICK 19:24:46.000 (local 19:24:47.923) $62,729.14 [-14.000s before 19:25:00]
2026-07-06 02:24:48 [btc_live] INFO: BTC_TICK 19:24:47.000 (local 19:24:48.580) $62,728.17 [-13.000s before 19:25:00]
2026-07-06 02:24:49 [btc_live] INFO: BTC_TICK 19:24:48.000 (local 19:24:49.356) $62,727.64 [-12.000s before 19:25:00]
2026-07-06 02:24:50 [btc_live] INFO: BTC_TICK 19:24:49.000 (local 19:24:50.144) $62,726.67 [-11.000s before 19:25:00]
2026-07-06 02:24:50 [btc_live] INFO: BTC_TICK 19:24:50.000 (local 19:24:50.914) $62,726.03 [-10.000s before 19:25:00]
2026-07-06 02:24:52 [btc_live] INFO: BTC_TICK 19:24:51.000 (local 19:24:52.762) $62,725.82 [-9.000s before 19:25:00]
2026-07-06 02:24:53 [btc_live] INFO: BTC_TICK 19:24:52.000 (local 19:24:53.625) $62,725.80 [-8.000s before 19:25:00]
2026-07-06 02:24:54 [btc_live] INFO: BTC_TICK 19:24:53.000 (local 19:24:54.394) $62,725.82 [-7.000s before 19:25:00]
2026-07-06 02:24:55 [btc_live] INFO: BTC_TICK 19:24:54.000 (local 19:24:55.210) $62,725.82 [-6.000s before 19:25:00]
2026-07-06 02:24:56 [btc_live] INFO: BTC_TICK 19:24:55.000 (local 19:24:56.172) $62,726.03 [-5.000s before 19:25:00]
2026-07-06 02:24:57 [btc_live] INFO: BTC_TICK 19:24:56.000 (local 19:24:57.468) $62,725.93 [-4.000s before 19:25:00]
2026-07-06 02:24:58 [btc_live] INFO: BTC_TICK 19:24:57.000 (local 19:24:58.015) $62,725.81 [-3.000s before 19:25:00]
2026-07-06 02:24:59 [btc_live] INFO: BTC_TICK 19:24:58.000 (local 19:24:59.308) $62,727.38 [-2.000s before 19:25:00]
2026-07-06 02:25:00 [btc_live] INFO: BTC_TICK 19:24:59.000 (local 19:25:00.065) $62,728.11 [-1.000s before 19:25:00]
2026-07-06 02:25:00 [btc_live] INFO: WebSocket closed gracefully (code 1000)
2026-07-06 02:25:00 [btc_live] INFO: BTC_TICK 19:25:00.000 (local 19:25:00.749) $62,728.56 [+0.000s after 19:25:00]
2026-07-06 02:25:00 [btc_live] INFO: BTC anchor reset: $62,728.56 (boundary 19:25:00, first tick at 19:25:00.000, delay 0ms, prev anchor $62,789.24)
2026-07-06 02:25:02 [btc_live] INFO: BTC_TICK 19:25:01.000 (local 19:25:02.510) $62,730.71 [+1.000s after 19:25:00]
2026-07-06 02:25:03 [btc_live] INFO: BTC_TICK 19:25:02.000 (local 19:25:03.610) $62,732.00 [+2.000s after 19:25:00]
2026-07-06 02:25:04 [btc_live] INFO: BTC_TICK 19:25:03.000 (local 19:25:04.225) $62,732.06 [+3.000s after 19:25:00]
2026-07-06 02:25:04 [btc_live] INFO: BTC_TICK 19:25:04.000 (local 19:25:04.945) $62,732.15 [+4.000s after 19:25:00]
2026-07-06 02:25:05 [btc_live] INFO: Market tokens assigned:
2026-07-06 02:25:05 [btc_live] INFO:   Slug: btc-updown-5m-1783279500
2026-07-06 02:25:05 [btc_live] INFO:   End Time: 2026-07-05T19:30:00Z (timestamp: 1783279800.0)
2026-07-06 02:25:05 [btc_live] INFO:   UP token: 2695721965770915258871051475050361237479...
2026-07-06 02:25:05 [btc_live] INFO:   DOWN token: 1005974619194333896669407428235202027416...
2026-07-06 02:25:06 [btc_live] INFO: WebSocket subscribing to tokens:
2026-07-06 02:25:06 [btc_live] INFO:   UP: 2695721965770915258871051475050361237479...
2026-07-06 02:25:06 [btc_live] INFO:   DOWN: 1005974619194333896669407428235202027416...
2026-07-06 02:25:06 [btc_live] INFO: BTC_TICK 19:25:05.000 (local 19:25:06.376) $62,733.76 [+5.000s after 19:25:00]
2026-07-06 02:25:06 [btc_live] INFO: Tokens validated: UP=0.44, DOWN=0.55, sum=0.99
2026-07-06 02:29:46 [btc_live] INFO: BTC_TICK 19:29:45.000 (local 19:29:46.359) $62,716.43 [-15.000s before 19:30:00]
2026-07-06 02:29:47 [btc_live] INFO: BTC_TICK 19:29:46.000 (local 19:29:47.457) $62,718.67 [-14.000s before 19:30:00]
2026-07-06 02:29:47 [btc_live] INFO: BTC_TICK 19:29:47.000 (local 19:29:47.703) $62,721.23 [-13.000s before 19:30:00]
2026-07-06 02:29:49 [btc_live] INFO: BTC_TICK 19:29:48.000 (local 19:29:49.012) $62,721.82 [-12.000s before 19:30:00]
2026-07-06 02:29:49 [btc_live] INFO: BTC_TICK 19:29:49.000 (local 19:29:49.794) $62,723.63 [-11.000s before 19:30:00]
2026-07-06 02:29:51 [btc_live] INFO: BTC_TICK 19:29:50.000 (local 19:29:51.051) $62,724.61 [-10.000s before 19:30:00]
2026-07-06 02:29:51 [btc_live] INFO: BTC_TICK 19:29:51.000 (local 19:29:51.804) $62,724.06 [-9.000s before 19:30:00]
2026-07-06 02:29:52 [btc_live] INFO: BTC_TICK 19:29:52.000 (local 19:29:52.803) $62,724.09 [-8.000s before 19:30:00]
2026-07-06 02:29:54 [btc_live] INFO: BTC_TICK 19:29:53.000 (local 19:29:54.371) $62,723.95 [-7.000s before 19:30:00]
2026-07-06 02:29:55 [btc_live] INFO: BTC_TICK 19:29:54.000 (local 19:29:55.090) $62,724.07 [-6.000s before 19:30:00]
2026-07-06 02:29:55 [btc_live] INFO: BTC_TICK 19:29:55.000 (local 19:29:55.472) $62,724.09 [-5.000s before 19:30:00]
2026-07-06 02:29:56 [btc_live] INFO: BTC_TICK 19:29:56.000 (local 19:29:56.769) $62,724.30 [-4.000s before 19:30:00]
2026-07-06 02:29:57 [btc_live] INFO: BTC_TICK 19:29:57.000 (local 19:29:57.839) $62,732.29 [-3.000s before 19:30:00]
2026-07-06 02:29:59 [btc_live] INFO: BTC_TICK 19:29:58.000 (local 19:29:59.022) $62,734.08 [-2.000s before 19:30:00]
2026-07-06 02:29:59 [btc_live] INFO: BTC_TICK 19:29:59.000 (local 19:29:59.715) $62,734.09 [-1.000s before 19:30:00]
2026-07-06 02:30:01 [btc_live] INFO: BTC_TICK 19:30:00.000 (local 19:30:01.690) $62,734.36 [+0.000s after 19:30:00]
2026-07-06 02:30:01 [btc_live] INFO: BTC anchor reset: $62,734.36 (boundary 19:30:00, first tick at 19:30:00.000, delay 0ms, prev anchor $62,728.56)
2026-07-06 02:30:02 [btc_live] INFO: BTC_TICK 19:30:01.000 (local 19:30:02.720) $62,731.97 [+1.000s after 19:30:00]
2026-07-06 02:30:03 [btc_live] INFO: BTC_TICK 19:30:02.000 (local 19:30:03.646) $62,729.74 [+2.000s after 19:30:00]
2026-07-06 02:30:04 [btc_live] INFO: BTC_TICK 19:30:03.000 (local 19:30:04.056) $62,725.95 [+3.000s after 19:30:00]
2026-07-06 02:30:05 [btc_live] INFO: BTC_TICK 19:30:04.000 (local 19:30:05.079) $62,724.65 [+4.000s after 19:30:00]
2026-07-06 02:30:06 [btc_live] INFO: BTC_TICK 19:30:05.000 (local 19:30:06.104) $62,725.10 [+5.000s after 19:30:00]
2026-07-06 02:30:10 [btc_live] INFO: WebSocket closed gracefully (code 1000)
2026-07-06 02:30:15 [btc_live] INFO: Market tokens assigned:
2026-07-06 02:30:15 [btc_live] INFO:   Slug: btc-updown-5m-1783279800
2026-07-06 02:30:15 [btc_live] INFO:   End Time: 2026-07-05T19:35:00Z (timestamp: 1783280100.0)
2026-07-06 02:30:15 [btc_live] INFO:   UP token: 1144991008674306175046117711084350111477...
2026-07-06 02:30:15 [btc_live] INFO:   DOWN token: 3690683105611811806734162533463686585853...
2026-07-06 02:30:16 [btc_live] INFO: WebSocket subscribing to tokens:
2026-07-06 02:30:16 [btc_live] INFO:   UP: 1144991008674306175046117711084350111477...
2026-07-06 02:30:16 [btc_live] INFO:   DOWN: 3690683105611811806734162533463686585853...
2026-07-06 02:30:16 [btc_live] INFO: Tokens validated: UP=0.41, DOWN=0.58, sum=0.99
2026-07-06 02:34:46 [btc_live] INFO: BTC_TICK 19:34:45.000 (local 19:34:46.032) $62,759.61 [-15.000s before 19:35:00]
2026-07-06 02:34:46 [btc_live] INFO: BTC_TICK 19:34:46.000 (local 19:34:46.596) $62,759.21 [-14.000s before 19:35:00]
2026-07-06 02:34:47 [btc_live] INFO: BTC_TICK 19:34:47.000 (local 19:34:47.649) $62,758.59 [-13.000s before 19:35:00]
2026-07-06 02:34:48 [btc_live] INFO: BTC_TICK 19:34:48.000 (local 19:34:48.777) $62,758.78 [-12.000s before 19:35:00]
2026-07-06 02:34:49 [btc_live] INFO: BTC_TICK 19:34:49.000 (local 19:34:49.872) $62,758.35 [-11.000s before 19:35:00]
2026-07-06 02:34:50 [btc_live] INFO: BTC_TICK 19:34:50.000 (local 19:34:50.993) $62,758.18 [-10.000s before 19:35:00]
2026-07-06 02:34:52 [btc_live] INFO: BTC_TICK 19:34:51.000 (local 19:34:52.076) $62,758.17 [-9.000s before 19:35:00]
2026-07-06 02:34:52 [btc_live] INFO: BTC_TICK 19:34:52.000 (local 19:34:52.457) $62,758.17 [-8.000s before 19:35:00]
2026-07-06 02:34:53 [btc_live] INFO: BTC_TICK 19:34:53.000 (local 19:34:53.652) $62,758.13 [-7.000s before 19:35:00]
2026-07-06 02:34:55 [btc_live] INFO: BTC_TICK 19:34:54.000 (local 19:34:55.032) $62,758.13 [-6.000s before 19:35:00]
2026-07-06 02:34:56 [btc_live] INFO: BTC_TICK 19:34:55.000 (local 19:34:56.628) $62,758.13 [-5.000s before 19:35:00]
2026-07-06 02:34:57 [btc_live] INFO: BTC_TICK 19:34:56.000 (local 19:34:57.047) $62,753.15 [-4.000s before 19:35:00]
2026-07-06 02:34:57 [btc_live] INFO: BTC_TICK 19:34:57.000 (local 19:34:57.584) $62,750.22 [-3.000s before 19:35:00]
2026-07-06 02:34:58 [btc_live] INFO: BTC_TICK 19:34:58.000 (local 19:34:58.672) $62,749.19 [-2.000s before 19:35:00]
2026-07-06 02:35:00 [btc_live] INFO: BTC_TICK 19:34:59.000 (local 19:35:00.001) $62,748.39 [-1.000s before 19:35:00]
2026-07-06 02:35:00 [btc_live] INFO: BTC_TICK 19:35:00.000 (local 19:35:00.898) $62,744.73 [+0.000s after 19:35:00]
2026-07-06 02:35:00 [btc_live] INFO: BTC anchor reset: $62,744.73 (boundary 19:35:00, first tick at 19:35:00.000, delay 0ms, prev anchor $62,734.36)
2026-07-06 02:35:02 [btc_live] INFO: BTC_TICK 19:35:01.000 (local 19:35:02.023) $62,743.92 [+1.000s after 19:35:00]
2026-07-06 02:35:02 [btc_live] INFO: BTC_TICK 19:35:02.000 (local 19:35:02.961) $62,743.25 [+2.000s after 19:35:00]
2026-07-06 02:35:03 [btc_live] INFO: BTC_TICK 19:35:03.000 (local 19:35:03.964) $62,742.97 [+3.000s after 19:35:00]
2026-07-06 02:35:04 [btc_live] INFO: BTC_TICK 19:35:04.000 (local 19:35:04.852) $62,743.46 [+4.000s after 19:35:00]
2026-07-06 02:35:06 [btc_live] INFO: BTC_TICK 19:35:05.000 (local 19:35:06.000) $62,741.61 [+5.000s after 19:35:00]
2026-07-06 02:35:10 [btc_live] INFO: WebSocket closed gracefully (code 1000)
2026-07-06 02:35:15 [btc_live] INFO: Market tokens assigned:
2026-07-06 02:35:15 [btc_live] INFO:   Slug: btc-updown-5m-1783280100
2026-07-06 02:35:15 [btc_live] INFO:   End Time: 2026-07-05T19:40:00Z (timestamp: 1783280400.0)
2026-07-06 02:35:15 [btc_live] INFO:   UP token: 6825460718642553283888298823017931929604...
2026-07-06 02:35:15 [btc_live] INFO:   DOWN token: 2485465991725580303029526424059477959082...
2026-07-06 02:35:17 [btc_live] INFO: WebSocket subscribing to tokens:
2026-07-06 02:35:17 [btc_live] INFO:   UP: 6825460718642553283888298823017931929604...
2026-07-06 02:35:17 [btc_live] INFO:   DOWN: 2485465991725580303029526424059477959082...
2026-07-06 02:35:17 [btc_live] INFO: Tokens validated: UP=0.47, DOWN=0.52, sum=0.99
2026-07-06 02:39:45 [btc_live] INFO: BTC_TICK 19:39:45.000 (local 19:39:45.703) $62,739.13 [-15.000s before 19:40:00]
2026-07-06 02:39:46 [btc_live] INFO: BTC_TICK 19:39:46.000 (local 19:39:46.720) $62,739.98 [-14.000s before 19:40:00]
2026-07-06 02:39:47 [btc_live] INFO: BTC_TICK 19:39:47.000 (local 19:39:47.776) $62,739.00 [-13.000s before 19:40:00]
2026-07-06 02:39:48 [btc_live] INFO: BTC_TICK 19:39:48.000 (local 19:39:48.978) $62,739.24 [-12.000s before 19:40:00]
2026-07-06 02:39:49 [btc_live] INFO: BTC_TICK 19:39:49.000 (local 19:39:49.902) $62,739.25 [-11.000s before 19:40:00]
2026-07-06 02:39:51 [btc_live] INFO: BTC_TICK 19:39:50.000 (local 19:39:51.455) $62,739.25 [-10.000s before 19:40:00]
2026-07-06 02:39:52 [btc_live] INFO: BTC_TICK 19:39:51.000 (local 19:39:52.131) $62,739.15 [-9.000s before 19:40:00]
2026-07-06 02:39:53 [btc_live] INFO: BTC_TICK 19:39:52.000 (local 19:39:53.375) $62,739.14 [-8.000s before 19:40:00]
2026-07-06 02:39:54 [btc_live] INFO: BTC_TICK 19:39:53.000 (local 19:39:54.371) $62,739.16 [-7.000s before 19:40:00]
2026-07-06 02:39:55 [btc_live] INFO: BTC_TICK 19:39:54.000 (local 19:39:55.612) $62,739.18 [-6.000s before 19:40:00]
2026-07-06 02:39:56 [btc_live] INFO: BTC_TICK 19:39:55.000 (local 19:39:56.349) $62,739.16 [-5.000s before 19:40:00]
2026-07-06 02:39:58 [btc_live] INFO: BTC_TICK 19:39:56.000 (local 19:39:58.419) $62,738.97 [-4.000s before 19:40:00]
2026-07-06 02:39:59 [btc_live] INFO: BTC_TICK 19:39:57.000 (local 19:39:59.482) $62,738.96 [-3.000s before 19:40:00]
2026-07-06 02:40:00 [btc_live] INFO: BTC_TICK 19:39:58.000 (local 19:40:00.158) $62,738.98 [-2.000s before 19:40:00]
2026-07-06 02:40:00 [btc_live] INFO: WebSocket closed gracefully (code 1000)
2026-07-06 02:40:01 [btc_live] INFO: BTC_TICK 19:39:59.000 (local 19:40:01.553) $62,738.99 [-1.000s before 19:40:00]
2026-07-06 02:40:02 [btc_live] INFO: BTC_TICK 19:40:00.000 (local 19:40:02.128) $62,738.98 [+0.000s after 19:40:00]
2026-07-06 02:40:02 [btc_live] INFO: BTC anchor reset: $62,738.98 (boundary 19:40:00, first tick at 19:40:00.000, delay 0ms, prev anchor $62,744.73)
2026-07-06 02:40:02 [btc_live] INFO: BTC_TICK 19:40:01.000 (local 19:40:02.804) $62,738.97 [+1.000s after 19:40:00]
2026-07-06 02:40:04 [btc_live] INFO: BTC_TICK 19:40:02.000 (local 19:40:04.217) $62,738.97 [+2.000s after 19:40:00]
2026-07-06 02:40:04 [btc_live] INFO: BTC_TICK 19:40:03.000 (local 19:40:04.331) $62,738.97 [+3.000s after 19:40:00]
2026-07-06 02:40:04 [btc_live] INFO: BTC_TICK 19:40:04.000 (local 19:40:04.944) $62,738.97 [+4.000s after 19:40:00]
2026-07-06 02:40:05 [btc_live] INFO: Market tokens assigned:
2026-07-06 02:40:05 [btc_live] INFO:   Slug: btc-updown-5m-1783280400
2026-07-06 02:40:05 [btc_live] INFO:   End Time: 2026-07-05T19:45:00Z (timestamp: 1783280700.0)
2026-07-06 02:40:05 [btc_live] INFO:   UP token: 1140606770044030983947223722727436024847...
2026-07-06 02:40:05 [btc_live] INFO:   DOWN token: 5072730566376731084829515186002643427406...
2026-07-06 02:40:06 [btc_live] INFO: BTC_TICK 19:40:05.000 (local 19:40:06.475) $62,738.97 [+5.000s after 19:40:00]
2026-07-06 02:40:06 [btc_live] INFO: WebSocket subscribing to tokens:
2026-07-06 02:40:06 [btc_live] INFO:   UP: 1140606770044030983947223722727436024847...
2026-07-06 02:40:06 [btc_live] INFO:   DOWN: 5072730566376731084829515186002643427406...
2026-07-06 02:40:06 [btc_live] INFO: Tokens validated: UP=0.49, DOWN=0.50, sum=0.99
2026-07-06 02:44:45 [btc_live] INFO: BTC_TICK 19:44:45.000 (local 19:44:45.969) $62,728.99 [-15.000s before 19:45:00]
2026-07-06 02:44:46 [btc_live] INFO: BTC_TICK 19:44:46.000 (local 19:44:46.533) $62,728.99 [-14.000s before 19:45:00]
2026-07-06 02:44:47 [btc_live] INFO: BTC_TICK 19:44:47.000 (local 19:44:47.665) $62,728.99 [-13.000s before 19:45:00]
2026-07-06 02:44:48 [btc_live] INFO: BTC_TICK 19:44:48.000 (local 19:44:48.888) $62,728.77 [-12.000s before 19:45:00]
2026-07-06 02:44:49 [btc_live] INFO: BTC_TICK 19:44:49.000 (local 19:44:49.871) $62,729.06 [-11.000s before 19:45:00]
2026-07-06 02:44:50 [btc_live] INFO: BTC_TICK 19:44:50.000 (local 19:44:50.892) $62,729.17 [-10.000s before 19:45:00]
2026-07-06 02:44:51 [btc_live] INFO: BTC_TICK 19:44:51.000 (local 19:44:51.457) $62,729.30 [-9.000s before 19:45:00]
2026-07-06 02:44:52 [btc_live] INFO: BTC_TICK 19:44:52.000 (local 19:44:52.717) $62,731.86 [-8.000s before 19:45:00]
2026-07-06 02:44:54 [btc_live] INFO: BTC_TICK 19:44:53.000 (local 19:44:54.143) $62,731.97 [-7.000s before 19:45:00]
2026-07-06 02:44:54 [btc_live] INFO: BTC_TICK 19:44:54.000 (local 19:44:54.988) $62,735.76 [-6.000s before 19:45:00]
2026-07-06 02:44:56 [btc_live] INFO: BTC_TICK 19:44:55.000 (local 19:44:56.127) $62,736.18 [-5.000s before 19:45:00]
2026-07-06 02:44:56 [btc_live] INFO: BTC_TICK 19:44:56.000 (local 19:44:56.709) $62,736.45 [-4.000s before 19:45:00]
2026-07-06 02:44:57 [btc_live] INFO: BTC_TICK 19:44:57.000 (local 19:44:57.815) $62,736.70 [-3.000s before 19:45:00]
2026-07-06 02:44:59 [btc_live] INFO: BTC_TICK 19:44:58.000 (local 19:44:59.206) $62,737.57 [-2.000s before 19:45:00]
2026-07-06 02:44:59 [btc_live] INFO: BTC_TICK 19:44:59.000 (local 19:44:59.990) $62,741.00 [-1.000s before 19:45:00]
2026-07-06 02:45:00 [btc_live] INFO: BTC_TICK 19:45:00.000 (local 19:45:00.672) $62,746.00 [+0.000s after 19:45:00]
2026-07-06 02:45:00 [btc_live] INFO: BTC anchor reset: $62,746.00 (boundary 19:45:00, first tick at 19:45:00.000, delay 0ms, prev anchor $62,738.98)
2026-07-06 02:45:01 [btc_live] INFO: BTC_TICK 19:45:01.000 (local 19:45:01.758) $62,749.87 [+1.000s after 19:45:00]
2026-07-06 02:45:03 [btc_live] INFO: BTC_TICK 19:45:02.000 (local 19:45:03.347) $62,750.20 [+2.000s after 19:45:00]
2026-07-06 02:45:04 [btc_live] INFO: BTC_TICK 19:45:03.000 (local 19:45:04.260) $62,748.28 [+3.000s after 19:45:00]
2026-07-06 02:45:05 [btc_live] INFO: BTC_TICK 19:45:04.000 (local 19:45:05.336) $62,748.18 [+4.000s after 19:45:00]
2026-07-06 02:45:06 [btc_live] INFO: BTC_TICK 19:45:05.000 (local 19:45:06.121) $62,747.81 [+5.000s after 19:45:00]
2026-07-06 02:45:10 [btc_live] INFO: WebSocket closed gracefully (code 1000)
2026-07-06 02:45:15 [btc_live] INFO: Market tokens assigned:
2026-07-06 02:45:15 [btc_live] INFO:   Slug: btc-updown-5m-1783280700
2026-07-06 02:45:15 [btc_live] INFO:   End Time: 2026-07-05T19:50:00Z (timestamp: 1783281000.0)
2026-07-06 02:45:15 [btc_live] INFO:   UP token: 1853943615893426757484557808196837286465...
2026-07-06 02:45:15 [btc_live] INFO:   DOWN token: 6953776552787139148149269089125978254495...
2026-07-06 02:45:16 [btc_live] INFO: WebSocket subscribing to tokens:
2026-07-06 02:45:16 [btc_live] INFO:   UP: 1853943615893426757484557808196837286465...
2026-07-06 02:45:16 [btc_live] INFO:   DOWN: 6953776552787139148149269089125978254495...
2026-07-06 02:45:16 [btc_live] INFO: Tokens validated: UP=0.46, DOWN=0.53, sum=0.99
2026-07-06 02:49:46 [btc_live] INFO: BTC_TICK 19:49:45.000 (local 19:49:46.057) $62,755.05 [-15.000s before 19:50:00]
2026-07-06 02:49:46 [btc_live] INFO: BTC_TICK 19:49:46.000 (local 19:49:46.700) $62,755.06 [-14.000s before 19:50:00]
2026-07-06 02:49:47 [btc_live] INFO: BTC_TICK 19:49:47.000 (local 19:49:47.883) $62,755.05 [-13.000s before 19:50:00]
2026-07-06 02:49:49 [btc_live] INFO: BTC_TICK 19:49:48.000 (local 19:49:49.061) $62,755.04 [-12.000s before 19:50:00]
2026-07-06 02:49:49 [btc_live] INFO: BTC_TICK 19:49:49.000 (local 19:49:49.611) $62,755.04 [-11.000s before 19:50:00]
2026-07-06 02:49:51 [btc_live] INFO: BTC_TICK 19:49:50.000 (local 19:49:51.030) $62,750.08 [-10.000s before 19:50:00]
2026-07-06 02:49:51 [btc_live] INFO: BTC_TICK 19:49:51.000 (local 19:49:51.689) $62,737.05 [-9.000s before 19:50:00]
2026-07-06 02:49:52 [btc_live] INFO: BTC_TICK 19:49:52.000 (local 19:49:52.943) $62,733.65 [-8.000s before 19:50:00]
2026-07-06 02:49:54 [btc_live] INFO: BTC_TICK 19:49:53.000 (local 19:49:54.053) $62,731.31 [-7.000s before 19:50:00]
2026-07-06 02:49:54 [btc_live] INFO: BTC_TICK 19:49:54.000 (local 19:49:54.910) $62,731.31 [-6.000s before 19:50:00]
2026-07-06 02:49:56 [btc_live] INFO: BTC_TICK 19:49:55.000 (local 19:49:56.337) $62,731.31 [-5.000s before 19:50:00]
2026-07-06 02:49:57 [btc_live] INFO: BTC_TICK 19:49:56.000 (local 19:49:57.060) $62,731.13 [-4.000s before 19:50:00]
2026-07-06 02:49:58 [btc_live] INFO: BTC_TICK 19:49:57.000 (local 19:49:58.455) $62,730.89 [-3.000s before 19:50:00]
2026-07-06 02:49:59 [btc_live] INFO: BTC_TICK 19:49:58.000 (local 19:49:59.871) $62,730.93 [-2.000s before 19:50:00]
2026-07-06 02:50:00 [btc_live] INFO: WebSocket closed gracefully (code 1000)
2026-07-06 02:50:01 [btc_live] INFO: BTC_TICK 19:49:59.000 (local 19:50:01.156) $62,728.92 [-1.000s before 19:50:00]
2026-07-06 02:50:02 [btc_live] INFO: BTC_TICK 19:50:00.000 (local 19:50:02.090) $62,726.43 [+0.000s after 19:50:00]
2026-07-06 02:50:02 [btc_live] INFO: BTC anchor reset: $62,726.43 (boundary 19:50:00, first tick at 19:50:00.000, delay 0ms, prev anchor $62,746.00)
2026-07-06 02:50:03 [btc_live] INFO: BTC_TICK 19:50:01.000 (local 19:50:03.262) $62,725.73 [+1.000s after 19:50:00]
2026-07-06 02:50:03 [btc_live] INFO: BTC_TICK 19:50:02.000 (local 19:50:03.427) $62,725.19 [+2.000s after 19:50:00]
2026-07-06 02:50:04 [btc_live] INFO: BTC_TICK 19:50:03.000 (local 19:50:04.454) $62,724.50 [+3.000s after 19:50:00]
2026-07-06 02:50:05 [btc_live] INFO: BTC_TICK 19:50:04.000 (local 19:50:05.174) $62,724.31 [+4.000s after 19:50:00]
2026-07-06 02:50:05 [btc_live] INFO: BTC_TICK 19:50:05.000 (local 19:50:05.904) $62,724.32 [+5.000s after 19:50:00]
2026-07-06 02:50:06 [btc_live] INFO: Market tokens assigned:
2026-07-06 02:50:06 [btc_live] INFO:   Slug: btc-updown-5m-1783281000
2026-07-06 02:50:06 [btc_live] INFO:   End Time: 2026-07-05T19:55:00Z (timestamp: 1783281300.0)
2026-07-06 02:50:06 [btc_live] INFO:   UP token: 2184739674020106305247269029270882263446...
2026-07-06 02:50:06 [btc_live] INFO:   DOWN token: 6340753623461345603706949853470650374995...
2026-07-06 02:50:06 [btc_live] INFO: WebSocket subscribing to tokens:
2026-07-06 02:50:06 [btc_live] INFO:   UP: 2184739674020106305247269029270882263446...
2026-07-06 02:50:06 [btc_live] INFO:   DOWN: 6340753623461345603706949853470650374995...
2026-07-06 02:50:06 [btc_live] INFO: Tokens validated: UP=0.49, DOWN=0.50, sum=0.99
2026-07-06 02:54:46 [btc_live] INFO: BTC_TICK 19:54:45.000 (local 19:54:46.060) $62,720.20 [-15.000s before 19:55:00]
2026-07-06 02:54:46 [btc_live] INFO: BTC_TICK 19:54:46.000 (local 19:54:46.971) $62,720.91 [-14.000s before 19:55:00]
2026-07-06 02:54:47 [btc_live] INFO: BTC_TICK 19:54:47.000 (local 19:54:47.773) $62,720.96 [-13.000s before 19:55:00]
2026-07-06 02:54:48 [btc_live] INFO: BTC_TICK 19:54:48.000 (local 19:54:48.833) $62,717.69 [-12.000s before 19:55:00]
2026-07-06 02:54:50 [btc_live] INFO: BTC_TICK 19:54:49.000 (local 19:54:50.327) $62,716.39 [-11.000s before 19:55:00]
2026-07-06 02:54:50 [btc_live] INFO: BTC_TICK 19:54:50.000 (local 19:54:50.849) $62,716.45 [-10.000s before 19:55:00]
2026-07-06 02:54:52 [btc_live] INFO: BTC_TICK 19:54:51.000 (local 19:54:52.094) $62,716.81 [-9.000s before 19:55:00]
2026-07-06 02:54:52 [btc_live] INFO: BTC_TICK 19:54:52.000 (local 19:54:52.984) $62,719.46 [-8.000s before 19:55:00]
2026-07-06 02:54:53 [btc_live] INFO: BTC_TICK 19:54:53.000 (local 19:54:53.975) $62,719.11 [-7.000s before 19:55:00]
2026-07-06 02:54:54 [btc_live] INFO: BTC_TICK 19:54:54.000 (local 19:54:54.574) $62,719.12 [-6.000s before 19:55:00]
2026-07-06 02:54:55 [btc_live] INFO: BTC_TICK 19:54:55.000 (local 19:54:55.743) $62,719.68 [-5.000s before 19:55:00]
2026-07-06 02:54:57 [btc_live] INFO: BTC_TICK 19:54:56.000 (local 19:54:57.424) $62,720.09 [-4.000s before 19:55:00]
2026-07-06 02:54:57 [btc_live] INFO: BTC_TICK 19:54:57.000 (local 19:54:57.934) $62,722.92 [-3.000s before 19:55:00]
2026-07-06 02:54:58 [btc_live] INFO: BTC_TICK 19:54:58.000 (local 19:54:58.764) $62,724.98 [-2.000s before 19:55:00]
2026-07-06 02:54:59 [btc_live] INFO: BTC_TICK 19:54:59.000 (local 19:54:59.756) $62,723.86 [-1.000s before 19:55:00]
2026-07-06 02:55:01 [btc_live] INFO: BTC_TICK 19:55:00.000 (local 19:55:01.384) $62,718.96 [+0.000s after 19:55:00]
2026-07-06 02:55:01 [btc_live] INFO: BTC anchor reset: $62,718.96 (boundary 19:55:00, first tick at 19:55:00.000, delay 0ms, prev anchor $62,726.43)
2026-07-06 02:55:02 [btc_live] INFO: BTC_TICK 19:55:01.000 (local 19:55:02.175) $62,718.14 [+1.000s after 19:55:00]
2026-07-06 02:55:04 [btc_live] INFO: BTC_TICK 19:55:02.000 (local 19:55:04.032) $62,719.59 [+2.000s after 19:55:00]
2026-07-06 02:55:04 [btc_live] INFO: BTC_TICK 19:55:03.000 (local 19:55:04.891) $62,719.62 [+3.000s after 19:55:00]
2026-07-06 02:55:06 [btc_live] INFO: BTC_TICK 19:55:04.000 (local 19:55:06.032) $62,719.88 [+4.000s after 19:55:00]
2026-07-06 02:55:06 [btc_live] INFO: BTC_TICK 19:55:05.000 (local 19:55:06.468) $62,719.60 [+5.000s after 19:55:00]
2026-07-06 02:55:10 [btc_live] INFO: WebSocket closed gracefully (code 1000)
2026-07-06 02:55:15 [btc_live] INFO: Market tokens assigned:
2026-07-06 02:55:15 [btc_live] INFO:   Slug: btc-updown-5m-1783281300
2026-07-06 02:55:15 [btc_live] INFO:   End Time: 2026-07-05T20:00:00Z (timestamp: 1783281600.0)
2026-07-06 02:55:15 [btc_live] INFO:   UP token: 1077808365085463240224075531383918257105...
2026-07-06 02:55:15 [btc_live] INFO:   DOWN token: 6585602134237750330550122415700924254395...
2026-07-06 02:55:15 [btc_live] INFO: WebSocket subscribing to tokens:
2026-07-06 02:55:15 [btc_live] INFO:   UP: 1077808365085463240224075531383918257105...
2026-07-06 02:55:15 [btc_live] INFO:   DOWN: 6585602134237750330550122415700924254395...
2026-07-06 02:55:16 [btc_live] INFO: Tokens validated: UP=0.48, DOWN=0.51, sum=0.99
2026-07-06 02:59:46 [btc_live] INFO: BTC_TICK 19:59:45.000 (local 19:59:46.014) $62,721.60 [-15.000s before 20:00:00]
2026-07-06 02:59:46 [btc_live] INFO: BTC_TICK 19:59:46.000 (local 19:59:46.687) $62,721.61 [-14.000s before 20:00:00]
2026-07-06 02:59:47 [btc_live] INFO: BTC_TICK 19:59:47.000 (local 19:59:47.739) $62,721.61 [-13.000s before 20:00:00]
2026-07-06 02:59:48 [btc_live] INFO: BTC_TICK 19:59:48.000 (local 19:59:48.855) $62,721.55 [-12.000s before 20:00:00]
2026-07-06 02:59:50 [btc_live] INFO: BTC_TICK 19:59:49.000 (local 19:59:50.174) $62,721.58 [-11.000s before 20:00:00]
2026-07-06 02:59:50 [btc_live] INFO: BTC_TICK 19:59:50.000 (local 19:59:50.625) $62,721.64 [-10.000s before 20:00:00]
2026-07-06 02:59:51 [btc_live] INFO: BTC_TICK 19:59:51.000 (local 19:59:51.881) $62,721.17 [-9.000s before 20:00:00]
2026-07-06 02:59:52 [btc_live] INFO: BTC_TICK 19:59:52.000 (local 19:59:52.957) $62,720.80 [-8.000s before 20:00:00]
2026-07-06 02:59:54 [btc_live] INFO: BTC_TICK 19:59:53.000 (local 19:59:54.045) $62,720.87 [-7.000s before 20:00:00]
2026-07-06 02:59:55 [btc_live] INFO: BTC_TICK 19:59:54.000 (local 19:59:55.085) $62,720.38 [-6.000s before 20:00:00]
2026-07-06 02:59:55 [btc_live] INFO: BTC_TICK 19:59:55.000 (local 19:59:55.852) $62,718.08 [-5.000s before 20:00:00]
2026-07-06 02:59:57 [btc_live] INFO: BTC_TICK 19:59:56.000 (local 19:59:57.023) $62,717.63 [-4.000s before 20:00:00]
2026-07-06 02:59:57 [btc_live] INFO: BTC_TICK 19:59:57.000 (local 19:59:57.565) $62,717.62 [-3.000s before 20:00:00]
2026-07-06 02:59:58 [btc_live] INFO: BTC_TICK 19:59:58.000 (local 19:59:58.991) $62,715.47 [-2.000s before 20:00:00]
2026-07-06 03:00:00 [btc_live] INFO: BTC_TICK 19:59:59.000 (local 20:00:00.406) $62,715.30 [-1.000s before 20:00:00]
2026-07-06 03:00:01 [btc_live] INFO: BTC_TICK 20:00:00.000 (local 20:00:01.232) $62,715.02 [+0.000s after 20:00:00]
2026-07-06 03:00:01 [btc_live] INFO: BTC anchor reset: $62,715.02 (boundary 20:00:00, first tick at 20:00:00.000, delay 0ms, prev anchor $62,718.96)
2026-07-06 03:00:02 [btc_live] INFO: BTC_TICK 20:00:01.000 (local 20:00:02.621) $62,713.61 [+1.000s after 20:00:00]
2026-07-06 03:00:03 [btc_live] INFO: BTC_TICK 20:00:02.000 (local 20:00:03.425) $62,716.98 [+2.000s after 20:00:00]
2026-07-06 03:00:04 [btc_live] INFO: BTC_TICK 20:00:03.000 (local 20:00:04.623) $62,715.89 [+3.000s after 20:00:00]
2026-07-06 03:00:04 [btc_live] INFO: BTC_TICK 20:00:04.000 (local 20:00:04.979) $62,715.65 [+4.000s after 20:00:00]
2026-07-06 03:00:05 [btc_live] INFO: BTC_TICK 20:00:05.000 (local 20:00:05.872) $62,715.22 [+5.000s after 20:00:00]
2026-07-06 03:00:10 [btc_live] INFO: WebSocket closed gracefully (code 1000)
2026-07-06 03:00:15 [btc_live] INFO: Market tokens assigned:
2026-07-06 03:00:15 [btc_live] INFO:   Slug: btc-updown-5m-1783281600
2026-07-06 03:00:15 [btc_live] INFO:   End Time: 2026-07-05T20:05:00Z (timestamp: 1783281900.0)
2026-07-06 03:00:15 [btc_live] INFO:   UP token: 7038919914536745118181577769281218910756...
2026-07-06 03:00:15 [btc_live] INFO:   DOWN token: 1457707814033166120964922532867462404588...
2026-07-06 03:00:15 [btc_live] INFO: WebSocket subscribing to tokens:
2026-07-06 03:00:15 [btc_live] INFO:   UP: 7038919914536745118181577769281218910756...
2026-07-06 03:00:15 [btc_live] INFO:   DOWN: 1457707814033166120964922532867462404588...
2026-07-06 03:00:16 [btc_live] INFO: Tokens validated: UP=0.57, DOWN=0.42, sum=0.99
2026-07-06 03:04:46 [btc_live] INFO: BTC_TICK 20:04:45.000 (local 20:04:46.024) $62,720.80 [-15.000s before 20:05:00]
2026-07-06 03:04:46 [btc_live] INFO: BTC_TICK 20:04:46.000 (local 20:04:46.939) $62,721.20 [-14.000s before 20:05:00]
2026-07-06 03:04:47 [btc_live] INFO: BTC_TICK 20:04:47.000 (local 20:04:47.896) $62,721.36 [-13.000s before 20:05:00]
2026-07-06 03:04:49 [btc_live] INFO: BTC_TICK 20:04:48.000 (local 20:04:49.532) $62,720.73 [-12.000s before 20:05:00]
2026-07-06 03:04:50 [btc_live] INFO: BTC_TICK 20:04:49.000 (local 20:04:50.056) $62,720.35 [-11.000s before 20:05:00]
2026-07-06 03:04:50 [btc_live] INFO: BTC_TICK 20:04:50.000 (local 20:04:50.995) $62,720.13 [-10.000s before 20:05:00]
2026-07-06 03:04:52 [btc_live] INFO: BTC_TICK 20:04:51.000 (local 20:04:52.282) $62,719.62 [-9.000s before 20:05:00]
2026-07-06 03:04:52 [btc_live] INFO: BTC_TICK 20:04:52.000 (local 20:04:52.572) $62,719.08 [-8.000s before 20:05:00]
2026-07-06 03:04:53 [btc_live] INFO: BTC_TICK 20:04:53.000 (local 20:04:53.734) $62,719.14 [-7.000s before 20:05:00]
2026-07-06 03:04:54 [btc_live] INFO: BTC_TICK 20:04:54.000 (local 20:04:54.651) $62,719.10 [-6.000s before 20:05:00]
2026-07-06 03:04:56 [btc_live] INFO: BTC_TICK 20:04:55.000 (local 20:04:56.110) $62,718.99 [-5.000s before 20:05:00]
2026-07-06 03:04:56 [btc_live] INFO: BTC_TICK 20:04:56.000 (local 20:04:56.941) $62,718.47 [-4.000s before 20:05:00]
2026-07-06 03:04:57 [btc_live] INFO: BTC_TICK 20:04:57.000 (local 20:04:57.893) $62,716.03 [-3.000s before 20:05:00]
2026-07-06 03:04:59 [btc_live] INFO: BTC_TICK 20:04:58.000 (local 20:04:59.055) $62,711.85 [-2.000s before 20:05:00]
2026-07-06 03:04:59 [btc_live] INFO: BTC_TICK 20:04:59.000 (local 20:04:59.602) $62,715.40 [-1.000s before 20:05:00]
2026-07-06 03:04:59 [btc_live] INFO: WebSocket subscribing to tokens:
2026-07-06 03:04:59 [btc_live] INFO:   UP: 7038919914536745118181577769281218910756...
2026-07-06 03:04:59 [btc_live] INFO:   DOWN: 1457707814033166120964922532867462404588...
2026-07-06 03:05:00 [btc_live] INFO: WebSocket closed gracefully (code 1000)
2026-07-06 03:05:00 [btc_live] INFO: BTC_TICK 20:05:00.000 (local 20:05:00.944) $62,713.85 [+0.000s after 20:05:00]
2026-07-06 03:05:00 [btc_live] INFO: BTC anchor reset: $62,713.85 (boundary 20:05:00, first tick at 20:05:00.000, delay 0ms, prev anchor $62,715.02)
2026-07-06 03:05:03 [btc_live] INFO: BTC_TICK 20:05:01.000 (local 20:05:03.029) $62,712.32 [+1.000s after 20:05:00]
2026-07-06 03:05:05 [btc_live] INFO: Market tokens assigned:
2026-07-06 03:05:05 [btc_live] INFO:   Slug: btc-updown-5m-1783281900
2026-07-06 03:05:05 [btc_live] INFO:   End Time: 2026-07-05T20:10:00Z (timestamp: 1783282200.0)
2026-07-06 03:05:05 [btc_live] INFO:   UP token: 7011371294577166385841179923180469170134...
2026-07-06 03:05:05 [btc_live] INFO:   DOWN token: 7204267925445560440924027786018520296792...
2026-07-06 03:05:05 [btc_live] INFO: BTC_TICK 20:05:04.000 (local 20:05:05.903) $62,714.28 [+4.000s after 20:05:00]
2026-07-06 03:05:05 [btc_live] INFO: BTC_TICK 20:05:03.000 (local 20:05:05.903) $62,714.27 [+3.000s after 20:05:00]
2026-07-06 03:05:06 [btc_live] INFO: WebSocket subscribing to tokens:
2026-07-06 03:05:06 [btc_live] INFO:   UP: 7011371294577166385841179923180469170134...
2026-07-06 03:05:06 [btc_live] INFO:   DOWN: 7204267925445560440924027786018520296792...
2026-07-06 03:05:06 [btc_live] INFO: Tokens validated: UP=0.53, DOWN=0.46, sum=0.99
2026-07-06 03:05:07 [btc_live] INFO: BTC_TICK 20:05:05.000 (local 20:05:07.681) $62,714.22 [+5.000s after 20:05:00]
2026-07-06 03:09:46 [btc_live] INFO: BTC_TICK 20:09:45.000 (local 20:09:46.062) $62,769.67 [-15.000s before 20:10:00]
2026-07-06 03:09:46 [btc_live] INFO: BTC_TICK 20:09:46.000 (local 20:09:46.678) $62,767.88 [-14.000s before 20:10:00]
2026-07-06 03:09:48 [btc_live] INFO: BTC_TICK 20:09:47.000 (local 20:09:48.418) $62,754.38 [-13.000s before 20:10:00]
2026-07-06 03:09:49 [btc_live] INFO: BTC_TICK 20:09:48.000 (local 20:09:49.113) $62,754.38 [-12.000s before 20:10:00]
2026-07-06 03:09:49 [btc_live] INFO: BTC_TICK 20:09:49.000 (local 20:09:49.710) $62,754.38 [-11.000s before 20:10:00]
2026-07-06 03:09:51 [btc_live] INFO: BTC_TICK 20:09:50.000 (local 20:09:51.255) $62,754.17 [-10.000s before 20:10:00]
2026-07-06 03:09:52 [btc_live] INFO: BTC_TICK 20:09:51.000 (local 20:09:52.108) $62,754.17 [-9.000s before 20:10:00]
2026-07-06 03:09:52 [btc_live] INFO: BTC_TICK 20:09:52.000 (local 20:09:52.923) $62,754.07 [-8.000s before 20:10:00]
2026-07-06 03:09:53 [btc_live] INFO: BTC_TICK 20:09:53.000 (local 20:09:53.715) $62,754.13 [-7.000s before 20:10:00]
2026-07-06 03:09:55 [btc_live] INFO: BTC_TICK 20:09:54.000 (local 20:09:55.153) $62,758.89 [-6.000s before 20:10:00]
2026-07-06 03:09:55 [btc_live] INFO: BTC_TICK 20:09:55.000 (local 20:09:55.926) $62,761.51 [-5.000s before 20:10:00]
2026-07-06 03:09:56 [btc_live] INFO: BTC_TICK 20:09:56.000 (local 20:09:56.750) $62,762.16 [-4.000s before 20:10:00]
2026-07-06 03:09:58 [btc_live] INFO: BTC_TICK 20:09:57.000 (local 20:09:58.133) $62,762.30 [-3.000s before 20:10:00]
2026-07-06 03:09:58 [btc_live] INFO: BTC_TICK 20:09:58.000 (local 20:09:58.995) $62,762.42 [-2.000s before 20:10:00]
2026-07-06 03:09:59 [btc_live] INFO: BTC_TICK 20:09:59.000 (local 20:09:59.646) $62,762.49 [-1.000s before 20:10:00]
2026-07-06 03:10:00 [btc_live] INFO: BTC_TICK 20:10:00.000 (local 20:10:00.628) $62,762.49 [+0.000s after 20:10:00]
2026-07-06 03:10:00 [btc_live] INFO: BTC anchor reset: $62,762.49 (boundary 20:10:00, first tick at 20:10:00.000, delay 0ms, prev anchor $62,713.85)
2026-07-06 03:10:01 [btc_live] INFO: BTC_TICK 20:10:01.000 (local 20:10:01.874) $62,764.93 [+1.000s after 20:10:00]
2026-07-06 03:10:02 [btc_live] INFO: BTC_TICK 20:10:02.000 (local 20:10:02.722) $62,766.37 [+2.000s after 20:10:00]
2026-07-06 03:10:04 [btc_live] INFO: BTC_TICK 20:10:03.000 (local 20:10:04.421) $62,766.63 [+3.000s after 20:10:00]
2026-07-06 03:10:05 [btc_live] INFO: BTC_TICK 20:10:04.000 (local 20:10:05.079) $62,767.53 [+4.000s after 20:10:00]
2026-07-06 03:10:06 [btc_live] INFO: BTC_TICK 20:10:05.000 (local 20:10:06.004) $62,767.53 [+5.000s after 20:10:00]
2026-07-06 03:10:10 [btc_live] INFO: WebSocket closed gracefully (code 1000)
2026-07-06 03:10:15 [btc_live] INFO: Market tokens assigned:
2026-07-06 03:10:15 [btc_live] INFO:   Slug: btc-updown-5m-1783282200
2026-07-06 03:10:15 [btc_live] INFO:   End Time: 2026-07-05T20:15:00Z (timestamp: 1783282500.0)
2026-07-06 03:10:15 [btc_live] INFO:   UP token: 7246540326441870309039289416468696718253...
2026-07-06 03:10:15 [btc_live] INFO:   DOWN token: 8933198545208820979370489654169367234586...
2026-07-06 03:10:16 [btc_live] INFO: WebSocket subscribing to tokens:
2026-07-06 03:10:16 [btc_live] INFO:   UP: 7246540326441870309039289416468696718253...
2026-07-06 03:10:16 [btc_live] INFO:   DOWN: 8933198545208820979370489654169367234586...
2026-07-06 03:10:16 [btc_live] INFO: Tokens validated: UP=0.61, DOWN=0.33, sum=0.94
2026-07-06 03:14:45 [btc_live] INFO: BTC_TICK 20:14:45.000 (local 20:14:45.833) $62,761.38 [-15.000s before 20:15:00]
2026-07-06 03:14:47 [btc_live] INFO: BTC_TICK 20:14:46.000 (local 20:14:47.010) $62,761.08 [-14.000s before 20:15:00]
2026-07-06 03:14:47 [btc_live] INFO: BTC_TICK 20:14:47.000 (local 20:14:47.980) $62,761.04 [-13.000s before 20:15:00]
2026-07-06 03:14:49 [btc_live] INFO: BTC_TICK 20:14:48.000 (local 20:14:49.079) $62,761.06 [-12.000s before 20:15:00]
2026-07-06 03:14:49 [btc_live] INFO: BTC_TICK 20:14:49.000 (local 20:14:49.791) $62,761.18 [-11.000s before 20:15:00]
2026-07-06 03:14:50 [btc_live] INFO: BTC_TICK 20:14:50.000 (local 20:14:50.889) $62,761.20 [-10.000s before 20:15:00]
2026-07-06 03:14:52 [btc_live] INFO: BTC_TICK 20:14:51.000 (local 20:14:52.872) $62,761.34 [-9.000s before 20:15:00]
2026-07-06 03:14:53 [btc_live] INFO: BTC_TICK 20:14:52.000 (local 20:14:53.575) $62,761.35 [-8.000s before 20:15:00]
2026-07-06 03:14:54 [btc_live] INFO: BTC_TICK 20:14:53.000 (local 20:14:54.920) $62,761.49 [-7.000s before 20:15:00]
2026-07-06 03:14:55 [btc_live] INFO: BTC_TICK 20:14:54.000 (local 20:14:55.445) $62,762.65 [-6.000s before 20:15:00]
2026-07-06 03:14:56 [btc_live] INFO: BTC_TICK 20:14:55.000 (local 20:14:56.396) $62,762.86 [-5.000s before 20:15:00]
2026-07-06 03:14:57 [btc_live] INFO: BTC_TICK 20:14:56.000 (local 20:14:57.183) $62,762.83 [-4.000s before 20:15:00]
2026-07-06 03:14:58 [btc_live] INFO: BTC_TICK 20:14:57.000 (local 20:14:58.122) $62,762.47 [-3.000s before 20:15:00]
2026-07-06 03:14:58 [btc_live] INFO: BTC_TICK 20:14:58.000 (local 20:14:58.923) $62,762.54 [-2.000s before 20:15:00]
2026-07-06 03:15:00 [btc_live] INFO: BTC_TICK 20:14:59.000 (local 20:15:00.479) $62,763.04 [-1.000s before 20:15:00]
2026-07-06 03:15:01 [btc_live] INFO: BTC_TICK 20:15:00.000 (local 20:15:01.234) $62,763.03 [+0.000s after 20:15:00]
2026-07-06 03:15:01 [btc_live] INFO: BTC anchor reset: $62,763.03 (boundary 20:15:00, first tick at 20:15:00.000, delay 0ms, prev anchor $62,762.49)
2026-07-06 03:15:02 [btc_live] INFO: BTC_TICK 20:15:01.000 (local 20:15:02.203) $62,763.00 [+1.000s after 20:15:00]
2026-07-06 03:15:03 [btc_live] INFO: BTC_TICK 20:15:02.000 (local 20:15:03.523) $62,761.30 [+2.000s after 20:15:00]
2026-07-06 03:15:07 [btc_live] INFO: BTC_TICK 20:15:05.000 (local 20:15:07.433) $62,761.25 [+5.000s after 20:15:00]
2026-07-06 03:15:10 [btc_live] INFO: WebSocket closed gracefully (code 1000)
2026-07-06 03:15:15 [btc_live] INFO: Market tokens assigned:
2026-07-06 03:15:15 [btc_live] INFO:   Slug: btc-updown-5m-1783282500
2026-07-06 03:15:15 [btc_live] INFO:   End Time: 2026-07-05T20:20:00Z (timestamp: 1783282800.0)
2026-07-06 03:15:15 [btc_live] INFO:   UP token: 3806759270310926328603837443619942167205...
2026-07-06 03:15:15 [btc_live] INFO:   DOWN token: 6101212054163680785097799500363867426986...
2026-07-06 03:15:16 [btc_live] INFO: WebSocket subscribing to tokens:
2026-07-06 03:15:16 [btc_live] INFO:   UP: 3806759270310926328603837443619942167205...
2026-07-06 03:15:16 [btc_live] INFO:   DOWN: 6101212054163680785097799500363867426986...
2026-07-06 03:15:16 [btc_live] INFO: Tokens validated: UP=0.49, DOWN=0.50, sum=0.99
2026-07-06 03:19:45 [btc_live] INFO: BTC_TICK 20:19:45.000 (local 20:19:45.944) $62,694.14 [-15.000s before 20:20:00]
2026-07-06 03:19:47 [btc_live] INFO: BTC_TICK 20:19:46.000 (local 20:19:47.292) $62,694.88 [-14.000s before 20:20:00]
2026-07-06 03:19:48 [btc_live] INFO: BTC_TICK 20:19:47.000 (local 20:19:48.115) $62,695.04 [-13.000s before 20:20:00]
2026-07-06 03:19:49 [btc_live] INFO: BTC_TICK 20:19:48.000 (local 20:19:49.540) $62,688.13 [-12.000s before 20:20:00]
2026-07-06 03:19:50 [btc_live] INFO: BTC_TICK 20:19:49.000 (local 20:19:50.354) $62,687.94 [-11.000s before 20:20:00]
2026-07-06 03:19:51 [btc_live] INFO: BTC_TICK 20:19:50.000 (local 20:19:51.048) $62,682.87 [-10.000s before 20:20:00]
2026-07-06 03:19:52 [btc_live] INFO: BTC_TICK 20:19:51.000 (local 20:19:52.332) $62,682.01 [-9.000s before 20:20:00]
2026-07-06 03:19:53 [btc_live] INFO: BTC_TICK 20:19:52.000 (local 20:19:53.110) $62,681.72 [-8.000s before 20:20:00]
2026-07-06 03:19:53 [btc_live] INFO: BTC_TICK 20:19:53.000 (local 20:19:53.860) $62,681.78 [-7.000s before 20:20:00]
2026-07-06 03:19:55 [btc_live] INFO: BTC_TICK 20:19:54.000 (local 20:19:55.203) $62,681.62 [-6.000s before 20:20:00]
2026-07-06 03:19:55 [btc_live] INFO: BTC_TICK 20:19:55.000 (local 20:19:55.855) $62,681.66 [-5.000s before 20:20:00]
2026-07-06 03:19:57 [btc_live] INFO: BTC_TICK 20:19:56.000 (local 20:19:57.065) $62,681.56 [-4.000s before 20:20:00]
2026-07-06 03:19:57 [btc_live] INFO: BTC_TICK 20:19:57.000 (local 20:19:57.834) $62,681.60 [-3.000s before 20:20:00]
2026-07-06 03:19:59 [btc_live] INFO: BTC_TICK 20:19:58.000 (local 20:19:59.082) $62,681.57 [-2.000s before 20:20:00]
2026-07-06 03:19:59 [btc_live] INFO: BTC_TICK 20:19:59.000 (local 20:19:59.770) $62,681.43 [-1.000s before 20:20:00]
2026-07-06 03:20:00 [btc_live] INFO: BTC_TICK 20:20:00.000 (local 20:20:00.700) $62,681.43 [+0.000s after 20:20:00]
2026-07-06 03:20:00 [btc_live] INFO: BTC anchor reset: $62,681.43 (boundary 20:20:00, first tick at 20:20:00.000, delay 0ms, prev anchor $62,763.03)
2026-07-06 03:20:02 [btc_live] INFO: BTC_TICK 20:20:01.000 (local 20:20:02.148) $62,683.14 [+1.000s after 20:20:00]
2026-07-06 03:20:02 [btc_live] INFO: BTC_TICK 20:20:02.000 (local 20:20:02.869) $62,683.71 [+2.000s after 20:20:00]
2026-07-06 03:20:03 [btc_live] INFO: BTC_TICK 20:20:03.000 (local 20:20:03.882) $62,687.99 [+3.000s after 20:20:00]
2026-07-06 03:20:05 [btc_live] INFO: BTC_TICK 20:20:04.000 (local 20:20:05.132) $62,688.75 [+4.000s after 20:20:00]
2026-07-06 03:20:06 [btc_live] INFO: BTC_TICK 20:20:05.000 (local 20:20:06.163) $62,688.99 [+5.000s after 20:20:00]
2026-07-06 03:20:10 [btc_live] INFO: WebSocket closed gracefully (code 1000)
2026-07-06 03:20:15 [btc_live] INFO: Market tokens assigned:
2026-07-06 03:20:15 [btc_live] INFO:   Slug: btc-updown-5m-1783282800
2026-07-06 03:20:15 [btc_live] INFO:   End Time: 2026-07-05T20:25:00Z (timestamp: 1783283100.0)
2026-07-06 03:20:15 [btc_live] INFO:   UP token: 7888713943360364751613396960634458811223...
2026-07-06 03:20:15 [btc_live] INFO:   DOWN token: 2193295134197127771556563923938633124298...
2026-07-06 03:20:16 [btc_live] INFO: WebSocket subscribing to tokens:
2026-07-06 03:20:16 [btc_live] INFO:   UP: 7888713943360364751613396960634458811223...
2026-07-06 03:20:16 [btc_live] INFO:   DOWN: 2193295134197127771556563923938633124298...
2026-07-06 03:20:16 [btc_live] INFO: Tokens validated: UP=0.58, DOWN=0.41, sum=0.99
2026-07-06 03:24:45 [btc_live] INFO: BTC_TICK 20:24:45.000 (local 20:24:45.904) $62,706.88 [-15.000s before 20:25:00]
2026-07-06 03:24:46 [btc_live] INFO: BTC_TICK 20:24:46.000 (local 20:24:46.859) $62,706.38 [-14.000s before 20:25:00]
2026-07-06 03:24:48 [btc_live] INFO: BTC_TICK 20:24:47.000 (local 20:24:48.201) $62,706.30 [-13.000s before 20:25:00]
2026-07-06 03:24:49 [btc_live] INFO: BTC_TICK 20:24:48.000 (local 20:24:49.341) $62,706.76 [-12.000s before 20:25:00]
2026-07-06 03:24:49 [btc_live] INFO: BTC_TICK 20:24:49.000 (local 20:24:49.982) $62,706.75 [-11.000s before 20:25:00]
2026-07-06 03:24:50 [btc_live] INFO: BTC_TICK 20:24:50.000 (local 20:24:50.829) $62,706.71 [-10.000s before 20:25:00]
2026-07-06 03:24:51 [btc_live] INFO: BTC_TICK 20:24:51.000 (local 20:24:51.766) $62,705.49 [-9.000s before 20:25:00]
2026-07-06 03:24:52 [btc_live] INFO: BTC_TICK 20:24:52.000 (local 20:24:52.926) $62,705.47 [-8.000s before 20:25:00]
2026-07-06 03:24:53 [btc_live] INFO: BTC_TICK 20:24:53.000 (local 20:24:53.804) $62,705.25 [-7.000s before 20:25:00]
2026-07-06 03:24:54 [btc_live] INFO: BTC_TICK 20:24:54.000 (local 20:24:54.913) $62,705.24 [-6.000s before 20:25:00]
2026-07-06 03:24:55 [btc_live] INFO: BTC_TICK 20:24:55.000 (local 20:24:55.888) $62,705.26 [-5.000s before 20:25:00]
2026-07-06 03:24:56 [btc_live] INFO: BTC_TICK 20:24:56.000 (local 20:24:56.972) $62,705.25 [-4.000s before 20:25:00]
2026-07-06 03:24:57 [btc_live] INFO: BTC_TICK 20:24:57.000 (local 20:24:57.888) $62,705.23 [-3.000s before 20:25:00]
2026-07-06 03:24:58 [btc_live] INFO: BTC_TICK 20:24:58.000 (local 20:24:58.995) $62,704.96 [-2.000s before 20:25:00]
2026-07-06 03:24:59 [btc_live] INFO: BTC_TICK 20:24:59.000 (local 20:24:59.876) $62,704.65 [-1.000s before 20:25:00]
2026-07-06 03:25:00 [btc_live] INFO: WebSocket closed gracefully (code 1000)
2026-07-06 03:25:00 [btc_live] INFO: BTC_TICK 20:25:00.000 (local 20:25:00.918) $62,704.67 [+0.000s after 20:25:00]
2026-07-06 03:25:00 [btc_live] INFO: BTC anchor reset: $62,704.67 (boundary 20:25:00, first tick at 20:25:00.000, delay 0ms, prev anchor $62,681.43)
2026-07-06 03:25:02 [btc_live] INFO: BTC_TICK 20:25:01.000 (local 20:25:02.774) $62,704.66 [+1.000s after 20:25:00]
2026-07-06 03:25:03 [btc_live] INFO: BTC_TICK 20:25:02.000 (local 20:25:03.283) $62,704.66 [+2.000s after 20:25:00]
2026-07-06 03:25:03 [btc_live] INFO: BTC_TICK 20:25:03.000 (local 20:25:03.927) $62,704.61 [+3.000s after 20:25:00]
2026-07-06 03:25:04 [btc_live] INFO: BTC_TICK 20:25:04.000 (local 20:25:04.957) $62,705.14 [+4.000s after 20:25:00]
2026-07-06 03:25:05 [btc_live] INFO: Market tokens assigned:
2026-07-06 03:25:05 [btc_live] INFO:   Slug: btc-updown-5m-1783283100
2026-07-06 03:25:05 [btc_live] INFO:   End Time: 2026-07-05T20:30:00Z (timestamp: 1783283400.0)
2026-07-06 03:25:05 [btc_live] INFO:   UP token: 3490039255000090087636409142735605314777...
2026-07-06 03:25:05 [btc_live] INFO:   DOWN token: 5030578994556703558242726937521224832404...
2026-07-06 03:25:06 [btc_live] INFO: BTC_TICK 20:25:05.000 (local 20:25:06.102) $62,704.99 [+5.000s after 20:25:00]
2026-07-06 03:25:06 [btc_live] INFO: WebSocket subscribing to tokens:
2026-07-06 03:25:06 [btc_live] INFO:   UP: 3490039255000090087636409142735605314777...
2026-07-06 03:25:06 [btc_live] INFO:   DOWN: 5030578994556703558242726937521224832404...
2026-07-06 03:25:06 [btc_live] INFO: Tokens validated: UP=0.53, DOWN=0.46, sum=0.99
2026-07-06 03:29:45 [btc_live] INFO: BTC_TICK 20:29:45.000 (local 20:29:45.833) $62,668.94 [-15.000s before 20:30:00]
2026-07-06 03:29:46 [btc_live] INFO: BTC_TICK 20:29:46.000 (local 20:29:46.838) $62,669.49 [-14.000s before 20:30:00]
2026-07-06 03:29:47 [btc_live] INFO: BTC_TICK 20:29:47.000 (local 20:29:47.996) $62,669.45 [-13.000s before 20:30:00]
2026-07-06 03:29:48 [btc_live] INFO: BTC_TICK 20:29:48.000 (local 20:29:48.897) $62,670.24 [-12.000s before 20:30:00]
2026-07-06 03:29:49 [btc_live] INFO: BTC_TICK 20:29:49.000 (local 20:29:49.937) $62,670.24 [-11.000s before 20:30:00]
2026-07-06 03:29:50 [btc_live] INFO: BTC_TICK 20:29:50.000 (local 20:29:50.986) $62,670.24 [-10.000s before 20:30:00]
2026-07-06 03:29:51 [btc_live] INFO: BTC_TICK 20:29:51.000 (local 20:29:51.929) $62,669.91 [-9.000s before 20:30:00]
2026-07-06 03:29:52 [btc_live] INFO: BTC_TICK 20:29:52.000 (local 20:29:52.938) $62,669.72 [-8.000s before 20:30:00]
2026-07-06 03:29:53 [btc_live] INFO: BTC_TICK 20:29:53.000 (local 20:29:53.881) $62,669.65 [-7.000s before 20:30:00]
2026-07-06 03:29:54 [btc_live] INFO: BTC_TICK 20:29:54.000 (local 20:29:54.853) $62,669.65 [-6.000s before 20:30:00]
2026-07-06 03:29:55 [btc_live] INFO: BTC_TICK 20:29:55.000 (local 20:29:55.914) $62,669.65 [-5.000s before 20:30:00]
2026-07-06 03:29:56 [btc_live] INFO: BTC_TICK 20:29:56.000 (local 20:29:56.872) $62,669.65 [-4.000s before 20:30:00]
2026-07-06 03:29:58 [btc_live] INFO: BTC_TICK 20:29:57.000 (local 20:29:58.335) $62,669.65 [-3.000s before 20:30:00]
2026-07-06 03:29:58 [btc_live] INFO: BTC_TICK 20:29:58.000 (local 20:29:58.876) $62,669.65 [-2.000s before 20:30:00]
2026-07-06 03:29:59 [btc_live] INFO: BTC_TICK 20:29:59.000 (local 20:29:59.998) $62,669.65 [-1.000s before 20:30:00]
2026-07-06 03:30:00 [btc_live] INFO: BTC_TICK 20:30:00.000 (local 20:30:00.522) $62,669.73 [+0.000s after 20:30:00]
2026-07-06 03:30:00 [btc_live] INFO: BTC anchor reset: $62,669.73 (boundary 20:30:00, first tick at 20:30:00.000, delay 0ms, prev anchor $62,704.67)
2026-07-06 03:30:01 [btc_live] INFO: BTC_TICK 20:30:01.000 (local 20:30:01.715) $62,669.73 [+1.000s after 20:30:00]
2026-07-06 03:30:02 [btc_live] INFO: BTC_TICK 20:30:02.000 (local 20:30:02.812) $62,669.70 [+2.000s after 20:30:00]
2026-07-06 03:30:04 [btc_live] INFO: BTC_TICK 20:30:03.000 (local 20:30:04.193) $62,666.77 [+3.000s after 20:30:00]
2026-07-06 03:30:05 [btc_live] INFO: BTC_TICK 20:30:04.000 (local 20:30:05.149) $62,665.10 [+4.000s after 20:30:00]
2026-07-06 03:30:05 [btc_live] INFO: BTC_TICK 20:30:05.000 (local 20:30:05.736) $62,664.89 [+5.000s after 20:30:00]
2026-07-06 03:30:10 [btc_live] INFO: WebSocket closed gracefully (code 1000)
2026-07-06 03:30:15 [btc_live] INFO: Market tokens assigned:
2026-07-06 03:30:15 [btc_live] INFO:   Slug: btc-updown-5m-1783283400
2026-07-06 03:30:15 [btc_live] INFO:   End Time: 2026-07-05T20:35:00Z (timestamp: 1783283700.0)
2026-07-06 03:30:15 [btc_live] INFO:   UP token: 5206131552363522616023203054332699412913...
2026-07-06 03:30:15 [btc_live] INFO:   DOWN token: 1052439817588551731152229013972539561564...
2026-07-06 03:30:16 [btc_live] INFO: WebSocket subscribing to tokens:
2026-07-06 03:30:16 [btc_live] INFO:   UP: 5206131552363522616023203054332699412913...
2026-07-06 03:30:16 [btc_live] INFO:   DOWN: 1052439817588551731152229013972539561564...
2026-07-06 03:30:16 [btc_live] INFO: Tokens validated: UP=0.60, DOWN=0.39, sum=0.99
2026-07-06 03:32:56 [btc_live] INFO: WebSocket subscribing to tokens:
2026-07-06 03:32:56 [btc_live] INFO:   UP: 5206131552363522616023203054332699412913...
2026-07-06 03:32:56 [btc_live] INFO:   DOWN: 1052439817588551731152229013972539561564...
2026-07-06 03:34:45 [btc_live] INFO: BTC_TICK 20:34:45.000 (local 20:34:45.710) $62,663.27 [-15.000s before 20:35:00]
2026-07-06 03:34:46 [btc_live] INFO: BTC_TICK 20:34:46.000 (local 20:34:46.852) $62,660.95 [-14.000s before 20:35:00]
2026-07-06 03:34:48 [btc_live] INFO: BTC_TICK 20:34:47.000 (local 20:34:48.130) $62,660.70 [-13.000s before 20:35:00]
2026-07-06 03:34:48 [btc_live] INFO: BTC_TICK 20:34:48.000 (local 20:34:48.972) $62,660.91 [-12.000s before 20:35:00]
2026-07-06 03:34:50 [btc_live] INFO: BTC_TICK 20:34:49.000 (local 20:34:50.140) $62,660.92 [-11.000s before 20:35:00]
2026-07-06 03:34:51 [btc_live] INFO: BTC_TICK 20:34:50.000 (local 20:34:51.200) $62,662.36 [-10.000s before 20:35:00]
2026-07-06 03:34:51 [btc_live] INFO: BTC_TICK 20:34:51.000 (local 20:34:51.987) $62,663.61 [-9.000s before 20:35:00]
2026-07-06 03:34:53 [btc_live] INFO: BTC_TICK 20:34:52.000 (local 20:34:53.366) $62,667.04 [-8.000s before 20:35:00]
2026-07-06 03:34:54 [btc_live] INFO: BTC_TICK 20:34:53.000 (local 20:34:54.315) $62,668.16 [-7.000s before 20:35:00]
2026-07-06 03:34:55 [btc_live] INFO: BTC_TICK 20:34:54.000 (local 20:34:55.029) $62,668.17 [-6.000s before 20:35:00]
2026-07-06 03:34:56 [btc_live] INFO: BTC_TICK 20:34:55.000 (local 20:34:56.084) $62,668.33 [-5.000s before 20:35:00]
2026-07-06 03:34:56 [btc_live] INFO: BTC_TICK 20:34:56.000 (local 20:34:56.898) $62,668.31 [-4.000s before 20:35:00]
2026-07-06 03:34:58 [btc_live] INFO: BTC_TICK 20:34:57.000 (local 20:34:58.682) $62,670.99 [-3.000s before 20:35:00]
2026-07-06 03:34:59 [btc_live] INFO: BTC_TICK 20:34:58.000 (local 20:34:59.393) $62,673.71 [-2.000s before 20:35:00]
2026-07-06 03:34:59 [btc_live] INFO: BTC_TICK 20:34:59.000 (local 20:34:59.676) $62,677.06 [-1.000s before 20:35:00]
2026-07-06 03:35:00 [btc_live] INFO: BTC_TICK 20:35:00.000 (local 20:35:00.810) $62,680.05 [+0.000s after 20:35:00]
2026-07-06 03:35:00 [btc_live] INFO: BTC anchor reset: $62,680.05 (boundary 20:35:00, first tick at 20:35:00.000, delay 0ms, prev anchor $62,669.73)
2026-07-06 03:35:02 [btc_live] INFO: BTC_TICK 20:35:01.000 (local 20:35:02.606) $62,681.88 [+1.000s after 20:35:00]
2026-07-06 03:35:02 [btc_live] INFO: BTC_TICK 20:35:02.000 (local 20:35:02.978) $62,680.26 [+2.000s after 20:35:00]
2026-07-06 03:35:04 [btc_live] INFO: BTC_TICK 20:35:03.000 (local 20:35:04.331) $62,678.11 [+3.000s after 20:35:00]
2026-07-06 03:35:05 [btc_live] INFO: BTC_TICK 20:35:04.000 (local 20:35:05.372) $62,678.18 [+4.000s after 20:35:00]
2026-07-06 03:35:05 [btc_live] INFO: BTC_TICK 20:35:05.000 (local 20:35:05.791) $62,677.64 [+5.000s after 20:35:00]
2026-07-06 03:35:10 [btc_live] INFO: WebSocket closed gracefully (code 1000)
2026-07-06 03:35:15 [btc_live] INFO: Market tokens assigned:
2026-07-06 03:35:15 [btc_live] INFO:   Slug: btc-updown-5m-1783283700
2026-07-06 03:35:15 [btc_live] INFO:   End Time: 2026-07-05T20:40:00Z (timestamp: 1783284000.0)
2026-07-06 03:35:15 [btc_live] INFO:   UP token: 1977073435227650586319468100180902643566...
2026-07-06 03:35:15 [btc_live] INFO:   DOWN token: 6688208905832041366994562320824374736350...
2026-07-06 03:35:16 [btc_live] INFO: WebSocket subscribing to tokens:
2026-07-06 03:35:16 [btc_live] INFO:   UP: 1977073435227650586319468100180902643566...
2026-07-06 03:35:16 [btc_live] INFO:   DOWN: 6688208905832041366994562320824374736350...
2026-07-06 03:35:16 [btc_live] INFO: Tokens validated: UP=0.33, DOWN=0.66, sum=0.99
2026-07-06 03:39:45 [btc_live] INFO: BTC_TICK 20:39:45.000 (local 20:39:45.481) $62,686.13 [-15.000s before 20:40:00]
2026-07-06 03:39:46 [btc_live] INFO: BTC_TICK 20:39:46.000 (local 20:39:46.604) $62,686.13 [-14.000s before 20:40:00]
2026-07-06 03:39:47 [btc_live] INFO: BTC_TICK 20:39:47.000 (local 20:39:47.675) $62,686.13 [-13.000s before 20:40:00]
2026-07-06 03:39:49 [btc_live] INFO: BTC_TICK 20:39:48.000 (local 20:39:49.416) $62,686.16 [-12.000s before 20:40:00]
2026-07-06 03:39:50 [btc_live] INFO: BTC_TICK 20:39:49.000 (local 20:39:50.024) $62,686.16 [-11.000s before 20:40:00]
2026-07-06 03:39:50 [btc_live] INFO: BTC_TICK 20:39:50.000 (local 20:39:50.665) $62,686.16 [-10.000s before 20:40:00]
2026-07-06 03:39:51 [btc_live] INFO: BTC_TICK 20:39:51.000 (local 20:39:51.895) $62,686.16 [-9.000s before 20:40:00]
2026-07-06 03:39:52 [btc_live] INFO: BTC_TICK 20:39:52.000 (local 20:39:52.975) $62,686.18 [-8.000s before 20:40:00]
2026-07-06 03:39:53 [btc_live] INFO: BTC_TICK 20:39:53.000 (local 20:39:53.926) $62,686.18 [-7.000s before 20:40:00]
2026-07-06 03:39:55 [btc_live] INFO: BTC_TICK 20:39:54.000 (local 20:39:55.060) $62,686.16 [-6.000s before 20:40:00]
2026-07-06 03:39:55 [btc_live] INFO: BTC_TICK 20:39:55.000 (local 20:39:55.642) $62,686.16 [-5.000s before 20:40:00]
2026-07-06 03:39:56 [btc_live] INFO: BTC_TICK 20:39:56.000 (local 20:39:56.607) $62,686.10 [-4.000s before 20:40:00]
2026-07-06 03:39:57 [btc_live] INFO: BTC_TICK 20:39:57.000 (local 20:39:57.575) $62,686.07 [-3.000s before 20:40:00]
2026-07-06 03:39:58 [btc_live] INFO: BTC_TICK 20:39:58.000 (local 20:39:58.861) $62,682.88 [-2.000s before 20:40:00]
2026-07-06 03:40:00 [btc_live] INFO: BTC_TICK 20:39:59.000 (local 20:40:00.550) $62,681.85 [-1.000s before 20:40:00]
2026-07-06 03:40:01 [btc_live] INFO: BTC_TICK 20:40:00.000 (local 20:40:01.042) $62,681.29 [+0.000s after 20:40:00]
2026-07-06 03:40:01 [btc_live] INFO: BTC anchor reset: $62,681.29 (boundary 20:40:00, first tick at 20:40:00.000, delay 0ms, prev anchor $62,680.05)
2026-07-06 03:40:02 [btc_live] INFO: BTC_TICK 20:40:01.000 (local 20:40:02.369) $62,681.09 [+1.000s after 20:40:00]
2026-07-06 03:40:05 [btc_live] INFO: BTC_TICK 20:40:04.000 (local 20:40:05.373) $62,680.82 [+4.000s after 20:40:00]
2026-07-06 03:40:06 [btc_live] INFO: BTC_TICK 20:40:05.000 (local 20:40:06.423) $62,680.38 [+5.000s after 20:40:00]
2026-07-06 03:40:10 [btc_live] INFO: WebSocket closed gracefully (code 1000)
2026-07-06 03:40:15 [btc_live] INFO: Market tokens assigned:
2026-07-06 03:40:15 [btc_live] INFO:   Slug: btc-updown-5m-1783284000
2026-07-06 03:40:15 [btc_live] INFO:   End Time: 2026-07-05T20:45:00Z (timestamp: 1783284300.0)
2026-07-06 03:40:15 [btc_live] INFO:   UP token: 5763769628172564713474206298487212155374...
2026-07-06 03:40:15 [btc_live] INFO:   DOWN token: 1038068427109236047886856431438598347949...
2026-07-06 03:40:16 [btc_live] INFO: WebSocket subscribing to tokens:
2026-07-06 03:40:16 [btc_live] INFO:   UP: 5763769628172564713474206298487212155374...
2026-07-06 03:40:16 [btc_live] INFO:   DOWN: 1038068427109236047886856431438598347949...
2026-07-06 03:40:16 [btc_live] INFO: Tokens validated: UP=0.61, DOWN=0.38, sum=0.99
2026-07-06 03:44:45 [btc_live] INFO: BTC_TICK 20:44:45.000 (local 20:44:45.801) $62,688.35 [-15.000s before 20:45:00]
2026-07-06 03:44:46 [btc_live] INFO: BTC_TICK 20:44:46.000 (local 20:44:46.797) $62,688.14 [-14.000s before 20:45:00]
2026-07-06 03:44:48 [btc_live] INFO: BTC_TICK 20:44:47.000 (local 20:44:48.424) $62,688.54 [-13.000s before 20:45:00]
2026-07-06 03:44:48 [btc_live] INFO: BTC_TICK 20:44:48.000 (local 20:44:48.821) $62,688.50 [-12.000s before 20:45:00]
2026-07-06 03:44:49 [btc_live] INFO: BTC_TICK 20:44:49.000 (local 20:44:49.946) $62,688.48 [-11.000s before 20:45:00]
2026-07-06 03:44:50 [btc_live] INFO: BTC_TICK 20:44:50.000 (local 20:44:50.938) $62,688.53 [-10.000s before 20:45:00]
2026-07-06 03:44:51 [btc_live] INFO: BTC_TICK 20:44:51.000 (local 20:44:51.707) $62,688.53 [-9.000s before 20:45:00]
2026-07-06 03:44:52 [btc_live] INFO: BTC_TICK 20:44:52.000 (local 20:44:52.535) $62,688.36 [-8.000s before 20:45:00]
2026-07-06 03:44:53 [btc_live] INFO: BTC_TICK 20:44:53.000 (local 20:44:53.515) $62,688.31 [-7.000s before 20:45:00]
2026-07-06 03:44:54 [btc_live] INFO: BTC_TICK 20:44:54.000 (local 20:44:54.817) $62,689.15 [-6.000s before 20:45:00]
2026-07-06 03:44:55 [btc_live] INFO: BTC_TICK 20:44:55.000 (local 20:44:55.620) $62,689.92 [-5.000s before 20:45:00]
2026-07-06 03:44:56 [btc_live] INFO: BTC_TICK 20:44:56.000 (local 20:44:56.970) $62,689.92 [-4.000s before 20:45:00]
2026-07-06 03:44:57 [btc_live] INFO: BTC_TICK 20:44:57.000 (local 20:44:57.784) $62,689.92 [-3.000s before 20:45:00]
2026-07-06 03:44:58 [btc_live] INFO: BTC_TICK 20:44:58.000 (local 20:44:58.973) $62,689.91 [-2.000s before 20:45:00]
2026-07-06 03:44:59 [btc_live] INFO: BTC_TICK 20:44:59.000 (local 20:44:59.989) $62,689.93 [-1.000s before 20:45:00]
2026-07-06 03:45:00 [btc_live] INFO: BTC_TICK 20:45:00.000 (local 20:45:00.856) $62,689.93 [+0.000s after 20:45:00]
2026-07-06 03:45:00 [btc_live] INFO: BTC anchor reset: $62,689.93 (boundary 20:45:00, first tick at 20:45:00.000, delay 0ms, prev anchor $62,681.29)
2026-07-06 03:45:01 [btc_live] INFO: BTC_TICK 20:45:01.000 (local 20:45:01.977) $62,689.94 [+1.000s after 20:45:00]
2026-07-06 03:45:02 [btc_live] INFO: BTC_TICK 20:45:02.000 (local 20:45:02.764) $62,689.94 [+2.000s after 20:45:00]
2026-07-06 03:45:03 [btc_live] INFO: BTC_TICK 20:45:03.000 (local 20:45:03.954) $62,689.94 [+3.000s after 20:45:00]
2026-07-06 03:45:04 [btc_live] INFO: BTC_TICK 20:45:04.000 (local 20:45:04.899) $62,689.94 [+4.000s after 20:45:00]
2026-07-06 03:45:05 [btc_live] INFO: BTC_TICK 20:45:05.000 (local 20:45:05.777) $62,690.24 [+5.000s after 20:45:00]
2026-07-06 03:45:10 [btc_live] INFO: WebSocket closed gracefully (code 1000)
2026-07-06 03:45:15 [btc_live] INFO: Market tokens assigned:
2026-07-06 03:45:15 [btc_live] INFO:   Slug: btc-updown-5m-1783284300
2026-07-06 03:45:15 [btc_live] INFO:   End Time: 2026-07-05T20:50:00Z (timestamp: 1783284600.0)
2026-07-06 03:45:15 [btc_live] INFO:   UP token: 1057163803914682716959088134130913448773...
2026-07-06 03:45:15 [btc_live] INFO:   DOWN token: 1055654282638695550734711330712353677331...
2026-07-06 03:45:15 [btc_live] INFO: WebSocket subscribing to tokens:
2026-07-06 03:45:15 [btc_live] INFO:   UP: 1057163803914682716959088134130913448773...
2026-07-06 03:45:15 [btc_live] INFO:   DOWN: 1055654282638695550734711330712353677331...
2026-07-06 03:45:16 [btc_live] INFO: Tokens validated: UP=0.56, DOWN=0.43, sum=0.99
2026-07-06 03:49:45 [btc_live] INFO: BTC_TICK 20:49:45.000 (local 20:49:45.769) $62,694.10 [-15.000s before 20:50:00]
2026-07-06 03:49:47 [btc_live] INFO: BTC_TICK 20:49:46.000 (local 20:49:47.022) $62,693.93 [-14.000s before 20:50:00]
2026-07-06 03:49:48 [btc_live] INFO: BTC_TICK 20:49:47.000 (local 20:49:48.096) $62,693.92 [-13.000s before 20:50:00]
2026-07-06 03:49:48 [btc_live] INFO: BTC_TICK 20:49:48.000 (local 20:49:48.528) $62,693.91 [-12.000s before 20:50:00]
2026-07-06 03:49:49 [btc_live] INFO: BTC_TICK 20:49:49.000 (local 20:49:49.695) $62,694.02 [-11.000s before 20:50:00]
2026-07-06 03:49:50 [btc_live] INFO: BTC_TICK 20:49:50.000 (local 20:49:50.723) $62,693.85 [-10.000s before 20:50:00]
2026-07-06 03:49:51 [btc_live] INFO: BTC_TICK 20:49:51.000 (local 20:49:51.882) $62,693.76 [-9.000s before 20:50:00]
2026-07-06 03:49:53 [btc_live] INFO: BTC_TICK 20:49:52.000 (local 20:49:53.015) $62,693.77 [-8.000s before 20:50:00]
2026-07-06 03:49:54 [btc_live] INFO: BTC_TICK 20:49:53.000 (local 20:49:54.087) $62,693.42 [-7.000s before 20:50:00]
2026-07-06 03:49:54 [btc_live] INFO: BTC_TICK 20:49:54.000 (local 20:49:54.502) $62,692.66 [-6.000s before 20:50:00]
2026-07-06 03:49:55 [btc_live] INFO: BTC_TICK 20:49:55.000 (local 20:49:55.732) $62,693.30 [-5.000s before 20:50:00]
2026-07-06 03:49:56 [btc_live] INFO: BTC_TICK 20:49:56.000 (local 20:49:56.666) $62,693.03 [-4.000s before 20:50:00]
2026-07-06 03:49:57 [btc_live] INFO: BTC_TICK 20:49:57.000 (local 20:49:57.817) $62,693.00 [-3.000s before 20:50:00]
2026-07-06 03:49:58 [btc_live] INFO: BTC_TICK 20:49:58.000 (local 20:49:58.753) $62,692.19 [-2.000s before 20:50:00]
2026-07-06 03:50:00 [btc_live] INFO: BTC_TICK 20:49:59.000 (local 20:50:00.122) $62,691.01 [-1.000s before 20:50:00]
2026-07-06 03:50:01 [btc_live] INFO: BTC_TICK 20:50:00.000 (local 20:50:01.239) $62,689.97 [+0.000s after 20:50:00]
2026-07-06 03:50:01 [btc_live] INFO: BTC anchor reset: $62,689.97 (boundary 20:50:00, first tick at 20:50:00.000, delay 0ms, prev anchor $62,689.93)
2026-07-06 03:50:02 [btc_live] INFO: BTC_TICK 20:50:01.000 (local 20:50:02.712) $62,684.02 [+1.000s after 20:50:00]
2026-07-06 03:50:03 [btc_live] INFO: BTC_TICK 20:50:02.000 (local 20:50:03.889) $62,690.35 [+2.000s after 20:50:00]
2026-07-06 03:50:04 [btc_live] INFO: BTC_TICK 20:50:03.000 (local 20:50:04.932) $62,691.01 [+3.000s after 20:50:00]
2026-07-06 03:50:06 [btc_live] INFO: BTC_TICK 20:50:04.000 (local 20:50:06.533) $62,693.84 [+4.000s after 20:50:00]
2026-07-06 03:50:07 [btc_live] INFO: BTC_TICK 20:50:05.000 (local 20:50:07.455) $62,696.02 [+5.000s after 20:50:00]
2026-07-06 03:50:10 [btc_live] INFO: WebSocket closed gracefully (code 1000)
2026-07-06 03:50:15 [btc_live] INFO: Market tokens assigned:
2026-07-06 03:50:15 [btc_live] INFO:   Slug: btc-updown-5m-1783284600
2026-07-06 03:50:15 [btc_live] INFO:   End Time: 2026-07-05T20:55:00Z (timestamp: 1783284900.0)
2026-07-06 03:50:15 [btc_live] INFO:   UP token: 3184612205415301510898886335801866503398...
2026-07-06 03:50:15 [btc_live] INFO:   DOWN token: 3410391064968860865324786298346204553260...
2026-07-06 03:50:15 [btc_live] INFO: WebSocket subscribing to tokens:
2026-07-06 03:50:15 [btc_live] INFO:   UP: 3184612205415301510898886335801866503398...
2026-07-06 03:50:15 [btc_live] INFO:   DOWN: 3410391064968860865324786298346204553260...
2026-07-06 03:50:15 [btc_live] INFO: Tokens validated: UP=0.66, DOWN=0.33, sum=0.99
2026-07-06 03:54:45 [btc_live] INFO: BTC_TICK 20:54:45.000 (local 20:54:45.654) $62,685.80 [-15.000s before 20:55:00]
2026-07-06 03:54:46 [btc_live] INFO: BTC_TICK 20:54:46.000 (local 20:54:46.715) $62,684.34 [-14.000s before 20:55:00]
2026-07-06 03:54:47 [btc_live] INFO: BTC_TICK 20:54:47.000 (local 20:54:47.680) $62,684.09 [-13.000s before 20:55:00]
2026-07-06 03:54:49 [btc_live] INFO: BTC_TICK 20:54:48.000 (local 20:54:49.234) $62,683.76 [-12.000s before 20:55:00]
2026-07-06 03:54:50 [btc_live] INFO: BTC_TICK 20:54:49.000 (local 20:54:50.625) $62,683.19 [-11.000s before 20:55:00]
2026-07-06 03:54:57 [btc_live] INFO: BTC_TICK 20:54:57.000 (local 20:54:57.995) $62,682.96 [-3.000s before 20:55:00]
2026-07-06 03:54:58 [btc_live] INFO: BTC_TICK 20:54:58.000 (local 20:54:58.702) $62,683.15 [-2.000s before 20:55:00]
2026-07-06 03:54:59 [btc_live] INFO: BTC_TICK 20:54:59.000 (local 20:54:59.715) $62,683.12 [-1.000s before 20:55:00]
2026-07-06 03:55:00 [btc_live] INFO: BTC_TICK 20:55:00.000 (local 20:55:00.754) $62,683.12 [+0.000s after 20:55:00]
2026-07-06 03:55:00 [btc_live] INFO: BTC anchor reset: $62,683.12 (boundary 20:55:00, first tick at 20:55:00.000, delay 0ms, prev anchor $62,689.97)
2026-07-06 03:55:01 [btc_live] INFO: BTC_TICK 20:55:01.000 (local 20:55:01.564) $62,683.12 [+1.000s after 20:55:00]
2026-07-06 03:55:02 [btc_live] INFO: BTC_TICK 20:55:02.000 (local 20:55:02.915) $62,683.46 [+2.000s after 20:55:00]
2026-07-06 03:55:03 [btc_live] INFO: BTC_TICK 20:55:03.000 (local 20:55:03.533) $62,686.35 [+3.000s after 20:55:00]
2026-07-06 03:55:04 [btc_live] INFO: BTC_TICK 20:55:04.000 (local 20:55:04.781) $62,689.00 [+4.000s after 20:55:00]
2026-07-06 03:55:05 [btc_live] INFO: BTC_TICK 20:55:05.000 (local 20:55:05.734) $62,689.18 [+5.000s after 20:55:00]
2026-07-06 03:55:10 [btc_live] INFO: WebSocket closed gracefully (code 1000)
2026-07-06 03:55:15 [btc_live] INFO: Market tokens assigned:
2026-07-06 03:55:15 [btc_live] INFO:   Slug: btc-updown-5m-1783284900
2026-07-06 03:55:15 [btc_live] INFO:   End Time: 2026-07-05T21:00:00Z (timestamp: 1783285200.0)
2026-07-06 03:55:15 [btc_live] INFO:   UP token: 8473541666967639915651893317771319878895...
2026-07-06 03:55:15 [btc_live] INFO:   DOWN token: 8139562637472642599222269464558228199611...
2026-07-06 03:55:15 [btc_live] INFO: WebSocket subscribing to tokens:
2026-07-06 03:55:15 [btc_live] INFO:   UP: 8473541666967639915651893317771319878895...
2026-07-06 03:55:15 [btc_live] INFO:   DOWN: 8139562637472642599222269464558228199611...
2026-07-06 03:55:16 [btc_live] INFO: Tokens validated: UP=0.62, DOWN=0.37, sum=0.99
2026-07-06 03:59:45 [btc_live] INFO: BTC_TICK 20:59:45.000 (local 20:59:45.640) $62,683.90 [-15.000s before 21:00:00]
2026-07-06 03:59:46 [btc_live] INFO: BTC_TICK 20:59:46.000 (local 20:59:46.781) $62,682.04 [-14.000s before 21:00:00]
2026-07-06 03:59:47 [btc_live] INFO: BTC_TICK 20:59:47.000 (local 20:59:47.745) $62,679.64 [-13.000s before 21:00:00]
2026-07-06 03:59:48 [btc_live] INFO: BTC_TICK 20:59:48.000 (local 20:59:48.636) $62,678.81 [-12.000s before 21:00:00]
2026-07-06 03:59:49 [btc_live] INFO: BTC_TICK 20:59:49.000 (local 20:59:49.556) $62,678.45 [-11.000s before 21:00:00]
2026-07-06 03:59:51 [btc_live] INFO: BTC_TICK 20:59:50.000 (local 20:59:51.002) $62,677.36 [-10.000s before 21:00:00]
2026-07-06 03:59:51 [btc_live] INFO: BTC_TICK 20:59:51.000 (local 20:59:51.770) $62,676.82 [-9.000s before 21:00:00]
2026-07-06 03:59:52 [btc_live] INFO: BTC_TICK 20:59:52.000 (local 20:59:52.863) $62,676.43 [-8.000s before 21:00:00]
2026-07-06 03:59:53 [btc_live] INFO: BTC_TICK 20:59:53.000 (local 20:59:53.746) $62,676.37 [-7.000s before 21:00:00]
2026-07-06 03:59:54 [btc_live] INFO: BTC_TICK 20:59:54.000 (local 20:59:54.795) $62,676.32 [-6.000s before 21:00:00]
2026-07-06 03:59:55 [btc_live] INFO: BTC_TICK 20:59:55.000 (local 20:59:55.745) $62,676.45 [-5.000s before 21:00:00]
2026-07-06 03:59:56 [btc_live] INFO: BTC_TICK 20:59:56.000 (local 20:59:56.757) $62,676.35 [-4.000s before 21:00:00]
2026-07-06 03:59:58 [btc_live] INFO: BTC_TICK 20:59:57.000 (local 20:59:58.297) $62,676.41 [-3.000s before 21:00:00]
2026-07-06 03:59:58 [btc_live] INFO: BTC_TICK 20:59:58.000 (local 20:59:58.572) $62,676.41 [-2.000s before 21:00:00]
2026-07-06 03:59:59 [btc_live] INFO: BTC_TICK 20:59:59.000 (local 20:59:59.946) $62,676.38 [-1.000s before 21:00:00]
2026-07-06 04:00:00 [btc_live] INFO: BTC_TICK 21:00:00.000 (local 21:00:00.754) $62,676.50 [+0.000s after 21:00:00]
2026-07-06 04:00:00 [btc_live] INFO: BTC anchor reset: $62,676.50 (boundary 21:00:00, first tick at 21:00:00.000, delay 0ms, prev anchor $62,683.12)
2026-07-06 04:00:01 [btc_live] INFO: BTC_TICK 21:00:01.000 (local 21:00:01.874) $62,676.50 [+1.000s after 21:00:00]
2026-07-06 04:00:03 [btc_live] INFO: BTC_TICK 21:00:02.000 (local 21:00:03.026) $62,676.48 [+2.000s after 21:00:00]
2026-07-06 04:00:04 [btc_live] INFO: BTC_TICK 21:00:03.000 (local 21:00:04.030) $62,676.65 [+3.000s after 21:00:00]
2026-07-06 04:00:04 [btc_live] INFO: BTC_TICK 21:00:04.000 (local 21:00:04.973) $62,676.68 [+4.000s after 21:00:00]
2026-07-06 04:00:06 [btc_live] INFO: BTC_TICK 21:00:05.000 (local 21:00:06.203) $62,676.56 [+5.000s after 21:00:00]
2026-07-06 04:00:10 [btc_live] INFO: WebSocket closed gracefully (code 1000)
2026-07-06 04:00:15 [btc_live] INFO: Market tokens assigned:
2026-07-06 04:00:15 [btc_live] INFO:   Slug: btc-updown-5m-1783285200
2026-07-06 04:00:15 [btc_live] INFO:   End Time: 2026-07-05T21:05:00Z (timestamp: 1783285500.0)
2026-07-06 04:00:15 [btc_live] INFO:   UP token: 9434776099072891613085835419971521451122...
2026-07-06 04:00:15 [btc_live] INFO:   DOWN token: 1154469385105594918338290018004127762661...
2026-07-06 04:00:16 [btc_live] INFO: WebSocket subscribing to tokens:
2026-07-06 04:00:16 [btc_live] INFO:   UP: 9434776099072891613085835419971521451122...
2026-07-06 04:00:16 [btc_live] INFO:   DOWN: 1154469385105594918338290018004127762661...
2026-07-06 04:00:16 [btc_live] INFO: Tokens validated: UP=0.49, DOWN=0.50, sum=0.99
2026-07-06 04:04:45 [btc_live] INFO: BTC_TICK 21:04:45.000 (local 21:04:45.924) $62,623.40 [-15.000s before 21:05:00]
2026-07-06 04:04:46 [btc_live] INFO: BTC_TICK 21:04:46.000 (local 21:04:46.958) $62,624.23 [-14.000s before 21:05:00]
2026-07-06 04:04:47 [btc_live] INFO: BTC_TICK 21:04:47.000 (local 21:04:47.672) $62,624.23 [-13.000s before 21:05:00]
2026-07-06 04:04:48 [btc_live] INFO: BTC_TICK 21:04:48.000 (local 21:04:48.576) $62,620.96 [-12.000s before 21:05:00]
2026-07-06 04:04:49 [btc_live] INFO: BTC_TICK 21:04:49.000 (local 21:04:49.595) $62,620.56 [-11.000s before 21:05:00]
2026-07-06 04:04:50 [btc_live] INFO: BTC_TICK 21:04:50.000 (local 21:04:50.808) $62,620.52 [-10.000s before 21:05:00]
2026-07-06 04:04:51 [btc_live] INFO: BTC_TICK 21:04:51.000 (local 21:04:51.736) $62,620.41 [-9.000s before 21:05:00]
2026-07-06 04:04:52 [btc_live] INFO: BTC_TICK 21:04:52.000 (local 21:04:52.788) $62,620.35 [-8.000s before 21:05:00]
2026-07-06 04:04:53 [btc_live] INFO: BTC_TICK 21:04:53.000 (local 21:04:53.748) $62,620.38 [-7.000s before 21:05:00]
2026-07-06 04:04:54 [btc_live] INFO: BTC_TICK 21:04:54.000 (local 21:04:54.875) $62,620.33 [-6.000s before 21:05:00]
2026-07-06 04:04:55 [btc_live] INFO: BTC_TICK 21:04:55.000 (local 21:04:55.927) $62,620.08 [-5.000s before 21:05:00]
2026-07-06 04:04:57 [btc_live] INFO: BTC_TICK 21:04:56.000 (local 21:04:57.037) $62,619.80 [-4.000s before 21:05:00]
2026-07-06 04:04:58 [btc_live] INFO: BTC_TICK 21:04:57.000 (local 21:04:58.041) $62,619.97 [-3.000s before 21:05:00]
2026-07-06 04:04:58 [btc_live] INFO: BTC_TICK 21:04:58.000 (local 21:04:58.923) $62,617.19 [-2.000s before 21:05:00]
2026-07-06 04:04:59 [btc_live] INFO: BTC_TICK 21:04:59.000 (local 21:04:59.989) $62,613.24 [-1.000s before 21:05:00]
2026-07-06 04:05:00 [btc_live] INFO: WebSocket closed gracefully (code 1000)
2026-07-06 04:05:01 [btc_live] INFO: BTC_TICK 21:05:00.000 (local 21:05:01.024) $62,613.25 [+0.000s after 21:05:00]
2026-07-06 04:05:01 [btc_live] INFO: BTC anchor reset: $62,613.25 (boundary 21:05:00, first tick at 21:05:00.000, delay 0ms, prev anchor $62,676.50)
2026-07-06 04:05:02 [btc_live] INFO: BTC_TICK 21:05:01.000 (local 21:05:02.042) $62,613.11 [+1.000s after 21:05:00]
2026-07-06 04:05:02 [btc_live] INFO: BTC_TICK 21:05:02.000 (local 21:05:02.523) $62,612.77 [+2.000s after 21:05:00]
2026-07-06 04:05:03 [btc_live] INFO: BTC_TICK 21:05:03.000 (local 21:05:03.653) $62,611.68 [+3.000s after 21:05:00]
2026-07-06 04:05:04 [btc_live] INFO: BTC_TICK 21:05:04.000 (local 21:05:04.675) $62,608.33 [+4.000s after 21:05:00]
2026-07-06 04:05:05 [btc_live] INFO: Market tokens assigned:
2026-07-06 04:05:05 [btc_live] INFO:   Slug: btc-updown-5m-1783285500
2026-07-06 04:05:05 [btc_live] INFO:   End Time: 2026-07-05T21:10:00Z (timestamp: 1783285800.0)
2026-07-06 04:05:05 [btc_live] INFO:   UP token: 1038623061786275535193920367997758569798...
2026-07-06 04:05:05 [btc_live] INFO:   DOWN token: 7337499164346043363487803009874603889549...
2026-07-06 04:05:05 [btc_live] INFO: BTC_TICK 21:05:05.000 (local 21:05:05.929) $62,606.57 [+5.000s after 21:05:00]
2026-07-06 04:05:06 [btc_live] INFO: WebSocket subscribing to tokens:
2026-07-06 04:05:06 [btc_live] INFO:   UP: 1038623061786275535193920367997758569798...
2026-07-06 04:05:06 [btc_live] INFO:   DOWN: 7337499164346043363487803009874603889549...
2026-07-06 04:05:06 [btc_live] INFO: Tokens validated: UP=0.50, DOWN=0.49, sum=0.99
2026-07-06 04:09:46 [btc_live] INFO: BTC_TICK 21:09:45.000 (local 21:09:46.104) $62,564.89 [-15.000s before 21:10:00]
2026-07-06 04:09:46 [btc_live] INFO: BTC_TICK 21:09:46.000 (local 21:09:46.659) $62,565.03 [-14.000s before 21:10:00]
2026-07-06 04:09:47 [btc_live] INFO: BTC_TICK 21:09:47.000 (local 21:09:47.735) $62,565.01 [-13.000s before 21:10:00]
2026-07-06 04:09:48 [btc_live] INFO: BTC_TICK 21:09:48.000 (local 21:09:48.786) $62,565.31 [-12.000s before 21:10:00]
2026-07-06 04:09:49 [btc_live] INFO: BTC_TICK 21:09:49.000 (local 21:09:49.919) $62,566.55 [-11.000s before 21:10:00]
2026-07-06 04:09:50 [btc_live] INFO: BTC_TICK 21:09:50.000 (local 21:09:50.461) $62,569.78 [-10.000s before 21:10:00]
2026-07-06 04:09:51 [btc_live] INFO: BTC_TICK 21:09:51.000 (local 21:09:51.556) $62,570.29 [-9.000s before 21:10:00]
2026-07-06 04:09:52 [btc_live] INFO: BTC_TICK 21:09:52.000 (local 21:09:52.574) $62,570.29 [-8.000s before 21:10:00]
2026-07-06 04:09:53 [btc_live] INFO: BTC_TICK 21:09:53.000 (local 21:09:53.612) $62,570.30 [-7.000s before 21:10:00]
2026-07-06 04:09:54 [btc_live] INFO: BTC_TICK 21:09:54.000 (local 21:09:54.741) $62,570.40 [-6.000s before 21:10:00]
2026-07-06 04:09:55 [btc_live] INFO: BTC_TICK 21:09:55.000 (local 21:09:55.772) $62,570.37 [-5.000s before 21:10:00]
2026-07-06 04:09:56 [btc_live] INFO: BTC_TICK 21:09:56.000 (local 21:09:56.686) $62,570.38 [-4.000s before 21:10:00]
2026-07-06 04:09:57 [btc_live] INFO: BTC_TICK 21:09:57.000 (local 21:09:57.828) $62,570.65 [-3.000s before 21:10:00]
2026-07-06 04:09:58 [btc_live] INFO: BTC_TICK 21:09:58.000 (local 21:09:58.924) $62,574.68 [-2.000s before 21:10:00]
2026-07-06 04:10:00 [btc_live] INFO: BTC_TICK 21:09:59.000 (local 21:10:00.156) $62,578.75 [-1.000s before 21:10:00]
2026-07-06 04:10:00 [btc_live] INFO: BTC_TICK 21:10:00.000 (local 21:10:00.858) $62,580.71 [+0.000s after 21:10:00]
2026-07-06 04:10:00 [btc_live] INFO: BTC anchor reset: $62,580.71 (boundary 21:10:00, first tick at 21:10:00.000, delay 0ms, prev anchor $62,613.25)
2026-07-06 04:10:02 [btc_live] INFO: BTC_TICK 21:10:01.000 (local 21:10:02.474) $62,582.85 [+1.000s after 21:10:00]
2026-07-06 04:10:03 [btc_live] INFO: BTC_TICK 21:10:02.000 (local 21:10:03.374) $62,582.91 [+2.000s after 21:10:00]
2026-07-06 04:10:04 [btc_live] INFO: BTC_TICK 21:10:03.000 (local 21:10:04.212) $62,583.52 [+3.000s after 21:10:00]
2026-07-06 04:10:05 [btc_live] INFO: BTC_TICK 21:10:04.000 (local 21:10:05.215) $62,583.68 [+4.000s after 21:10:00]
2026-07-06 04:10:05 [btc_live] INFO: BTC_TICK 21:10:05.000 (local 21:10:05.959) $62,584.32 [+5.000s after 21:10:00]
2026-07-06 04:10:10 [btc_live] INFO: WebSocket closed gracefully (code 1000)
2026-07-06 04:10:15 [btc_live] INFO: Market tokens assigned:
2026-07-06 04:10:15 [btc_live] INFO:   Slug: btc-updown-5m-1783285800
2026-07-06 04:10:15 [btc_live] INFO:   End Time: 2026-07-05T21:15:00Z (timestamp: 1783286100.0)
2026-07-06 04:10:15 [btc_live] INFO:   UP token: 4295619015762169777604861347866290165859...
2026-07-06 04:10:15 [btc_live] INFO:   DOWN token: 4573834022552436396424139366101570232122...
2026-07-06 04:10:16 [btc_live] INFO: WebSocket subscribing to tokens:
2026-07-06 04:10:16 [btc_live] INFO:   UP: 4295619015762169777604861347866290165859...
2026-07-06 04:10:16 [btc_live] INFO:   DOWN: 4573834022552436396424139366101570232122...
2026-07-06 04:10:16 [btc_live] INFO: Tokens validated: UP=0.73, DOWN=0.26, sum=0.99
2026-07-06 04:14:45 [btc_live] INFO: BTC_TICK 21:14:45.000 (local 21:14:45.566) $62,676.02 [-15.000s before 21:15:00]
2026-07-06 04:14:46 [btc_live] INFO: BTC_TICK 21:14:46.000 (local 21:14:46.770) $62,675.99 [-14.000s before 21:15:00]
2026-07-06 04:14:47 [btc_live] INFO: BTC_TICK 21:14:47.000 (local 21:14:47.817) $62,678.86 [-13.000s before 21:15:00]
2026-07-06 04:14:48 [btc_live] INFO: BTC_TICK 21:14:48.000 (local 21:14:48.811) $62,678.95 [-12.000s before 21:15:00]
2026-07-06 04:14:49 [btc_live] INFO: BTC_TICK 21:14:49.000 (local 21:14:49.976) $62,681.91 [-11.000s before 21:15:00]
2026-07-06 04:14:50 [btc_live] INFO: BTC_TICK 21:14:50.000 (local 21:14:50.532) $62,682.74 [-10.000s before 21:15:00]
2026-07-06 04:14:51 [btc_live] INFO: BTC_TICK 21:14:51.000 (local 21:14:51.633) $62,682.85 [-9.000s before 21:15:00]
2026-07-06 04:14:52 [btc_live] INFO: BTC_TICK 21:14:52.000 (local 21:14:52.729) $62,683.71 [-8.000s before 21:15:00]
2026-07-06 04:14:53 [btc_live] INFO: BTC_TICK 21:14:53.000 (local 21:14:53.755) $62,683.37 [-7.000s before 21:15:00]
2026-07-06 04:14:54 [btc_live] INFO: BTC_TICK 21:14:54.000 (local 21:14:54.881) $62,683.97 [-6.000s before 21:15:00]
2026-07-06 04:14:55 [btc_live] INFO: BTC_TICK 21:14:55.000 (local 21:14:55.965) $62,684.62 [-5.000s before 21:15:00]
2026-07-06 04:14:56 [btc_live] INFO: BTC_TICK 21:14:56.000 (local 21:14:56.888) $62,684.71 [-4.000s before 21:15:00]
2026-07-06 04:14:58 [btc_live] INFO: BTC_TICK 21:14:57.000 (local 21:14:58.411) $62,684.71 [-3.000s before 21:15:00]
2026-07-06 04:14:59 [btc_live] INFO: BTC_TICK 21:14:58.000 (local 21:14:59.001) $62,684.68 [-2.000s before 21:15:00]
2026-07-06 04:14:59 [btc_live] INFO: BTC_TICK 21:14:59.000 (local 21:14:59.524) $62,684.81 [-1.000s before 21:15:00]
2026-07-06 04:15:00 [btc_live] INFO: BTC_TICK 21:15:00.000 (local 21:15:00.665) $62,684.88 [+0.000s after 21:15:00]
2026-07-06 04:15:00 [btc_live] INFO: BTC anchor reset: $62,684.88 (boundary 21:15:00, first tick at 21:15:00.000, delay 0ms, prev anchor $62,580.71)
2026-07-06 04:15:02 [btc_live] INFO: BTC_TICK 21:15:01.000 (local 21:15:02.336) $62,684.83 [+1.000s after 21:15:00]
2026-07-06 04:15:02 [btc_live] INFO: BTC_TICK 21:15:02.000 (local 21:15:02.881) $62,682.44 [+2.000s after 21:15:00]
2026-07-06 04:15:04 [btc_live] INFO: BTC_TICK 21:15:03.000 (local 21:15:04.193) $62,680.39 [+3.000s after 21:15:00]
2026-07-06 04:15:05 [btc_live] INFO: BTC_TICK 21:15:04.000 (local 21:15:05.157) $62,678.52 [+4.000s after 21:15:00]
2026-07-06 04:15:05 [btc_live] INFO: BTC_TICK 21:15:05.000 (local 21:15:05.689) $62,676.57 [+5.000s after 21:15:00]
2026-07-06 04:15:10 [btc_live] INFO: WebSocket closed gracefully (code 1000)
2026-07-06 04:15:15 [btc_live] INFO: Market tokens assigned:
2026-07-06 04:15:15 [btc_live] INFO:   Slug: btc-updown-5m-1783286100
2026-07-06 04:15:15 [btc_live] INFO:   End Time: 2026-07-05T21:20:00Z (timestamp: 1783286400.0)
2026-07-06 04:15:15 [btc_live] INFO:   UP token: 3866439088401429816524682331315422493083...
2026-07-06 04:15:15 [btc_live] INFO:   DOWN token: 6063715610328476104641359059649880780101...
2026-07-06 04:15:16 [btc_live] INFO: WebSocket subscribing to tokens:
2026-07-06 04:15:16 [btc_live] INFO:   UP: 3866439088401429816524682331315422493083...
2026-07-06 04:15:16 [btc_live] INFO:   DOWN: 6063715610328476104641359059649880780101...
2026-07-06 04:15:16 [btc_live] INFO: Tokens validated: UP=0.36, DOWN=0.63, sum=0.99
2026-07-06 04:19:45 [btc_live] INFO: BTC_TICK 21:19:45.000 (local 21:19:45.872) $62,797.10 [-15.000s before 21:20:00]
2026-07-06 04:19:47 [btc_live] INFO: BTC_TICK 21:19:46.000 (local 21:19:47.005) $62,797.10 [-14.000s before 21:20:00]
2026-07-06 04:19:47 [btc_live] INFO: BTC_TICK 21:19:47.000 (local 21:19:47.903) $62,797.10 [-13.000s before 21:20:00]
2026-07-06 04:19:49 [btc_live] INFO: BTC_TICK 21:19:48.000 (local 21:19:49.070) $62,797.10 [-12.000s before 21:20:00]
2026-07-06 04:19:50 [btc_live] INFO: BTC_TICK 21:19:49.000 (local 21:19:50.068) $62,798.62 [-11.000s before 21:20:00]
2026-07-06 04:19:50 [btc_live] INFO: BTC_TICK 21:19:50.000 (local 21:19:50.645) $62,799.25 [-10.000s before 21:20:00]
2026-07-06 04:19:52 [btc_live] INFO: BTC_TICK 21:19:51.000 (local 21:19:52.376) $62,809.94 [-9.000s before 21:20:00]
2026-07-06 04:19:53 [btc_live] INFO: BTC_TICK 21:19:52.000 (local 21:19:53.008) $62,810.48 [-8.000s before 21:20:00]
2026-07-06 04:19:55 [btc_live] INFO: BTC_TICK 21:19:54.000 (local 21:19:55.124) $62,811.23 [-6.000s before 21:20:00]
2026-07-06 04:19:56 [btc_live] INFO: BTC_TICK 21:19:55.000 (local 21:19:56.503) $62,811.70 [-5.000s before 21:20:00]
2026-07-06 04:19:57 [btc_live] INFO: BTC_TICK 21:19:56.000 (local 21:19:57.343) $62,829.88 [-4.000s before 21:20:00]
2026-07-06 04:19:57 [btc_live] INFO: BTC_TICK 21:19:57.000 (local 21:19:57.974) $62,833.18 [-3.000s before 21:20:00]
2026-07-06 04:19:59 [btc_live] INFO: BTC_TICK 21:19:58.000 (local 21:19:59.777) $62,840.15 [-2.000s before 21:20:00]
2026-07-06 04:20:00 [btc_live] INFO: BTC_TICK 21:19:59.000 (local 21:20:00.383) $62,840.59 [-1.000s before 21:20:00]
2026-07-06 04:20:01 [btc_live] INFO: BTC_TICK 21:20:00.000 (local 21:20:01.109) $62,840.82 [+0.000s after 21:20:00]
2026-07-06 04:20:01 [btc_live] INFO: BTC anchor reset: $62,840.82 (boundary 21:20:00, first tick at 21:20:00.000, delay 0ms, prev anchor $62,684.88)
2026-07-06 04:20:01 [btc_live] INFO: BTC_TICK 21:20:01.000 (local 21:20:01.875) $62,839.90 [+1.000s after 21:20:00]
2026-07-06 04:20:03 [btc_live] INFO: BTC_TICK 21:20:02.000 (local 21:20:03.102) $62,833.64 [+2.000s after 21:20:00]
2026-07-06 04:20:03 [btc_live] INFO: BTC_TICK 21:20:03.000 (local 21:20:03.974) $62,830.89 [+3.000s after 21:20:00]
2026-07-06 04:20:05 [btc_live] INFO: BTC_TICK 21:20:04.000 (local 21:20:05.245) $62,827.18 [+4.000s after 21:20:00]
2026-07-06 04:20:06 [btc_live] INFO: BTC_TICK 21:20:05.000 (local 21:20:06.080) $62,825.54 [+5.000s after 21:20:00]
2026-07-06 04:20:10 [btc_live] INFO: WebSocket closed gracefully (code 1000)
2026-07-06 04:20:15 [btc_live] INFO: Market tokens assigned:
2026-07-06 04:20:15 [btc_live] INFO:   Slug: btc-updown-5m-1783286400
2026-07-06 04:20:15 [btc_live] INFO:   End Time: 2026-07-05T21:25:00Z (timestamp: 1783286700.0)
2026-07-06 04:20:15 [btc_live] INFO:   UP token: 9351101900196381647256846864655224636048...
2026-07-06 04:20:15 [btc_live] INFO:   DOWN token: 1727408152935390006239873057950452692204...
2026-07-06 04:20:15 [btc_live] INFO: WebSocket subscribing to tokens:
2026-07-06 04:20:15 [btc_live] INFO:   UP: 9351101900196381647256846864655224636048...
2026-07-06 04:20:15 [btc_live] INFO:   DOWN: 1727408152935390006239873057950452692204...
2026-07-06 04:20:15 [btc_live] INFO: Tokens validated: UP=0.24, DOWN=0.75, sum=0.99
2026-07-06 04:21:54 [btc_live] INFO: RTDS Chainlink connected
2026-07-06 04:24:45 [btc_live] INFO: BTC_TICK 21:24:45.000 (local 21:24:45.871) $62,831.76 [-15.000s before 21:25:00]
2026-07-06 04:24:47 [btc_live] INFO: BTC_TICK 21:24:46.000 (local 21:24:47.006) $62,831.77 [-14.000s before 21:25:00]
2026-07-06 04:24:48 [btc_live] INFO: BTC_TICK 21:24:47.000 (local 21:24:48.179) $62,831.73 [-13.000s before 21:25:00]
2026-07-06 04:24:48 [btc_live] INFO: BTC_TICK 21:24:48.000 (local 21:24:48.937) $62,831.33 [-12.000s before 21:25:00]
2026-07-06 04:24:49 [btc_live] INFO: BTC_TICK 21:24:49.000 (local 21:24:49.494) $62,831.27 [-11.000s before 21:25:00]
2026-07-06 04:24:50 [btc_live] INFO: BTC_TICK 21:24:50.000 (local 21:24:50.636) $62,830.49 [-10.000s before 21:25:00]
2026-07-06 04:24:51 [btc_live] INFO: BTC_TICK 21:24:51.000 (local 21:24:51.851) $62,827.70 [-9.000s before 21:25:00]
2026-07-06 04:24:53 [btc_live] INFO: BTC_TICK 21:24:52.000 (local 21:24:53.220) $62,826.67 [-8.000s before 21:25:00]
2026-07-06 04:24:54 [btc_live] INFO: BTC_TICK 21:24:53.000 (local 21:24:54.325) $62,826.06 [-7.000s before 21:25:00]
2026-07-06 04:24:55 [btc_live] INFO: BTC_TICK 21:24:54.000 (local 21:24:55.087) $62,825.72 [-6.000s before 21:25:00]
2026-07-06 04:24:55 [btc_live] INFO: BTC_TICK 21:24:55.000 (local 21:24:55.962) $62,824.99 [-5.000s before 21:25:00]
2026-07-06 04:24:56 [btc_live] INFO: BTC_TICK 21:24:56.000 (local 21:24:56.775) $62,824.79 [-4.000s before 21:25:00]
2026-07-06 04:24:58 [btc_live] INFO: BTC_TICK 21:24:57.000 (local 21:24:58.557) $62,824.27 [-3.000s before 21:25:00]
2026-07-06 04:24:58 [btc_live] INFO: BTC_TICK 21:24:58.000 (local 21:24:58.944) $62,824.15 [-2.000s before 21:25:00]
2026-07-06 04:25:00 [btc_live] INFO: BTC_TICK 21:25:00.000 (local 21:25:00.782) $62,824.06 [+0.000s after 21:25:00]
2026-07-06 04:25:00 [btc_live] INFO: BTC anchor reset: $62,824.06 (boundary 21:25:00, first tick at 21:25:00.000, delay 0ms, prev anchor $62,840.82)
2026-07-06 04:25:02 [btc_live] INFO: BTC_TICK 21:25:01.000 (local 21:25:02.090) $62,823.58 [+1.000s after 21:25:00]
2026-07-06 04:25:02 [btc_live] INFO: BTC_TICK 21:25:02.000 (local 21:25:02.793) $62,821.79 [+2.000s after 21:25:00]
2026-07-06 04:25:04 [btc_live] INFO: BTC_TICK 21:25:03.000 (local 21:25:04.333) $62,825.19 [+3.000s after 21:25:00]
2026-07-06 04:25:05 [btc_live] INFO: BTC_TICK 21:25:04.000 (local 21:25:05.057) $62,825.93 [+4.000s after 21:25:00]
2026-07-06 04:25:06 [btc_live] INFO: BTC_TICK 21:25:05.000 (local 21:25:06.393) $62,826.18 [+5.000s after 21:25:00]
2026-07-06 04:25:10 [btc_live] INFO: WebSocket closed gracefully (code 1000)
2026-07-06 04:25:15 [btc_live] INFO: Market tokens assigned:
2026-07-06 04:25:15 [btc_live] INFO:   Slug: btc-updown-5m-1783286700
2026-07-06 04:25:15 [btc_live] INFO:   End Time: 2026-07-05T21:30:00Z (timestamp: 1783287000.0)
2026-07-06 04:25:15 [btc_live] INFO:   UP token: 1057127160691314807663768506591610189762...
2026-07-06 04:25:15 [btc_live] INFO:   DOWN token: 5385373597395398419028914471584141770324...
2026-07-06 04:25:16 [btc_live] INFO: WebSocket subscribing to tokens:
2026-07-06 04:25:16 [btc_live] INFO:   UP: 1057127160691314807663768506591610189762...
2026-07-06 04:25:16 [btc_live] INFO:   DOWN: 5385373597395398419028914471584141770324...
2026-07-06 04:25:16 [btc_live] INFO: Tokens validated: UP=0.59, DOWN=0.40, sum=0.99
2026-07-06 04:29:45 [btc_live] INFO: BTC_TICK 21:29:45.000 (local 21:29:45.780) $62,870.60 [-15.000s before 21:30:00]
2026-07-06 04:29:46 [btc_live] INFO: BTC_TICK 21:29:46.000 (local 21:29:46.902) $62,870.51 [-14.000s before 21:30:00]
2026-07-06 04:29:48 [btc_live] INFO: BTC_TICK 21:29:47.000 (local 21:29:48.032) $62,865.58 [-13.000s before 21:30:00]
2026-07-06 04:29:48 [btc_live] INFO: BTC_TICK 21:29:48.000 (local 21:29:48.974) $62,863.73 [-12.000s before 21:30:00]
2026-07-06 04:29:50 [btc_live] INFO: BTC_TICK 21:29:49.000 (local 21:29:50.004) $62,863.83 [-11.000s before 21:30:00]
2026-07-06 04:29:50 [btc_live] INFO: BTC_TICK 21:29:50.000 (local 21:29:50.520) $62,863.61 [-10.000s before 21:30:00]
2026-07-06 04:29:51 [btc_live] INFO: BTC_TICK 21:29:51.000 (local 21:29:51.838) $62,863.41 [-9.000s before 21:30:00]
2026-07-06 04:29:52 [btc_live] INFO: BTC_TICK 21:29:52.000 (local 21:29:52.884) $62,863.99 [-8.000s before 21:30:00]
2026-07-06 04:29:54 [btc_live] INFO: BTC_TICK 21:29:53.000 (local 21:29:54.064) $62,864.30 [-7.000s before 21:30:00]
2026-07-06 04:29:54 [btc_live] INFO: BTC_TICK 21:29:54.000 (local 21:29:54.547) $62,863.71 [-6.000s before 21:30:00]
2026-07-06 04:29:55 [btc_live] INFO: BTC_TICK 21:29:55.000 (local 21:29:55.642) $62,863.71 [-5.000s before 21:30:00]
2026-07-06 04:29:56 [btc_live] INFO: BTC_TICK 21:29:56.000 (local 21:29:56.791) $62,863.32 [-4.000s before 21:30:00]
2026-07-06 04:29:58 [btc_live] INFO: BTC_TICK 21:29:57.000 (local 21:29:58.126) $62,863.27 [-3.000s before 21:30:00]
2026-07-06 04:29:58 [btc_live] INFO: BTC_TICK 21:29:58.000 (local 21:29:58.641) $62,863.14 [-2.000s before 21:30:00]
2026-07-06 04:29:59 [btc_live] INFO: BTC_TICK 21:29:59.000 (local 21:29:59.776) $62,863.11 [-1.000s before 21:30:00]
2026-07-06 04:30:00 [btc_live] INFO: BTC_TICK 21:30:00.000 (local 21:30:00.606) $62,863.30 [+0.000s after 21:30:00]
2026-07-06 04:30:00 [btc_live] INFO: BTC anchor reset: $62,863.30 (boundary 21:30:00, first tick at 21:30:00.000, delay 0ms, prev anchor $62,824.06)
2026-07-06 04:30:01 [btc_live] INFO: BTC_TICK 21:30:01.000 (local 21:30:01.472) $62,863.14 [+1.000s after 21:30:00]
2026-07-06 04:30:02 [btc_live] INFO: BTC_TICK 21:30:02.000 (local 21:30:02.585) $62,864.50 [+2.000s after 21:30:00]
2026-07-06 04:30:03 [btc_live] INFO: BTC_TICK 21:30:03.000 (local 21:30:03.531) $62,864.98 [+3.000s after 21:30:00]
2026-07-06 04:30:04 [btc_live] INFO: BTC_TICK 21:30:04.000 (local 21:30:04.640) $62,866.16 [+4.000s after 21:30:00]
2026-07-06 04:30:05 [btc_live] INFO: BTC_TICK 21:30:05.000 (local 21:30:05.891) $62,866.55 [+5.000s after 21:30:00]
2026-07-06 04:30:10 [btc_live] INFO: WebSocket closed gracefully (code 1000)
2026-07-06 04:30:15 [btc_live] INFO: Market tokens assigned:
2026-07-06 04:30:15 [btc_live] INFO:   Slug: btc-updown-5m-1783287000
2026-07-06 04:30:15 [btc_live] INFO:   End Time: 2026-07-05T21:35:00Z (timestamp: 1783287300.0)
2026-07-06 04:30:15 [btc_live] INFO:   UP token: 1283076265374478471872524834551571770392...
2026-07-06 04:30:15 [btc_live] INFO:   DOWN token: 1401088407488317462378112076239966555975...
2026-07-06 04:30:16 [btc_live] INFO: WebSocket subscribing to tokens:
2026-07-06 04:30:16 [btc_live] INFO:   UP: 1283076265374478471872524834551571770392...
2026-07-06 04:30:16 [btc_live] INFO:   DOWN: 1401088407488317462378112076239966555975...
2026-07-06 04:30:16 [btc_live] INFO: Tokens validated: UP=0.50, DOWN=0.49, sum=0.99
2026-07-06 04:34:45 [btc_live] INFO: BTC_TICK 21:34:45.000 (local 21:34:45.743) $62,863.27 [-15.000s before 21:35:00]
2026-07-06 04:34:46 [btc_live] INFO: BTC_TICK 21:34:46.000 (local 21:34:46.981) $62,862.87 [-14.000s before 21:35:00]
2026-07-06 04:34:47 [btc_live] INFO: BTC_TICK 21:34:47.000 (local 21:34:47.920) $62,862.87 [-13.000s before 21:35:00]
2026-07-06 04:34:48 [btc_live] INFO: BTC_TICK 21:34:48.000 (local 21:34:48.965) $62,862.73 [-12.000s before 21:35:00]
2026-07-06 04:34:50 [btc_live] INFO: BTC_TICK 21:34:49.000 (local 21:34:50.085) $62,862.73 [-11.000s before 21:35:00]
2026-07-06 04:34:51 [btc_live] INFO: BTC_TICK 21:34:50.000 (local 21:34:51.048) $62,862.29 [-10.000s before 21:35:00]
2026-07-06 04:34:51 [btc_live] INFO: BTC_TICK 21:34:51.000 (local 21:34:51.570) $62,861.46 [-9.000s before 21:35:00]
2026-07-06 04:34:52 [btc_live] INFO: BTC_TICK 21:34:52.000 (local 21:34:52.431) $62,861.11 [-8.000s before 21:35:00]
2026-07-06 04:34:53 [btc_live] INFO: BTC_TICK 21:34:53.000 (local 21:34:53.521) $62,859.47 [-7.000s before 21:35:00]
2026-07-06 04:34:55 [btc_live] INFO: BTC_TICK 21:34:54.000 (local 21:34:55.610) $62,857.50 [-6.000s before 21:35:00]
2026-07-06 04:34:56 [btc_live] INFO: BTC_TICK 21:34:55.000 (local 21:34:56.086) $62,857.48 [-5.000s before 21:35:00]
2026-07-06 04:34:56 [btc_live] INFO: BTC_TICK 21:34:56.000 (local 21:34:56.637) $62,857.48 [-4.000s before 21:35:00]
2026-07-06 04:34:57 [btc_live] INFO: BTC_TICK 21:34:57.000 (local 21:34:57.699) $62,857.21 [-3.000s before 21:35:00]
2026-07-06 04:34:58 [btc_live] INFO: BTC_TICK 21:34:58.000 (local 21:34:58.730) $62,856.49 [-2.000s before 21:35:00]
2026-07-06 04:34:59 [btc_live] INFO: BTC_TICK 21:34:59.000 (local 21:34:59.778) $62,855.09 [-1.000s before 21:35:00]
2026-07-06 04:35:02 [btc_live] INFO: BTC_TICK 21:35:01.000 (local 21:35:02.065) $62,855.28 [+1.000s after 21:35:00]
2026-07-06 04:35:02 [btc_live] INFO: BTC anchor reset: $62,855.28 (boundary 21:35:00, first tick at 21:35:01.000, delay 1000ms, prev anchor $62,863.30)
2026-07-06 04:35:02 [btc_live] INFO: BTC_TICK 21:35:02.000 (local 21:35:02.646) $62,861.28 [+2.000s after 21:35:00]
2026-07-06 04:35:03 [btc_live] INFO: BTC_TICK 21:35:03.000 (local 21:35:03.778) $62,862.63 [+3.000s after 21:35:00]
2026-07-06 04:35:05 [btc_live] INFO: BTC_TICK 21:35:04.000 (local 21:35:05.088) $62,863.10 [+4.000s after 21:35:00]
2026-07-06 04:35:06 [btc_live] INFO: BTC_TICK 21:35:05.000 (local 21:35:06.431) $62,863.28 [+5.000s after 21:35:00]
2026-07-06 04:35:10 [btc_live] INFO: WebSocket closed gracefully (code 1000)
2026-07-06 04:35:15 [btc_live] INFO: Market tokens assigned:
2026-07-06 04:35:15 [btc_live] INFO:   Slug: btc-updown-5m-1783287300
2026-07-06 04:35:15 [btc_live] INFO:   End Time: 2026-07-05T21:40:00Z (timestamp: 1783287600.0)
2026-07-06 04:35:15 [btc_live] INFO:   UP token: 8706276980849338623628599042123164773910...
2026-07-06 04:35:15 [btc_live] INFO:   DOWN token: 2077252484981231832320366606704005699249...
2026-07-06 04:35:15 [btc_live] INFO: WebSocket subscribing to tokens:
2026-07-06 04:35:15 [btc_live] INFO:   UP: 8706276980849338623628599042123164773910...
2026-07-06 04:35:15 [btc_live] INFO:   DOWN: 2077252484981231832320366606704005699249...
2026-07-06 04:35:16 [btc_live] INFO: Tokens validated: UP=0.51, DOWN=0.48, sum=0.99
2026-07-06 04:39:45 [btc_live] INFO: BTC_TICK 21:39:45.000 (local 21:39:45.842) $62,867.65 [-15.000s before 21:40:00]
2026-07-06 04:39:46 [btc_live] INFO: BTC_TICK 21:39:46.000 (local 21:39:46.832) $62,867.50 [-14.000s before 21:40:00]
2026-07-06 04:39:48 [btc_live] INFO: BTC_TICK 21:39:47.000 (local 21:39:48.302) $62,867.33 [-13.000s before 21:40:00]
2026-07-06 04:39:48 [btc_live] INFO: BTC_TICK 21:39:48.000 (local 21:39:48.917) $62,867.33 [-12.000s before 21:40:00]
2026-07-06 04:39:49 [btc_live] INFO: BTC_TICK 21:39:49.000 (local 21:39:49.551) $62,867.32 [-11.000s before 21:40:00]
2026-07-06 04:39:50 [btc_live] INFO: BTC_TICK 21:39:50.000 (local 21:39:50.644) $62,867.32 [-10.000s before 21:40:00]
2026-07-06 04:39:51 [btc_live] INFO: BTC_TICK 21:39:51.000 (local 21:39:51.720) $62,868.98 [-9.000s before 21:40:00]
2026-07-06 04:39:53 [btc_live] INFO: BTC_TICK 21:39:52.000 (local 21:39:53.072) $62,871.62 [-8.000s before 21:40:00]
2026-07-06 04:39:54 [btc_live] INFO: BTC_TICK 21:39:53.000 (local 21:39:54.383) $62,872.72 [-7.000s before 21:40:00]
2026-07-06 04:39:54 [btc_live] INFO: BTC_TICK 21:39:54.000 (local 21:39:54.764) $62,872.82 [-6.000s before 21:40:00]
2026-07-06 04:39:55 [btc_live] INFO: BTC_TICK 21:39:55.000 (local 21:39:55.941) $62,874.69 [-5.000s before 21:40:00]
2026-07-06 04:39:56 [btc_live] INFO: BTC_TICK 21:39:56.000 (local 21:39:56.879) $62,875.19 [-4.000s before 21:40:00]
2026-07-06 04:39:58 [btc_live] INFO: BTC_TICK 21:39:57.000 (local 21:39:58.191) $62,874.79 [-3.000s before 21:40:00]
2026-07-06 04:39:59 [btc_live] INFO: BTC_TICK 21:39:58.000 (local 21:39:59.136) $62,874.86 [-2.000s before 21:40:00]
2026-07-06 04:39:59 [btc_live] INFO: BTC_TICK 21:39:59.000 (local 21:39:59.627) $62,875.16 [-1.000s before 21:40:00]
2026-07-06 04:40:00 [btc_live] INFO: BTC_TICK 21:40:00.000 (local 21:40:00.870) $62,875.18 [+0.000s after 21:40:00]
2026-07-06 04:40:00 [btc_live] INFO: BTC anchor reset: $62,875.18 (boundary 21:40:00, first tick at 21:40:00.000, delay 0ms, prev anchor $62,855.28)
2026-07-06 04:40:02 [btc_live] INFO: BTC_TICK 21:40:01.000 (local 21:40:02.177) $62,875.09 [+1.000s after 21:40:00]
2026-07-06 04:40:03 [btc_live] INFO: BTC_TICK 21:40:02.000 (local 21:40:03.116) $62,875.07 [+2.000s after 21:40:00]
2026-07-06 04:40:04 [btc_live] INFO: BTC_TICK 21:40:03.000 (local 21:40:04.117) $62,877.65 [+3.000s after 21:40:00]
2026-07-06 04:40:05 [btc_live] INFO: BTC_TICK 21:40:04.000 (local 21:40:05.651) $62,882.70 [+4.000s after 21:40:00]
2026-07-06 04:40:07 [btc_live] INFO: BTC_TICK 21:40:05.000 (local 21:40:07.024) $62,876.25 [+5.000s after 21:40:00]
2026-07-06 04:40:10 [btc_live] INFO: WebSocket closed gracefully (code 1000)
2026-07-06 04:40:15 [btc_live] INFO: Market tokens assigned:
2026-07-06 04:40:15 [btc_live] INFO:   Slug: btc-updown-5m-1783287600
2026-07-06 04:40:15 [btc_live] INFO:   End Time: 2026-07-05T21:45:00Z (timestamp: 1783287900.0)
2026-07-06 04:40:15 [btc_live] INFO:   UP token: 7260215812668222823069109520086124918231...
2026-07-06 04:40:15 [btc_live] INFO:   DOWN token: 2284503569438597053468798865856447433978...
2026-07-06 04:40:16 [btc_live] INFO: WebSocket subscribing to tokens:
2026-07-06 04:40:16 [btc_live] INFO:   UP: 7260215812668222823069109520086124918231...
2026-07-06 04:40:16 [btc_live] INFO:   DOWN: 2284503569438597053468798865856447433978...
2026-07-06 04:40:16 [btc_live] INFO: Tokens validated: UP=0.40, DOWN=0.59, sum=0.99
2026-07-06 04:44:47 [btc_live] INFO: BTC_TICK 21:44:46.000 (local 21:44:47.007) $62,968.49 [-14.000s before 21:45:00]
2026-07-06 04:44:48 [btc_live] INFO: BTC_TICK 21:44:47.000 (local 21:44:48.164) $62,967.72 [-13.000s before 21:45:00]
2026-07-06 04:44:48 [btc_live] INFO: BTC_TICK 21:44:48.000 (local 21:44:48.644) $62,966.49 [-12.000s before 21:45:00]
2026-07-06 04:44:51 [btc_live] INFO: BTC_TICK 21:44:50.000 (local 21:44:51.225) $62,967.42 [-10.000s before 21:45:00]
2026-07-06 04:44:52 [btc_live] INFO: BTC_TICK 21:44:51.000 (local 21:44:52.569) $62,968.83 [-9.000s before 21:45:00]
2026-07-06 04:44:55 [btc_live] INFO: BTC_TICK 21:44:54.000 (local 21:44:55.293) $62,966.64 [-6.000s before 21:45:00]
2026-07-06 04:44:56 [btc_live] INFO: BTC_TICK 21:44:55.000 (local 21:44:56.830) $62,968.98 [-5.000s before 21:45:00]
2026-07-06 04:44:57 [btc_live] INFO: BTC_TICK 21:44:56.000 (local 21:44:57.258) $62,969.64 [-4.000s before 21:45:00]
2026-07-06 04:44:58 [btc_live] INFO: BTC_TICK 21:44:57.000 (local 21:44:58.397) $62,969.56 [-3.000s before 21:45:00]
2026-07-06 04:44:59 [btc_live] INFO: BTC_TICK 21:44:58.000 (local 21:44:59.111) $62,968.34 [-2.000s before 21:45:00]
2026-07-06 04:45:00 [btc_live] INFO: BTC_TICK 21:44:59.000 (local 21:45:00.412) $62,966.77 [-1.000s before 21:45:00]
2026-07-06 04:45:01 [btc_live] INFO: BTC_TICK 21:45:00.000 (local 21:45:01.030) $62,966.80 [+0.000s after 21:45:00]
2026-07-06 04:45:01 [btc_live] INFO: BTC anchor reset: $62,966.80 (boundary 21:45:00, first tick at 21:45:00.000, delay 0ms, prev anchor $62,875.18)
2026-07-06 04:45:02 [btc_live] INFO: BTC_TICK 21:45:01.000 (local 21:45:02.175) $62,967.65 [+1.000s after 21:45:00]
2026-07-06 04:45:05 [btc_live] INFO: BTC_TICK 21:45:04.000 (local 21:45:05.207) $62,967.67 [+4.000s after 21:45:00]
2026-07-06 04:45:06 [btc_live] INFO: BTC_TICK 21:45:05.000 (local 21:45:06.640) $62,967.85 [+5.000s after 21:45:00]
2026-07-06 04:45:10 [btc_live] INFO: WebSocket closed gracefully (code 1000)
2026-07-06 04:45:15 [btc_live] INFO: Market tokens assigned:
2026-07-06 04:45:15 [btc_live] INFO:   Slug: btc-updown-5m-1783287900
2026-07-06 04:45:15 [btc_live] INFO:   End Time: 2026-07-05T21:50:00Z (timestamp: 1783288200.0)
2026-07-06 04:45:15 [btc_live] INFO:   UP token: 5938906699646900458722101718206718958097...
2026-07-06 04:45:15 [btc_live] INFO:   DOWN token: 8408992354857674260160258167557303290713...
2026-07-06 04:45:16 [btc_live] INFO: WebSocket subscribing to tokens:
2026-07-06 04:45:16 [btc_live] INFO:   UP: 5938906699646900458722101718206718958097...
2026-07-06 04:45:16 [btc_live] INFO:   DOWN: 8408992354857674260160258167557303290713...
2026-07-06 04:45:16 [btc_live] INFO: Tokens validated: UP=0.45, DOWN=0.54, sum=0.99
2026-07-06 04:49:45 [btc_live] INFO: BTC_TICK 21:49:45.000 (local 21:49:45.828) $62,905.47 [-15.000s before 21:50:00]
2026-07-06 04:49:46 [btc_live] INFO: BTC_TICK 21:49:46.000 (local 21:49:46.864) $62,905.08 [-14.000s before 21:50:00]
2026-07-06 04:49:47 [btc_live] INFO: BTC_TICK 21:49:47.000 (local 21:49:47.666) $62,905.06 [-13.000s before 21:50:00]
2026-07-06 04:49:49 [btc_live] INFO: BTC_TICK 21:49:48.000 (local 21:49:49.311) $62,906.25 [-12.000s before 21:50:00]
2026-07-06 04:49:49 [btc_live] INFO: BTC_TICK 21:49:49.000 (local 21:49:49.872) $62,906.99 [-11.000s before 21:50:00]
2026-07-06 04:49:50 [btc_live] INFO: BTC_TICK 21:49:50.000 (local 21:49:50.882) $62,907.64 [-10.000s before 21:50:00]
2026-07-06 04:49:52 [btc_live] INFO: BTC_TICK 21:49:51.000 (local 21:49:52.053) $62,908.33 [-9.000s before 21:50:00]
2026-07-06 04:49:52 [btc_live] INFO: BTC_TICK 21:49:52.000 (local 21:49:52.518) $62,908.37 [-8.000s before 21:50:00]
2026-07-06 04:49:53 [btc_live] INFO: BTC_TICK 21:49:53.000 (local 21:49:53.648) $62,908.14 [-7.000s before 21:50:00]
2026-07-06 04:49:54 [btc_live] INFO: BTC_TICK 21:49:54.000 (local 21:49:54.847) $62,908.75 [-6.000s before 21:50:00]
2026-07-06 04:49:56 [btc_live] INFO: BTC_TICK 21:49:55.000 (local 21:49:56.119) $62,908.78 [-5.000s before 21:50:00]
2026-07-06 04:49:58 [btc_live] INFO: BTC_TICK 21:49:57.000 (local 21:49:58.146) $62,908.79 [-3.000s before 21:50:00]
2026-07-06 04:49:58 [btc_live] INFO: BTC_TICK 21:49:58.000 (local 21:49:58.577) $62,908.83 [-2.000s before 21:50:00]
2026-07-06 04:49:59 [btc_live] INFO: BTC_TICK 21:49:59.000 (local 21:49:59.777) $62,910.09 [-1.000s before 21:50:00]
2026-07-06 04:50:00 [btc_live] INFO: BTC_TICK 21:50:00.000 (local 21:50:00.984) $62,910.50 [+0.000s after 21:50:00]
2026-07-06 04:50:00 [btc_live] INFO: BTC anchor reset: $62,910.50 (boundary 21:50:00, first tick at 21:50:00.000, delay 0ms, prev anchor $62,966.80)
2026-07-06 04:50:02 [btc_live] INFO: BTC_TICK 21:50:01.000 (local 21:50:02.165) $62,910.80 [+1.000s after 21:50:00]
2026-07-06 04:50:03 [btc_live] INFO: BTC_TICK 21:50:02.000 (local 21:50:03.495) $62,910.83 [+2.000s after 21:50:00]
2026-07-06 04:50:04 [btc_live] INFO: BTC_TICK 21:50:03.000 (local 21:50:04.189) $62,910.84 [+3.000s after 21:50:00]
2026-07-06 04:50:05 [btc_live] INFO: BTC_TICK 21:50:04.000 (local 21:50:05.504) $62,910.47 [+4.000s after 21:50:00]
2026-07-06 04:50:06 [btc_live] INFO: BTC_TICK 21:50:05.000 (local 21:50:06.427) $62,910.47 [+5.000s after 21:50:00]
2026-07-06 04:50:10 [btc_live] INFO: WebSocket closed gracefully (code 1000)
2026-07-06 04:50:15 [btc_live] INFO: Market tokens assigned:
2026-07-06 04:50:15 [btc_live] INFO:   Slug: btc-updown-5m-1783288200
2026-07-06 04:50:15 [btc_live] INFO:   End Time: 2026-07-05T21:55:00Z (timestamp: 1783288500.0)
2026-07-06 04:50:15 [btc_live] INFO:   UP token: 5639257828574895315076558830005125965714...
2026-07-06 04:50:15 [btc_live] INFO:   DOWN token: 4186949863119065692143417350481157186170...
2026-07-06 04:50:15 [btc_live] INFO: WebSocket subscribing to tokens:
2026-07-06 04:50:15 [btc_live] INFO:   UP: 5639257828574895315076558830005125965714...
2026-07-06 04:50:15 [btc_live] INFO:   DOWN: 4186949863119065692143417350481157186170...
2026-07-06 04:50:16 [btc_live] INFO: Tokens validated: UP=0.56, DOWN=0.43, sum=0.99
2026-07-06 04:54:46 [btc_live] INFO: BTC_TICK 21:54:45.000 (local 21:54:46.595) $62,911.90 [-15.000s before 21:55:00]
2026-07-06 04:54:47 [btc_live] INFO: BTC_TICK 21:54:46.000 (local 21:54:47.559) $62,911.93 [-14.000s before 21:55:00]
2026-07-06 04:54:48 [btc_live] INFO: BTC_TICK 21:54:47.000 (local 21:54:48.462) $62,912.08 [-13.000s before 21:55:00]
2026-07-06 04:54:49 [btc_live] INFO: BTC_TICK 21:54:48.000 (local 21:54:49.138) $62,911.99 [-12.000s before 21:55:00]
2026-07-06 04:54:50 [btc_live] INFO: BTC_TICK 21:54:50.000 (local 21:54:50.512) $62,939.71 [-10.000s before 21:55:00]
2026-07-06 04:54:52 [btc_live] INFO: BTC_TICK 21:54:52.000 (local 21:54:52.676) $62,991.81 [-8.000s before 21:55:00]
2026-07-06 04:54:54 [btc_live] INFO: BTC_TICK 21:54:53.000 (local 21:54:54.377) $62,995.04 [-7.000s before 21:55:00]
2026-07-06 04:54:54 [btc_live] INFO: BTC_TICK 21:54:49.000 (local 21:54:54.378) $62,912.00 [-11.000s before 21:55:00]
2026-07-06 04:54:57 [btc_live] INFO: BTC_TICK 21:54:54.000 (local 21:54:57.481) $63,001.97 [-6.000s before 21:55:00]
2026-07-06 04:55:00 [btc_live] INFO: BTC_TICK 21:54:55.000 (local 21:55:00.867) $63,004.90 [-5.000s before 21:55:00]
2026-07-06 04:55:01 [btc_live] INFO: BTC_TICK 21:54:56.000 (local 21:55:01.725) $63,006.13 [-4.000s before 21:55:00]
2026-07-06 04:55:03 [btc_live] INFO: BTC_TICK 21:54:58.000 (local 21:55:03.474) $63,006.07 [-2.000s before 21:55:00]
2026-07-06 04:55:05 [btc_live] INFO: BTC_TICK 21:55:00.000 (local 21:55:05.525) $62,995.78 [+0.000s after 21:55:00]
2026-07-06 04:55:05 [btc_live] INFO: BTC anchor reset: $62,995.78 (boundary 21:55:00, first tick at 21:55:00.000, delay 0ms, prev anchor $62,910.50)
2026-07-06 04:55:09 [btc_live] INFO: BTC_TICK 21:55:04.000 (local 21:55:09.597) $62,992.03 [+4.000s after 21:55:00]
2026-07-06 04:55:09 [btc_live] INFO: BTC_TICK 21:55:03.000 (local 21:55:09.655) $62,992.17 [+3.000s after 21:55:00]
2026-07-06 04:55:10 [btc_live] INFO: WebSocket closed gracefully (code 1000)
2026-07-06 04:55:10 [btc_live] INFO: BTC_TICK 21:55:05.000 (local 21:55:10.883) $62,991.43 [+5.000s after 21:55:00]
2026-07-06 04:55:15 [btc_live] INFO: Market tokens assigned:
2026-07-06 04:55:15 [btc_live] INFO:   Slug: btc-updown-5m-1783288500
2026-07-06 04:55:15 [btc_live] INFO:   End Time: 2026-07-05T22:00:00Z (timestamp: 1783288800.0)
2026-07-06 04:55:15 [btc_live] INFO:   UP token: 1349499779975511912390909517292272075391...
2026-07-06 04:55:15 [btc_live] INFO:   DOWN token: 9365462936870850201274458729356763304413...
2026-07-06 04:55:15 [btc_live] INFO: WebSocket subscribing to tokens:
2026-07-06 04:55:15 [btc_live] INFO:   UP: 1349499779975511912390909517292272075391...
2026-07-06 04:55:15 [btc_live] INFO:   DOWN: 9365462936870850201274458729356763304413...
2026-07-06 04:55:16 [btc_live] INFO: Tokens validated: UP=0.80, DOWN=0.18, sum=0.98
2026-07-06 04:59:45 [btc_live] INFO: BTC_TICK 21:59:45.000 (local 21:59:45.649) $63,061.07 [-15.000s before 22:00:00]
2026-07-06 04:59:46 [btc_live] INFO: BTC_TICK 21:59:46.000 (local 21:59:46.622) $63,061.61 [-14.000s before 22:00:00]
2026-07-06 04:59:47 [btc_live] INFO: BTC_TICK 21:59:47.000 (local 21:59:47.701) $63,061.37 [-13.000s before 22:00:00]
2026-07-06 04:59:48 [btc_live] INFO: BTC_TICK 21:59:48.000 (local 21:59:48.548) $63,060.61 [-12.000s before 22:00:00]
2026-07-06 04:59:49 [btc_live] INFO: BTC_TICK 21:59:49.000 (local 21:59:49.562) $63,058.96 [-11.000s before 22:00:00]
2026-07-06 04:59:50 [btc_live] INFO: BTC_TICK 21:59:50.000 (local 21:59:50.792) $63,057.81 [-10.000s before 22:00:00]
2026-07-06 04:59:51 [btc_live] INFO: BTC_TICK 21:59:51.000 (local 21:59:51.714) $63,056.76 [-9.000s before 22:00:00]
2026-07-06 04:59:52 [btc_live] INFO: BTC_TICK 21:59:52.000 (local 21:59:52.800) $63,052.15 [-8.000s before 22:00:00]
2026-07-06 04:59:54 [btc_live] INFO: BTC_TICK 21:59:53.000 (local 21:59:54.297) $63,050.63 [-7.000s before 22:00:00]
2026-07-06 04:59:55 [btc_live] INFO: BTC_TICK 21:59:54.000 (local 21:59:55.471) $63,047.92 [-6.000s before 22:00:00]
2026-07-06 04:59:55 [btc_live] INFO: BTC_TICK 21:59:55.000 (local 21:59:55.595) $63,040.36 [-5.000s before 22:00:00]
2026-07-06 04:59:56 [btc_live] INFO: BTC_TICK 21:59:56.000 (local 21:59:56.911) $63,039.39 [-4.000s before 22:00:00]
2026-07-06 04:59:57 [btc_live] INFO: BTC_TICK 21:59:57.000 (local 21:59:57.606) $63,034.85 [-3.000s before 22:00:00]
2026-07-06 04:59:58 [btc_live] INFO: BTC_TICK 21:59:58.000 (local 21:59:58.681) $63,035.71 [-2.000s before 22:00:00]
2026-07-06 04:59:59 [btc_live] INFO: BTC_TICK 21:59:59.000 (local 21:59:59.872) $63,035.80 [-1.000s before 22:00:00]
2026-07-06 05:00:01 [btc_live] INFO: BTC_TICK 22:00:00.000 (local 22:00:01.118) $63,036.86 [+0.000s after 22:00:00]
2026-07-06 05:00:01 [btc_live] INFO: BTC anchor reset: $63,036.86 (boundary 22:00:00, first tick at 22:00:00.000, delay 0ms, prev anchor $62,995.78)
2026-07-06 05:00:02 [btc_live] INFO: BTC_TICK 22:00:01.000 (local 22:00:02.069) $63,037.17 [+1.000s after 22:00:00]
2026-07-06 05:00:02 [btc_live] INFO: BTC_TICK 22:00:02.000 (local 22:00:02.754) $63,043.18 [+2.000s after 22:00:00]
2026-07-06 05:00:03 [btc_live] INFO: BTC_TICK 22:00:03.000 (local 22:00:03.743) $63,043.18 [+3.000s after 22:00:00]
2026-07-06 05:00:05 [btc_live] INFO: BTC_TICK 22:00:04.000 (local 22:00:05.017) $63,030.53 [+4.000s after 22:00:00]
2026-07-06 05:00:05 [btc_live] INFO: BTC_TICK 22:00:05.000 (local 22:00:05.614) $63,025.78 [+5.000s after 22:00:00]
2026-07-06 05:00:10 [btc_live] INFO: WebSocket closed gracefully (code 1000)
2026-07-06 05:00:15 [btc_live] INFO: Market tokens assigned:
2026-07-06 05:00:15 [btc_live] INFO:   Slug: btc-updown-5m-1783288800
2026-07-06 05:00:15 [btc_live] INFO:   End Time: 2026-07-05T22:05:00Z (timestamp: 1783289100.0)
2026-07-06 05:00:15 [btc_live] INFO:   UP token: 5323000791432443438372343216065676840146...
2026-07-06 05:00:15 [btc_live] INFO:   DOWN token: 6033652113786172556861975925670813880612...
2026-07-06 05:00:16 [btc_live] INFO: WebSocket subscribing to tokens:
2026-07-06 05:00:16 [btc_live] INFO:   UP: 5323000791432443438372343216065676840146...
2026-07-06 05:00:16 [btc_live] INFO:   DOWN: 6033652113786172556861975925670813880612...
2026-07-06 05:00:16 [btc_live] INFO: Tokens validated: UP=0.30, DOWN=0.69, sum=0.99
2026-07-06 05:04:50 [btc_live] INFO: BTC_TICK 22:04:45.000 (local 22:04:50.560) $62,988.09 [-15.000s before 22:05:00]
2026-07-06 05:04:51 [btc_live] INFO: BTC_TICK 22:04:46.000 (local 22:04:51.053) $62,988.87 [-14.000s before 22:05:00]
2026-07-06 05:04:52 [btc_live] INFO: BTC_TICK 22:04:47.000 (local 22:04:52.503) $62,982.92 [-13.000s before 22:05:00]
2026-07-06 05:04:53 [btc_live] INFO: BTC_TICK 22:04:48.000 (local 22:04:53.160) $62,982.37 [-12.000s before 22:05:00]
2026-07-06 05:04:54 [btc_live] INFO: BTC_TICK 22:04:49.000 (local 22:04:54.180) $62,983.44 [-11.000s before 22:05:00]
2026-07-06 05:04:55 [btc_live] INFO: BTC_TICK 22:04:50.000 (local 22:04:55.400) $62,990.26 [-10.000s before 22:05:00]
2026-07-06 05:04:56 [btc_live] INFO: BTC_TICK 22:04:51.000 (local 22:04:56.281) $62,992.69 [-9.000s before 22:05:00]
2026-07-06 05:04:56 [btc_live] INFO: BTC_TICK 22:04:52.000 (local 22:04:56.902) $62,994.59 [-8.000s before 22:05:00]
2026-07-06 05:04:57 [btc_live] INFO: BTC_TICK 22:04:53.000 (local 22:04:57.118) $62,996.05 [-7.000s before 22:05:00]
2026-07-06 05:04:57 [btc_live] INFO: BTC_TICK 22:04:54.000 (local 22:04:57.875) $62,997.56 [-6.000s before 22:05:00]
2026-07-06 05:04:58 [btc_live] INFO: BTC_TICK 22:04:55.000 (local 22:04:58.275) $62,994.76 [-5.000s before 22:05:00]
2026-07-06 05:04:59 [btc_live] INFO: BTC_TICK 22:04:56.000 (local 22:04:59.138) $62,994.07 [-4.000s before 22:05:00]
2026-07-06 05:04:59 [btc_live] INFO: BTC_TICK 22:04:57.000 (local 22:04:59.322) $62,993.43 [-3.000s before 22:05:00]
2026-07-06 05:04:59 [btc_live] INFO: BTC_TICK 22:04:58.000 (local 22:04:59.892) $62,996.59 [-2.000s before 22:05:00]
2026-07-06 05:05:00 [btc_live] INFO: WebSocket closed gracefully (code 1000)
2026-07-06 05:05:00 [btc_live] INFO: BTC_TICK 22:04:59.000 (local 22:05:00.535) $62,999.40 [-1.000s before 22:05:00]
2026-07-06 05:05:01 [btc_live] INFO: BTC_TICK 22:05:00.000 (local 22:05:01.031) $62,996.75 [+0.000s after 22:05:00]
2026-07-06 05:05:01 [btc_live] INFO: BTC anchor reset: $62,996.75 (boundary 22:05:00, first tick at 22:05:00.000, delay 0ms, prev anchor $63,036.86)
2026-07-06 05:05:01 [btc_live] INFO: BTC_TICK 22:05:01.000 (local 22:05:01.871) $63,007.04 [+1.000s after 22:05:00]
2026-07-06 05:05:02 [btc_live] INFO: BTC_TICK 22:05:02.000 (local 22:05:02.786) $63,008.46 [+2.000s after 22:05:00]
2026-07-06 05:05:04 [btc_live] INFO: BTC_TICK 22:05:03.000 (local 22:05:04.032) $63,010.31 [+3.000s after 22:05:00]
2026-07-06 05:05:04 [btc_live] INFO: BTC_TICK 22:05:04.000 (local 22:05:04.752) $63,010.02 [+4.000s after 22:05:00]
2026-07-06 05:05:05 [btc_live] INFO: Market tokens assigned:
2026-07-06 05:05:05 [btc_live] INFO:   Slug: btc-updown-5m-1783289100
2026-07-06 05:05:05 [btc_live] INFO:   End Time: 2026-07-05T22:10:00Z (timestamp: 1783289400.0)
2026-07-06 05:05:05 [btc_live] INFO:   UP token: 5669261772081566432266218965182808524091...
2026-07-06 05:05:05 [btc_live] INFO:   DOWN token: 3698575260149584373652588953469816612374...
2026-07-06 05:05:05 [btc_live] INFO: BTC_TICK 22:05:05.000 (local 22:05:05.930) $63,010.61 [+5.000s after 22:05:00]
2026-07-06 05:05:06 [btc_live] INFO: WebSocket subscribing to tokens:
2026-07-06 05:05:06 [btc_live] INFO:   UP: 5669261772081566432266218965182808524091...
2026-07-06 05:05:06 [btc_live] INFO:   DOWN: 3698575260149584373652588953469816612374...
2026-07-06 05:05:06 [btc_live] INFO: Tokens validated: UP=0.47, DOWN=0.52, sum=0.99
2026-07-06 05:09:45 [btc_live] INFO: BTC_TICK 22:09:45.000 (local 22:09:45.719) $62,994.33 [-15.000s before 22:10:00]
2026-07-06 05:09:47 [btc_live] INFO: BTC_TICK 22:09:46.000 (local 22:09:47.503) $62,994.40 [-14.000s before 22:10:00]
2026-07-06 05:09:48 [btc_live] INFO: BTC_TICK 22:09:47.000 (local 22:09:48.287) $62,994.44 [-13.000s before 22:10:00]
2026-07-06 05:09:49 [btc_live] INFO: BTC_TICK 22:09:48.000 (local 22:09:49.048) $62,994.35 [-12.000s before 22:10:00]
2026-07-06 05:09:49 [btc_live] INFO: BTC_TICK 22:09:49.000 (local 22:09:49.597) $62,994.23 [-11.000s before 22:10:00]
2026-07-06 05:09:50 [btc_live] INFO: BTC_TICK 22:09:50.000 (local 22:09:50.958) $62,993.65 [-10.000s before 22:10:00]
2026-07-06 05:09:51 [btc_live] INFO: BTC_TICK 22:09:51.000 (local 22:09:51.865) $62,993.22 [-9.000s before 22:10:00]
2026-07-06 05:09:53 [btc_live] INFO: BTC_TICK 22:09:52.000 (local 22:09:53.090) $62,992.58 [-8.000s before 22:10:00]
2026-07-06 05:09:53 [btc_live] INFO: BTC_TICK 22:09:53.000 (local 22:09:53.891) $62,992.70 [-7.000s before 22:10:00]
2026-07-06 05:09:54 [btc_live] INFO: BTC_TICK 22:09:54.000 (local 22:09:54.997) $62,992.31 [-6.000s before 22:10:00]
2026-07-06 05:09:55 [btc_live] INFO: BTC_TICK 22:09:55.000 (local 22:09:55.901) $62,992.17 [-5.000s before 22:10:00]
2026-07-06 05:09:56 [btc_live] INFO: BTC_TICK 22:09:56.000 (local 22:09:56.601) $62,992.17 [-4.000s before 22:10:00]
2026-07-06 05:09:58 [btc_live] INFO: BTC_TICK 22:09:57.000 (local 22:09:58.010) $62,992.18 [-3.000s before 22:10:00]
2026-07-06 05:09:59 [btc_live] INFO: BTC_TICK 22:09:58.000 (local 22:09:59.273) $62,991.45 [-2.000s before 22:10:00]
2026-07-06 05:09:59 [btc_live] INFO: BTC_TICK 22:09:59.000 (local 22:09:59.809) $62,991.09 [-1.000s before 22:10:00]
2026-07-06 05:10:01 [btc_live] INFO: BTC_TICK 22:10:00.000 (local 22:10:01.723) $62,991.50 [+0.000s after 22:10:00]
2026-07-06 05:10:01 [btc_live] INFO: BTC anchor reset: $62,991.50 (boundary 22:10:00, first tick at 22:10:00.000, delay 0ms, prev anchor $62,996.75)
2026-07-06 05:10:02 [btc_live] INFO: BTC_TICK 22:10:01.000 (local 22:10:02.476) $62,992.18 [+1.000s after 22:10:00]
2026-07-06 05:10:04 [btc_live] INFO: BTC_TICK 22:10:03.000 (local 22:10:04.206) $62,992.96 [+3.000s after 22:10:00]
2026-07-06 05:10:05 [btc_live] INFO: BTC_TICK 22:10:04.000 (local 22:10:05.515) $62,992.92 [+4.000s after 22:10:00]
2026-07-06 05:10:06 [btc_live] INFO: BTC_TICK 22:10:05.000 (local 22:10:06.435) $62,993.08 [+5.000s after 22:10:00]
2026-07-06 05:10:10 [btc_live] INFO: WebSocket closed gracefully (code 1000)
2026-07-06 05:10:15 [btc_live] INFO: Market tokens assigned:
2026-07-06 05:10:15 [btc_live] INFO:   Slug: btc-updown-5m-1783289400
2026-07-06 05:10:15 [btc_live] INFO:   End Time: 2026-07-05T22:15:00Z (timestamp: 1783289700.0)
2026-07-06 05:10:15 [btc_live] INFO:   UP token: 8538176322234534791541432673299300438245...
2026-07-06 05:10:15 [btc_live] INFO:   DOWN token: 2456131011084205965168633782589704328211...
2026-07-06 05:10:16 [btc_live] INFO: WebSocket subscribing to tokens:
2026-07-06 05:10:16 [btc_live] INFO:   UP: 8538176322234534791541432673299300438245...
2026-07-06 05:10:16 [btc_live] INFO:   DOWN: 2456131011084205965168633782589704328211...
2026-07-06 05:10:16 [btc_live] INFO: Tokens validated: UP=0.63, DOWN=0.36, sum=0.99
2026-07-06 05:14:45 [btc_live] INFO: BTC_TICK 22:14:45.000 (local 22:14:45.854) $63,142.55 [-15.000s before 22:15:00]
2026-07-06 05:14:47 [btc_live] INFO: BTC_TICK 22:14:46.000 (local 22:14:47.264) $63,142.43 [-14.000s before 22:15:00]
2026-07-06 05:14:47 [btc_live] INFO: BTC_TICK 22:14:47.000 (local 22:14:47.792) $63,143.72 [-13.000s before 22:15:00]
2026-07-06 05:14:49 [btc_live] INFO: BTC_TICK 22:14:48.000 (local 22:14:49.025) $63,144.23 [-12.000s before 22:15:00]
2026-07-06 05:14:50 [btc_live] INFO: BTC_TICK 22:14:49.000 (local 22:14:50.128) $63,150.31 [-11.000s before 22:15:00]
2026-07-06 05:14:50 [btc_live] INFO: BTC_TICK 22:14:50.000 (local 22:14:50.578) $63,151.21 [-10.000s before 22:15:00]
2026-07-06 05:14:51 [btc_live] INFO: BTC_TICK 22:14:51.000 (local 22:14:51.738) $63,152.44 [-9.000s before 22:15:00]
2026-07-06 05:14:52 [btc_live] INFO: BTC_TICK 22:14:52.000 (local 22:14:52.854) $63,153.73 [-8.000s before 22:15:00]
2026-07-06 05:14:54 [btc_live] INFO: BTC_TICK 22:14:53.000 (local 22:14:54.110) $63,155.17 [-7.000s before 22:15:00]
2026-07-06 05:14:54 [btc_live] INFO: BTC_TICK 22:14:54.000 (local 22:14:54.621) $63,155.28 [-6.000s before 22:15:00]
2026-07-06 05:14:55 [btc_live] INFO: BTC_TICK 22:14:55.000 (local 22:14:55.802) $63,155.78 [-5.000s before 22:15:00]
2026-07-06 05:14:56 [btc_live] INFO: BTC_TICK 22:14:56.000 (local 22:14:56.818) $63,156.80 [-4.000s before 22:15:00]
2026-07-06 05:14:57 [btc_live] INFO: BTC_TICK 22:14:57.000 (local 22:14:57.951) $63,160.35 [-3.000s before 22:15:00]
2026-07-06 05:14:58 [btc_live] INFO: BTC_TICK 22:14:58.000 (local 22:14:58.868) $63,161.59 [-2.000s before 22:15:00]
2026-07-06 05:15:00 [btc_live] INFO: BTC_TICK 22:14:59.000 (local 22:15:00.199) $63,162.32 [-1.000s before 22:15:00]
2026-07-06 05:15:00 [btc_live] INFO: BTC_TICK 22:15:00.000 (local 22:15:00.630) $63,162.34 [+0.000s after 22:15:00]
2026-07-06 05:15:00 [btc_live] INFO: BTC anchor reset: $63,162.34 (boundary 22:15:00, first tick at 22:15:00.000, delay 0ms, prev anchor $62,991.50)
2026-07-06 05:15:01 [btc_live] INFO: BTC_TICK 22:15:01.000 (local 22:15:01.814) $63,162.93 [+1.000s after 22:15:00]
2026-07-06 05:15:02 [btc_live] INFO: BTC_TICK 22:15:02.000 (local 22:15:02.995) $63,165.03 [+2.000s after 22:15:00]
2026-07-06 05:15:03 [btc_live] INFO: BTC_TICK 22:15:03.000 (local 22:15:03.861) $63,165.48 [+3.000s after 22:15:00]
2026-07-06 05:15:04 [btc_live] INFO: BTC_TICK 22:15:04.000 (local 22:15:04.799) $63,166.00 [+4.000s after 22:15:00]
2026-07-06 05:15:05 [btc_live] INFO: BTC_TICK 22:15:05.000 (local 22:15:05.566) $63,164.49 [+5.000s after 22:15:00]
2026-07-06 05:15:10 [btc_live] INFO: WebSocket closed gracefully (code 1000)
2026-07-06 05:15:15 [btc_live] INFO: Market tokens assigned:
2026-07-06 05:15:15 [btc_live] INFO:   Slug: btc-updown-5m-1783289700
2026-07-06 05:15:15 [btc_live] INFO:   End Time: 2026-07-05T22:20:00Z (timestamp: 1783290000.0)
2026-07-06 05:15:15 [btc_live] INFO:   UP token: 5769821558613792729239603732713012068324...
2026-07-06 05:15:15 [btc_live] INFO:   DOWN token: 8052589762567336961232160827622394575171...
2026-07-06 05:15:16 [btc_live] INFO: WebSocket subscribing to tokens:
2026-07-06 05:15:16 [btc_live] INFO:   UP: 5769821558613792729239603732713012068324...
2026-07-06 05:15:16 [btc_live] INFO:   DOWN: 8052589762567336961232160827622394575171...
2026-07-06 05:15:16 [btc_live] INFO: Tokens validated: UP=0.44, DOWN=0.55, sum=0.99
2026-07-06 05:16:14 [btc_live] INFO: WebSocket subscribing to tokens:
2026-07-06 05:16:14 [btc_live] INFO:   UP: 5769821558613792729239603732713012068324...
2026-07-06 05:16:14 [btc_live] INFO:   DOWN: 8052589762567336961232160827622394575171...
2026-07-06 05:19:46 [btc_live] INFO: BTC_TICK 22:19:45.000 (local 22:19:46.576) $63,342.81 [-15.000s before 22:20:00]
2026-07-06 05:19:47 [btc_live] INFO: BTC_TICK 22:19:46.000 (local 22:19:47.454) $63,339.97 [-14.000s before 22:20:00]
2026-07-06 05:19:48 [btc_live] INFO: BTC_TICK 22:19:47.000 (local 22:19:48.113) $63,337.03 [-13.000s before 22:20:00]
2026-07-06 05:19:48 [btc_live] INFO: BTC_TICK 22:19:48.000 (local 22:19:48.917) $63,335.51 [-12.000s before 22:20:00]
2026-07-06 05:19:50 [btc_live] INFO: BTC_TICK 22:19:49.000 (local 22:19:50.379) $63,336.29 [-11.000s before 22:20:00]
2026-07-06 05:19:51 [btc_live] INFO: BTC_TICK 22:19:50.000 (local 22:19:51.213) $63,334.82 [-10.000s before 22:20:00]
2026-07-06 05:19:52 [btc_live] INFO: BTC_TICK 22:19:51.000 (local 22:19:52.064) $63,334.77 [-9.000s before 22:20:00]
2026-07-06 05:19:52 [btc_live] INFO: BTC_TICK 22:19:52.000 (local 22:19:52.744) $63,334.50 [-8.000s before 22:20:00]
2026-07-06 05:19:54 [btc_live] INFO: BTC_TICK 22:19:53.000 (local 22:19:54.401) $63,330.96 [-7.000s before 22:20:00]
2026-07-06 05:19:55 [btc_live] INFO: BTC_TICK 22:19:54.000 (local 22:19:55.028) $63,330.25 [-6.000s before 22:20:00]
2026-07-06 05:19:55 [btc_live] INFO: BTC_TICK 22:19:55.000 (local 22:19:55.699) $63,330.30 [-5.000s before 22:20:00]
2026-07-06 05:19:57 [btc_live] INFO: BTC_TICK 22:19:56.000 (local 22:19:57.272) $63,330.30 [-4.000s before 22:20:00]
2026-07-06 05:19:58 [btc_live] INFO: BTC_TICK 22:19:57.000 (local 22:19:58.251) $63,324.96 [-3.000s before 22:20:00]
2026-07-06 05:19:58 [btc_live] INFO: BTC_TICK 22:19:58.000 (local 22:19:58.787) $63,322.45 [-2.000s before 22:20:00]
2026-07-06 05:20:01 [btc_live] INFO: BTC_TICK 22:20:00.000 (local 22:20:01.560) $63,321.96 [+0.000s after 22:20:00]
2026-07-06 05:20:01 [btc_live] INFO: BTC anchor reset: $63,321.96 (boundary 22:20:00, first tick at 22:20:00.000, delay 0ms, prev anchor $63,162.34)
2026-07-06 05:20:02 [btc_live] INFO: BTC_TICK 22:20:01.000 (local 22:20:02.283) $63,322.29 [+1.000s after 22:20:00]
2026-07-06 05:20:03 [btc_live] INFO: BTC_TICK 22:20:02.000 (local 22:20:03.148) $63,322.10 [+2.000s after 22:20:00]
2026-07-06 05:20:04 [btc_live] INFO: BTC_TICK 22:20:03.000 (local 22:20:04.591) $63,321.63 [+3.000s after 22:20:00]
2026-07-06 05:20:05 [btc_live] INFO: BTC_TICK 22:20:04.000 (local 22:20:05.205) $63,318.79 [+4.000s after 22:20:00]
2026-07-06 05:20:06 [btc_live] INFO: BTC_TICK 22:20:05.000 (local 22:20:06.397) $63,317.24 [+5.000s after 22:20:00]
2026-07-06 05:20:10 [btc_live] INFO: WebSocket closed gracefully (code 1000)
2026-07-06 05:20:15 [btc_live] INFO: Market tokens assigned:
2026-07-06 05:20:15 [btc_live] INFO:   Slug: btc-updown-5m-1783290000
2026-07-06 05:20:15 [btc_live] INFO:   End Time: 2026-07-05T22:25:00Z (timestamp: 1783290300.0)
2026-07-06 05:20:15 [btc_live] INFO:   UP token: 1121313195936376363949305864305081295727...
2026-07-06 05:20:15 [btc_live] INFO:   DOWN token: 5759429049297747837376760899719063688936...
2026-07-06 05:20:16 [btc_live] INFO: WebSocket subscribing to tokens:
2026-07-06 05:20:16 [btc_live] INFO:   UP: 1121313195936376363949305864305081295727...
2026-07-06 05:20:16 [btc_live] INFO:   DOWN: 5759429049297747837376760899719063688936...
2026-07-06 05:20:16 [btc_live] INFO: Tokens validated: UP=0.40, DOWN=0.59, sum=0.99
2026-07-06 05:24:45 [btc_live] INFO: BTC_TICK 22:24:45.000 (local 22:24:45.994) $63,497.37 [-15.000s before 22:25:00]
2026-07-06 05:24:46 [btc_live] INFO: BTC_TICK 22:24:46.000 (local 22:24:46.805) $63,497.31 [-14.000s before 22:25:00]
2026-07-06 05:24:48 [btc_live] INFO: BTC_TICK 22:24:47.000 (local 22:24:48.051) $63,498.19 [-13.000s before 22:25:00]
2026-07-06 05:24:48 [btc_live] INFO: BTC_TICK 22:24:48.000 (local 22:24:48.646) $63,498.92 [-12.000s before 22:25:00]
2026-07-06 05:24:50 [btc_live] INFO: BTC_TICK 22:24:49.000 (local 22:24:50.711) $63,496.88 [-11.000s before 22:25:00]
2026-07-06 05:24:51 [btc_live] INFO: BTC_TICK 22:24:50.000 (local 22:24:51.440) $63,496.48 [-10.000s before 22:25:00]
2026-07-06 05:24:52 [btc_live] INFO: BTC_TICK 22:24:51.000 (local 22:24:52.151) $63,502.11 [-9.000s before 22:25:00]
2026-07-06 05:24:53 [btc_live] INFO: BTC_TICK 22:24:52.000 (local 22:24:53.605) $63,503.22 [-8.000s before 22:25:00]
2026-07-06 05:24:54 [btc_live] INFO: BTC_TICK 22:24:53.000 (local 22:24:54.272) $63,497.54 [-7.000s before 22:25:00]
2026-07-06 05:24:54 [btc_live] INFO: BTC_TICK 22:24:54.000 (local 22:24:54.946) $63,496.76 [-6.000s before 22:25:00]
2026-07-06 05:24:56 [btc_live] INFO: BTC_TICK 22:24:55.000 (local 22:24:56.040) $63,495.79 [-5.000s before 22:25:00]
2026-07-06 05:24:57 [btc_live] INFO: BTC_TICK 22:24:56.000 (local 22:24:57.096) $63,494.90 [-4.000s before 22:25:00]
2026-07-06 05:24:57 [btc_live] INFO: BTC_TICK 22:24:57.000 (local 22:24:57.823) $63,494.74 [-3.000s before 22:25:00]
2026-07-06 05:24:58 [btc_live] INFO: BTC_TICK 22:24:58.000 (local 22:24:58.935) $63,494.96 [-2.000s before 22:25:00]
2026-07-06 05:25:00 [btc_live] INFO: BTC_TICK 22:24:59.000 (local 22:25:00.304) $63,494.94 [-1.000s before 22:25:00]
2026-07-06 05:25:00 [btc_live] INFO: WebSocket closed gracefully (code 1000)
2026-07-06 05:25:00 [btc_live] INFO: BTC_TICK 22:25:00.000 (local 22:25:00.854) $63,494.94 [+0.000s after 22:25:00]
2026-07-06 05:25:00 [btc_live] INFO: BTC anchor reset: $63,494.94 (boundary 22:25:00, first tick at 22:25:00.000, delay 0ms, prev anchor $63,321.96)
2026-07-06 05:25:02 [btc_live] INFO: BTC_TICK 22:25:01.000 (local 22:25:02.038) $63,493.92 [+1.000s after 22:25:00]
2026-07-06 05:25:02 [btc_live] INFO: BTC_TICK 22:25:02.000 (local 22:25:02.768) $63,481.21 [+2.000s after 22:25:00]
2026-07-06 05:25:04 [btc_live] INFO: BTC_TICK 22:25:03.000 (local 22:25:04.002) $63,478.61 [+3.000s after 22:25:00]
2026-07-06 05:25:05 [btc_live] INFO: BTC_TICK 22:25:04.000 (local 22:25:05.436) $63,475.67 [+4.000s after 22:25:00]
2026-07-06 05:25:05 [btc_live] INFO: Market tokens assigned:
2026-07-06 05:25:05 [btc_live] INFO:   Slug: btc-updown-5m-1783290300
2026-07-06 05:25:05 [btc_live] INFO:   End Time: 2026-07-05T22:30:00Z (timestamp: 1783290600.0)
2026-07-06 05:25:05 [btc_live] INFO:   UP token: 3067280955226014105414702595029411220402...
2026-07-06 05:25:05 [btc_live] INFO:   DOWN token: 1735401950794230894401358752716821068175...
2026-07-06 05:25:05 [btc_live] INFO: BTC_TICK 22:25:05.000 (local 22:25:05.824) $63,468.00 [+5.000s after 22:25:00]
2026-07-06 05:25:06 [btc_live] INFO: WebSocket subscribing to tokens:
2026-07-06 05:25:06 [btc_live] INFO:   UP: 3067280955226014105414702595029411220402...
2026-07-06 05:25:06 [btc_live] INFO:   DOWN: 1735401950794230894401358752716821068175...
2026-07-06 05:25:06 [btc_live] INFO: Tokens validated: UP=0.37, DOWN=0.62, sum=0.99
2026-07-06 05:29:45 [btc_live] INFO: BTC_TICK 22:29:45.000 (local 22:29:45.647) $63,634.72 [-15.000s before 22:30:00]
2026-07-06 05:29:47 [btc_live] INFO: BTC_TICK 22:29:46.000 (local 22:29:47.338) $63,634.96 [-14.000s before 22:30:00]
2026-07-06 05:29:47 [btc_live] INFO: BTC_TICK 22:29:47.000 (local 22:29:47.833) $63,634.75 [-13.000s before 22:30:00]
2026-07-06 05:29:49 [btc_live] INFO: BTC_TICK 22:29:48.000 (local 22:29:49.052) $63,634.62 [-12.000s before 22:30:00]
2026-07-06 05:29:49 [btc_live] INFO: BTC_TICK 22:29:49.000 (local 22:29:49.596) $63,635.26 [-11.000s before 22:30:00]
2026-07-06 05:29:50 [btc_live] INFO: BTC_TICK 22:29:50.000 (local 22:29:50.648) $63,635.83 [-10.000s before 22:30:00]
2026-07-06 05:29:51 [btc_live] INFO: BTC_TICK 22:29:51.000 (local 22:29:51.731) $63,635.20 [-9.000s before 22:30:00]
2026-07-06 05:29:52 [btc_live] INFO: BTC_TICK 22:29:52.000 (local 22:29:52.854) $63,634.75 [-8.000s before 22:30:00]
2026-07-06 05:29:53 [btc_live] INFO: BTC_TICK 22:29:53.000 (local 22:29:53.787) $63,635.03 [-7.000s before 22:30:00]
2026-07-06 05:29:54 [btc_live] INFO: BTC_TICK 22:29:54.000 (local 22:29:54.901) $63,635.19 [-6.000s before 22:30:00]
2026-07-06 05:29:55 [btc_live] INFO: BTC_TICK 22:29:55.000 (local 22:29:55.532) $63,635.84 [-5.000s before 22:30:00]
2026-07-06 05:29:56 [btc_live] INFO: BTC_TICK 22:29:56.000 (local 22:29:56.563) $63,635.61 [-4.000s before 22:30:00]
2026-07-06 05:29:57 [btc_live] INFO: BTC_TICK 22:29:57.000 (local 22:29:57.644) $63,634.87 [-3.000s before 22:30:00]
2026-07-06 05:29:58 [btc_live] INFO: BTC_TICK 22:29:58.000 (local 22:29:58.768) $63,638.92 [-2.000s before 22:30:00]
2026-07-06 05:29:59 [btc_live] INFO: BTC_TICK 22:29:59.000 (local 22:29:59.784) $63,641.10 [-1.000s before 22:30:00]
2026-07-06 05:30:00 [btc_live] INFO: BTC_TICK 22:30:00.000 (local 22:30:00.760) $63,647.23 [+0.000s after 22:30:00]
2026-07-06 05:30:00 [btc_live] INFO: BTC anchor reset: $63,647.23 (boundary 22:30:00, first tick at 22:30:00.000, delay 0ms, prev anchor $63,494.94)
2026-07-06 05:30:01 [btc_live] INFO: BTC_TICK 22:30:01.000 (local 22:30:01.867) $63,652.20 [+1.000s after 22:30:00]
2026-07-06 05:30:02 [btc_live] INFO: BTC_TICK 22:30:02.000 (local 22:30:02.843) $63,663.12 [+2.000s after 22:30:00]
2026-07-06 05:30:03 [btc_live] INFO: BTC_TICK 22:30:03.000 (local 22:30:03.483) $63,663.39 [+3.000s after 22:30:00]
2026-07-06 05:30:05 [btc_live] INFO: BTC_TICK 22:30:04.000 (local 22:30:05.239) $63,658.07 [+4.000s after 22:30:00]
2026-07-06 05:30:05 [btc_live] INFO: BTC_TICK 22:30:05.000 (local 22:30:05.950) $63,659.94 [+5.000s after 22:30:00]
2026-07-06 05:30:10 [btc_live] INFO: WebSocket closed gracefully (code 1000)
2026-07-06 05:30:15 [btc_live] INFO: Market tokens assigned:
2026-07-06 05:30:15 [btc_live] INFO:   Slug: btc-updown-5m-1783290600
2026-07-06 05:30:15 [btc_live] INFO:   End Time: 2026-07-05T22:35:00Z (timestamp: 1783290900.0)
2026-07-06 05:30:15 [btc_live] INFO:   UP token: 1037579303766264421736530333427286361885...
2026-07-06 05:30:15 [btc_live] INFO:   DOWN token: 1892737609583381504206648966414528961393...
2026-07-06 05:30:16 [btc_live] INFO: WebSocket subscribing to tokens:
2026-07-06 05:30:16 [btc_live] INFO:   UP: 1037579303766264421736530333427286361885...
2026-07-06 05:30:16 [btc_live] INFO:   DOWN: 1892737609583381504206648966414528961393...
2026-07-06 05:30:16 [btc_live] INFO: Tokens validated: UP=0.66, DOWN=0.33, sum=0.99
2026-07-06 05:34:45 [btc_live] INFO: BTC_TICK 22:34:45.000 (local 22:34:45.379) $63,574.23 [-15.000s before 22:35:00]
2026-07-06 05:34:46 [btc_live] INFO: BTC_TICK 22:34:46.000 (local 22:34:46.723) $63,568.99 [-14.000s before 22:35:00]
2026-07-06 05:34:47 [btc_live] INFO: BTC_TICK 22:34:47.000 (local 22:34:47.802) $63,567.72 [-13.000s before 22:35:00]
2026-07-06 05:34:48 [btc_live] INFO: BTC_TICK 22:34:48.000 (local 22:34:48.852) $63,570.74 [-12.000s before 22:35:00]
2026-07-06 05:34:50 [btc_live] INFO: BTC_TICK 22:34:49.000 (local 22:34:50.051) $63,573.34 [-11.000s before 22:35:00]
2026-07-06 05:34:50 [btc_live] INFO: BTC_TICK 22:34:50.000 (local 22:34:50.682) $63,574.46 [-10.000s before 22:35:00]
2026-07-06 05:34:51 [btc_live] INFO: BTC_TICK 22:34:51.000 (local 22:34:51.823) $63,577.26 [-9.000s before 22:35:00]
2026-07-06 05:34:53 [btc_live] INFO: BTC_TICK 22:34:52.000 (local 22:34:53.141) $63,578.25 [-8.000s before 22:35:00]
2026-07-06 05:34:54 [btc_live] INFO: BTC_TICK 22:34:53.000 (local 22:34:54.035) $63,579.43 [-7.000s before 22:35:00]
2026-07-06 05:34:54 [btc_live] INFO: BTC_TICK 22:34:54.000 (local 22:34:54.928) $63,580.01 [-6.000s before 22:35:00]
2026-07-06 05:34:56 [btc_live] INFO: BTC_TICK 22:34:55.000 (local 22:34:56.298) $63,580.03 [-5.000s before 22:35:00]
2026-07-06 05:34:57 [btc_live] INFO: BTC_TICK 22:34:56.000 (local 22:34:57.052) $63,581.04 [-4.000s before 22:35:00]
2026-07-06 05:34:58 [btc_live] INFO: BTC_TICK 22:34:57.000 (local 22:34:58.290) $63,581.68 [-3.000s before 22:35:00]
2026-07-06 05:34:59 [btc_live] INFO: BTC_TICK 22:34:58.000 (local 22:34:59.485) $63,581.49 [-2.000s before 22:35:00]
2026-07-06 05:35:00 [btc_live] INFO: BTC_TICK 22:34:59.000 (local 22:35:00.224) $63,581.70 [-1.000s before 22:35:00]
2026-07-06 05:35:01 [btc_live] INFO: BTC_TICK 22:35:00.000 (local 22:35:01.153) $63,580.39 [+0.000s after 22:35:00]
2026-07-06 05:35:01 [btc_live] INFO: BTC anchor reset: $63,580.39 (boundary 22:35:00, first tick at 22:35:00.000, delay 0ms, prev anchor $63,647.23)
2026-07-06 05:35:02 [btc_live] INFO: BTC_TICK 22:35:01.000 (local 22:35:02.022) $63,578.27 [+1.000s after 22:35:00]
2026-07-06 05:35:03 [btc_live] INFO: BTC_TICK 22:35:02.000 (local 22:35:03.293) $63,570.61 [+2.000s after 22:35:00]
2026-07-06 05:35:04 [btc_live] INFO: BTC_TICK 22:35:03.000 (local 22:35:04.295) $63,564.77 [+3.000s after 22:35:00]
2026-07-06 05:35:04 [btc_live] INFO: BTC_TICK 22:35:04.000 (local 22:35:04.894) $63,561.11 [+4.000s after 22:35:00]
2026-07-06 05:35:06 [btc_live] INFO: BTC_TICK 22:35:05.000 (local 22:35:06.497) $63,553.06 [+5.000s after 22:35:00]
2026-07-06 05:35:10 [btc_live] INFO: WebSocket closed gracefully (code 1000)
2026-07-06 05:35:15 [btc_live] INFO: Market tokens assigned:
2026-07-06 05:35:15 [btc_live] INFO:   Slug: btc-updown-5m-1783290900
2026-07-06 05:35:15 [btc_live] INFO:   End Time: 2026-07-05T22:40:00Z (timestamp: 1783291200.0)
2026-07-06 05:35:15 [btc_live] INFO:   UP token: 9903095687836258656996551553938355362559...
2026-07-06 05:35:15 [btc_live] INFO:   DOWN token: 8454090703728322420833552102233061628775...
2026-07-06 05:35:15 [btc_live] INFO: WebSocket subscribing to tokens:
2026-07-06 05:35:15 [btc_live] INFO:   UP: 9903095687836258656996551553938355362559...
2026-07-06 05:35:15 [btc_live] INFO:   DOWN: 8454090703728322420833552102233061628775...
2026-07-06 05:35:16 [btc_live] INFO: Tokens validated: UP=0.33, DOWN=0.66, sum=0.99
2026-07-06 05:39:45 [btc_live] INFO: BTC_TICK 22:39:45.000 (local 22:39:45.644) $63,563.98 [-15.000s before 22:40:00]
2026-07-06 05:39:46 [btc_live] INFO: BTC_TICK 22:39:46.000 (local 22:39:46.877) $63,573.83 [-14.000s before 22:40:00]
2026-07-06 05:39:48 [btc_live] INFO: BTC_TICK 22:39:47.000 (local 22:39:48.002) $63,575.49 [-13.000s before 22:40:00]
2026-07-06 05:39:48 [btc_live] INFO: BTC_TICK 22:39:48.000 (local 22:39:48.614) $63,575.80 [-12.000s before 22:40:00]
2026-07-06 05:39:49 [btc_live] INFO: BTC_TICK 22:39:49.000 (local 22:39:49.710) $63,577.01 [-11.000s before 22:40:00]
2026-07-06 05:39:51 [btc_live] INFO: BTC_TICK 22:39:50.000 (local 22:39:51.126) $63,580.39 [-10.000s before 22:40:00]
2026-07-06 05:39:51 [btc_live] INFO: BTC_TICK 22:39:51.000 (local 22:39:51.946) $63,582.74 [-9.000s before 22:40:00]
2026-07-06 05:39:53 [btc_live] INFO: BTC_TICK 22:39:52.000 (local 22:39:53.142) $63,586.66 [-8.000s before 22:40:00]
2026-07-06 05:39:53 [btc_live] INFO: BTC_TICK 22:39:53.000 (local 22:39:53.651) $63,588.33 [-7.000s before 22:40:00]
2026-07-06 05:39:54 [btc_live] INFO: BTC_TICK 22:39:54.000 (local 22:39:54.553) $63,584.65 [-6.000s before 22:40:00]
2026-07-06 05:39:55 [btc_live] INFO: BTC_TICK 22:39:55.000 (local 22:39:55.858) $63,583.33 [-5.000s before 22:40:00]
2026-07-06 05:39:57 [btc_live] INFO: BTC_TICK 22:39:56.000 (local 22:39:57.701) $63,583.73 [-4.000s before 22:40:00]
2026-07-06 05:39:58 [btc_live] INFO: BTC_TICK 22:39:57.000 (local 22:39:58.453) $63,583.74 [-3.000s before 22:40:00]
2026-07-06 05:39:59 [btc_live] INFO: BTC_TICK 22:39:58.000 (local 22:39:59.124) $63,583.89 [-2.000s before 22:40:00]
2026-07-06 05:40:00 [btc_live] INFO: BTC_TICK 22:39:59.000 (local 22:40:00.092) $63,583.28 [-1.000s before 22:40:00]
2026-07-06 05:40:01 [btc_live] INFO: BTC_TICK 22:40:00.000 (local 22:40:01.465) $63,583.38 [+0.000s after 22:40:00]
2026-07-06 05:40:01 [btc_live] INFO: BTC anchor reset: $63,583.38 (boundary 22:40:00, first tick at 22:40:00.000, delay 0ms, prev anchor $63,580.39)
2026-07-06 05:40:01 [btc_live] INFO: BTC_TICK 22:40:01.000 (local 22:40:01.653) $63,583.38 [+1.000s after 22:40:00]
2026-07-06 05:40:03 [btc_live] INFO: BTC_TICK 22:40:02.000 (local 22:40:03.327) $63,584.39 [+2.000s after 22:40:00]
2026-07-06 05:40:03 [btc_live] INFO: BTC_TICK 22:40:03.000 (local 22:40:03.871) $63,584.39 [+3.000s after 22:40:00]
2026-07-06 05:40:05 [btc_live] INFO: BTC_TICK 22:40:04.000 (local 22:40:05.136) $63,583.02 [+4.000s after 22:40:00]
2026-07-06 05:40:05 [btc_live] INFO: BTC_TICK 22:40:05.000 (local 22:40:05.855) $63,583.02 [+5.000s after 22:40:00]
2026-07-06 05:40:10 [btc_live] INFO: WebSocket closed gracefully (code 1000)
2026-07-06 05:40:15 [btc_live] INFO: Market tokens assigned:
2026-07-06 05:40:15 [btc_live] INFO:   Slug: btc-updown-5m-1783291200
2026-07-06 05:40:15 [btc_live] INFO:   End Time: 2026-07-05T22:45:00Z (timestamp: 1783291500.0)
2026-07-06 05:40:15 [btc_live] INFO:   UP token: 5994024488596078710629321200081417625668...
2026-07-06 05:40:15 [btc_live] INFO:   DOWN token: 1049362493198591818260528523287644777521...
2026-07-06 05:40:16 [btc_live] INFO: WebSocket subscribing to tokens:
2026-07-06 05:40:16 [btc_live] INFO:   UP: 5994024488596078710629321200081417625668...
2026-07-06 05:40:16 [btc_live] INFO:   DOWN: 1049362493198591818260528523287644777521...
2026-07-06 05:40:16 [btc_live] INFO: Tokens validated: UP=0.28, DOWN=0.71, sum=0.99
2026-07-06 05:44:45 [btc_live] INFO: BTC_TICK 22:44:45.000 (local 22:44:45.998) $63,519.10 [-15.000s before 22:45:00]
2026-07-06 05:44:46 [btc_live] INFO: BTC_TICK 22:44:46.000 (local 22:44:46.676) $63,513.24 [-14.000s before 22:45:00]
2026-07-06 05:44:48 [btc_live] INFO: BTC_TICK 22:44:47.000 (local 22:44:48.268) $63,498.59 [-13.000s before 22:45:00]
2026-07-06 05:44:48 [btc_live] INFO: BTC_TICK 22:44:48.000 (local 22:44:48.867) $63,497.54 [-12.000s before 22:45:00]
2026-07-06 05:44:50 [btc_live] INFO: BTC_TICK 22:44:49.000 (local 22:44:50.277) $63,497.28 [-11.000s before 22:45:00]
2026-07-06 05:44:50 [btc_live] INFO: BTC_TICK 22:44:50.000 (local 22:44:50.973) $63,497.55 [-10.000s before 22:45:00]
2026-07-06 05:44:51 [btc_live] INFO: BTC_TICK 22:44:51.000 (local 22:44:51.749) $63,497.55 [-9.000s before 22:45:00]
2026-07-06 05:44:52 [btc_live] INFO: BTC_TICK 22:44:52.000 (local 22:44:52.753) $63,497.38 [-8.000s before 22:45:00]
2026-07-06 05:44:54 [btc_live] INFO: BTC_TICK 22:44:53.000 (local 22:44:54.347) $63,498.40 [-7.000s before 22:45:00]
2026-07-06 05:44:55 [btc_live] INFO: BTC_TICK 22:44:54.000 (local 22:44:55.052) $63,499.11 [-6.000s before 22:45:00]
2026-07-06 05:44:55 [btc_live] INFO: BTC_TICK 22:44:55.000 (local 22:44:55.637) $63,500.57 [-5.000s before 22:45:00]
2026-07-06 05:44:56 [btc_live] INFO: BTC_TICK 22:44:56.000 (local 22:44:56.729) $63,501.83 [-4.000s before 22:45:00]
2026-07-06 05:44:57 [btc_live] INFO: BTC_TICK 22:44:57.000 (local 22:44:57.948) $63,502.44 [-3.000s before 22:45:00]
2026-07-06 05:44:58 [btc_live] INFO: BTC_TICK 22:44:58.000 (local 22:44:58.561) $63,504.44 [-2.000s before 22:45:00]
2026-07-06 05:44:59 [btc_live] INFO: BTC_TICK 22:44:59.000 (local 22:44:59.814) $63,504.85 [-1.000s before 22:45:00]
2026-07-06 05:45:00 [btc_live] INFO: WebSocket closed gracefully (code 1000)
2026-07-06 05:45:00 [btc_live] INFO: BTC_TICK 22:45:00.000 (local 22:45:00.863) $63,504.85 [+0.000s after 22:45:00]
2026-07-06 05:45:00 [btc_live] INFO: BTC anchor reset: $63,504.85 (boundary 22:45:00, first tick at 22:45:00.000, delay 0ms, prev anchor $63,583.38)
2026-07-06 05:45:02 [btc_live] INFO: BTC_TICK 22:45:01.000 (local 22:45:02.168) $63,504.87 [+1.000s after 22:45:00]
2026-07-06 05:45:03 [btc_live] INFO: BTC_TICK 22:45:02.000 (local 22:45:03.251) $63,512.47 [+2.000s after 22:45:00]
2026-07-06 05:45:03 [btc_live] INFO: BTC_TICK 22:45:03.000 (local 22:45:03.948) $63,517.92 [+3.000s after 22:45:00]
2026-07-06 05:45:04 [btc_live] INFO: BTC_TICK 22:45:04.000 (local 22:45:04.977) $63,519.42 [+4.000s after 22:45:00]
2026-07-06 05:45:05 [btc_live] INFO: Market tokens assigned:
2026-07-06 05:45:05 [btc_live] INFO:   Slug: btc-updown-5m-1783291500
2026-07-06 05:45:05 [btc_live] INFO:   End Time: 2026-07-05T22:50:00Z (timestamp: 1783291800.0)
2026-07-06 05:45:05 [btc_live] INFO:   UP token: 2133914928652737205980653907691669777133...
2026-07-06 05:45:05 [btc_live] INFO:   DOWN token: 1263950111286189414107580794272817855290...
2026-07-06 05:45:06 [btc_live] INFO: BTC_TICK 22:45:05.000 (local 22:45:06.211) $63,519.78 [+5.000s after 22:45:00]
2026-07-06 05:45:06 [btc_live] INFO: WebSocket subscribing to tokens:
2026-07-06 05:45:06 [btc_live] INFO:   UP: 2133914928652737205980653907691669777133...
2026-07-06 05:45:06 [btc_live] INFO:   DOWN: 1263950111286189414107580794272817855290...
2026-07-06 05:45:06 [btc_live] INFO: Tokens validated: UP=0.55, DOWN=0.44, sum=0.99
2026-07-06 05:49:46 [btc_live] INFO: BTC_TICK 22:49:45.000 (local 22:49:46.102) $63,556.52 [-15.000s before 22:50:00]
2026-07-06 05:49:46 [btc_live] INFO: BTC_TICK 22:49:46.000 (local 22:49:46.613) $63,556.54 [-14.000s before 22:50:00]
2026-07-06 05:49:47 [btc_live] INFO: BTC_TICK 22:49:47.000 (local 22:49:47.670) $63,556.51 [-13.000s before 22:50:00]
2026-07-06 05:49:48 [btc_live] INFO: BTC_TICK 22:49:48.000 (local 22:49:48.614) $63,556.37 [-12.000s before 22:50:00]
2026-07-06 05:49:49 [btc_live] INFO: BTC_TICK 22:49:49.000 (local 22:49:49.543) $63,556.50 [-11.000s before 22:50:00]
2026-07-06 05:49:50 [btc_live] INFO: BTC_TICK 22:49:50.000 (local 22:49:50.619) $63,556.68 [-10.000s before 22:50:00]
2026-07-06 05:49:51 [btc_live] INFO: BTC_TICK 22:49:51.000 (local 22:49:51.986) $63,557.21 [-9.000s before 22:50:00]
2026-07-06 05:49:53 [btc_live] INFO: BTC_TICK 22:49:52.000 (local 22:49:53.030) $63,546.46 [-8.000s before 22:50:00]
2026-07-06 05:49:54 [btc_live] INFO: BTC_TICK 22:49:53.000 (local 22:49:54.027) $63,531.28 [-7.000s before 22:50:00]
2026-07-06 05:49:55 [btc_live] INFO: BTC_TICK 22:49:54.000 (local 22:49:55.035) $63,528.39 [-6.000s before 22:50:00]
2026-07-06 05:49:56 [btc_live] INFO: BTC_TICK 22:49:55.000 (local 22:49:56.046) $63,531.48 [-5.000s before 22:50:00]
2026-07-06 05:49:57 [btc_live] INFO: BTC_TICK 22:49:56.000 (local 22:49:57.066) $63,530.38 [-4.000s before 22:50:00]
2026-07-06 05:49:57 [btc_live] INFO: BTC_TICK 22:49:57.000 (local 22:49:57.570) $63,530.37 [-3.000s before 22:50:00]
2026-07-06 05:49:59 [btc_live] INFO: BTC_TICK 22:49:58.000 (local 22:49:59.184) $63,527.51 [-2.000s before 22:50:00]
2026-07-06 05:49:59 [btc_live] INFO: BTC_TICK 22:49:59.000 (local 22:49:59.944) $63,524.97 [-1.000s before 22:50:00]
2026-07-06 05:50:00 [btc_live] INFO: BTC_TICK 22:50:00.000 (local 22:50:00.622) $63,518.41 [+0.000s after 22:50:00]
2026-07-06 05:50:00 [btc_live] INFO: BTC anchor reset: $63,518.41 (boundary 22:50:00, first tick at 22:50:00.000, delay 0ms, prev anchor $63,504.85)
2026-07-06 05:50:01 [btc_live] INFO: BTC_TICK 22:50:01.000 (local 22:50:01.914) $63,510.42 [+1.000s after 22:50:00]
2026-07-06 05:50:03 [btc_live] INFO: BTC_TICK 22:50:02.000 (local 22:50:03.215) $63,508.44 [+2.000s after 22:50:00]
2026-07-06 05:50:03 [btc_live] INFO: BTC_TICK 22:50:03.000 (local 22:50:03.716) $63,508.72 [+3.000s after 22:50:00]
2026-07-06 05:50:04 [btc_live] INFO: BTC_TICK 22:50:04.000 (local 22:50:04.959) $63,508.86 [+4.000s after 22:50:00]
2026-07-06 05:50:05 [btc_live] INFO: BTC_TICK 22:50:05.000 (local 22:50:05.885) $63,508.55 [+5.000s after 22:50:00]
2026-07-06 05:50:10 [btc_live] INFO: WebSocket closed gracefully (code 1000)
2026-07-06 05:50:15 [btc_live] INFO: Market tokens assigned:
2026-07-06 05:50:15 [btc_live] INFO:   Slug: btc-updown-5m-1783291800
2026-07-06 05:50:15 [btc_live] INFO:   End Time: 2026-07-05T22:55:00Z (timestamp: 1783292100.0)
2026-07-06 05:50:15 [btc_live] INFO:   UP token: 1046392699743426499382427711161135848561...
2026-07-06 05:50:15 [btc_live] INFO:   DOWN token: 4409607901584279093457992090648513815924...
2026-07-06 05:50:16 [btc_live] INFO: WebSocket subscribing to tokens:
2026-07-06 05:50:16 [btc_live] INFO:   UP: 1046392699743426499382427711161135848561...
2026-07-06 05:50:16 [btc_live] INFO:   DOWN: 4409607901584279093457992090648513815924...
2026-07-06 05:50:16 [btc_live] INFO: Tokens validated: UP=0.58, DOWN=0.41, sum=0.99
2026-07-06 05:54:45 [btc_live] INFO: BTC_TICK 22:54:45.000 (local 22:54:45.657) $63,546.71 [-15.000s before 22:55:00]
2026-07-06 05:54:46 [btc_live] INFO: BTC_TICK 22:54:46.000 (local 22:54:46.646) $63,546.77 [-14.000s before 22:55:00]
2026-07-06 05:54:47 [btc_live] INFO: BTC_TICK 22:54:47.000 (local 22:54:47.605) $63,552.32 [-13.000s before 22:55:00]
2026-07-06 05:54:48 [btc_live] INFO: BTC_TICK 22:54:48.000 (local 22:54:48.651) $63,556.73 [-12.000s before 22:55:00]
2026-07-06 05:54:49 [btc_live] INFO: BTC_TICK 22:54:49.000 (local 22:54:49.720) $63,556.89 [-11.000s before 22:55:00]
2026-07-06 05:54:50 [btc_live] INFO: BTC_TICK 22:54:50.000 (local 22:54:50.790) $63,557.75 [-10.000s before 22:55:00]
2026-07-06 05:54:52 [btc_live] INFO: BTC_TICK 22:54:51.000 (local 22:54:52.116) $63,557.20 [-9.000s before 22:55:00]
2026-07-06 05:54:52 [btc_live] INFO: BTC_TICK 22:54:52.000 (local 22:54:52.704) $63,557.74 [-8.000s before 22:55:00]
2026-07-06 05:54:53 [btc_live] INFO: BTC_TICK 22:54:53.000 (local 22:54:53.857) $63,561.12 [-7.000s before 22:55:00]
2026-07-06 05:54:54 [btc_live] INFO: BTC_TICK 22:54:54.000 (local 22:54:54.965) $63,568.40 [-6.000s before 22:55:00]
2026-07-06 05:54:55 [btc_live] INFO: BTC_TICK 22:54:55.000 (local 22:54:55.608) $63,568.40 [-5.000s before 22:55:00]
2026-07-06 05:54:57 [btc_live] INFO: BTC_TICK 22:54:56.000 (local 22:54:57.053) $63,573.21 [-4.000s before 22:55:00]
2026-07-06 05:54:57 [btc_live] INFO: BTC_TICK 22:54:57.000 (local 22:54:57.730) $63,573.36 [-3.000s before 22:55:00]
2026-07-06 05:54:58 [btc_live] INFO: BTC_TICK 22:54:58.000 (local 22:54:58.683) $63,574.13 [-2.000s before 22:55:00]
2026-07-06 05:54:59 [btc_live] INFO: BTC_TICK 22:54:59.000 (local 22:54:59.789) $63,574.14 [-1.000s before 22:55:00]
2026-07-06 05:55:00 [btc_live] INFO: BTC_TICK 22:55:00.000 (local 22:55:00.494) $63,574.42 [+0.000s after 22:55:00]
2026-07-06 05:55:00 [btc_live] INFO: BTC anchor reset: $63,574.42 (boundary 22:55:00, first tick at 22:55:00.000, delay 0ms, prev anchor $63,518.41)
2026-07-06 05:55:01 [btc_live] INFO: BTC_TICK 22:55:01.000 (local 22:55:01.485) $63,574.40 [+1.000s after 22:55:00]
2026-07-06 05:55:02 [btc_live] INFO: BTC_TICK 22:55:02.000 (local 22:55:02.873) $63,574.85 [+2.000s after 22:55:00]
2026-07-06 05:55:03 [btc_live] INFO: BTC_TICK 22:55:03.000 (local 22:55:03.906) $63,575.98 [+3.000s after 22:55:00]
2026-07-06 05:55:05 [btc_live] INFO: BTC_TICK 22:55:04.000 (local 22:55:05.034) $63,581.31 [+4.000s after 22:55:00]
2026-07-06 05:55:06 [btc_live] INFO: BTC_TICK 22:55:05.000 (local 22:55:06.061) $63,586.73 [+5.000s after 22:55:00]
2026-07-06 05:55:10 [btc_live] INFO: WebSocket closed gracefully (code 1000)
2026-07-06 05:55:15 [btc_live] INFO: Market tokens assigned:
2026-07-06 05:55:15 [btc_live] INFO:   Slug: btc-updown-5m-1783292100
2026-07-06 05:55:15 [btc_live] INFO:   End Time: 2026-07-05T23:00:00Z (timestamp: 1783292400.0)
2026-07-06 05:55:15 [btc_live] INFO:   UP token: 1107272330399992106782536810463623044767...
2026-07-06 05:55:15 [btc_live] INFO:   DOWN token: 8230474100538783620645719389812469119862...
2026-07-06 05:55:16 [btc_live] INFO: WebSocket subscribing to tokens:
2026-07-06 05:55:16 [btc_live] INFO:   UP: 1107272330399992106782536810463623044767...
2026-07-06 05:55:16 [btc_live] INFO:   DOWN: 8230474100538783620645719389812469119862...
2026-07-06 05:55:16 [btc_live] INFO: Tokens validated: UP=0.53, DOWN=0.46, sum=0.99
2026-07-06 05:59:45 [btc_live] INFO: BTC_TICK 22:59:45.000 (local 22:59:45.696) $63,670.34 [-15.000s before 23:00:00]
2026-07-06 05:59:47 [btc_live] INFO: BTC_TICK 22:59:46.000 (local 22:59:47.020) $63,672.30 [-14.000s before 23:00:00]
2026-07-06 05:59:47 [btc_live] INFO: BTC_TICK 22:59:47.000 (local 22:59:47.483) $63,673.69 [-13.000s before 23:00:00]
2026-07-06 05:59:48 [btc_live] INFO: BTC_TICK 22:59:48.000 (local 22:59:48.583) $63,677.68 [-12.000s before 23:00:00]
2026-07-06 05:59:49 [btc_live] INFO: BTC_TICK 22:59:49.000 (local 22:59:49.788) $63,680.04 [-11.000s before 23:00:00]
2026-07-06 05:59:50 [btc_live] INFO: BTC_TICK 22:59:50.000 (local 22:59:50.777) $63,679.16 [-10.000s before 23:00:00]
2026-07-06 05:59:51 [btc_live] INFO: BTC_TICK 22:59:51.000 (local 22:59:51.919) $63,679.08 [-9.000s before 23:00:00]
2026-07-06 05:59:52 [btc_live] INFO: BTC_TICK 22:59:52.000 (local 22:59:52.936) $63,679.13 [-8.000s before 23:00:00]
2026-07-06 05:59:53 [btc_live] INFO: BTC_TICK 22:59:53.000 (local 22:59:53.588) $63,679.03 [-7.000s before 23:00:00]
2026-07-06 05:59:54 [btc_live] INFO: BTC_TICK 22:59:54.000 (local 22:59:54.491) $63,678.98 [-6.000s before 23:00:00]
2026-07-06 05:59:55 [btc_live] INFO: BTC_TICK 22:59:55.000 (local 22:59:55.662) $63,679.14 [-5.000s before 23:00:00]
2026-07-06 05:59:56 [btc_live] INFO: BTC_TICK 22:59:56.000 (local 22:59:56.738) $63,678.93 [-4.000s before 23:00:00]
2026-07-06 05:59:57 [btc_live] INFO: BTC_TICK 22:59:57.000 (local 22:59:57.585) $63,677.87 [-3.000s before 23:00:00]
2026-07-06 05:59:58 [btc_live] INFO: BTC_TICK 22:59:58.000 (local 22:59:58.632) $63,678.13 [-2.000s before 23:00:00]
2026-07-06 05:59:59 [btc_live] INFO: BTC_TICK 22:59:59.000 (local 22:59:59.570) $63,679.24 [-1.000s before 23:00:00]
2026-07-06 06:00:00 [btc_live] INFO: BTC_TICK 23:00:00.000 (local 23:00:00.714) $63,678.62 [+0.000s after 23:00:00]
2026-07-06 06:00:00 [btc_live] INFO: BTC anchor reset: $63,678.62 (boundary 23:00:00, first tick at 23:00:00.000, delay 0ms, prev anchor $63,574.42)
2026-07-06 06:00:02 [btc_live] INFO: BTC_TICK 23:00:01.000 (local 23:00:02.072) $63,674.38 [+1.000s after 23:00:00]
2026-07-06 06:00:02 [btc_live] INFO: BTC_TICK 23:00:02.000 (local 23:00:02.589) $63,672.49 [+2.000s after 23:00:00]
2026-07-06 06:00:03 [btc_live] INFO: BTC_TICK 23:00:03.000 (local 23:00:03.631) $63,671.33 [+3.000s after 23:00:00]
2026-07-06 06:00:04 [btc_live] INFO: BTC_TICK 23:00:04.000 (local 23:00:04.663) $63,675.23 [+4.000s after 23:00:00]
2026-07-06 06:00:05 [btc_live] INFO: BTC_TICK 23:00:05.000 (local 23:00:05.488) $63,703.49 [+5.000s after 23:00:00]
2026-07-06 06:00:10 [btc_live] INFO: WebSocket closed gracefully (code 1000)
2026-07-06 06:00:15 [btc_live] INFO: Market tokens assigned:
2026-07-06 06:00:15 [btc_live] INFO:   Slug: btc-updown-5m-1783292400
2026-07-06 06:00:15 [btc_live] INFO:   End Time: 2026-07-05T23:05:00Z (timestamp: 1783292700.0)
2026-07-06 06:00:15 [btc_live] INFO:   UP token: 1661405075045962686081029323849709520117...
2026-07-06 06:00:15 [btc_live] INFO:   DOWN token: 4529747143515446572435300090582132002530...
2026-07-06 06:00:16 [btc_live] INFO: WebSocket subscribing to tokens:
2026-07-06 06:00:16 [btc_live] INFO:   UP: 1661405075045962686081029323849709520117...
2026-07-06 06:00:16 [btc_live] INFO:   DOWN: 4529747143515446572435300090582132002530...
2026-07-06 06:00:16 [btc_live] INFO: Tokens validated: UP=0.52, DOWN=0.47, sum=0.99
2026-07-06 06:04:46 [btc_live] INFO: BTC_TICK 23:04:45.000 (local 23:04:46.341) $63,774.63 [-15.000s before 23:05:00]
2026-07-06 06:04:46 [btc_live] INFO: BTC_TICK 23:04:46.000 (local 23:04:46.761) $63,774.63 [-14.000s before 23:05:00]
2026-07-06 06:04:47 [btc_live] INFO: BTC_TICK 23:04:47.000 (local 23:04:47.780) $63,774.75 [-13.000s before 23:05:00]
2026-07-06 06:04:48 [btc_live] INFO: BTC_TICK 23:04:48.000 (local 23:04:48.941) $63,774.70 [-12.000s before 23:05:00]
2026-07-06 06:04:50 [btc_live] INFO: BTC_TICK 23:04:49.000 (local 23:04:50.095) $63,775.46 [-11.000s before 23:05:00]
2026-07-06 06:04:50 [btc_live] INFO: BTC_TICK 23:04:50.000 (local 23:04:50.620) $63,774.84 [-10.000s before 23:05:00]
2026-07-06 06:04:51 [btc_live] INFO: BTC_TICK 23:04:51.000 (local 23:04:51.551) $63,773.00 [-9.000s before 23:05:00]
2026-07-06 06:04:52 [btc_live] INFO: BTC_TICK 23:04:52.000 (local 23:04:52.707) $63,772.26 [-8.000s before 23:05:00]
2026-07-06 06:04:53 [btc_live] INFO: BTC_TICK 23:04:53.000 (local 23:04:53.815) $63,772.58 [-7.000s before 23:05:00]
2026-07-06 06:04:54 [btc_live] INFO: BTC_TICK 23:04:54.000 (local 23:04:54.884) $63,772.25 [-6.000s before 23:05:00]
2026-07-06 06:04:56 [btc_live] INFO: BTC_TICK 23:04:55.000 (local 23:04:56.017) $63,772.22 [-5.000s before 23:05:00]
2026-07-06 06:04:57 [btc_live] INFO: BTC_TICK 23:04:56.000 (local 23:04:57.079) $63,771.81 [-4.000s before 23:05:00]
2026-07-06 06:04:57 [btc_live] INFO: BTC_TICK 23:04:57.000 (local 23:04:57.794) $63,771.75 [-3.000s before 23:05:00]
2026-07-06 06:04:58 [btc_live] INFO: BTC_TICK 23:04:58.000 (local 23:04:58.679) $63,771.13 [-2.000s before 23:05:00]
2026-07-06 06:05:00 [btc_live] INFO: BTC_TICK 23:04:59.000 (local 23:05:00.059) $63,769.36 [-1.000s before 23:05:00]
2026-07-06 06:05:00 [btc_live] INFO: BTC_TICK 23:05:00.000 (local 23:05:00.517) $63,769.06 [+0.000s after 23:05:00]
2026-07-06 06:05:00 [btc_live] INFO: BTC anchor reset: $63,769.06 (boundary 23:05:00, first tick at 23:05:00.000, delay 0ms, prev anchor $63,678.62)
2026-07-06 06:05:01 [btc_live] INFO: BTC_TICK 23:05:01.000 (local 23:05:01.456) $63,767.44 [+1.000s after 23:05:00]
2026-07-06 06:05:02 [btc_live] INFO: BTC_TICK 23:05:02.000 (local 23:05:02.974) $63,765.72 [+2.000s after 23:05:00]
2026-07-06 06:05:03 [btc_live] INFO: BTC_TICK 23:05:03.000 (local 23:05:03.862) $63,765.82 [+3.000s after 23:05:00]
2026-07-06 06:05:04 [btc_live] INFO: BTC_TICK 23:05:04.000 (local 23:05:04.786) $63,765.82 [+4.000s after 23:05:00]
2026-07-06 06:05:05 [btc_live] INFO: BTC_TICK 23:05:05.000 (local 23:05:05.881) $63,765.98 [+5.000s after 23:05:00]
2026-07-06 06:05:10 [btc_live] INFO: WebSocket closed gracefully (code 1000)
2026-07-06 06:05:15 [btc_live] INFO: Market tokens assigned:
2026-07-06 06:05:15 [btc_live] INFO:   Slug: btc-updown-5m-1783292700
2026-07-06 06:05:15 [btc_live] INFO:   End Time: 2026-07-05T23:10:00Z (timestamp: 1783293000.0)
2026-07-06 06:05:15 [btc_live] INFO:   UP token: 5199432482772074289406217182827657680250...
2026-07-06 06:05:15 [btc_live] INFO:   DOWN token: 9712164941165295839769593455165740313922...
2026-07-06 06:05:15 [btc_live] INFO: WebSocket subscribing to tokens:
2026-07-06 06:05:15 [btc_live] INFO:   UP: 5199432482772074289406217182827657680250...
2026-07-06 06:05:15 [btc_live] INFO:   DOWN: 9712164941165295839769593455165740313922...
2026-07-06 06:05:16 [btc_live] INFO: Tokens validated: UP=0.57, DOWN=0.42, sum=0.99
2026-07-06 06:09:45 [btc_live] INFO: BTC_TICK 23:09:45.000 (local 23:09:45.727) $63,730.58 [-15.000s before 23:10:00]
2026-07-06 06:09:46 [btc_live] INFO: BTC_TICK 23:09:46.000 (local 23:09:46.807) $63,722.38 [-14.000s before 23:10:00]
2026-07-06 06:09:48 [btc_live] INFO: BTC_TICK 23:09:47.000 (local 23:09:48.051) $63,723.19 [-13.000s before 23:10:00]
2026-07-06 06:09:48 [btc_live] INFO: BTC_TICK 23:09:48.000 (local 23:09:48.809) $63,727.47 [-12.000s before 23:10:00]
2026-07-06 06:09:49 [btc_live] INFO: BTC_TICK 23:09:49.000 (local 23:09:49.802) $63,728.99 [-11.000s before 23:10:00]
2026-07-06 06:09:50 [btc_live] INFO: BTC_TICK 23:09:50.000 (local 23:09:50.714) $63,732.21 [-10.000s before 23:10:00]
2026-07-06 06:09:51 [btc_live] INFO: BTC_TICK 23:09:51.000 (local 23:09:51.744) $63,733.46 [-9.000s before 23:10:00]
2026-07-06 06:09:52 [btc_live] INFO: BTC_TICK 23:09:52.000 (local 23:09:52.773) $63,738.56 [-8.000s before 23:10:00]
2026-07-06 06:09:53 [btc_live] INFO: BTC_TICK 23:09:53.000 (local 23:09:53.803) $63,736.53 [-7.000s before 23:10:00]
2026-07-06 06:09:54 [btc_live] INFO: BTC_TICK 23:09:54.000 (local 23:09:54.798) $63,735.42 [-6.000s before 23:10:00]
2026-07-06 06:09:56 [btc_live] INFO: BTC_TICK 23:09:55.000 (local 23:09:56.495) $63,735.07 [-5.000s before 23:10:00]
2026-07-06 06:09:57 [btc_live] INFO: BTC_TICK 23:09:56.000 (local 23:09:57.142) $63,735.29 [-4.000s before 23:10:00]
2026-07-06 06:09:57 [btc_live] INFO: BTC_TICK 23:09:57.000 (local 23:09:57.749) $63,735.90 [-3.000s before 23:10:00]
2026-07-06 06:09:58 [btc_live] INFO: BTC_TICK 23:09:58.000 (local 23:09:58.980) $63,736.16 [-2.000s before 23:10:00]
2026-07-06 06:10:00 [btc_live] INFO: BTC_TICK 23:09:59.000 (local 23:10:00.030) $63,736.13 [-1.000s before 23:10:00]
2026-07-06 06:10:00 [btc_live] INFO: BTC_TICK 23:10:00.000 (local 23:10:00.631) $63,742.54 [+0.000s after 23:10:00]
2026-07-06 06:10:00 [btc_live] INFO: BTC anchor reset: $63,742.54 (boundary 23:10:00, first tick at 23:10:00.000, delay 0ms, prev anchor $63,769.06)
2026-07-06 06:10:01 [btc_live] INFO: BTC_TICK 23:10:01.000 (local 23:10:01.803) $63,745.65 [+1.000s after 23:10:00]
2026-07-06 06:10:02 [btc_live] INFO: BTC_TICK 23:10:02.000 (local 23:10:02.842) $63,744.71 [+2.000s after 23:10:00]
2026-07-06 06:10:04 [btc_live] INFO: BTC_TICK 23:10:03.000 (local 23:10:04.007) $63,745.20 [+3.000s after 23:10:00]
2026-07-06 06:10:05 [btc_live] INFO: BTC_TICK 23:10:04.000 (local 23:10:05.131) $63,746.44 [+4.000s after 23:10:00]
2026-07-06 06:10:05 [btc_live] INFO: BTC_TICK 23:10:05.000 (local 23:10:05.719) $63,746.50 [+5.000s after 23:10:00]
2026-07-06 06:10:10 [btc_live] INFO: WebSocket closed gracefully (code 1000)
2026-07-06 06:10:15 [btc_live] INFO: Market tokens assigned:
2026-07-06 06:10:15 [btc_live] INFO:   Slug: btc-updown-5m-1783293000
2026-07-06 06:10:15 [btc_live] INFO:   End Time: 2026-07-05T23:15:00Z (timestamp: 1783293300.0)
2026-07-06 06:10:15 [btc_live] INFO:   UP token: 8569598214867766724429633476578555651990...
2026-07-06 06:10:15 [btc_live] INFO:   DOWN token: 3589929144640924265032766143200617908172...
2026-07-06 06:10:16 [btc_live] INFO: WebSocket subscribing to tokens:
2026-07-06 06:10:16 [btc_live] INFO:   UP: 8569598214867766724429633476578555651990...
2026-07-06 06:10:16 [btc_live] INFO:   DOWN: 3589929144640924265032766143200617908172...
2026-07-06 06:10:16 [btc_live] INFO: Tokens validated: UP=0.65, DOWN=0.34, sum=0.99
2026-07-06 06:14:46 [btc_live] INFO: BTC_TICK 23:14:45.000 (local 23:14:46.072) $63,876.60 [-15.000s before 23:15:00]
2026-07-06 06:14:46 [btc_live] INFO: BTC_TICK 23:14:46.000 (local 23:14:46.755) $63,877.60 [-14.000s before 23:15:00]
2026-07-06 06:14:48 [btc_live] INFO: BTC_TICK 23:14:47.000 (local 23:14:48.205) $63,877.13 [-13.000s before 23:15:00]
2026-07-06 06:14:48 [btc_live] INFO: BTC_TICK 23:14:48.000 (local 23:14:48.822) $63,874.94 [-12.000s before 23:15:00]
2026-07-06 06:14:50 [btc_live] INFO: BTC_TICK 23:14:49.000 (local 23:14:50.268) $63,874.13 [-11.000s before 23:15:00]
2026-07-06 06:14:50 [btc_live] INFO: BTC_TICK 23:14:50.000 (local 23:14:50.762) $63,874.16 [-10.000s before 23:15:00]
2026-07-06 06:14:52 [btc_live] INFO: BTC_TICK 23:14:51.000 (local 23:14:52.292) $63,874.12 [-9.000s before 23:15:00]
2026-07-06 06:14:52 [btc_live] INFO: BTC_TICK 23:14:52.000 (local 23:14:52.998) $63,888.91 [-8.000s before 23:15:00]
2026-07-06 06:14:53 [btc_live] INFO: BTC_TICK 23:14:53.000 (local 23:14:53.809) $63,889.11 [-7.000s before 23:15:00]
2026-07-06 06:14:54 [btc_live] INFO: BTC_TICK 23:14:54.000 (local 23:14:54.919) $63,900.47 [-6.000s before 23:15:00]
2026-07-06 06:14:56 [btc_live] INFO: BTC_TICK 23:14:55.000 (local 23:14:56.162) $63,923.21 [-5.000s before 23:15:00]
2026-07-06 06:14:56 [btc_live] INFO: BTC_TICK 23:14:56.000 (local 23:14:56.722) $63,924.51 [-4.000s before 23:15:00]
2026-07-06 06:14:57 [btc_live] INFO: BTC_TICK 23:14:57.000 (local 23:14:57.895) $63,918.22 [-3.000s before 23:15:00]
2026-07-06 06:14:58 [btc_live] INFO: BTC_TICK 23:14:58.000 (local 23:14:58.669) $63,916.52 [-2.000s before 23:15:00]
2026-07-06 06:15:00 [btc_live] INFO: WebSocket closed gracefully (code 1000)
2026-07-06 06:15:01 [btc_live] INFO: BTC_TICK 23:15:01.000 (local 23:15:01.797) $63,913.01 [+1.000s after 23:15:00]
2026-07-06 06:15:01 [btc_live] INFO: BTC anchor reset: $63,913.01 (boundary 23:15:00, first tick at 23:15:01.000, delay 1000ms, prev anchor $63,742.54)
2026-07-06 06:15:03 [btc_live] INFO: BTC_TICK 23:15:02.000 (local 23:15:03.050) $63,921.66 [+2.000s after 23:15:00]
2026-07-06 06:15:03 [btc_live] INFO: BTC_TICK 23:15:03.000 (local 23:15:03.677) $63,925.48 [+3.000s after 23:15:00]
2026-07-06 06:15:05 [btc_live] INFO: BTC_TICK 23:15:04.000 (local 23:15:05.066) $63,936.70 [+4.000s after 23:15:00]
2026-07-06 06:15:05 [btc_live] INFO: Market tokens assigned:
2026-07-06 06:15:05 [btc_live] INFO:   Slug: btc-updown-5m-1783293300
2026-07-06 06:15:05 [btc_live] INFO:   End Time: 2026-07-05T23:20:00Z (timestamp: 1783293600.0)
2026-07-06 06:15:05 [btc_live] INFO:   UP token: 1055807221329200367948498232438785952967...
2026-07-06 06:15:05 [btc_live] INFO:   DOWN token: 3022988626168544953444578549588464610498...
2026-07-06 06:15:06 [btc_live] INFO: WebSocket subscribing to tokens:
2026-07-06 06:15:06 [btc_live] INFO:   UP: 1055807221329200367948498232438785952967...
2026-07-06 06:15:06 [btc_live] INFO:   DOWN: 3022988626168544953444578549588464610498...
2026-07-06 06:15:06 [btc_live] INFO: BTC_TICK 23:15:05.000 (local 23:15:06.297) $63,936.27 [+5.000s after 23:15:00]
2026-07-06 06:15:06 [btc_live] INFO: Tokens validated: UP=0.59, DOWN=0.40, sum=0.99
2026-07-06 06:19:45 [btc_live] INFO: BTC_TICK 23:19:45.000 (local 23:19:45.680) $63,879.75 [-15.000s before 23:20:00]
2026-07-06 06:19:46 [btc_live] INFO: BTC_TICK 23:19:46.000 (local 23:19:46.571) $63,875.41 [-14.000s before 23:20:00]
2026-07-06 06:19:47 [btc_live] INFO: BTC_TICK 23:19:47.000 (local 23:19:47.615) $63,884.29 [-13.000s before 23:20:00]
2026-07-06 06:19:48 [btc_live] INFO: BTC_TICK 23:19:48.000 (local 23:19:48.505) $63,886.05 [-12.000s before 23:20:00]
2026-07-06 06:19:49 [btc_live] INFO: BTC_TICK 23:19:49.000 (local 23:19:49.385) $63,875.94 [-11.000s before 23:20:00]
2026-07-06 06:19:50 [btc_live] INFO: BTC_TICK 23:19:50.000 (local 23:19:50.849) $63,869.98 [-10.000s before 23:20:00]
2026-07-06 06:19:51 [btc_live] INFO: BTC_TICK 23:19:51.000 (local 23:19:51.803) $63,867.75 [-9.000s before 23:20:00]
2026-07-06 06:19:52 [btc_live] INFO: BTC_TICK 23:19:52.000 (local 23:19:52.807) $63,867.14 [-8.000s before 23:20:00]
2026-07-06 06:19:53 [btc_live] INFO: BTC_TICK 23:19:53.000 (local 23:19:53.729) $63,863.72 [-7.000s before 23:20:00]
2026-07-06 06:19:54 [btc_live] INFO: BTC_TICK 23:19:54.000 (local 23:19:54.757) $63,858.67 [-6.000s before 23:20:00]
2026-07-06 06:19:55 [btc_live] INFO: BTC_TICK 23:19:55.000 (local 23:19:55.680) $63,862.08 [-5.000s before 23:20:00]
2026-07-06 06:19:56 [btc_live] INFO: BTC_TICK 23:19:56.000 (local 23:19:56.653) $63,862.88 [-4.000s before 23:20:00]
2026-07-06 06:19:57 [btc_live] INFO: BTC_TICK 23:19:57.000 (local 23:19:57.660) $63,861.29 [-3.000s before 23:20:00]
2026-07-06 06:19:58 [btc_live] INFO: BTC_TICK 23:19:58.000 (local 23:19:58.546) $63,861.23 [-2.000s before 23:20:00]
2026-07-06 06:19:59 [btc_live] INFO: BTC_TICK 23:19:59.000 (local 23:19:59.582) $63,866.59 [-1.000s before 23:20:00]
2026-07-06 06:20:00 [btc_live] INFO: BTC_TICK 23:20:00.000 (local 23:20:00.625) $63,870.35 [+0.000s after 23:20:00]
2026-07-06 06:20:00 [btc_live] INFO: BTC anchor reset: $63,870.35 (boundary 23:20:00, first tick at 23:20:00.000, delay 0ms, prev anchor $63,913.01)
2026-07-06 06:20:01 [btc_live] INFO: BTC_TICK 23:20:01.000 (local 23:20:01.502) $63,870.97 [+1.000s after 23:20:00]
2026-07-06 06:20:02 [btc_live] INFO: BTC_TICK 23:20:02.000 (local 23:20:02.482) $63,871.43 [+2.000s after 23:20:00]
2026-07-06 06:20:03 [btc_live] INFO: BTC_TICK 23:20:03.000 (local 23:20:03.889) $63,871.43 [+3.000s after 23:20:00]
2026-07-06 06:20:04 [btc_live] INFO: BTC_TICK 23:20:04.000 (local 23:20:04.889) $63,871.63 [+4.000s after 23:20:00]
2026-07-06 06:20:05 [btc_live] INFO: BTC_TICK 23:20:05.000 (local 23:20:05.977) $63,871.28 [+5.000s after 23:20:00]
2026-07-06 06:20:10 [btc_live] INFO: WebSocket closed gracefully (code 1000)
2026-07-06 06:20:15 [btc_live] INFO: Market tokens assigned:
2026-07-06 06:20:15 [btc_live] INFO:   Slug: btc-updown-5m-1783293600
2026-07-06 06:20:15 [btc_live] INFO:   End Time: 2026-07-05T23:25:00Z (timestamp: 1783293900.0)
2026-07-06 06:20:15 [btc_live] INFO:   UP token: 4982648040944209601856274885303755033163...
2026-07-06 06:20:15 [btc_live] INFO:   DOWN token: 1098019682609159418276898906410670276837...
2026-07-06 06:20:16 [btc_live] INFO: WebSocket subscribing to tokens:
2026-07-06 06:20:16 [btc_live] INFO:   UP: 4982648040944209601856274885303755033163...
2026-07-06 06:20:16 [btc_live] INFO:   DOWN: 1098019682609159418276898906410670276837...
2026-07-06 06:20:16 [btc_live] INFO: Tokens validated: UP=0.33, DOWN=0.66, sum=0.99
2026-07-06 06:21:54 [btc_live] INFO: RTDS Chainlink connected
2026-07-06 06:24:45 [btc_live] INFO: BTC_TICK 23:24:45.000 (local 23:24:45.751) $63,664.38 [-15.000s before 23:25:00]
2026-07-06 06:24:46 [btc_live] INFO: BTC_TICK 23:24:46.000 (local 23:24:46.852) $63,663.86 [-14.000s before 23:25:00]
2026-07-06 06:24:47 [btc_live] INFO: BTC_TICK 23:24:47.000 (local 23:24:47.871) $63,664.02 [-13.000s before 23:25:00]
2026-07-06 06:24:49 [btc_live] INFO: BTC_TICK 23:24:48.000 (local 23:24:49.260) $63,664.28 [-12.000s before 23:25:00]
2026-07-06 06:24:49 [btc_live] INFO: BTC_TICK 23:24:49.000 (local 23:24:49.927) $63,664.29 [-11.000s before 23:25:00]
2026-07-06 06:24:51 [btc_live] INFO: BTC_TICK 23:24:50.000 (local 23:24:51.105) $63,660.88 [-10.000s before 23:25:00]
2026-07-06 06:24:51 [btc_live] INFO: BTC_TICK 23:24:51.000 (local 23:24:51.673) $63,660.33 [-9.000s before 23:25:00]
2026-07-06 06:24:53 [btc_live] INFO: BTC_TICK 23:24:52.000 (local 23:24:53.035) $63,654.59 [-8.000s before 23:25:00]
2026-07-06 06:24:53 [btc_live] INFO: BTC_TICK 23:24:53.000 (local 23:24:53.548) $63,653.50 [-7.000s before 23:25:00]
2026-07-06 06:24:54 [btc_live] INFO: BTC_TICK 23:24:54.000 (local 23:24:54.784) $63,646.79 [-6.000s before 23:25:00]
2026-07-06 06:24:55 [btc_live] INFO: BTC_TICK 23:24:55.000 (local 23:24:55.985) $63,646.55 [-5.000s before 23:25:00]
2026-07-06 06:24:57 [btc_live] INFO: BTC_TICK 23:24:56.000 (local 23:24:57.153) $63,644.99 [-4.000s before 23:25:00]
2026-07-06 06:24:57 [btc_live] INFO: BTC_TICK 23:24:57.000 (local 23:24:57.717) $63,644.27 [-3.000s before 23:25:00]
2026-07-06 06:24:59 [btc_live] INFO: BTC_TICK 23:24:58.000 (local 23:24:59.016) $63,642.16 [-2.000s before 23:25:00]
2026-07-06 06:24:59 [btc_live] INFO: BTC_TICK 23:24:59.000 (local 23:24:59.910) $63,642.61 [-1.000s before 23:25:00]
2026-07-06 06:25:00 [btc_live] INFO: WebSocket closed gracefully (code 1000)
2026-07-06 06:25:01 [btc_live] INFO: BTC_TICK 23:25:01.000 (local 23:25:01.777) $63,643.77 [+1.000s after 23:25:00]
2026-07-06 06:25:01 [btc_live] INFO: BTC anchor reset: $63,643.77 (boundary 23:25:00, first tick at 23:25:01.000, delay 1000ms, prev anchor $63,870.35)
2026-07-06 06:25:03 [btc_live] INFO: BTC_TICK 23:25:02.000 (local 23:25:03.468) $63,647.85 [+2.000s after 23:25:00]
2026-07-06 06:25:04 [btc_live] INFO: BTC_TICK 23:25:03.000 (local 23:25:04.085) $63,646.83 [+3.000s after 23:25:00]
2026-07-06 06:25:04 [btc_live] INFO: BTC_TICK 23:25:04.000 (local 23:25:04.618) $63,640.96 [+4.000s after 23:25:00]
2026-07-06 06:25:05 [btc_live] INFO: Market tokens assigned:
2026-07-06 06:25:05 [btc_live] INFO:   Slug: btc-updown-5m-1783293900
2026-07-06 06:25:05 [btc_live] INFO:   End Time: 2026-07-05T23:30:00Z (timestamp: 1783294200.0)
2026-07-06 06:25:05 [btc_live] INFO:   UP token: 2111575203269227872564274333049097732409...
2026-07-06 06:25:05 [btc_live] INFO:   DOWN token: 4246891185032714814511524933125827627738...
2026-07-06 06:25:06 [btc_live] INFO: BTC_TICK 23:25:05.000 (local 23:25:06.259) $63,635.28 [+5.000s after 23:25:00]
2026-07-06 06:25:06 [btc_live] INFO: WebSocket subscribing to tokens:
2026-07-06 06:25:06 [btc_live] INFO:   UP: 2111575203269227872564274333049097732409...
2026-07-06 06:25:06 [btc_live] INFO:   DOWN: 4246891185032714814511524933125827627738...
2026-07-06 06:25:06 [btc_live] INFO: Tokens validated: UP=0.48, DOWN=0.51, sum=0.99
2026-07-06 06:28:25 [btc_live] WARNING: RTDS Chainlink watchdog: no data for 30s, forcing reconnect
2026-07-06 06:28:26 [btc_live] INFO: RTDS Chainlink connected
2026-07-06 06:29:45 [btc_live] INFO: BTC_TICK 23:29:45.000 (local 23:29:45.998) $63,626.05 [-15.000s before 23:30:00]
2026-07-06 06:29:46 [btc_live] INFO: BTC_TICK 23:29:46.000 (local 23:29:46.755) $63,626.03 [-14.000s before 23:30:00]
2026-07-06 06:29:48 [btc_live] INFO: BTC_TICK 23:29:47.000 (local 23:29:48.083) $63,626.02 [-13.000s before 23:30:00]
2026-07-06 06:29:48 [btc_live] INFO: BTC_TICK 23:29:48.000 (local 23:29:48.990) $63,616.61 [-12.000s before 23:30:00]
2026-07-06 06:29:50 [btc_live] INFO: BTC_TICK 23:29:49.000 (local 23:29:50.345) $63,616.03 [-11.000s before 23:30:00]
2026-07-06 06:29:51 [btc_live] INFO: BTC_TICK 23:29:50.000 (local 23:29:51.046) $63,616.10 [-10.000s before 23:30:00]
2026-07-06 06:29:51 [btc_live] INFO: BTC_TICK 23:29:51.000 (local 23:29:51.947) $63,617.36 [-9.000s before 23:30:00]
2026-07-06 06:29:53 [btc_live] INFO: BTC_TICK 23:29:52.000 (local 23:29:53.421) $63,617.44 [-8.000s before 23:30:00]
2026-07-06 06:29:54 [btc_live] INFO: BTC_TICK 23:29:53.000 (local 23:29:54.183) $63,627.95 [-7.000s before 23:30:00]
2026-07-06 06:29:55 [btc_live] INFO: BTC_TICK 23:29:54.000 (local 23:29:55.008) $63,631.16 [-6.000s before 23:30:00]
2026-07-06 06:29:55 [btc_live] INFO: BTC_TICK 23:29:55.000 (local 23:29:55.563) $63,631.24 [-5.000s before 23:30:00]
2026-07-06 06:29:56 [btc_live] INFO: BTC_TICK 23:29:56.000 (local 23:29:56.595) $63,631.28 [-4.000s before 23:30:00]
2026-07-06 06:29:57 [btc_live] INFO: BTC_TICK 23:29:57.000 (local 23:29:57.614) $63,620.08 [-3.000s before 23:30:00]
2026-07-06 06:29:58 [btc_live] INFO: BTC_TICK 23:29:58.000 (local 23:29:58.572) $63,617.01 [-2.000s before 23:30:00]
2026-07-06 06:29:59 [btc_live] INFO: BTC_TICK 23:29:59.000 (local 23:29:59.785) $63,616.97 [-1.000s before 23:30:00]
2026-07-06 06:30:00 [btc_live] INFO: BTC_TICK 23:30:00.000 (local 23:30:00.653) $63,616.62 [+0.000s after 23:30:00]
2026-07-06 06:30:00 [btc_live] INFO: BTC anchor reset: $63,616.62 (boundary 23:30:00, first tick at 23:30:00.000, delay 0ms, prev anchor $63,643.77)
2026-07-06 06:30:01 [btc_live] INFO: BTC_TICK 23:30:01.000 (local 23:30:01.856) $63,616.38 [+1.000s after 23:30:00]
2026-07-06 06:30:02 [btc_live] INFO: BTC_TICK 23:30:02.000 (local 23:30:02.877) $63,604.52 [+2.000s after 23:30:00]
2026-07-06 06:30:04 [btc_live] INFO: BTC_TICK 23:30:03.000 (local 23:30:04.119) $63,601.53 [+3.000s after 23:30:00]
2026-07-06 06:30:05 [btc_live] INFO: BTC_TICK 23:30:04.000 (local 23:30:05.141) $63,608.82 [+4.000s after 23:30:00]
2026-07-06 06:30:05 [btc_live] INFO: BTC_TICK 23:30:05.000 (local 23:30:05.552) $63,611.64 [+5.000s after 23:30:00]
2026-07-06 06:30:10 [btc_live] INFO: WebSocket closed gracefully (code 1000)
2026-07-06 06:30:15 [btc_live] INFO: Market tokens assigned:
2026-07-06 06:30:15 [btc_live] INFO:   Slug: btc-updown-5m-1783294200
2026-07-06 06:30:15 [btc_live] INFO:   End Time: 2026-07-05T23:35:00Z (timestamp: 1783294500.0)
2026-07-06 06:30:15 [btc_live] INFO:   UP token: 1436788198423276970470516565355541684965...
2026-07-06 06:30:15 [btc_live] INFO:   DOWN token: 3684085493040727634744992705962741832363...
2026-07-06 06:30:16 [btc_live] INFO: WebSocket subscribing to tokens:
2026-07-06 06:30:16 [btc_live] INFO:   UP: 1436788198423276970470516565355541684965...
2026-07-06 06:30:16 [btc_live] INFO:   DOWN: 3684085493040727634744992705962741832363...
2026-07-06 06:30:16 [btc_live] INFO: Tokens validated: UP=0.56, DOWN=0.43, sum=0.99
2026-07-06 06:32:26 [btc_live] INFO: WebSocket subscribing to tokens:
2026-07-06 06:32:26 [btc_live] INFO:   UP: 1436788198423276970470516565355541684965...
2026-07-06 06:32:26 [btc_live] INFO:   DOWN: 3684085493040727634744992705962741832363...
2026-07-06 06:34:45 [btc_live] INFO: BTC_TICK 23:34:45.000 (local 23:34:45.629) $63,598.55 [-15.000s before 23:35:00]
2026-07-06 06:34:46 [btc_live] INFO: BTC_TICK 23:34:46.000 (local 23:34:46.683) $63,599.26 [-14.000s before 23:35:00]
2026-07-06 06:34:47 [btc_live] INFO: BTC_TICK 23:34:47.000 (local 23:34:47.827) $63,598.28 [-13.000s before 23:35:00]
2026-07-06 06:34:48 [btc_live] INFO: BTC_TICK 23:34:48.000 (local 23:34:48.976) $63,597.02 [-12.000s before 23:35:00]
2026-07-06 06:34:49 [btc_live] INFO: BTC_TICK 23:34:49.000 (local 23:34:49.878) $63,597.01 [-11.000s before 23:35:00]
2026-07-06 06:34:50 [btc_live] INFO: BTC_TICK 23:34:50.000 (local 23:34:50.974) $63,597.41 [-10.000s before 23:35:00]
2026-07-06 06:34:51 [btc_live] INFO: BTC_TICK 23:34:51.000 (local 23:34:51.436) $63,597.11 [-9.000s before 23:35:00]
2026-07-06 06:34:52 [btc_live] INFO: BTC_TICK 23:34:52.000 (local 23:34:52.392) $63,597.23 [-8.000s before 23:35:00]
2026-07-06 06:34:53 [btc_live] INFO: BTC_TICK 23:34:53.000 (local 23:34:53.960) $63,595.21 [-7.000s before 23:35:00]
2026-07-06 06:34:55 [btc_live] INFO: BTC_TICK 23:34:54.000 (local 23:34:55.265) $63,594.42 [-6.000s before 23:35:00]
2026-07-06 06:34:55 [btc_live] INFO: BTC_TICK 23:34:55.000 (local 23:34:55.825) $63,594.48 [-5.000s before 23:35:00]
2026-07-06 06:34:56 [btc_live] INFO: BTC_TICK 23:34:56.000 (local 23:34:56.857) $63,594.07 [-4.000s before 23:35:00]
2026-07-06 06:34:57 [btc_live] INFO: BTC_TICK 23:34:57.000 (local 23:34:57.872) $63,593.68 [-3.000s before 23:35:00]
2026-07-06 06:34:59 [btc_live] INFO: BTC_TICK 23:34:58.000 (local 23:34:59.002) $63,592.37 [-2.000s before 23:35:00]
2026-07-06 06:35:00 [btc_live] INFO: BTC_TICK 23:34:59.000 (local 23:35:00.032) $63,591.38 [-1.000s before 23:35:00]
2026-07-06 06:35:00 [btc_live] INFO: WebSocket closed gracefully (code 1000)
2026-07-06 06:35:00 [btc_live] INFO: BTC_TICK 23:35:00.000 (local 23:35:00.891) $63,590.13 [+0.000s after 23:35:00]
2026-07-06 06:35:00 [btc_live] INFO: BTC anchor reset: $63,590.13 (boundary 23:35:00, first tick at 23:35:00.000, delay 0ms, prev anchor $63,616.62)
2026-07-06 06:35:01 [btc_live] INFO: BTC_TICK 23:35:01.000 (local 23:35:01.842) $63,589.83 [+1.000s after 23:35:00]
2026-07-06 06:35:02 [btc_live] INFO: BTC_TICK 23:35:02.000 (local 23:35:02.796) $63,589.28 [+2.000s after 23:35:00]
2026-07-06 06:35:03 [btc_live] INFO: BTC_TICK 23:35:03.000 (local 23:35:03.933) $63,583.59 [+3.000s after 23:35:00]
2026-07-06 06:35:04 [btc_live] INFO: BTC_TICK 23:35:04.000 (local 23:35:04.776) $63,581.60 [+4.000s after 23:35:00]
2026-07-06 06:35:05 [btc_live] INFO: Market tokens assigned:
2026-07-06 06:35:05 [btc_live] INFO:   Slug: btc-updown-5m-1783294500
2026-07-06 06:35:05 [btc_live] INFO:   End Time: 2026-07-05T23:40:00Z (timestamp: 1783294800.0)
2026-07-06 06:35:05 [btc_live] INFO:   UP token: 1037782139206923081534656679676060047484...
2026-07-06 06:35:05 [btc_live] INFO:   DOWN token: 1538127477677142203801490737758592538658...
2026-07-06 06:35:06 [btc_live] INFO: BTC_TICK 23:35:05.000 (local 23:35:06.027) $63,579.89 [+5.000s after 23:35:00]
2026-07-06 06:35:06 [btc_live] INFO: WebSocket subscribing to tokens:
2026-07-06 06:35:06 [btc_live] INFO:   UP: 1037782139206923081534656679676060047484...
2026-07-06 06:35:06 [btc_live] INFO:   DOWN: 1538127477677142203801490737758592538658...
2026-07-06 06:35:06 [btc_live] INFO: Tokens validated: UP=0.38, DOWN=0.61, sum=0.99
2026-07-06 06:39:45 [btc_live] INFO: BTC_TICK 23:39:45.000 (local 23:39:45.786) $63,593.36 [-15.000s before 23:40:00]
2026-07-06 06:39:46 [btc_live] INFO: BTC_TICK 23:39:46.000 (local 23:39:46.862) $63,588.95 [-14.000s before 23:40:00]
2026-07-06 06:39:48 [btc_live] INFO: BTC_TICK 23:39:47.000 (local 23:39:48.321) $63,590.17 [-13.000s before 23:40:00]
2026-07-06 06:39:48 [btc_live] INFO: BTC_TICK 23:39:48.000 (local 23:39:48.911) $63,589.90 [-12.000s before 23:40:00]
2026-07-06 06:39:49 [btc_live] INFO: BTC_TICK 23:39:49.000 (local 23:39:49.610) $63,590.10 [-11.000s before 23:40:00]
2026-07-06 06:39:51 [btc_live] INFO: BTC_TICK 23:39:50.000 (local 23:39:51.234) $63,588.86 [-10.000s before 23:40:00]
2026-07-06 06:39:52 [btc_live] INFO: BTC_TICK 23:39:51.000 (local 23:39:52.232) $63,588.68 [-9.000s before 23:40:00]
2026-07-06 06:39:52 [btc_live] INFO: BTC_TICK 23:39:52.000 (local 23:39:52.772) $63,590.01 [-8.000s before 23:40:00]
2026-07-06 06:39:53 [btc_live] INFO: BTC_TICK 23:39:53.000 (local 23:39:53.921) $63,591.94 [-7.000s before 23:40:00]
2026-07-06 06:39:55 [btc_live] INFO: BTC_TICK 23:39:54.000 (local 23:39:55.071) $63,592.25 [-6.000s before 23:40:00]
2026-07-06 06:39:55 [btc_live] INFO: BTC_TICK 23:39:55.000 (local 23:39:55.652) $63,593.61 [-5.000s before 23:40:00]
2026-07-06 06:39:56 [btc_live] INFO: BTC_TICK 23:39:56.000 (local 23:39:56.909) $63,593.87 [-4.000s before 23:40:00]
2026-07-06 06:39:58 [btc_live] INFO: BTC_TICK 23:39:57.000 (local 23:39:58.101) $63,594.00 [-3.000s before 23:40:00]
2026-07-06 06:39:58 [btc_live] INFO: BTC_TICK 23:39:58.000 (local 23:39:58.562) $63,594.03 [-2.000s before 23:40:00]
2026-07-06 06:39:59 [btc_live] INFO: BTC_TICK 23:39:59.000 (local 23:39:59.806) $63,592.82 [-1.000s before 23:40:00]
2026-07-06 06:40:01 [btc_live] INFO: BTC_TICK 23:40:00.000 (local 23:40:01.011) $63,593.61 [+0.000s after 23:40:00]
2026-07-06 06:40:01 [btc_live] INFO: BTC anchor reset: $63,593.61 (boundary 23:40:00, first tick at 23:40:00.000, delay 0ms, prev anchor $63,590.13)
2026-07-06 06:40:01 [btc_live] INFO: BTC_TICK 23:40:01.000 (local 23:40:01.681) $63,592.74 [+1.000s after 23:40:00]
2026-07-06 06:40:02 [btc_live] INFO: BTC_TICK 23:40:02.000 (local 23:40:02.852) $63,592.78 [+2.000s after 23:40:00]
2026-07-06 06:40:04 [btc_live] INFO: BTC_TICK 23:40:03.000 (local 23:40:04.218) $63,596.33 [+3.000s after 23:40:00]
2026-07-06 06:40:04 [btc_live] INFO: BTC_TICK 23:40:04.000 (local 23:40:04.824) $63,596.55 [+4.000s after 23:40:00]
2026-07-06 06:40:06 [btc_live] INFO: BTC_TICK 23:40:05.000 (local 23:40:06.262) $63,598.61 [+5.000s after 23:40:00]
2026-07-06 06:40:10 [btc_live] INFO: WebSocket closed gracefully (code 1000)
2026-07-06 06:40:15 [btc_live] INFO: Market tokens assigned:
2026-07-06 06:40:15 [btc_live] INFO:   Slug: btc-updown-5m-1783294800
2026-07-06 06:40:15 [btc_live] INFO:   End Time: 2026-07-05T23:45:00Z (timestamp: 1783295100.0)
2026-07-06 06:40:15 [btc_live] INFO:   UP token: 4777887599495707239721699900098907304413...
2026-07-06 06:40:15 [btc_live] INFO:   DOWN token: 5589155741265337118655411569170729744544...
2026-07-06 06:40:16 [btc_live] INFO: WebSocket subscribing to tokens:
2026-07-06 06:40:16 [btc_live] INFO:   UP: 4777887599495707239721699900098907304413...
2026-07-06 06:40:16 [btc_live] INFO:   DOWN: 5589155741265337118655411569170729744544...
2026-07-06 06:40:16 [btc_live] INFO: Tokens validated: UP=0.46, DOWN=0.53, sum=0.99
2026-07-06 06:44:46 [btc_live] INFO: BTC_TICK 23:44:45.000 (local 23:44:46.051) $63,647.23 [-15.000s before 23:45:00]
2026-07-06 06:44:46 [btc_live] INFO: BTC_TICK 23:44:46.000 (local 23:44:46.999) $63,647.69 [-14.000s before 23:45:00]
2026-07-06 06:44:47 [btc_live] INFO: BTC_TICK 23:44:47.000 (local 23:44:47.616) $63,647.69 [-13.000s before 23:45:00]
2026-07-06 06:44:48 [btc_live] INFO: BTC_TICK 23:44:48.000 (local 23:44:48.817) $63,646.49 [-12.000s before 23:45:00]
2026-07-06 06:44:49 [btc_live] INFO: BTC_TICK 23:44:49.000 (local 23:44:49.850) $63,646.12 [-11.000s before 23:45:00]
2026-07-06 06:44:51 [btc_live] INFO: BTC_TICK 23:44:50.000 (local 23:44:51.022) $63,643.97 [-10.000s before 23:45:00]
2026-07-06 06:44:52 [btc_live] INFO: BTC_TICK 23:44:51.000 (local 23:44:52.318) $63,643.12 [-9.000s before 23:45:00]
2026-07-06 06:44:52 [btc_live] INFO: BTC_TICK 23:44:52.000 (local 23:44:52.938) $63,642.83 [-8.000s before 23:45:00]
2026-07-06 06:44:53 [btc_live] INFO: BTC_TICK 23:44:53.000 (local 23:44:53.951) $63,642.83 [-7.000s before 23:45:00]
2026-07-06 06:44:54 [btc_live] INFO: BTC_TICK 23:44:54.000 (local 23:44:54.611) $63,644.06 [-6.000s before 23:45:00]
2026-07-06 06:44:55 [btc_live] INFO: BTC_TICK 23:44:55.000 (local 23:44:55.598) $63,643.35 [-5.000s before 23:45:00]
2026-07-06 06:44:56 [btc_live] INFO: BTC_TICK 23:44:56.000 (local 23:44:56.752) $63,643.32 [-4.000s before 23:45:00]
2026-07-06 06:44:57 [btc_live] INFO: BTC_TICK 23:44:57.000 (local 23:44:57.966) $63,643.32 [-3.000s before 23:45:00]
2026-07-06 06:44:58 [btc_live] INFO: BTC_TICK 23:44:58.000 (local 23:44:58.544) $63,642.23 [-2.000s before 23:45:00]
2026-07-06 06:44:59 [btc_live] INFO: BTC_TICK 23:44:59.000 (local 23:44:59.609) $63,642.23 [-1.000s before 23:45:00]
2026-07-06 06:45:00 [btc_live] INFO: WebSocket closed gracefully (code 1000)
2026-07-06 06:45:00 [btc_live] INFO: BTC_TICK 23:45:00.000 (local 23:45:00.740) $63,642.24 [+0.000s after 23:45:00]
2026-07-06 06:45:00 [btc_live] INFO: BTC anchor reset: $63,642.24 (boundary 23:45:00, first tick at 23:45:00.000, delay 0ms, prev anchor $63,593.61)
2026-07-06 06:45:02 [btc_live] INFO: BTC_TICK 23:45:01.000 (local 23:45:02.674) $63,640.68 [+1.000s after 23:45:00]
2026-07-06 06:45:03 [btc_live] INFO: BTC_TICK 23:45:02.000 (local 23:45:03.691) $63,623.79 [+2.000s after 23:45:00]
2026-07-06 06:45:04 [btc_live] INFO: BTC_TICK 23:45:03.000 (local 23:45:04.444) $63,623.83 [+3.000s after 23:45:00]
2026-07-06 06:45:05 [btc_live] INFO: BTC_TICK 23:45:04.000 (local 23:45:05.060) $63,623.83 [+4.000s after 23:45:00]
2026-07-06 06:45:05 [btc_live] INFO: Market tokens assigned:
2026-07-06 06:45:05 [btc_live] INFO:   Slug: btc-updown-5m-1783295100
2026-07-06 06:45:05 [btc_live] INFO:   End Time: 2026-07-05T23:50:00Z (timestamp: 1783295400.0)
2026-07-06 06:45:05 [btc_live] INFO:   UP token: 5187524392348737347798701659863835409844...
2026-07-06 06:45:05 [btc_live] INFO:   DOWN token: 1148575635635845403726289357152976596405...
2026-07-06 06:45:05 [btc_live] INFO: BTC_TICK 23:45:05.000 (local 23:45:05.757) $63,622.82 [+5.000s after 23:45:00]
2026-07-06 06:45:06 [btc_live] INFO: WebSocket subscribing to tokens:
2026-07-06 06:45:06 [btc_live] INFO:   UP: 5187524392348737347798701659863835409844...
2026-07-06 06:45:06 [btc_live] INFO:   DOWN: 1148575635635845403726289357152976596405...
2026-07-06 06:45:06 [btc_live] INFO: Tokens validated: UP=0.41, DOWN=0.58, sum=0.99
2026-07-06 06:49:46 [btc_live] INFO: BTC_TICK 23:49:45.000 (local 23:49:46.677) $63,573.59 [-15.000s before 23:50:00]
2026-07-06 06:49:47 [btc_live] INFO: BTC_TICK 23:49:46.000 (local 23:49:47.391) $63,574.02 [-14.000s before 23:50:00]
2026-07-06 06:49:48 [btc_live] INFO: BTC_TICK 23:49:47.000 (local 23:49:48.478) $63,574.02 [-13.000s before 23:50:00]
2026-07-06 06:49:49 [btc_live] INFO: BTC_TICK 23:49:48.000 (local 23:49:49.234) $63,573.87 [-12.000s before 23:50:00]
2026-07-06 06:49:49 [btc_live] INFO: BTC_TICK 23:49:49.000 (local 23:49:49.770) $63,571.48 [-11.000s before 23:50:00]
2026-07-06 06:49:51 [btc_live] INFO: BTC_TICK 23:49:50.000 (local 23:49:51.548) $63,571.28 [-10.000s before 23:50:00]
2026-07-06 06:49:52 [btc_live] INFO: BTC_TICK 23:49:51.000 (local 23:49:52.429) $63,571.27 [-9.000s before 23:50:00]
2026-07-06 06:49:52 [btc_live] INFO: BTC_TICK 23:49:52.000 (local 23:49:52.877) $63,569.84 [-8.000s before 23:50:00]
2026-07-06 06:49:54 [btc_live] INFO: BTC_TICK 23:49:53.000 (local 23:49:54.637) $63,571.20 [-7.000s before 23:50:00]
2026-07-06 06:49:55 [btc_live] INFO: BTC_TICK 23:49:54.000 (local 23:49:55.266) $63,571.17 [-6.000s before 23:50:00]
2026-07-06 06:49:55 [btc_live] INFO: BTC_TICK 23:49:55.000 (local 23:49:55.914) $63,571.22 [-5.000s before 23:50:00]
2026-07-06 06:49:56 [btc_live] INFO: BTC_TICK 23:49:56.000 (local 23:49:56.782) $63,571.25 [-4.000s before 23:50:00]
2026-07-06 06:49:58 [btc_live] INFO: BTC_TICK 23:49:57.000 (local 23:49:58.244) $63,570.94 [-3.000s before 23:50:00]
2026-07-06 06:49:58 [btc_live] INFO: BTC_TICK 23:49:58.000 (local 23:49:58.987) $63,570.89 [-2.000s before 23:50:00]
2026-07-06 06:49:59 [btc_live] INFO: BTC_TICK 23:49:59.000 (local 23:49:59.755) $63,570.78 [-1.000s before 23:50:00]
2026-07-06 06:50:01 [btc_live] INFO: BTC_TICK 23:50:00.000 (local 23:50:01.272) $63,572.09 [+0.000s after 23:50:00]
2026-07-06 06:50:01 [btc_live] INFO: BTC anchor reset: $63,572.09 (boundary 23:50:00, first tick at 23:50:00.000, delay 0ms, prev anchor $63,642.24)
2026-07-06 06:50:02 [btc_live] INFO: BTC_TICK 23:50:01.000 (local 23:50:02.031) $63,572.54 [+1.000s after 23:50:00]
2026-07-06 06:50:03 [btc_live] INFO: BTC_TICK 23:50:02.000 (local 23:50:03.287) $63,573.21 [+2.000s after 23:50:00]
2026-07-06 06:50:04 [btc_live] INFO: BTC_TICK 23:50:03.000 (local 23:50:04.160) $63,573.20 [+3.000s after 23:50:00]
2026-07-06 06:50:04 [btc_live] INFO: BTC_TICK 23:50:04.000 (local 23:50:04.655) $63,573.20 [+4.000s after 23:50:00]
2026-07-06 06:50:05 [btc_live] INFO: BTC_TICK 23:50:05.000 (local 23:50:05.800) $63,580.48 [+5.000s after 23:50:00]
2026-07-06 06:50:10 [btc_live] INFO: WebSocket closed gracefully (code 1000)
2026-07-06 06:50:15 [btc_live] INFO: Market tokens assigned:
2026-07-06 06:50:15 [btc_live] INFO:   Slug: btc-updown-5m-1783295400
2026-07-06 06:50:15 [btc_live] INFO:   End Time: 2026-07-05T23:55:00Z (timestamp: 1783295700.0)
2026-07-06 06:50:15 [btc_live] INFO:   UP token: 1017577401719975849636800478349690498327...
2026-07-06 06:50:15 [btc_live] INFO:   DOWN token: 5108852956224199096023748802649692652546...
2026-07-06 06:50:15 [btc_live] INFO: WebSocket subscribing to tokens:
2026-07-06 06:50:15 [btc_live] INFO:   UP: 1017577401719975849636800478349690498327...
2026-07-06 06:50:15 [btc_live] INFO:   DOWN: 5108852956224199096023748802649692652546...
2026-07-06 06:50:15 [btc_live] INFO: Tokens validated: UP=0.50, DOWN=0.49, sum=0.99
2026-07-06 06:54:45 [btc_live] INFO: BTC_TICK 23:54:45.000 (local 23:54:45.817) $63,537.71 [-15.000s before 23:55:00]
2026-07-06 06:54:47 [btc_live] INFO: BTC_TICK 23:54:46.000 (local 23:54:47.550) $63,537.49 [-14.000s before 23:55:00]
2026-07-06 06:54:48 [btc_live] INFO: BTC_TICK 23:54:47.000 (local 23:54:48.147) $63,537.04 [-13.000s before 23:55:00]
2026-07-06 06:54:48 [btc_live] INFO: BTC_TICK 23:54:48.000 (local 23:54:48.699) $63,536.65 [-12.000s before 23:55:00]
2026-07-06 06:54:49 [btc_live] INFO: BTC_TICK 23:54:49.000 (local 23:54:49.891) $63,536.68 [-11.000s before 23:55:00]
2026-07-06 06:54:51 [btc_live] INFO: BTC_TICK 23:54:50.000 (local 23:54:51.124) $63,536.33 [-10.000s before 23:55:00]
2026-07-06 06:54:51 [btc_live] INFO: BTC_TICK 23:54:51.000 (local 23:54:51.668) $63,536.28 [-9.000s before 23:55:00]
2026-07-06 06:54:52 [btc_live] INFO: BTC_TICK 23:54:52.000 (local 23:54:52.946) $63,536.22 [-8.000s before 23:55:00]
2026-07-06 06:54:54 [btc_live] INFO: BTC_TICK 23:54:53.000 (local 23:54:54.028) $63,536.20 [-7.000s before 23:55:00]
2026-07-06 06:54:54 [btc_live] INFO: BTC_TICK 23:54:54.000 (local 23:54:54.765) $63,536.27 [-6.000s before 23:55:00]
2026-07-06 06:54:55 [btc_live] INFO: BTC_TICK 23:54:55.000 (local 23:54:55.909) $63,536.27 [-5.000s before 23:55:00]
2026-07-06 06:54:57 [btc_live] INFO: BTC_TICK 23:54:56.000 (local 23:54:57.037) $63,536.74 [-4.000s before 23:55:00]
2026-07-06 06:54:57 [btc_live] INFO: BTC_TICK 23:54:57.000 (local 23:54:57.751) $63,537.03 [-3.000s before 23:55:00]
2026-07-06 06:54:59 [btc_live] INFO: BTC_TICK 23:54:58.000 (local 23:54:59.243) $63,530.45 [-2.000s before 23:55:00]
2026-07-06 06:55:00 [btc_live] INFO: BTC_TICK 23:54:59.000 (local 23:55:00.198) $63,532.25 [-1.000s before 23:55:00]
2026-07-06 06:55:01 [btc_live] INFO: BTC_TICK 23:55:00.000 (local 23:55:01.060) $63,531.28 [+0.000s after 23:55:00]
2026-07-06 06:55:01 [btc_live] INFO: BTC anchor reset: $63,531.28 (boundary 23:55:00, first tick at 23:55:00.000, delay 0ms, prev anchor $63,572.09)
2026-07-06 06:55:01 [btc_live] INFO: BTC_TICK 23:55:01.000 (local 23:55:01.850) $63,529.91 [+1.000s after 23:55:00]
2026-07-06 06:55:03 [btc_live] INFO: BTC_TICK 23:55:02.000 (local 23:55:03.059) $63,519.84 [+2.000s after 23:55:00]
2026-07-06 06:55:03 [btc_live] INFO: BTC_TICK 23:55:03.000 (local 23:55:03.710) $63,518.48 [+3.000s after 23:55:00]
2026-07-06 06:55:04 [btc_live] INFO: BTC_TICK 23:55:04.000 (local 23:55:04.830) $63,517.26 [+4.000s after 23:55:00]
2026-07-06 06:55:06 [btc_live] INFO: BTC_TICK 23:55:05.000 (local 23:55:06.091) $63,516.79 [+5.000s after 23:55:00]
2026-07-06 06:55:10 [btc_live] INFO: WebSocket closed gracefully (code 1000)
2026-07-06 06:55:15 [btc_live] INFO: Market tokens assigned:
2026-07-06 06:55:15 [btc_live] INFO:   Slug: btc-updown-5m-1783295700
2026-07-06 06:55:15 [btc_live] INFO:   End Time: 2026-07-06T00:00:00Z (timestamp: 1783296000.0)
2026-07-06 06:55:15 [btc_live] INFO:   UP token: 1005973548675434142123017524157894734348...
2026-07-06 06:55:15 [btc_live] INFO:   DOWN token: 6392173005806421000477008721661947387139...
2026-07-06 06:55:15 [btc_live] INFO: WebSocket subscribing to tokens:
2026-07-06 06:55:15 [btc_live] INFO:   UP: 1005973548675434142123017524157894734348...
2026-07-06 06:55:15 [btc_live] INFO:   DOWN: 6392173005806421000477008721661947387139...
2026-07-06 06:55:16 [btc_live] INFO: Tokens validated: UP=0.43, DOWN=0.56, sum=0.99
2026-07-06 06:59:45 [btc_live] INFO: BTC_TICK 23:59:45.000 (local 23:59:45.857) $63,576.78 [-15.000s before 00:00:00]
2026-07-06 06:59:46 [btc_live] INFO: BTC_TICK 23:59:46.000 (local 23:59:46.683) $63,576.79 [-14.000s before 00:00:00]
2026-07-06 06:59:47 [btc_live] INFO: BTC_TICK 23:59:47.000 (local 23:59:47.740) $63,577.39 [-13.000s before 00:00:00]
2026-07-06 06:59:49 [btc_live] INFO: BTC_TICK 23:59:48.000 (local 23:59:49.019) $63,577.28 [-12.000s before 00:00:00]
2026-07-06 06:59:50 [btc_live] INFO: BTC_TICK 23:59:49.000 (local 23:59:50.001) $63,591.68 [-11.000s before 00:00:00]
2026-07-06 06:59:51 [btc_live] INFO: BTC_TICK 23:59:50.000 (local 23:59:51.053) $63,593.33 [-10.000s before 00:00:00]
2026-07-06 06:59:51 [btc_live] INFO: BTC_TICK 23:59:51.000 (local 23:59:51.669) $63,592.87 [-9.000s before 00:00:00]
2026-07-06 06:59:53 [btc_live] INFO: BTC_TICK 23:59:52.000 (local 23:59:53.111) $63,592.77 [-8.000s before 00:00:00]
2026-07-06 06:59:53 [btc_live] INFO: BTC_TICK 23:59:53.000 (local 23:59:53.629) $63,592.77 [-7.000s before 00:00:00]
2026-07-06 06:59:54 [btc_live] INFO: BTC_TICK 23:59:54.000 (local 23:59:54.625) $63,591.80 [-6.000s before 00:00:00]
2026-07-06 06:59:55 [btc_live] INFO: BTC_TICK 23:59:55.000 (local 23:59:55.635) $63,589.48 [-5.000s before 00:00:00]
2026-07-06 06:59:56 [btc_live] INFO: BTC_TICK 23:59:56.000 (local 23:59:56.564) $63,589.38 [-4.000s before 00:00:00]
2026-07-06 06:59:57 [btc_live] INFO: BTC_TICK 23:59:57.000 (local 23:59:57.597) $63,590.42 [-3.000s before 00:00:00]
2026-07-06 06:59:58 [btc_live] INFO: BTC_TICK 23:59:58.000 (local 23:59:58.633) $63,591.74 [-2.000s before 00:00:00]
2026-07-06 06:59:59 [btc_live] INFO: BTC_TICK 23:59:59.000 (local 23:59:59.589) $63,590.07 [-1.000s before 00:00:00]
2026-07-06 07:00:00 [btc_live] INFO: BTC_TICK 00:00:00.000 (local 00:00:00.479) $63,586.99 [+0.000s after 00:00:00]
2026-07-06 07:00:00 [btc_live] INFO: BTC anchor reset: $63,586.99 (boundary 00:00:00, first tick at 00:00:00.000, delay 0ms, prev anchor $63,531.28)
2026-07-06 07:00:01 [btc_live] INFO: BTC_TICK 00:00:01.000 (local 00:00:01.457) $63,585.65 [+1.000s after 00:00:00]
2026-07-06 07:00:02 [btc_live] INFO: BTC_TICK 00:00:02.000 (local 00:00:02.623) $63,586.20 [+2.000s after 00:00:00]
2026-07-06 07:00:03 [btc_live] INFO: BTC_TICK 00:00:03.000 (local 00:00:03.745) $63,584.46 [+3.000s after 00:00:00]
2026-07-06 07:00:04 [btc_live] INFO: BTC_TICK 00:00:04.000 (local 00:00:04.584) $63,582.28 [+4.000s after 00:00:00]
2026-07-06 07:00:05 [btc_live] INFO: BTC_TICK 00:00:05.000 (local 00:00:05.841) $63,584.41 [+5.000s after 00:00:00]
2026-07-06 07:00:10 [btc_live] INFO: WebSocket closed gracefully (code 1000)
2026-07-06 07:00:15 [btc_live] INFO: Market tokens assigned:
2026-07-06 07:00:15 [btc_live] INFO:   Slug: btc-updown-5m-1783296000
2026-07-06 07:00:15 [btc_live] INFO:   End Time: 2026-07-06T00:05:00Z (timestamp: 1783296300.0)
2026-07-06 07:00:15 [btc_live] INFO:   UP token: 9798135313950133145845698265674464907966...
2026-07-06 07:00:15 [btc_live] INFO:   DOWN token: 1249161337574796795354964320924645414735...
2026-07-06 07:00:15 [btc_live] INFO: WebSocket subscribing to tokens:
2026-07-06 07:00:15 [btc_live] INFO:   UP: 9798135313950133145845698265674464907966...
2026-07-06 07:00:15 [btc_live] INFO:   DOWN: 1249161337574796795354964320924645414735...
2026-07-06 07:00:16 [btc_live] INFO: Tokens validated: UP=0.55, DOWN=0.44, sum=0.99
2026-07-06 07:04:46 [btc_live] INFO: BTC_TICK 00:04:45.000 (local 00:04:46.155) $63,604.77 [-15.000s before 00:05:00]
2026-07-06 07:04:46 [btc_live] INFO: BTC_TICK 00:04:46.000 (local 00:04:46.769) $63,605.13 [-14.000s before 00:05:00]
2026-07-06 07:04:47 [btc_live] INFO: BTC_TICK 00:04:47.000 (local 00:04:47.814) $63,605.51 [-13.000s before 00:05:00]
2026-07-06 07:04:49 [btc_live] INFO: BTC_TICK 00:04:48.000 (local 00:04:49.442) $63,610.08 [-12.000s before 00:05:00]
2026-07-06 07:04:49 [btc_live] INFO: BTC_TICK 00:04:49.000 (local 00:04:49.795) $63,612.92 [-11.000s before 00:05:00]
2026-07-06 07:04:50 [btc_live] INFO: BTC_TICK 00:04:50.000 (local 00:04:50.889) $63,617.02 [-10.000s before 00:05:00]
2026-07-06 07:04:52 [btc_live] INFO: BTC_TICK 00:04:51.000 (local 00:04:52.029) $63,621.43 [-9.000s before 00:05:00]
2026-07-06 07:04:52 [btc_live] INFO: BTC_TICK 00:04:52.000 (local 00:04:52.526) $63,624.01 [-8.000s before 00:05:00]
2026-07-06 07:04:53 [btc_live] INFO: BTC_TICK 00:04:53.000 (local 00:04:53.745) $63,625.15 [-7.000s before 00:05:00]
2026-07-06 07:04:54 [btc_live] INFO: BTC_TICK 00:04:54.000 (local 00:04:54.883) $63,645.46 [-6.000s before 00:05:00]
2026-07-06 07:04:55 [btc_live] INFO: BTC_TICK 00:04:55.000 (local 00:04:55.883) $63,647.13 [-5.000s before 00:05:00]
2026-07-06 07:04:56 [btc_live] INFO: BTC_TICK 00:04:56.000 (local 00:04:56.946) $63,646.83 [-4.000s before 00:05:00]
2026-07-06 07:04:57 [btc_live] INFO: BTC_TICK 00:04:57.000 (local 00:04:57.618) $63,646.82 [-3.000s before 00:05:00]
2026-07-06 07:04:58 [btc_live] INFO: BTC_TICK 00:04:58.000 (local 00:04:58.702) $63,646.78 [-2.000s before 00:05:00]
2026-07-06 07:04:59 [btc_live] INFO: BTC_TICK 00:04:59.000 (local 00:04:59.678) $63,645.78 [-1.000s before 00:05:00]
2026-07-06 07:05:00 [btc_live] INFO: BTC_TICK 00:05:00.000 (local 00:05:00.760) $63,644.81 [+0.000s after 00:05:00]
2026-07-06 07:05:00 [btc_live] INFO: BTC anchor reset: $63,644.81 (boundary 00:05:00, first tick at 00:05:00.000, delay 0ms, prev anchor $63,586.99)
2026-07-06 07:05:02 [btc_live] INFO: BTC_TICK 00:05:01.000 (local 00:05:02.187) $63,643.41 [+1.000s after 00:05:00]
2026-07-06 07:05:02 [btc_live] INFO: BTC_TICK 00:05:02.000 (local 00:05:02.743) $63,641.35 [+2.000s after 00:05:00]
2026-07-06 07:05:04 [btc_live] INFO: BTC_TICK 00:05:03.000 (local 00:05:04.303) $63,637.97 [+3.000s after 00:05:00]
2026-07-06 07:05:04 [btc_live] INFO: BTC_TICK 00:05:04.000 (local 00:05:04.915) $63,637.79 [+4.000s after 00:05:00]
2026-07-06 07:05:06 [btc_live] INFO: BTC_TICK 00:05:05.000 (local 00:05:06.390) $63,638.26 [+5.000s after 00:05:00]
2026-07-06 07:05:10 [btc_live] INFO: WebSocket closed gracefully (code 1000)
2026-07-06 07:05:15 [btc_live] INFO: Market tokens assigned:
2026-07-06 07:05:15 [btc_live] INFO:   Slug: btc-updown-5m-1783296300
2026-07-06 07:05:15 [btc_live] INFO:   End Time: 2026-07-06T00:10:00Z (timestamp: 1783296600.0)
2026-07-06 07:05:15 [btc_live] INFO:   UP token: 2213134031516308341128181888774547914267...
2026-07-06 07:05:15 [btc_live] INFO:   DOWN token: 1613761614119620365916574148816964334582...
2026-07-06 07:05:15 [btc_live] INFO: WebSocket subscribing to tokens:
2026-07-06 07:05:15 [btc_live] INFO:   UP: 2213134031516308341128181888774547914267...
2026-07-06 07:05:15 [btc_live] INFO:   DOWN: 1613761614119620365916574148816964334582...
2026-07-06 07:05:15 [btc_live] INFO: Tokens validated: UP=0.39, DOWN=0.60, sum=0.99
2026-07-06 07:09:46 [btc_live] INFO: BTC_TICK 00:09:45.000 (local 00:09:46.052) $63,513.44 [-15.000s before 00:10:00]
2026-07-06 07:09:46 [btc_live] INFO: BTC_TICK 00:09:46.000 (local 00:09:46.998) $63,514.54 [-14.000s before 00:10:00]
2026-07-06 07:09:47 [btc_live] INFO: BTC_TICK 00:09:47.000 (local 00:09:47.817) $63,515.48 [-13.000s before 00:10:00]
2026-07-06 07:09:49 [btc_live] INFO: BTC_TICK 00:09:48.000 (local 00:09:49.207) $63,515.84 [-12.000s before 00:10:00]
2026-07-06 07:09:50 [btc_live] INFO: BTC_TICK 00:09:49.000 (local 00:09:50.057) $63,516.79 [-11.000s before 00:10:00]
2026-07-06 07:09:50 [btc_live] INFO: BTC_TICK 00:09:50.000 (local 00:09:50.630) $63,516.87 [-10.000s before 00:10:00]
2026-07-06 07:09:52 [btc_live] INFO: BTC_TICK 00:09:51.000 (local 00:09:52.191) $63,516.87 [-9.000s before 00:10:00]
2026-07-06 07:09:53 [btc_live] INFO: BTC_TICK 00:09:52.000 (local 00:09:53.027) $63,516.22 [-8.000s before 00:10:00]
2026-07-06 07:09:53 [btc_live] INFO: BTC_TICK 00:09:53.000 (local 00:09:53.659) $63,515.91 [-7.000s before 00:10:00]
2026-07-06 07:09:55 [btc_live] INFO: BTC_TICK 00:09:54.000 (local 00:09:55.294) $63,512.59 [-6.000s before 00:10:00]
2026-07-06 07:09:56 [btc_live] INFO: BTC_TICK 00:09:55.000 (local 00:09:56.061) $63,511.51 [-5.000s before 00:10:00]
2026-07-06 07:09:56 [btc_live] INFO: BTC_TICK 00:09:56.000 (local 00:09:56.647) $63,510.43 [-4.000s before 00:10:00]
2026-07-06 07:09:58 [btc_live] INFO: BTC_TICK 00:09:57.000 (local 00:09:58.448) $63,510.07 [-3.000s before 00:10:00]
2026-07-06 07:09:59 [btc_live] INFO: BTC_TICK 00:09:58.000 (local 00:09:59.284) $63,510.09 [-2.000s before 00:10:00]
2026-07-06 07:09:59 [btc_live] INFO: BTC_TICK 00:09:59.000 (local 00:09:59.969) $63,510.23 [-1.000s before 00:10:00]
2026-07-06 07:10:00 [btc_live] INFO: WebSocket closed gracefully (code 1000)
2026-07-06 07:10:00 [btc_live] INFO: BTC_TICK 00:10:00.000 (local 00:10:00.988) $63,512.42 [+0.000s after 00:10:00]
2026-07-06 07:10:00 [btc_live] INFO: BTC anchor reset: $63,512.42 (boundary 00:10:00, first tick at 00:10:00.000, delay 0ms, prev anchor $63,644.81)
2026-07-06 07:10:02 [btc_live] INFO: BTC_TICK 00:10:01.000 (local 00:10:02.408) $63,511.05 [+1.000s after 00:10:00]
2026-07-06 07:10:03 [btc_live] INFO: BTC_TICK 00:10:02.000 (local 00:10:03.538) $63,505.16 [+2.000s after 00:10:00]
2026-07-06 07:10:04 [btc_live] INFO: BTC_TICK 00:10:03.000 (local 00:10:04.290) $63,504.19 [+3.000s after 00:10:00]
2026-07-06 07:10:04 [btc_live] INFO: BTC_TICK 00:10:04.000 (local 00:10:04.669) $63,501.32 [+4.000s after 00:10:00]
2026-07-06 07:10:05 [btc_live] INFO: Market tokens assigned:
2026-07-06 07:10:05 [btc_live] INFO:   Slug: btc-updown-5m-1783296600
2026-07-06 07:10:05 [btc_live] INFO:   End Time: 2026-07-06T00:15:00Z (timestamp: 1783296900.0)
2026-07-06 07:10:05 [btc_live] INFO:   UP token: 2666179654744340940965601002350814947958...
2026-07-06 07:10:05 [btc_live] INFO:   DOWN token: 3301327233925328147141708441716972814729...
2026-07-06 07:10:06 [btc_live] INFO: BTC_TICK 00:10:05.000 (local 00:10:06.010) $63,499.68 [+5.000s after 00:10:00]
2026-07-06 07:10:06 [btc_live] INFO: WebSocket subscribing to tokens:
2026-07-06 07:10:06 [btc_live] INFO:   UP: 2666179654744340940965601002350814947958...
2026-07-06 07:10:06 [btc_live] INFO:   DOWN: 3301327233925328147141708441716972814729...
2026-07-06 07:10:07 [btc_live] INFO: Tokens validated: UP=0.36, DOWN=0.63, sum=0.99
2026-07-06 07:14:45 [btc_live] INFO: BTC_TICK 00:14:45.000 (local 00:14:45.755) $63,500.38 [-15.000s before 00:15:00]
2026-07-06 07:14:46 [btc_live] INFO: BTC_TICK 00:14:46.000 (local 00:14:46.834) $63,500.47 [-14.000s before 00:15:00]
2026-07-06 07:14:47 [btc_live] INFO: BTC_TICK 00:14:47.000 (local 00:14:47.937) $63,500.85 [-13.000s before 00:15:00]
2026-07-06 07:14:48 [btc_live] INFO: BTC_TICK 00:14:48.000 (local 00:14:48.480) $63,500.83 [-12.000s before 00:15:00]
2026-07-06 07:14:50 [btc_live] INFO: BTC_TICK 00:14:49.000 (local 00:14:50.249) $63,500.01 [-11.000s before 00:15:00]
2026-07-06 07:14:50 [btc_live] INFO: BTC_TICK 00:14:50.000 (local 00:14:50.876) $63,500.01 [-10.000s before 00:15:00]
2026-07-06 07:14:52 [btc_live] INFO: BTC_TICK 00:14:51.000 (local 00:14:52.014) $63,500.09 [-9.000s before 00:15:00]
2026-07-06 07:14:52 [btc_live] INFO: BTC_TICK 00:14:52.000 (local 00:14:52.627) $63,499.93 [-8.000s before 00:15:00]
2026-07-06 07:14:54 [btc_live] INFO: BTC_TICK 00:14:53.000 (local 00:14:54.214) $63,500.66 [-7.000s before 00:15:00]
2026-07-06 07:14:55 [btc_live] INFO: BTC_TICK 00:14:54.000 (local 00:14:55.002) $63,506.55 [-6.000s before 00:15:00]
2026-07-06 07:14:55 [btc_live] INFO: BTC_TICK 00:14:55.000 (local 00:14:55.593) $63,507.19 [-5.000s before 00:15:00]
2026-07-06 07:14:57 [btc_live] INFO: BTC_TICK 00:14:56.000 (local 00:14:57.384) $63,508.57 [-4.000s before 00:15:00]
2026-07-06 07:14:58 [btc_live] INFO: BTC_TICK 00:14:57.000 (local 00:14:58.097) $63,510.08 [-3.000s before 00:15:00]
2026-07-06 07:14:58 [btc_live] INFO: BTC_TICK 00:14:58.000 (local 00:14:58.771) $63,516.05 [-2.000s before 00:15:00]
2026-07-06 07:14:59 [btc_live] INFO: BTC_TICK 00:14:59.000 (local 00:14:59.988) $63,526.37 [-1.000s before 00:15:00]
2026-07-06 07:15:01 [btc_live] INFO: BTC_TICK 00:15:00.000 (local 00:15:01.371) $63,528.67 [+0.000s after 00:15:00]
2026-07-06 07:15:01 [btc_live] INFO: BTC anchor reset: $63,528.67 (boundary 00:15:00, first tick at 00:15:00.000, delay 0ms, prev anchor $63,512.42)
2026-07-06 07:15:02 [btc_live] INFO: BTC_TICK 00:15:01.000 (local 00:15:02.573) $63,533.82 [+1.000s after 00:15:00]
2026-07-06 07:15:03 [btc_live] INFO: BTC_TICK 00:15:02.000 (local 00:15:03.881) $63,535.76 [+2.000s after 00:15:00]
2026-07-06 07:15:04 [btc_live] INFO: BTC_TICK 00:15:03.000 (local 00:15:04.655) $63,552.53 [+3.000s after 00:15:00]
2026-07-06 07:15:05 [btc_live] INFO: BTC_TICK 00:15:04.000 (local 00:15:05.064) $63,556.55 [+4.000s after 00:15:00]
2026-07-06 07:15:05 [btc_live] INFO: BTC_TICK 00:15:05.000 (local 00:15:05.680) $63,557.52 [+5.000s after 00:15:00]
2026-07-06 07:15:10 [btc_live] INFO: WebSocket closed gracefully (code 1000)
2026-07-06 07:15:15 [btc_live] INFO: Market tokens assigned:
2026-07-06 07:15:15 [btc_live] INFO:   Slug: btc-updown-5m-1783296900
2026-07-06 07:15:15 [btc_live] INFO:   End Time: 2026-07-06T00:20:00Z (timestamp: 1783297200.0)
2026-07-06 07:15:15 [btc_live] INFO:   UP token: 6643708766697079324398677195985239547947...
2026-07-06 07:15:15 [btc_live] INFO:   DOWN token: 1151285891069639476468043450926573793481...
2026-07-06 07:15:15 [btc_live] INFO: WebSocket subscribing to tokens:
2026-07-06 07:15:15 [btc_live] INFO:   UP: 6643708766697079324398677195985239547947...
2026-07-06 07:15:15 [btc_live] INFO:   DOWN: 1151285891069639476468043450926573793481...
2026-07-06 07:15:16 [btc_live] INFO: Tokens validated: UP=0.72, DOWN=0.27, sum=0.99
2026-07-06 07:19:45 [btc_live] INFO: BTC_TICK 00:19:45.000 (local 00:19:45.961) $63,444.90 [-15.000s before 00:20:00]
2026-07-06 07:19:46 [btc_live] INFO: BTC_TICK 00:19:46.000 (local 00:19:46.607) $63,444.31 [-14.000s before 00:20:00]
2026-07-06 07:19:47 [btc_live] INFO: BTC_TICK 00:19:47.000 (local 00:19:47.421) $63,444.03 [-13.000s before 00:20:00]
2026-07-06 07:19:48 [btc_live] INFO: BTC_TICK 00:19:48.000 (local 00:19:48.886) $63,445.44 [-12.000s before 00:20:00]
2026-07-06 07:19:49 [btc_live] INFO: BTC_TICK 00:19:49.000 (local 00:19:49.765) $63,445.09 [-11.000s before 00:20:00]
2026-07-06 07:19:50 [btc_live] INFO: BTC_TICK 00:19:50.000 (local 00:19:50.751) $63,447.33 [-10.000s before 00:20:00]
2026-07-06 07:19:51 [btc_live] INFO: BTC_TICK 00:19:51.000 (local 00:19:51.666) $63,447.79 [-9.000s before 00:20:00]
2026-07-06 07:19:52 [btc_live] INFO: BTC_TICK 00:19:52.000 (local 00:19:52.651) $63,447.37 [-8.000s before 00:20:00]
2026-07-06 07:19:53 [btc_live] INFO: BTC_TICK 00:19:53.000 (local 00:19:53.687) $63,447.04 [-7.000s before 00:20:00]
2026-07-06 07:19:54 [btc_live] INFO: BTC_TICK 00:19:54.000 (local 00:19:54.683) $63,448.49 [-6.000s before 00:20:00]
2026-07-06 07:19:55 [btc_live] INFO: BTC_TICK 00:19:55.000 (local 00:19:55.763) $63,446.08 [-5.000s before 00:20:00]
2026-07-06 07:19:57 [btc_live] INFO: BTC_TICK 00:19:56.000 (local 00:19:57.042) $63,444.23 [-4.000s before 00:20:00]
2026-07-06 07:19:57 [btc_live] INFO: BTC_TICK 00:19:57.000 (local 00:19:57.602) $63,444.01 [-3.000s before 00:20:00]
2026-07-06 07:19:58 [btc_live] INFO: BTC_TICK 00:19:58.000 (local 00:19:58.650) $63,443.57 [-2.000s before 00:20:00]
2026-07-06 07:19:59 [btc_live] INFO: BTC_TICK 00:19:59.000 (local 00:19:59.755) $63,443.36 [-1.000s before 00:20:00]
2026-07-06 07:20:00 [btc_live] INFO: WebSocket closed gracefully (code 1000)
2026-07-06 07:20:00 [btc_live] INFO: BTC_TICK 00:20:00.000 (local 00:20:00.859) $63,443.59 [+0.000s after 00:20:00]
2026-07-06 07:20:00 [btc_live] INFO: BTC anchor reset: $63,443.59 (boundary 00:20:00, first tick at 00:20:00.000, delay 0ms, prev anchor $63,528.67)
2026-07-06 07:20:02 [btc_live] INFO: BTC_TICK 00:20:01.000 (local 00:20:02.322) $63,443.88 [+1.000s after 00:20:00]
2026-07-06 07:20:02 [btc_live] INFO: BTC_TICK 00:20:02.000 (local 00:20:02.804) $63,443.08 [+2.000s after 00:20:00]
2026-07-06 07:20:04 [btc_live] INFO: BTC_TICK 00:20:03.000 (local 00:20:04.072) $63,442.78 [+3.000s after 00:20:00]
2026-07-06 07:20:04 [btc_live] INFO: BTC_TICK 00:20:04.000 (local 00:20:04.667) $63,441.66 [+4.000s after 00:20:00]
2026-07-06 07:20:05 [btc_live] INFO: Market tokens assigned:
2026-07-06 07:20:05 [btc_live] INFO:   Slug: btc-updown-5m-1783297200
2026-07-06 07:20:05 [btc_live] INFO:   End Time: 2026-07-06T00:25:00Z (timestamp: 1783297500.0)
2026-07-06 07:20:05 [btc_live] INFO:   UP token: 1105965617902494090054485789697556985958...
2026-07-06 07:20:05 [btc_live] INFO:   DOWN token: 4550654974016252172058066199742380971955...
2026-07-06 07:20:05 [btc_live] INFO: BTC_TICK 00:20:05.000 (local 00:20:05.725) $63,442.10 [+5.000s after 00:20:00]
2026-07-06 07:20:06 [btc_live] INFO: WebSocket subscribing to tokens:
2026-07-06 07:20:06 [btc_live] INFO:   UP: 1105965617902494090054485789697556985958...
2026-07-06 07:20:06 [btc_live] INFO:   DOWN: 4550654974016252172058066199742380971955...
2026-07-06 07:20:06 [btc_live] INFO: Tokens validated: UP=0.46, DOWN=0.53, sum=0.99
2026-07-06 07:24:45 [btc_live] INFO: BTC_TICK 00:24:45.000 (local 00:24:45.870) $63,457.77 [-15.000s before 00:25:00]
2026-07-06 07:24:47 [btc_live] INFO: BTC_TICK 00:24:47.000 (local 00:24:47.672) $63,456.42 [-13.000s before 00:25:00]
2026-07-06 07:24:48 [btc_live] INFO: BTC_TICK 00:24:48.000 (local 00:24:48.793) $63,450.53 [-12.000s before 00:25:00]
2026-07-06 07:24:49 [btc_live] INFO: BTC_TICK 00:24:49.000 (local 00:24:49.886) $63,448.82 [-11.000s before 00:25:00]
2026-07-06 07:24:50 [btc_live] INFO: BTC_TICK 00:24:50.000 (local 00:24:50.967) $63,446.67 [-10.000s before 00:25:00]
2026-07-06 07:24:51 [btc_live] INFO: BTC_TICK 00:24:51.000 (local 00:24:51.548) $63,446.45 [-9.000s before 00:25:00]
2026-07-06 07:24:52 [btc_live] INFO: BTC_TICK 00:24:52.000 (local 00:24:52.690) $63,446.34 [-8.000s before 00:25:00]
2026-07-06 07:24:53 [btc_live] INFO: BTC_TICK 00:24:53.000 (local 00:24:53.632) $63,446.18 [-7.000s before 00:25:00]
2026-07-06 07:24:54 [btc_live] INFO: BTC_TICK 00:24:54.000 (local 00:24:54.789) $63,445.91 [-6.000s before 00:25:00]
2026-07-06 07:24:55 [btc_live] INFO: BTC_TICK 00:24:55.000 (local 00:24:55.844) $63,414.17 [-5.000s before 00:25:00]
2026-07-06 07:24:56 [btc_live] INFO: BTC_TICK 00:24:56.000 (local 00:24:56.567) $63,406.31 [-4.000s before 00:25:00]
2026-07-06 07:24:57 [btc_live] INFO: BTC_TICK 00:24:57.000 (local 00:24:57.981) $63,402.77 [-3.000s before 00:25:00]
2026-07-06 07:24:58 [btc_live] INFO: BTC_TICK 00:24:58.000 (local 00:24:58.869) $63,405.21 [-2.000s before 00:25:00]
2026-07-06 07:24:59 [btc_live] INFO: BTC_TICK 00:24:59.000 (local 00:24:59.936) $63,405.84 [-1.000s before 00:25:00]
2026-07-06 07:25:00 [btc_live] INFO: BTC_TICK 00:25:00.000 (local 00:25:00.664) $63,405.83 [+0.000s after 00:25:00]
2026-07-06 07:25:00 [btc_live] INFO: BTC anchor reset: $63,405.83 (boundary 00:25:00, first tick at 00:25:00.000, delay 0ms, prev anchor $63,443.59)
2026-07-06 07:25:02 [btc_live] INFO: BTC_TICK 00:25:01.000 (local 00:25:02.845) $63,408.72 [+1.000s after 00:25:00]
2026-07-06 07:25:03 [btc_live] INFO: BTC_TICK 00:25:02.000 (local 00:25:03.316) $63,413.07 [+2.000s after 00:25:00]
2026-07-06 07:25:03 [btc_live] INFO: BTC_TICK 00:25:03.000 (local 00:25:03.770) $63,413.22 [+3.000s after 00:25:00]
2026-07-06 07:25:04 [btc_live] INFO: BTC_TICK 00:25:04.000 (local 00:25:04.558) $63,413.89 [+4.000s after 00:25:00]
2026-07-06 07:25:05 [btc_live] INFO: BTC_TICK 00:25:05.000 (local 00:25:05.787) $63,414.14 [+5.000s after 00:25:00]
2026-07-06 07:25:10 [btc_live] INFO: WebSocket closed gracefully (code 1000)
2026-07-06 07:25:15 [btc_live] INFO: Market tokens assigned:
2026-07-06 07:25:15 [btc_live] INFO:   Slug: btc-updown-5m-1783297500
2026-07-06 07:25:15 [btc_live] INFO:   End Time: 2026-07-06T00:30:00Z (timestamp: 1783297800.0)
2026-07-06 07:25:15 [btc_live] INFO:   UP token: 1401193180401678987834622699751636268278...
2026-07-06 07:25:15 [btc_live] INFO:   DOWN token: 2953644921239165836139027238936553794513...
2026-07-06 07:25:16 [btc_live] INFO: WebSocket subscribing to tokens:
2026-07-06 07:25:16 [btc_live] INFO:   UP: 1401193180401678987834622699751636268278...
2026-07-06 07:25:16 [btc_live] INFO:   DOWN: 2953644921239165836139027238936553794513...
2026-07-06 07:25:16 [btc_live] INFO: Tokens validated: UP=0.72, DOWN=0.27, sum=0.99
2026-07-06 07:28:24 [btc_live] INFO: WebSocket closed gracefully (code 1000)
2026-07-06 07:28:25 [btc_live] INFO: RTDS Chainlink closed gracefully
