2026-07-06 12:21:57 ============================================================
2026-07-06 12:21:57 TRADE SIGNAL TRIGGERED
2026-07-06 12:21:57   Time: 2026-07-06T12:21:57.184624
2026-07-06 12:21:57   Market: btc-updown-5m-1783315200
2026-07-06 12:21:57   Signal: BUY_DOWN
2026-07-06 12:21:57   Token: DOWN
2026-07-06 12:21:57   Elapsed: 117s | Remaining: 183s | Bin: 0
2026-07-06 12:21:57   --- UP ---
2026-07-06 12:21:57     Price:   LAST=0.2900  BID=0.2500  ASK=0.2600
2026-07-06 12:21:57     VWAP 60s: 0.2887  |  Deviation: +0.46%
2026-07-06 12:21:57     Z-Score 5s: +0.49  |  Momentum 90s: N/A
2026-07-06 12:21:57     Trades: 11  |  Volume: 448
2026-07-06 12:21:57     Buy Vol: 431  |  Sell Vol: 16
2026-07-06 12:21:57   --- DOWN ---
2026-07-06 12:21:57     Price:   LAST=0.7500  BID=0.7400  ASK=0.7500
2026-07-06 12:21:57     VWAP 60s: 0.7348  |  Deviation: +2.07%
2026-07-06 12:21:57     Z-Score 5s: +1.11  |  Momentum 90s: N/A
2026-07-06 12:21:57     Trades: 33  |  Volume: 541
2026-07-06 12:21:57     Buy Vol: 534  |  Sell Vol: 7
2026-07-06 12:21:57   Win Rate: 0.7%
2026-07-06 12:21:57   Config: min_price=0.6, max_price=0.9, min_elapsed=60s, dev_range=0.1%-100%, no_entry_cutoff=30s
2026-07-06 12:21:57   BTC Chainlink: $63,099.10 (anchor: $63,104.33)
2026-07-06 12:21:57   BTC Deviation: $-5.24 (-0.0083%)
2026-07-06 12:21:57 ============================================================
2026-07-06 12:21:59 MAIN ENTRY FAILED: PolyApiException[status_code=400, error_message={'error': 'not enough balance / allowance: the balance is not enough -> balance: 575874, order amount: 1526250'}]
2026-07-06 12:21:59 ============================================================
2026-07-06 12:21:59 TRADE SIGNAL TRIGGERED
2026-07-06 12:21:59   Time: 2026-07-06T12:21:59.477578
2026-07-06 12:21:59   Market: btc-updown-5m-1783315200
2026-07-06 12:21:59   Signal: BUY_DOWN
2026-07-06 12:21:59   Token: DOWN
2026-07-06 12:21:59   Elapsed: 119s | Remaining: 181s | Bin: 0
2026-07-06 12:21:59   --- UP ---
2026-07-06 12:21:59     Price:   LAST=0.2700  BID=0.2500  ASK=0.2600
2026-07-06 12:21:59     VWAP 60s: 0.2820  |  Deviation: -4.25%
2026-07-06 12:21:59     Z-Score 5s: -0.42  |  Momentum 90s: N/A
2026-07-06 12:21:59     Trades: 18  |  Volume: 619
2026-07-06 12:21:59     Buy Vol: 602  |  Sell Vol: 16
2026-07-06 12:21:59   --- DOWN ---
2026-07-06 12:21:59     Price:   LAST=0.7500  BID=0.7400  ASK=0.7500
2026-07-06 12:21:59     VWAP 60s: 0.7359  |  Deviation: +1.91%
2026-07-06 12:21:59     Z-Score 5s: +0.94  |  Momentum 90s: N/A
2026-07-06 12:21:59     Trades: 41  |  Volume: 604
2026-07-06 12:21:59     Buy Vol: 586  |  Sell Vol: 18
2026-07-06 12:21:59   Win Rate: 0.7%
2026-07-06 12:21:59   Config: min_price=0.6, max_price=0.9, min_elapsed=60s, dev_range=0.1%-100%, no_entry_cutoff=30s
2026-07-06 12:21:59   BTC Chainlink: $63,098.72 (anchor: $63,104.33)
2026-07-06 12:21:59   BTC Deviation: $-5.62 (-0.0089%)
2026-07-06 12:21:59 ============================================================
2026-07-06 12:22:01 MAIN ENTRY FAILED: PolyApiException[status_code=400, error_message={'error': 'not enough balance / allowance: the balance is not enough -> balance: 575874, order amount: 1526250'}]
2026-07-06 12:22:01 ============================================================
2026-07-06 12:22:01 TRADE SIGNAL TRIGGERED
2026-07-06 12:22:01   Time: 2026-07-06T12:22:01.260851
2026-07-06 12:22:01   Market: btc-updown-5m-1783315200
2026-07-06 12:22:01   Signal: BUY_DOWN
2026-07-06 12:22:01   Token: DOWN
2026-07-06 12:22:01   Elapsed: 121s | Remaining: 179s | Bin: 1
2026-07-06 12:22:01   --- UP ---
2026-07-06 12:22:01     Price:   LAST=0.2600  BID=0.2500  ASK=0.2600
2026-07-06 12:22:01     VWAP 60s: 0.2805  |  Deviation: -7.31%
2026-07-06 12:22:01     Z-Score 5s: -0.55  |  Momentum 90s: N/A
2026-07-06 12:22:01     Trades: 24  |  Volume: 658
2026-07-06 12:22:01     Buy Vol: 629  |  Sell Vol: 29
2026-07-06 12:22:01   --- DOWN ---
2026-07-06 12:22:01     Price:   LAST=0.7500  BID=0.7400  ASK=0.7500
2026-07-06 12:22:01     VWAP 60s: 0.7373  |  Deviation: +1.72%
2026-07-06 12:22:01     Z-Score 5s: +0.54  |  Momentum 90s: N/A
2026-07-06 12:22:01     Trades: 50  |  Volume: 671
2026-07-06 12:22:01     Buy Vol: 653  |  Sell Vol: 18
2026-07-06 12:22:01   Win Rate: 0.8%
2026-07-06 12:22:01   Config: min_price=0.6, max_price=0.9, min_elapsed=60s, dev_range=0.1%-100%, no_entry_cutoff=30s
2026-07-06 12:22:01   BTC Chainlink: $63,097.21 (anchor: $63,104.33)
2026-07-06 12:22:01   BTC Deviation: $-7.12 (-0.0113%)
2026-07-06 12:22:01 ============================================================
2026-07-06 12:22:02 MAIN ENTRY FAILED: PolyApiException[status_code=400, error_message={'error': 'not enough balance / allowance: the balance is not enough -> balance: 575874, order amount: 1526250'}]
2026-07-06 12:22:03 ============================================================
2026-07-06 12:22:03 TRADE SIGNAL TRIGGERED
2026-07-06 12:22:03   Time: 2026-07-06T12:22:03.046990
2026-07-06 12:22:03   Market: btc-updown-5m-1783315200
2026-07-06 12:22:03   Signal: BUY_DOWN
2026-07-06 12:22:03   Token: DOWN
2026-07-06 12:22:03   Elapsed: 123s | Remaining: 177s | Bin: 1
2026-07-06 12:22:03   --- UP ---
2026-07-06 12:22:03     Price:   LAST=0.2500  BID=0.2400  ASK=0.2500
2026-07-06 12:22:03     VWAP 60s: 0.2766  |  Deviation: -9.61%
2026-07-06 12:22:03     Z-Score 5s: -0.83  |  Momentum 90s: N/A
2026-07-06 12:22:03     Trades: 30  |  Volume: 767
2026-07-06 12:22:03     Buy Vol: 672  |  Sell Vol: 95
2026-07-06 12:22:03   --- DOWN ---
2026-07-06 12:22:03     Price:   LAST=0.7500  BID=0.7500  ASK=0.7600
2026-07-06 12:22:03     VWAP 60s: 0.7379  |  Deviation: +1.65%
2026-07-06 12:22:03     Z-Score 5s: -0.14  |  Momentum 90s: N/A
2026-07-06 12:22:03     Trades: 56  |  Volume: 695
2026-07-06 12:22:03     Buy Vol: 674  |  Sell Vol: 21
2026-07-06 12:22:03   Win Rate: 0.8%
2026-07-06 12:22:03   Config: min_price=0.6, max_price=0.9, min_elapsed=60s, dev_range=0.1%-100%, no_entry_cutoff=30s
2026-07-06 12:22:03   BTC Chainlink: $63,097.21 (anchor: $63,104.33)
2026-07-06 12:22:03   BTC Deviation: $-7.12 (-0.0113%)
2026-07-06 12:22:03 ============================================================
2026-07-06 12:22:03 MAIN ENTRY FAILED: PolyApiException[status_code=400, error_message={'error': 'not enough balance / allowance: the balance is not enough -> balance: 575874, order amount: 1545530'}]
2026-07-06 12:22:03 TRAP ENTRY FAILED: PolyApiException[status_code=400, error_message={'error': 'invalid amount for a marketable BUY order ($0.25), min size: 1'}]
2026-07-06 12:22:04 ============================================================
2026-07-06 12:22:04 TRADE SIGNAL TRIGGERED
2026-07-06 12:22:04   Time: 2026-07-06T12:22:04.350486
2026-07-06 12:22:04   Market: btc-updown-5m-1783315200
2026-07-06 12:22:04   Signal: BUY_DOWN
2026-07-06 12:22:04   Token: DOWN
2026-07-06 12:22:04   Elapsed: 124s | Remaining: 176s | Bin: 1
2026-07-06 12:22:04   --- UP ---
2026-07-06 12:22:04     Price:   LAST=0.2600  BID=0.2500  ASK=0.2600
2026-07-06 12:22:04     VWAP 60s: 0.2706  |  Deviation: -3.92%
2026-07-06 12:22:04     Z-Score 5s: +0.91  |  Momentum 90s: N/A
2026-07-06 12:22:04     Trades: 34  |  Volume: 938
2026-07-06 12:22:04     Buy Vol: 831  |  Sell Vol: 107
2026-07-06 12:22:04   --- DOWN ---
2026-07-06 12:22:04     Price:   LAST=0.7700  BID=0.7400  ASK=0.7500
2026-07-06 12:22:04     VWAP 60s: 0.7384  |  Deviation: +4.28%
2026-07-06 12:22:04     Z-Score 5s: +2.12  |  Momentum 90s: N/A
2026-07-06 12:22:04     Trades: 61  |  Volume: 712
2026-07-06 12:22:04     Buy Vol: 691  |  Sell Vol: 21
2026-07-06 12:22:04   Win Rate: 0.8%
2026-07-06 12:22:04   Config: min_price=0.6, max_price=0.9, min_elapsed=60s, dev_range=0.1%-100%, no_entry_cutoff=30s
2026-07-06 12:22:04   BTC Chainlink: $63,097.19 (anchor: $63,104.33)
2026-07-06 12:22:04   BTC Deviation: $-7.14 (-0.0113%)
2026-07-06 12:22:04 ============================================================
2026-07-06 12:22:05 MAIN ENTRY FAILED: PolyApiException[status_code=400, error_message={'error': 'not enough balance / allowance: the balance is not enough -> balance: 575874, order amount: 1526250'}]
2026-07-06 12:22:06 ============================================================
2026-07-06 12:22:06 TRADE SIGNAL TRIGGERED
2026-07-06 12:22:06   Time: 2026-07-06T12:22:06.132179
2026-07-06 12:22:06   Market: btc-updown-5m-1783315200
2026-07-06 12:22:06   Signal: BUY_DOWN
2026-07-06 12:22:06   Token: DOWN
2026-07-06 12:22:06   Elapsed: 126s | Remaining: 174s | Bin: 1
2026-07-06 12:22:06   --- UP ---
2026-07-06 12:22:06     Price:   LAST=0.2600  BID=0.2500  ASK=0.2600
2026-07-06 12:22:06     VWAP 60s: 0.2702  |  Deviation: -3.77%
2026-07-06 12:22:06     Z-Score 5s: +0.88  |  Momentum 90s: N/A
2026-07-06 12:22:06     Trades: 37  |  Volume: 976
2026-07-06 12:22:06     Buy Vol: 869  |  Sell Vol: 107
2026-07-06 12:22:06   --- DOWN ---
2026-07-06 12:22:06     Price:   LAST=0.7500  BID=0.7400  ASK=0.7500
2026-07-06 12:22:06     VWAP 60s: 0.7397  |  Deviation: +1.39%
2026-07-06 12:22:06     Z-Score 5s: -0.67  |  Momentum 90s: N/A
2026-07-06 12:22:06     Trades: 64  |  Volume: 803
2026-07-06 12:22:06     Buy Vol: 782  |  Sell Vol: 21
2026-07-06 12:22:06   Win Rate: 0.8%
2026-07-06 12:22:06   Config: min_price=0.6, max_price=0.9, min_elapsed=60s, dev_range=0.1%-100%, no_entry_cutoff=30s
2026-07-06 12:22:06   BTC Chainlink: $63,098.04 (anchor: $63,104.33)
2026-07-06 12:22:06   BTC Deviation: $-6.29 (-0.0100%)
2026-07-06 12:22:06 ============================================================
2026-07-06 12:22:07 MAIN ENTRY FAILED: PolyApiException[status_code=400, error_message={'error': 'not enough balance / allowance: the balance is not enough -> balance: 575874, order amount: 1526250'}]
2026-07-06 12:22:07 ============================================================
2026-07-06 12:22:07 TRADE SIGNAL TRIGGERED
2026-07-06 12:22:07   Time: 2026-07-06T12:22:07.914937
2026-07-06 12:22:07   Market: btc-updown-5m-1783315200
2026-07-06 12:22:07   Signal: BUY_DOWN
2026-07-06 12:22:07   Token: DOWN
2026-07-06 12:22:07   Elapsed: 128s | Remaining: 172s | Bin: 1
2026-07-06 12:22:07   --- UP ---
2026-07-06 12:22:07     Price:   LAST=0.2500  BID=0.2500  ASK=0.2600
2026-07-06 12:22:07     VWAP 60s: 0.2694  |  Deviation: -7.21%
2026-07-06 12:22:07     Z-Score 5s: -0.42  |  Momentum 90s: N/A
2026-07-06 12:22:07     Trades: 44  |  Volume: 1052
2026-07-06 12:22:07     Buy Vol: 945  |  Sell Vol: 108
2026-07-06 12:22:07   --- DOWN ---
2026-07-06 12:22:07     Price:   LAST=0.7500  BID=0.7400  ASK=0.7500
2026-07-06 12:22:07     VWAP 60s: 0.7411  |  Deviation: +1.20%
2026-07-06 12:22:07     Z-Score 5s: -0.41  |  Momentum 90s: N/A
2026-07-06 12:22:07     Trades: 76  |  Volume: 931
2026-07-06 12:22:07     Buy Vol: 908  |  Sell Vol: 23
2026-07-06 12:22:07   Win Rate: 0.8%
2026-07-06 12:22:07   Config: min_price=0.6, max_price=0.9, min_elapsed=60s, dev_range=0.1%-100%, no_entry_cutoff=30s
2026-07-06 12:22:07   BTC Chainlink: $63,097.20 (anchor: $63,104.33)
2026-07-06 12:22:07   BTC Deviation: $-7.14 (-0.0113%)
2026-07-06 12:22:07 ============================================================
2026-07-06 12:22:09 MAIN ENTRY FAILED: PolyApiException[status_code=400, error_message={'error': 'not enough balance / allowance: the balance is not enough -> balance: 575874, order amount: 1526250'}]
2026-07-06 12:22:10 ============================================================
2026-07-06 12:22:10 TRADE SIGNAL TRIGGERED
2026-07-06 12:22:10   Time: 2026-07-06T12:22:10.212561
2026-07-06 12:22:10   Market: btc-updown-5m-1783315200
2026-07-06 12:22:10   Signal: BUY_DOWN
2026-07-06 12:22:10   Token: DOWN
2026-07-06 12:22:10   Elapsed: 130s | Remaining: 170s | Bin: 1
2026-07-06 12:22:10   --- UP ---
2026-07-06 12:22:10     Price:   LAST=0.2600  BID=0.2500  ASK=0.2600
2026-07-06 12:22:10     VWAP 60s: 0.2694  |  Deviation: -3.48%
2026-07-06 12:22:10     Z-Score 5s: +0.32  |  Momentum 90s: N/A
2026-07-06 12:22:10     Trades: 45  |  Volume: 1060
2026-07-06 12:22:10     Buy Vol: 952  |  Sell Vol: 108
2026-07-06 12:22:10   --- DOWN ---
2026-07-06 12:22:10     Price:   LAST=0.7500  BID=0.7400  ASK=0.7500
2026-07-06 12:22:10     VWAP 60s: 0.7414  |  Deviation: +1.16%
2026-07-06 12:22:10     Z-Score 5s: +0.33  |  Momentum 90s: N/A
2026-07-06 12:22:10     Trades: 82  |  Volume: 975
2026-07-06 12:22:10     Buy Vol: 940  |  Sell Vol: 35
2026-07-06 12:22:10   Win Rate: 0.8%
2026-07-06 12:22:10   Config: min_price=0.6, max_price=0.9, min_elapsed=60s, dev_range=0.1%-100%, no_entry_cutoff=30s
2026-07-06 12:22:10   BTC Chainlink: $63,096.72 (anchor: $63,104.33)
2026-07-06 12:22:10   BTC Deviation: $-7.62 (-0.0121%)
2026-07-06 12:22:10 ============================================================
2026-07-06 12:22:11 MAIN ENTRY FAILED: PolyApiException[status_code=400, error_message={'error': 'not enough balance / allowance: the balance is not enough -> balance: 575874, order amount: 1526250'}]
2026-07-06 12:22:11 ============================================================
2026-07-06 12:22:11 TRADE SIGNAL TRIGGERED
2026-07-06 12:22:11   Time: 2026-07-06T12:22:11.987983
2026-07-06 12:22:11   Market: btc-updown-5m-1783315200
2026-07-06 12:22:11   Signal: BUY_DOWN
2026-07-06 12:22:11   Token: DOWN
2026-07-06 12:22:11   Elapsed: 132s | Remaining: 168s | Bin: 1
2026-07-06 12:22:11   --- UP ---
2026-07-06 12:22:11     Price:   LAST=0.2500  BID=0.2500  ASK=0.2600
2026-07-06 12:22:11     VWAP 60s: 0.2692  |  Deviation: -7.15%
2026-07-06 12:22:11     Z-Score 5s: -1.62  |  Momentum 90s: N/A
2026-07-06 12:22:11     Trades: 48  |  Volume: 1073
2026-07-06 12:22:11     Buy Vol: 964  |  Sell Vol: 109
2026-07-06 12:22:11   --- DOWN ---
2026-07-06 12:22:11     Price:   LAST=0.7500  BID=0.7400  ASK=0.7500
2026-07-06 12:22:11     VWAP 60s: 0.7419  |  Deviation: +1.10%
2026-07-06 12:22:11     Z-Score 5s: +0.32  |  Momentum 90s: N/A
2026-07-06 12:22:11     Trades: 86  |  Volume: 1031
2026-07-06 12:22:11     Buy Vol: 996  |  Sell Vol: 35
2026-07-06 12:22:11   Win Rate: 0.8%
2026-07-06 12:22:11   Config: min_price=0.6, max_price=0.9, min_elapsed=60s, dev_range=0.1%-100%, no_entry_cutoff=30s
2026-07-06 12:22:11   BTC Chainlink: $63,096.65 (anchor: $63,104.33)
2026-07-06 12:22:11   BTC Deviation: $-7.68 (-0.0122%)
2026-07-06 12:22:11 ============================================================
2026-07-06 12:22:13 MAIN ENTRY FAILED: PolyApiException[status_code=400, error_message={'error': 'not enough balance / allowance: the balance is not enough -> balance: 575874, order amount: 1526250'}]
2026-07-06 12:22:13 ============================================================
2026-07-06 12:22:13 TRADE SIGNAL TRIGGERED
2026-07-06 12:22:13   Time: 2026-07-06T12:22:13.762058
2026-07-06 12:22:13   Market: btc-updown-5m-1783315200
2026-07-06 12:22:13   Signal: BUY_DOWN
2026-07-06 12:22:13   Token: DOWN
2026-07-06 12:22:13   Elapsed: 134s | Remaining: 166s | Bin: 1
2026-07-06 12:22:13   --- UP ---
2026-07-06 12:22:13     Price:   LAST=0.2600  BID=0.2500  ASK=0.2600
2026-07-06 12:22:13     VWAP 60s: 0.2689  |  Deviation: -3.32%
2026-07-06 12:22:13     Z-Score 5s: +0.45  |  Momentum 90s: N/A
2026-07-06 12:22:13     Trades: 49  |  Volume: 1112
2026-07-06 12:22:13     Buy Vol: 1002  |  Sell Vol: 109
2026-07-06 12:22:13   --- DOWN ---
2026-07-06 12:22:13     Price:   LAST=0.7500  BID=0.7400  ASK=0.7500
2026-07-06 12:22:13     VWAP 60s: 0.7421  |  Deviation: +1.06%
2026-07-06 12:22:13     Z-Score 5s: +0.27  |  Momentum 90s: N/A
2026-07-06 12:22:13     Trades: 93  |  Volume: 1061
2026-07-06 12:22:13     Buy Vol: 1027  |  Sell Vol: 35
2026-07-06 12:22:13   Win Rate: 0.8%
2026-07-06 12:22:13   Config: min_price=0.6, max_price=0.9, min_elapsed=60s, dev_range=0.1%-100%, no_entry_cutoff=30s
2026-07-06 12:22:13   BTC Chainlink: $63,096.72 (anchor: $63,104.33)
2026-07-06 12:22:13   BTC Deviation: $-7.62 (-0.0121%)
2026-07-06 12:22:13 ============================================================
2026-07-06 12:22:15 MAIN ENTRY FAILED: PolyApiException[status_code=400, error_message={'error': 'not enough balance / allowance: the balance is not enough -> balance: 575874, order amount: 1526250'}]
2026-07-06 12:22:19 ============================================================
2026-07-06 12:22:19 TRADE SIGNAL TRIGGERED
2026-07-06 12:22:19   Time: 2026-07-06T12:22:19.605520
2026-07-06 12:22:19   Market: btc-updown-5m-1783315200
2026-07-06 12:22:19   Signal: BUY_DOWN
2026-07-06 12:22:19   Token: DOWN
2026-07-06 12:22:19   Elapsed: 140s | Remaining: 160s | Bin: 1
2026-07-06 12:22:19   --- UP ---
2026-07-06 12:22:19     Price:   LAST=0.3200  BID=0.2500  ASK=0.3100
2026-07-06 12:22:19     VWAP 60s: 0.2825  |  Deviation: +13.28%
2026-07-06 12:22:19     Z-Score 5s: -0.18  |  Momentum 90s: N/A
2026-07-06 12:22:19     Trades: 76  |  Volume: 1960
2026-07-06 12:22:19     Buy Vol: 1832  |  Sell Vol: 128
2026-07-06 12:22:19   --- DOWN ---
2026-07-06 12:22:19     Price:   LAST=0.7500  BID=0.6900  ASK=0.7500
2026-07-06 12:22:19     VWAP 60s: 0.7349  |  Deviation: +2.05%
2026-07-06 12:22:19     Z-Score 5s: +2.04  |  Momentum 90s: N/A
2026-07-06 12:22:19     Trades: 120  |  Volume: 1340
2026-07-06 12:22:19     Buy Vol: 1195  |  Sell Vol: 145
2026-07-06 12:22:19   Win Rate: 0.8%
2026-07-06 12:22:19   Config: min_price=0.6, max_price=0.9, min_elapsed=60s, dev_range=0.1%-100%, no_entry_cutoff=30s
2026-07-06 12:22:19   BTC Chainlink: $63,098.19 (anchor: $63,104.33)
2026-07-06 12:22:19   BTC Deviation: $-6.15 (-0.0097%)
2026-07-06 12:22:19 ============================================================
2026-07-06 12:22:21 MAIN ENTRY FAILED: PolyApiException[status_code=400, error_message={'error': 'not enough balance / allowance: the balance is not enough -> balance: 575874, order amount: 1526250'}]
2026-07-06 12:22:21 ============================================================
2026-07-06 12:22:21 TRADE SIGNAL TRIGGERED
2026-07-06 12:22:21   Time: 2026-07-06T12:22:21.374526
2026-07-06 12:22:21   Market: btc-updown-5m-1783315200
2026-07-06 12:22:21   Signal: BUY_DOWN
2026-07-06 12:22:21   Token: DOWN
2026-07-06 12:22:21   Elapsed: 141s | Remaining: 159s | Bin: 1
2026-07-06 12:22:21   --- UP ---
2026-07-06 12:22:21     Price:   LAST=0.2600  BID=0.2500  ASK=0.2600
2026-07-06 12:22:21     VWAP 60s: 0.2822  |  Deviation: -7.86%
2026-07-06 12:22:21     Z-Score 5s: -1.64  |  Momentum 90s: N/A
2026-07-06 12:22:21     Trades: 82  |  Volume: 2003
2026-07-06 12:22:21     Buy Vol: 1861  |  Sell Vol: 142
2026-07-06 12:22:21   --- DOWN ---
2026-07-06 12:22:21     Price:   LAST=0.7500  BID=0.7400  ASK=0.7500
2026-07-06 12:22:21     VWAP 60s: 0.7357  |  Deviation: +1.94%
2026-07-06 12:22:21     Z-Score 5s: +1.18  |  Momentum 90s: N/A
2026-07-06 12:22:21     Trades: 128  |  Volume: 1549
2026-07-06 12:22:21     Buy Vol: 1404  |  Sell Vol: 145
2026-07-06 12:22:21   Win Rate: 0.8%
2026-07-06 12:22:21   Config: min_price=0.6, max_price=0.9, min_elapsed=60s, dev_range=0.1%-100%, no_entry_cutoff=30s
2026-07-06 12:22:21   BTC Chainlink: $63,100.66 (anchor: $63,104.33)
2026-07-06 12:22:21   BTC Deviation: $-3.67 (-0.0058%)
2026-07-06 12:22:21 ============================================================
2026-07-06 12:22:22 MAIN ENTRY FAILED: PolyApiException[status_code=400, error_message={'error': 'not enough balance / allowance: the balance is not enough -> balance: 575874, order amount: 1526250'}]
2026-07-06 12:22:23 ============================================================
2026-07-06 12:22:23 TRADE SIGNAL TRIGGERED
2026-07-06 12:22:23   Time: 2026-07-06T12:22:23.150448
2026-07-06 12:22:23   Market: btc-updown-5m-1783315200
2026-07-06 12:22:23   Signal: BUY_DOWN
2026-07-06 12:22:23   Token: DOWN
2026-07-06 12:22:23   Elapsed: 143s | Remaining: 157s | Bin: 1
2026-07-06 12:22:23   --- UP ---
2026-07-06 12:22:23     Price:   LAST=0.2700  BID=0.2600  ASK=0.2700
2026-07-06 12:22:23     VWAP 60s: 0.2813  |  Deviation: -4.00%
2026-07-06 12:22:23     Z-Score 5s: -0.93  |  Momentum 90s: N/A
2026-07-06 12:22:23     Trades: 87  |  Volume: 2113
2026-07-06 12:22:23     Buy Vol: 1955  |  Sell Vol: 157
2026-07-06 12:22:23   --- DOWN ---
2026-07-06 12:22:23     Price:   LAST=0.7400  BID=0.7300  ASK=0.7400
2026-07-06 12:22:23     VWAP 60s: 0.7359  |  Deviation: +0.55%
2026-07-06 12:22:23     Z-Score 5s: +0.55  |  Momentum 90s: N/A
2026-07-06 12:22:23     Trades: 134  |  Volume: 1601
2026-07-06 12:22:23     Buy Vol: 1416  |  Sell Vol: 185
2026-07-06 12:22:23   Win Rate: 0.7%
2026-07-06 12:22:23   Config: min_price=0.6, max_price=0.9, min_elapsed=60s, dev_range=0.1%-100%, no_entry_cutoff=30s
2026-07-06 12:22:23   BTC Chainlink: $63,097.48 (anchor: $63,104.33)
2026-07-06 12:22:23   BTC Deviation: $-6.85 (-0.0109%)
2026-07-06 12:22:23 ============================================================
2026-07-06 12:22:24 MAIN ENTRY FAILED: PolyApiException[status_code=400, error_message={'error': 'not enough balance / allowance: the balance is not enough -> balance: 575874, order amount: 1506930'}]
2026-07-06 12:22:24 ============================================================
2026-07-06 12:22:24 TRADE SIGNAL TRIGGERED
2026-07-06 12:22:24   Time: 2026-07-06T12:22:24.943289
2026-07-06 12:22:24   Market: btc-updown-5m-1783315200
2026-07-06 12:22:24   Signal: BUY_DOWN
2026-07-06 12:22:24   Token: DOWN
2026-07-06 12:22:24   Elapsed: 145s | Remaining: 155s | Bin: 1
2026-07-06 12:22:24   --- UP ---
2026-07-06 12:22:24     Price:   LAST=0.2600  BID=0.2600  ASK=0.2700
2026-07-06 12:22:24     VWAP 60s: 0.2810  |  Deviation: -7.47%
2026-07-06 12:22:24     Z-Score 5s: -0.71  |  Momentum 90s: N/A
2026-07-06 12:22:24     Trades: 96  |  Volume: 2161
2026-07-06 12:22:24     Buy Vol: 1989  |  Sell Vol: 172
2026-07-06 12:22:24   --- DOWN ---
2026-07-06 12:22:24     Price:   LAST=0.7400  BID=0.7300  ASK=0.7400
2026-07-06 12:22:24     VWAP 60s: 0.7359  |  Deviation: +0.56%
2026-07-06 12:22:24     Z-Score 5s: -0.17  |  Momentum 90s: N/A
2026-07-06 12:22:24     Trades: 145  |  Volume: 1670
2026-07-06 12:22:24     Buy Vol: 1485  |  Sell Vol: 185
2026-07-06 12:22:24   Win Rate: 0.7%
2026-07-06 12:22:24   Config: min_price=0.6, max_price=0.9, min_elapsed=60s, dev_range=0.1%-100%, no_entry_cutoff=30s
2026-07-06 12:22:24   BTC Chainlink: $63,097.40 (anchor: $63,104.33)
2026-07-06 12:22:24   BTC Deviation: $-6.93 (-0.0110%)
2026-07-06 12:22:24 ============================================================
2026-07-06 12:22:26 MAIN ENTRY FAILED: PolyApiException[status_code=400, error_message={'error': 'not enough balance / allowance: the balance is not enough -> balance: 575874, order amount: 1506930'}]
2026-07-06 12:22:26 ============================================================
2026-07-06 12:22:26 TRADE SIGNAL TRIGGERED
2026-07-06 12:22:26   Time: 2026-07-06T12:22:26.720015
2026-07-06 12:22:26   Market: btc-updown-5m-1783315200
2026-07-06 12:22:26   Signal: BUY_DOWN
2026-07-06 12:22:26   Token: DOWN
2026-07-06 12:22:26   Elapsed: 147s | Remaining: 153s | Bin: 1
2026-07-06 12:22:26   --- UP ---
2026-07-06 12:22:26     Price:   LAST=0.2600  BID=0.2600  ASK=0.2700
2026-07-06 12:22:26     VWAP 60s: 0.2800  |  Deviation: -7.13%
2026-07-06 12:22:26     Z-Score 5s: -0.67  |  Momentum 90s: N/A
2026-07-06 12:22:26     Trades: 98  |  Volume: 2268
2026-07-06 12:22:26     Buy Vol: 2085  |  Sell Vol: 183
2026-07-06 12:22:26   --- DOWN ---
2026-07-06 12:22:26     Price:   LAST=0.7400  BID=0.7300  ASK=0.7400
2026-07-06 12:22:26     VWAP 60s: 0.7360  |  Deviation: +0.54%
2026-07-06 12:22:26     Z-Score 5s: +0.22  |  Momentum 90s: N/A
2026-07-06 12:22:26     Trades: 149  |  Volume: 1737
2026-07-06 12:22:26     Buy Vol: 1545  |  Sell Vol: 192
2026-07-06 12:22:26   Win Rate: 0.7%
2026-07-06 12:22:26   Config: min_price=0.6, max_price=0.9, min_elapsed=60s, dev_range=0.1%-100%, no_entry_cutoff=30s
2026-07-06 12:22:26   BTC Chainlink: $63,097.57 (anchor: $63,104.33)
2026-07-06 12:22:26   BTC Deviation: $-6.76 (-0.0107%)
2026-07-06 12:22:26 ============================================================
2026-07-06 12:22:28 MAIN ENTRY FAILED: PolyApiException[status_code=400, error_message={'error': 'not enough balance / allowance: the balance is not enough -> balance: 575874, order amount: 1506930'}]
2026-07-06 12:32:42 ============================================================
2026-07-06 12:32:42 TRADE SIGNAL TRIGGERED (SIMULATION)
2026-07-06 12:32:42   Time: 2026-07-06T12:32:42.437411
2026-07-06 12:32:42   Market: btc-updown-5m-1783315800
2026-07-06 12:32:42   Signal: BUY_UP
2026-07-06 12:32:42   Token: UP
2026-07-06 12:32:42   Elapsed: 162s | Remaining: 138s | Bin: 1
2026-07-06 12:32:42   --- UP ---
2026-07-06 12:32:42     Price:   LAST=0.6100  BID=0.6000  ASK=0.6200
2026-07-06 12:32:42     VWAP 60s: 0.5178  |  Deviation: +17.80%
2026-07-06 12:32:42     Z-Score 5s: +2.32  |  Momentum 90s: N/A
2026-07-06 12:32:42     Trades: 161  |  Volume: 2762
2026-07-06 12:32:42     Buy Vol: 2582  |  Sell Vol: 180
2026-07-06 12:32:42   --- DOWN ---
2026-07-06 12:32:42     Price:   LAST=0.4100  BID=0.3800  ASK=0.4000
2026-07-06 12:32:42     VWAP 60s: 0.5298  |  Deviation: -22.61%
2026-07-06 12:32:42     Z-Score 5s: -1.66  |  Momentum 90s: N/A
2026-07-06 12:32:42     Trades: 105  |  Volume: 1149
2026-07-06 12:32:42     Buy Vol: 854  |  Sell Vol: 295
2026-07-06 12:32:42   Win Rate: 0.6%
2026-07-06 12:32:42   Config: min_price=0.6, max_price=0.9, min_elapsed=60s, dev_range=0.1%-100%, no_entry_cutoff=30s
2026-07-06 12:32:42   BTC Chainlink: $62,964.70 (anchor: $62,920.96)
2026-07-06 12:32:42   BTC Deviation: $+43.74 (+0.0695%)
2026-07-06 12:32:42 ============================================================
2026-07-06 12:32:42   [SIM] History OPEN logged | realized PnL before exit: $+0.0000
2026-07-06 12:32:42 MAIN ENTRY EXECUTED SUCCESSFULLY
2026-07-06 12:32:42   Token: UP
2026-07-06 12:32:42   Contracts: 3
2026-07-06 12:32:42   Avg Price: 0.6200
2026-07-06 12:32:42   Total Cost: $1.86
2026-07-06 12:32:42 ----------------------------------------
2026-07-06 12:34:50 ============================================================
2026-07-06 12:34:50 MARKET END - POSITION CLOSING
2026-07-06 12:34:50   Time: 2026-07-06T12:34:50.251326
2026-07-06 12:34:50   Market: btc-updown-5m-1783315800
2026-07-06 12:34:50   Position: UP
2026-07-06 12:34:50   Entry Price: 0.6200
2026-07-06 12:34:50   Final Price: 0.5900
2026-07-06 12:34:50   Contracts: 3
2026-07-06 12:34:50   Hedged: False
2026-07-06 12:34:50   [SIM] History CLOSE logged | trade PnL $-1.8600 | cumulative $-1.8600 | WR 0.00% (1 closed)
2026-07-06 12:34:50   Result: LOSS
2026-07-06 12:34:50   P&L: $-1.86
2026-07-06 12:34:50   Max Drawdown: -0.4800 (-77.42%)
2026-07-06 12:34:50   Max DD ($): -$1.44 (min price: 0.1400)
2026-07-06 12:34:50   Total Trades: 1
2026-07-06 12:34:50   Session Stats: W=0 / L=1
2026-07-06 12:34:50   Total P&L: $-1.86
2026-07-06 12:34:50 ============================================================
2026-07-06 12:36:00 ============================================================
2026-07-06 12:36:00 TRADE SIGNAL TRIGGERED (SIMULATION)
2026-07-06 12:36:00   Time: 2026-07-06T12:36:00.072238
2026-07-06 12:36:00   Market: btc-updown-5m-1783316100
2026-07-06 12:36:00   Signal: BUY_UP
2026-07-06 12:36:00   Token: UP
2026-07-06 12:36:00   Elapsed: 60s | Remaining: 240s | Bin: 0
2026-07-06 12:36:00   --- UP ---
2026-07-06 12:36:00     Price:   LAST=0.8100  BID=0.8000  ASK=0.8100
2026-07-06 12:36:00     VWAP 60s: 0.7572  |  Deviation: +6.97%
2026-07-06 12:36:00     Z-Score 5s: -3.47  |  Momentum 90s: N/A
2026-07-06 12:36:00     Trades: 265  |  Volume: 5989
2026-07-06 12:36:00     Buy Vol: 5780  |  Sell Vol: 210
2026-07-06 12:36:00   --- DOWN ---
2026-07-06 12:36:00     Price:   LAST=0.2000  BID=0.1900  ASK=0.2000
2026-07-06 12:36:00     VWAP 60s: 0.2576  |  Deviation: -22.35%
2026-07-06 12:36:00     Z-Score 5s: +2.02  |  Momentum 90s: N/A
2026-07-06 12:36:00     Trades: 250  |  Volume: 11623
2026-07-06 12:36:00     Buy Vol: 11412  |  Sell Vol: 211
2026-07-06 12:36:00   Win Rate: 0.8%
2026-07-06 12:36:00   Config: min_price=0.6, max_price=0.9, min_elapsed=60s, dev_range=0.1%-100%, no_entry_cutoff=30s
2026-07-06 12:36:00   BTC Chainlink: $63,000.67 (anchor: $62,932.64)
2026-07-06 12:36:00   BTC Deviation: $+68.03 (+0.1081%)
2026-07-06 12:36:00 ============================================================
2026-07-06 12:36:00   [SIM] History OPEN logged | realized PnL before exit: $-1.8600
2026-07-06 12:36:00 MAIN ENTRY EXECUTED SUCCESSFULLY
2026-07-06 12:36:00   Token: UP
2026-07-06 12:36:00   Contracts: 2
2026-07-06 12:36:00   Avg Price: 0.8100
2026-07-06 12:36:00   Total Cost: $1.62
2026-07-06 12:36:00 ----------------------------------------
2026-07-06 12:36:01 TRAP ENTRY EXECUTED SUCCESSFULLY
2026-07-06 12:36:01   Token: DOWN
2026-07-06 12:36:01   Contracts: 1
2026-07-06 12:36:01   Avg Price: 0.2000
2026-07-06 12:36:01   Total Cost: $0.20
2026-07-06 12:39:50 ============================================================
2026-07-06 12:39:50 MARKET END - POSITION CLOSING
2026-07-06 12:39:50   Time: 2026-07-06T12:39:50.226916
2026-07-06 12:39:50   Market: btc-updown-5m-1783316100
2026-07-06 12:39:50   Position: UP
2026-07-06 12:39:50   Entry Price: 0.8100
2026-07-06 12:39:50   Final Price: 0.9990
2026-07-06 12:39:50   Contracts: 2
2026-07-06 12:39:50   Hedged: True
2026-07-06 12:39:50   [SIM] History CLOSE logged | trade PnL $+0.1800 | cumulative $-1.6800 | WR 50.00% (2 closed)
2026-07-06 12:39:50   Result: WIN
2026-07-06 12:39:50   P&L: $+0.18
2026-07-06 12:39:50   Max Drawdown: -0.0400 (-4.94%)
2026-07-06 12:39:50   Max DD ($): -$0.08 (min price: 0.7700)
2026-07-06 12:39:50   Total Trades: 2
2026-07-06 12:39:50   Session Stats: W=1 / L=1
2026-07-06 12:39:50   Total P&L: $-1.68
2026-07-06 12:39:50 ============================================================
2026-07-06 12:41:00 ============================================================
2026-07-06 12:41:00 TRADE SIGNAL TRIGGERED (SIMULATION)
2026-07-06 12:41:00   Time: 2026-07-06T12:41:00.230683
2026-07-06 12:41:00   Market: btc-updown-5m-1783316400
2026-07-06 12:41:00   Signal: BUY_UP
2026-07-06 12:41:00   Token: UP
2026-07-06 12:41:00   Elapsed: 60s | Remaining: 240s | Bin: 0
2026-07-06 12:41:00   --- UP ---
2026-07-06 12:41:00     Price:   LAST=0.7200  BID=0.7100  ASK=0.7200
2026-07-06 12:41:00     VWAP 60s: 0.6940  |  Deviation: +3.74%
2026-07-06 12:41:00     Z-Score 5s: +1.15  |  Momentum 90s: N/A
2026-07-06 12:41:00     Trades: 171  |  Volume: 3419
2026-07-06 12:41:00     Buy Vol: 2972  |  Sell Vol: 447
2026-07-06 12:41:00   --- DOWN ---
2026-07-06 12:41:00     Price:   LAST=0.2900  BID=0.2800  ASK=0.2900
2026-07-06 12:41:00     VWAP 60s: 0.3135  |  Deviation: -7.51%
2026-07-06 12:41:00     Z-Score 5s: -0.80  |  Momentum 90s: N/A
2026-07-06 12:41:00     Trades: 130  |  Volume: 4971
2026-07-06 12:41:00     Buy Vol: 4924  |  Sell Vol: 47
2026-07-06 12:41:00   Win Rate: 0.7%
2026-07-06 12:41:00   Config: min_price=0.6, max_price=0.9, min_elapsed=60s, dev_range=0.1%-100%, no_entry_cutoff=30s
2026-07-06 12:41:00   BTC Chainlink: $63,074.80 (anchor: $63,046.24)
2026-07-06 12:41:00   BTC Deviation: $+28.56 (+0.0453%)
2026-07-06 12:41:00 ============================================================
2026-07-06 12:41:00   [SIM] History OPEN logged | realized PnL before exit: $-1.6800
2026-07-06 12:41:00 MAIN ENTRY EXECUTED SUCCESSFULLY
2026-07-06 12:41:00   Token: UP
2026-07-06 12:41:00   Contracts: 2
2026-07-06 12:41:00   Avg Price: 0.7200
2026-07-06 12:41:00   Total Cost: $1.44
2026-07-06 12:41:00 ----------------------------------------
2026-07-06 12:43:59 ============================================================
2026-07-06 12:43:59 TRADE SIGNAL TRIGGERED (SIMULATION)
2026-07-06 12:43:59   Time: 2026-07-06T12:43:59.459721
2026-07-06 12:43:59   Market: btc-updown-5m-1783316400
2026-07-06 12:43:59   Signal: BUY_UP
2026-07-06 12:43:59   Token: UP
2026-07-06 12:43:59   Elapsed: 239s | Remaining: 61s | Bin: 2
2026-07-06 12:43:59   --- UP ---
2026-07-06 12:43:59     Price:   LAST=0.7800  BID=0.7700  ASK=0.7800
2026-07-06 12:43:59     VWAP 60s: 0.7738  |  Deviation: +0.81%
2026-07-06 12:43:59     Z-Score 5s: +0.45  |  Momentum 90s: N/A
2026-07-06 12:43:59     Trades: 5  |  Volume: 59
2026-07-06 12:43:59     Buy Vol: 22  |  Sell Vol: 37
2026-07-06 12:43:59   --- DOWN ---
2026-07-06 12:43:59     Price:   LAST=0.2300  BID=0.2200  ASK=0.2300
2026-07-06 12:43:59     VWAP 60s: 0.2300  |  Deviation: +0.00%
2026-07-06 12:43:59     Z-Score 5s: +0.00  |  Momentum 90s: N/A
2026-07-06 12:43:59     Trades: 4  |  Volume: 74
2026-07-06 12:43:59     Buy Vol: 74  |  Sell Vol: 0
2026-07-06 12:43:59   Win Rate: 0.8%
2026-07-06 12:43:59   Config: min_price=0.6, max_price=0.9, min_elapsed=60s, dev_range=0.1%-100%, no_entry_cutoff=30s
2026-07-06 12:43:59   BTC Chainlink: $63,074.31 (anchor: $63,074.31)
2026-07-06 12:43:59   BTC Deviation: $+0.00 (+0.0000%)
2026-07-06 12:43:59 ============================================================
2026-07-06 12:43:59   [SIM] History OPEN logged | realized PnL before exit: $-1.6800
2026-07-06 12:43:59 MAIN ENTRY EXECUTED SUCCESSFULLY
2026-07-06 12:43:59   Token: UP
2026-07-06 12:43:59   Contracts: 2
2026-07-06 12:43:59   Avg Price: 0.7800
2026-07-06 12:43:59   Total Cost: $1.56
2026-07-06 12:43:59 ----------------------------------------
2026-07-06 12:44:00 TRAP ENTRY EXECUTED SUCCESSFULLY
2026-07-06 12:44:00   Token: DOWN
2026-07-06 12:44:00   Contracts: 1
2026-07-06 12:44:00   Avg Price: 0.2300
2026-07-06 12:44:00   Total Cost: $0.23
2026-07-06 12:44:50 ============================================================
2026-07-06 12:44:50 MARKET END - POSITION CLOSING
2026-07-06 12:44:50   Time: 2026-07-06T12:44:50.071155
2026-07-06 12:44:50   Market: btc-updown-5m-1783316400
2026-07-06 12:44:50   Position: UP
2026-07-06 12:44:50   Entry Price: 0.7800
2026-07-06 12:44:50   Final Price: 0.8900
2026-07-06 12:44:50   Contracts: 2
2026-07-06 12:44:50   Hedged: True
2026-07-06 12:44:50   [SIM] History CLOSE logged | trade PnL $+0.2100 | cumulative $-1.4700 | WR 66.67% (3 closed)
2026-07-06 12:44:50   Result: WIN
2026-07-06 12:44:50   P&L: $+0.21
2026-07-06 12:44:50   Max Drawdown: -0.0000 (-0.00%)
2026-07-06 12:44:50   Max DD ($): -$0.00 (min price: 0.7800)
2026-07-06 12:44:50   Total Trades: 3
2026-07-06 12:44:50   Session Stats: W=2 / L=1
2026-07-06 12:44:50   Total P&L: $-1.47
2026-07-06 12:44:50 ============================================================
2026-07-06 12:47:23 ============================================================
2026-07-06 12:47:23 TRADE SIGNAL TRIGGERED (SIMULATION)
2026-07-06 12:47:23   Time: 2026-07-06T12:47:23.837200
2026-07-06 12:47:23   Market: btc-updown-5m-1783316700
2026-07-06 12:47:23   Signal: BUY_DOWN
2026-07-06 12:47:23   Token: DOWN
2026-07-06 12:47:23   Elapsed: 144s | Remaining: 156s | Bin: 1
2026-07-06 12:47:23   --- UP ---
2026-07-06 12:47:23     Price:   LAST=0.3600  BID=0.3500  ASK=0.3600
2026-07-06 12:47:23     VWAP 60s: 0.4895  |  Deviation: -26.46%
2026-07-06 12:47:23     Z-Score 5s: -2.08  |  Momentum 90s: -46.00%
2026-07-06 12:47:23     Trades: 337  |  Volume: 7058
2026-07-06 12:47:23     Buy Vol: 6429  |  Sell Vol: 629
2026-07-06 12:47:23   --- DOWN ---
2026-07-06 12:47:23     Price:   LAST=0.6500  BID=0.6400  ASK=0.6500
2026-07-06 12:47:23     VWAP 60s: 0.5254  |  Deviation: +23.71%
2026-07-06 12:47:23     Z-Score 5s: +1.98  |  Momentum 90s: +97.40%
2026-07-06 12:47:23     Trades: 410  |  Volume: 10447
2026-07-06 12:47:23     Buy Vol: 8718  |  Sell Vol: 1729
2026-07-06 12:47:23   Win Rate: 0.7%
2026-07-06 12:47:23   Config: min_price=0.6, max_price=0.9, min_elapsed=60s, dev_range=0.1%-100%, no_entry_cutoff=30s
2026-07-06 12:47:23   BTC Chainlink: $63,032.35 (anchor: $63,037.80)
2026-07-06 12:47:23   BTC Deviation: $-5.45 (-0.0086%)
2026-07-06 12:47:23 ============================================================
2026-07-06 12:47:23   [SIM] History OPEN logged | realized PnL before exit: $-1.4700
2026-07-06 12:47:23 MAIN ENTRY EXECUTED SUCCESSFULLY
2026-07-06 12:47:23   Token: DOWN
2026-07-06 12:47:23   Contracts: 3
2026-07-06 12:47:23   Avg Price: 0.6500
2026-07-06 12:47:23   Total Cost: $1.95
2026-07-06 12:47:23 ----------------------------------------
2026-07-06 12:49:50 ============================================================
2026-07-06 12:49:50 MARKET END - POSITION CLOSING
2026-07-06 12:49:50   Time: 2026-07-06T12:49:50.073737
2026-07-06 12:49:50   Market: btc-updown-5m-1783316700
2026-07-06 12:49:50   Position: DOWN
2026-07-06 12:49:50   Entry Price: 0.6500
2026-07-06 12:49:50   Final Price: 0.3700
2026-07-06 12:49:50   Contracts: 3
2026-07-06 12:49:50   Hedged: False
2026-07-06 12:49:50   [SIM] History CLOSE logged | trade PnL $-1.9500 | cumulative $-3.4200 | WR 50.00% (4 closed)
2026-07-06 12:49:50   Result: LOSS
2026-07-06 12:49:50   P&L: $-1.95
2026-07-06 12:49:50   Max Drawdown: -0.4800 (-73.85%)
2026-07-06 12:49:50   Max DD ($): -$1.44 (min price: 0.1700)
2026-07-06 12:49:50   Total Trades: 4
2026-07-06 12:49:50   Session Stats: W=2 / L=2
2026-07-06 12:49:50   Total P&L: $-3.42
2026-07-06 12:49:50 ============================================================
2026-07-06 12:51:09 ============================================================
2026-07-06 12:51:09 TRADE SIGNAL TRIGGERED (SIMULATION)
2026-07-06 12:51:09   Time: 2026-07-06T12:51:09.278524
2026-07-06 12:51:09   Market: btc-updown-5m-1783317000
2026-07-06 12:51:09   Signal: BUY_DOWN
2026-07-06 12:51:09   Token: DOWN
2026-07-06 12:51:09   Elapsed: 69s | Remaining: 231s | Bin: 0
2026-07-06 12:51:09   --- UP ---
2026-07-06 12:51:09     Price:   LAST=0.4000  BID=0.3900  ASK=0.4000
2026-07-06 12:51:09     VWAP 60s: 0.4891  |  Deviation: -18.21%
2026-07-06 12:51:09     Z-Score 5s: -1.48  |  Momentum 90s: N/A
2026-07-06 12:51:09     Trades: 182  |  Volume: 5287
2026-07-06 12:51:09     Buy Vol: 5068  |  Sell Vol: 219
2026-07-06 12:51:09   --- DOWN ---
2026-07-06 12:51:09     Price:   LAST=0.6100  BID=0.6000  ASK=0.6100
2026-07-06 12:51:09     VWAP 60s: 0.5345  |  Deviation: +14.12%
2026-07-06 12:51:09     Z-Score 5s: +1.01  |  Momentum 90s: N/A
2026-07-06 12:51:09     Trades: 174  |  Volume: 2823
2026-07-06 12:51:09     Buy Vol: 2523  |  Sell Vol: 300
2026-07-06 12:51:09   Win Rate: 0.6%
2026-07-06 12:51:09   Config: min_price=0.6, max_price=0.9, min_elapsed=60s, dev_range=0.1%-100%, no_entry_cutoff=30s
2026-07-06 12:51:09   BTC Chainlink: $63,061.26 (anchor: $63,061.83)
2026-07-06 12:51:09   BTC Deviation: $-0.57 (-0.0009%)
2026-07-06 12:51:09 ============================================================
2026-07-06 12:51:09   [SIM] History OPEN logged | realized PnL before exit: $-3.4200
2026-07-06 12:51:09 MAIN ENTRY EXECUTED SUCCESSFULLY
2026-07-06 12:51:09   Token: DOWN
2026-07-06 12:51:09   Contracts: 3
2026-07-06 12:51:09   Avg Price: 0.6100
2026-07-06 12:51:09   Total Cost: $1.83
2026-07-06 12:51:09 ----------------------------------------
2026-07-06 12:54:50 ============================================================
2026-07-06 12:54:50 MARKET END - POSITION CLOSING
2026-07-06 12:54:50   Time: 2026-07-06T12:54:50.193192
2026-07-06 12:54:50   Market: btc-updown-5m-1783317000
2026-07-06 12:54:50   Position: DOWN
2026-07-06 12:54:50   Entry Price: 0.6100
2026-07-06 12:54:50   Final Price: 0.0100
2026-07-06 12:54:50   Contracts: 3
2026-07-06 12:54:50   Hedged: False
2026-07-06 12:54:50   [SIM] History CLOSE logged | trade PnL $-1.8300 | cumulative $-5.2500 | WR 40.00% (5 closed)
2026-07-06 12:54:50   Result: LOSS
2026-07-06 12:54:50   P&L: $-1.83
2026-07-06 12:54:50   Max Drawdown: -0.6000 (-98.36%)
2026-07-06 12:54:50   Max DD ($): -$1.80 (min price: 0.0100)
2026-07-06 12:54:50   Total Trades: 5
2026-07-06 12:54:50   Session Stats: W=2 / L=3
2026-07-06 12:54:50   Total P&L: $-5.25
2026-07-06 12:54:50 ============================================================
2026-07-06 12:56:32 ============================================================
2026-07-06 12:56:32 TRADE SIGNAL TRIGGERED (SIMULATION)
2026-07-06 12:56:32   Time: 2026-07-06T12:56:32.989021
2026-07-06 12:56:32   Market: btc-updown-5m-1783317300
2026-07-06 12:56:32   Signal: BUY_DOWN
2026-07-06 12:56:32   Token: DOWN
2026-07-06 12:56:32   Elapsed: 93s | Remaining: 207s | Bin: 0
2026-07-06 12:56:32   --- UP ---
2026-07-06 12:56:32     Price:   LAST=0.4300  BID=0.4000  ASK=0.4100
2026-07-06 12:56:32     VWAP 60s: 0.5068  |  Deviation: -15.15%
2026-07-06 12:56:32     Z-Score 5s: -1.04  |  Momentum 90s: N/A
2026-07-06 12:56:32     Trades: 181  |  Volume: 4790
2026-07-06 12:56:32     Buy Vol: 4573  |  Sell Vol: 217
2026-07-06 12:56:32   --- DOWN ---
2026-07-06 12:56:32     Price:   LAST=0.6000  BID=0.5900  ASK=0.6000
2026-07-06 12:56:32     VWAP 60s: 0.5194  |  Deviation: +15.51%
2026-07-06 12:56:32     Z-Score 5s: +1.55  |  Momentum 90s: N/A
2026-07-06 12:56:32     Trades: 181  |  Volume: 3541
2026-07-06 12:56:32     Buy Vol: 3437  |  Sell Vol: 104
2026-07-06 12:56:32   Win Rate: 0.6%
2026-07-06 12:56:32   Config: min_price=0.6, max_price=0.9, min_elapsed=60s, dev_range=0.1%-100%, no_entry_cutoff=30s
2026-07-06 12:56:32   BTC Chainlink: $63,089.50 (anchor: $63,092.00)
2026-07-06 12:56:32   BTC Deviation: $-2.50 (-0.0040%)
2026-07-06 12:56:32 ============================================================
2026-07-06 12:56:32   [SIM] History OPEN logged | realized PnL before exit: $-5.2500
2026-07-06 12:56:32 MAIN ENTRY EXECUTED SUCCESSFULLY
2026-07-06 12:56:32   Token: DOWN
2026-07-06 12:56:32   Contracts: 3
2026-07-06 12:56:32   Avg Price: 0.6000
2026-07-06 12:56:32   Total Cost: $1.80
2026-07-06 12:56:32 ----------------------------------------
2026-07-06 12:59:50 ============================================================
2026-07-06 12:59:50 MARKET END - POSITION CLOSING
2026-07-06 12:59:50   Time: 2026-07-06T12:59:50.230212
2026-07-06 12:59:50   Market: btc-updown-5m-1783317300
2026-07-06 12:59:50   Position: DOWN
2026-07-06 12:59:50   Entry Price: 0.6000
2026-07-06 12:59:50   Final Price: 0.9900
2026-07-06 12:59:50   Contracts: 3
2026-07-06 12:59:50   Hedged: False
2026-07-06 12:59:50   [SIM] History CLOSE logged | trade PnL $+1.2000 | cumulative $-4.0500 | WR 50.00% (6 closed)
2026-07-06 12:59:50   Result: WIN
2026-07-06 12:59:50   P&L: $+1.20
2026-07-06 12:59:50   Max Drawdown: -0.0900 (-15.00%)
2026-07-06 12:59:50   Max DD ($): -$0.27 (min price: 0.5100)
2026-07-06 12:59:50   Total Trades: 6
2026-07-06 12:59:50   Session Stats: W=3 / L=3
2026-07-06 12:59:50   Total P&L: $-4.05
2026-07-06 12:59:50 ============================================================
2026-07-06 13:01:00 ============================================================
2026-07-06 13:01:00 TRADE SIGNAL TRIGGERED (SIMULATION)
2026-07-06 13:01:00   Time: 2026-07-06T13:01:00.181903
2026-07-06 13:01:00   Market: btc-updown-5m-1783317600
2026-07-06 13:01:00   Signal: BUY_UP
2026-07-06 13:01:00   Token: UP
2026-07-06 13:01:00   Elapsed: 60s | Remaining: 240s | Bin: 0
2026-07-06 13:01:00   --- UP ---
2026-07-06 13:01:00     Price:   LAST=0.6600  BID=0.6500  ASK=0.6600
2026-07-06 13:01:00     VWAP 60s: 0.6558  |  Deviation: +0.65%
2026-07-06 13:01:00     Z-Score 5s: -1.07  |  Momentum 90s: N/A
2026-07-06 13:01:00     Trades: 142  |  Volume: 2115
2026-07-06 13:01:00     Buy Vol: 2091  |  Sell Vol: 23
2026-07-06 13:01:00   --- DOWN ---
2026-07-06 13:01:00     Price:   LAST=0.3500  BID=0.3400  ASK=0.3500
2026-07-06 13:01:00     VWAP 60s: 0.3391  |  Deviation: +3.20%
2026-07-06 13:01:00     Z-Score 5s: +1.63  |  Momentum 90s: N/A
2026-07-06 13:01:00     Trades: 146  |  Volume: 3137
2026-07-06 13:01:00     Buy Vol: 3069  |  Sell Vol: 67
2026-07-06 13:01:00   Win Rate: 0.7%
2026-07-06 13:01:00   Config: min_price=0.6, max_price=0.9, min_elapsed=60s, dev_range=0.1%-100%, no_entry_cutoff=30s
2026-07-06 13:01:00   BTC Chainlink: $63,065.47 (anchor: $63,049.97)
2026-07-06 13:01:00   BTC Deviation: $+15.49 (+0.0246%)
2026-07-06 13:01:00 ============================================================
2026-07-06 13:01:00   [SIM] History OPEN logged | realized PnL before exit: $-4.0500
2026-07-06 13:01:00 MAIN ENTRY EXECUTED SUCCESSFULLY
2026-07-06 13:01:00   Token: UP
2026-07-06 13:01:00   Contracts: 3
2026-07-06 13:01:00   Avg Price: 0.6600
2026-07-06 13:01:00   Total Cost: $1.98
2026-07-06 13:01:00 ----------------------------------------
2026-07-06 13:04:50 ============================================================
2026-07-06 13:04:50 MARKET END - POSITION CLOSING
2026-07-06 13:04:50   Time: 2026-07-06T13:04:50.023722
2026-07-06 13:04:50   Market: btc-updown-5m-1783317600
2026-07-06 13:04:50   Position: UP
2026-07-06 13:04:50   Entry Price: 0.6600
2026-07-06 13:04:50   Final Price: 0.0700
2026-07-06 13:04:50   Contracts: 3
2026-07-06 13:04:50   Hedged: False
2026-07-06 13:04:50   [SIM] History CLOSE logged | trade PnL $-1.9800 | cumulative $-6.0300 | WR 42.86% (7 closed)
2026-07-06 13:04:50   Result: LOSS
2026-07-06 13:04:50   P&L: $-1.98
2026-07-06 13:04:50   Max Drawdown: -0.6000 (-90.91%)
2026-07-06 13:04:50   Max DD ($): -$1.80 (min price: 0.0600)
2026-07-06 13:04:50   Total Trades: 7
2026-07-06 13:04:50   Session Stats: W=3 / L=4
2026-07-06 13:04:50   Total P&L: $-6.03
2026-07-06 13:04:50 ============================================================
2026-07-06 13:06:13 ============================================================
2026-07-06 13:06:13 TRADE SIGNAL TRIGGERED (SIMULATION)
2026-07-06 13:06:13   Time: 2026-07-06T13:06:13.128468
2026-07-06 13:06:13   Market: btc-updown-5m-1783317900
2026-07-06 13:06:13   Signal: BUY_DOWN
2026-07-06 13:06:13   Token: DOWN
2026-07-06 13:06:13   Elapsed: 73s | Remaining: 227s | Bin: 0
2026-07-06 13:06:13   --- UP ---
2026-07-06 13:06:13     Price:   LAST=0.3800  BID=0.3200  ASK=0.3700
2026-07-06 13:06:13     VWAP 60s: 0.3856  |  Deviation: -1.46%
2026-07-06 13:06:13     Z-Score 5s: -1.66  |  Momentum 90s: N/A
2026-07-06 13:06:13     Trades: 166  |  Volume: 4381
2026-07-06 13:06:13     Buy Vol: 4261  |  Sell Vol: 120
2026-07-06 13:06:13   --- DOWN ---
2026-07-06 13:06:13     Price:   LAST=0.6500  BID=0.6300  ASK=0.6800
2026-07-06 13:06:13     VWAP 60s: 0.6225  |  Deviation: +4.41%
2026-07-06 13:06:13     Z-Score 5s: +1.89  |  Momentum 90s: N/A
2026-07-06 13:06:13     Trades: 191  |  Volume: 3601
2026-07-06 13:06:13     Buy Vol: 3545  |  Sell Vol: 56
2026-07-06 13:06:13   Win Rate: 0.7%
2026-07-06 13:06:13   Config: min_price=0.6, max_price=0.9, min_elapsed=60s, dev_range=0.1%-100%, no_entry_cutoff=30s
2026-07-06 13:06:13   BTC Chainlink: $63,030.14 (anchor: $63,040.46)
2026-07-06 13:06:13   BTC Deviation: $-10.31 (-0.0164%)
2026-07-06 13:06:13 ============================================================
2026-07-06 13:06:13   [SIM] History OPEN logged | realized PnL before exit: $-6.0300
2026-07-06 13:06:13 MAIN ENTRY EXECUTED SUCCESSFULLY
2026-07-06 13:06:13   Token: DOWN
2026-07-06 13:06:13   Contracts: 2
2026-07-06 13:06:13   Avg Price: 0.6800
2026-07-06 13:06:13   Total Cost: $1.36
2026-07-06 13:06:13 ----------------------------------------
2026-07-06 13:09:50 ============================================================
2026-07-06 13:09:50 MARKET END - POSITION CLOSING
2026-07-06 13:09:50   Time: 2026-07-06T13:09:50.183517
2026-07-06 13:09:50   Market: btc-updown-5m-1783317900
2026-07-06 13:09:50   Position: DOWN
2026-07-06 13:09:50   Entry Price: 0.6800
2026-07-06 13:09:50   Final Price: 0.7400
2026-07-06 13:09:50   Contracts: 2
2026-07-06 13:09:50   Hedged: False
2026-07-06 13:09:50   [SIM] History CLOSE logged | trade PnL $+0.6400 | cumulative $-5.3900 | WR 50.00% (8 closed)
2026-07-06 13:09:50   Result: WIN
2026-07-06 13:09:50   P&L: $+0.64
2026-07-06 13:09:50   Max Drawdown: -0.4500 (-66.18%)
2026-07-06 13:09:50   Max DD ($): -$0.90 (min price: 0.2300)
2026-07-06 13:09:50   Total Trades: 8
2026-07-06 13:09:50   Session Stats: W=4 / L=4
2026-07-06 13:09:50   Total P&L: $-5.39
2026-07-06 13:09:50 ============================================================
2026-07-06 13:11:00 ============================================================
2026-07-06 13:11:00 TRADE SIGNAL TRIGGERED (SIMULATION)
2026-07-06 13:11:00   Time: 2026-07-06T13:11:00.244780
2026-07-06 13:11:00   Market: btc-updown-5m-1783318200
2026-07-06 13:11:00   Signal: BUY_DOWN
2026-07-06 13:11:00   Token: DOWN
2026-07-06 13:11:00   Elapsed: 60s | Remaining: 240s | Bin: 0
2026-07-06 13:11:00   --- UP ---
2026-07-06 13:11:00     Price:   LAST=0.3100  BID=0.3000  ASK=0.3100
2026-07-06 13:11:00     VWAP 60s: 0.4103  |  Deviation: -24.45%
2026-07-06 13:11:00     Z-Score 5s: -1.90  |  Momentum 90s: N/A
2026-07-06 13:11:00     Trades: 154  |  Volume: 2850
2026-07-06 13:11:00     Buy Vol: 2561  |  Sell Vol: 289
2026-07-06 13:11:00   --- DOWN ---
2026-07-06 13:11:00     Price:   LAST=0.7000  BID=0.6900  ASK=0.7000
2026-07-06 13:11:00     VWAP 60s: 0.6153  |  Deviation: +13.76%
2026-07-06 13:11:00     Z-Score 5s: +0.81  |  Momentum 90s: N/A
2026-07-06 13:11:00     Trades: 149  |  Volume: 2261
2026-07-06 13:11:00     Buy Vol: 2199  |  Sell Vol: 62
2026-07-06 13:11:00   Win Rate: 0.7%
2026-07-06 13:11:00   Config: min_price=0.6, max_price=0.9, min_elapsed=60s, dev_range=0.1%-100%, no_entry_cutoff=30s
2026-07-06 13:11:00   BTC Chainlink: $63,022.83 (anchor: $63,044.83)
2026-07-06 13:11:00   BTC Deviation: $-22.01 (-0.0349%)
2026-07-06 13:11:00 ============================================================
2026-07-06 13:11:00   [SIM] History OPEN logged | realized PnL before exit: $-5.3900
2026-07-06 13:11:00 MAIN ENTRY EXECUTED SUCCESSFULLY
2026-07-06 13:11:00   Token: DOWN
2026-07-06 13:11:00   Contracts: 2
2026-07-06 13:11:00   Avg Price: 0.7000
2026-07-06 13:11:00   Total Cost: $1.40
2026-07-06 13:11:00 ----------------------------------------
2026-07-06 13:14:50 ============================================================
2026-07-06 13:14:50 MARKET END - POSITION CLOSING
2026-07-06 13:14:50   Time: 2026-07-06T13:14:50.190015
2026-07-06 13:14:50   Market: btc-updown-5m-1783318200
2026-07-06 13:14:50   Position: DOWN
2026-07-06 13:14:50   Entry Price: 0.7000
2026-07-06 13:14:50   Final Price: 0.0300
2026-07-06 13:14:50   Contracts: 2
2026-07-06 13:14:50   Hedged: False
2026-07-06 13:14:50   [SIM] History CLOSE logged | trade PnL $-1.4000 | cumulative $-6.7900 | WR 44.44% (9 closed)
2026-07-06 13:14:50   Result: LOSS
2026-07-06 13:14:50   P&L: $-1.40
2026-07-06 13:14:50   Max Drawdown: -0.6700 (-95.71%)
2026-07-06 13:14:50   Max DD ($): -$1.34 (min price: 0.0300)
2026-07-06 13:14:50   Total Trades: 9
2026-07-06 13:14:50   Session Stats: W=4 / L=5
2026-07-06 13:14:50   Total P&L: $-6.79
2026-07-06 13:14:50 ============================================================
2026-07-06 13:16:01 ============================================================
2026-07-06 13:16:01 TRADE SIGNAL TRIGGERED (SIMULATION)
2026-07-06 13:16:01   Time: 2026-07-06T13:16:01.374840
2026-07-06 13:16:01   Market: btc-updown-5m-1783318500
2026-07-06 13:16:01   Signal: BUY_UP
2026-07-06 13:16:01   Token: UP
2026-07-06 13:16:01   Elapsed: 61s | Remaining: 239s | Bin: 0
2026-07-06 13:16:01   --- UP ---
2026-07-06 13:16:01     Price:   LAST=0.6900  BID=0.6800  ASK=0.6900
2026-07-06 13:16:01     VWAP 60s: 0.6367  |  Deviation: +8.38%
2026-07-06 13:16:01     Z-Score 5s: +1.63  |  Momentum 90s: N/A
2026-07-06 13:16:01     Trades: 185  |  Volume: 3808
2026-07-06 13:16:01     Buy Vol: 3635  |  Sell Vol: 174
2026-07-06 13:16:01   --- DOWN ---
2026-07-06 13:16:01     Price:   LAST=0.3600  BID=0.3100  ASK=0.3200
2026-07-06 13:16:01     VWAP 60s: 0.3508  |  Deviation: +2.61%
2026-07-06 13:16:01     Z-Score 5s: -1.48  |  Momentum 90s: N/A
2026-07-06 13:16:01     Trades: 185  |  Volume: 4345
2026-07-06 13:16:01     Buy Vol: 3659  |  Sell Vol: 686
2026-07-06 13:16:01   Win Rate: 0.7%
2026-07-06 13:16:01   Config: min_price=0.6, max_price=0.9, min_elapsed=60s, dev_range=0.1%-100%, no_entry_cutoff=30s
2026-07-06 13:16:01   BTC Chainlink: $63,057.57 (anchor: $63,056.48)
2026-07-06 13:16:01   BTC Deviation: $+1.09 (+0.0017%)
2026-07-06 13:16:01 ============================================================
2026-07-06 13:16:01   [SIM] History OPEN logged | realized PnL before exit: $-6.7900
2026-07-06 13:16:01 MAIN ENTRY EXECUTED SUCCESSFULLY
2026-07-06 13:16:01   Token: UP
2026-07-06 13:16:01   Contracts: 2
2026-07-06 13:16:01   Avg Price: 0.6900
2026-07-06 13:16:01   Total Cost: $1.38
2026-07-06 13:16:01 ----------------------------------------
2026-07-06 13:19:50 ============================================================
2026-07-06 13:19:50 MARKET END - POSITION CLOSING
2026-07-06 13:19:50   Time: 2026-07-06T13:19:50.051773
2026-07-06 13:19:50   Market: btc-updown-5m-1783318500
2026-07-06 13:19:50   Position: UP
2026-07-06 13:19:50   Entry Price: 0.6900
2026-07-06 13:19:50   Final Price: 0.0100
2026-07-06 13:19:50   Contracts: 2
2026-07-06 13:19:50   Hedged: False
2026-07-06 13:19:50   [SIM] History CLOSE logged | trade PnL $-1.3800 | cumulative $-8.1700 | WR 40.00% (10 closed)
2026-07-06 13:19:50   Result: LOSS
2026-07-06 13:19:50   P&L: $-1.38
2026-07-06 13:19:50   Max Drawdown: -0.6800 (-98.55%)
2026-07-06 13:19:50   Max DD ($): -$1.36 (min price: 0.0100)
2026-07-06 13:19:50   Total Trades: 10
2026-07-06 13:19:50   Session Stats: W=4 / L=6
2026-07-06 13:19:50   Total P&L: $-8.17
2026-07-06 13:19:50 ============================================================
2026-07-06 13:21:00 ============================================================
2026-07-06 13:21:00 TRADE SIGNAL TRIGGERED (SIMULATION)
2026-07-06 13:21:00   Time: 2026-07-06T13:21:00.188176
2026-07-06 13:21:00   Market: btc-updown-5m-1783318800
2026-07-06 13:21:00   Signal: BUY_DOWN
2026-07-06 13:21:00   Token: DOWN
2026-07-06 13:21:00   Elapsed: 60s | Remaining: 240s | Bin: 0
2026-07-06 13:21:00   --- UP ---
2026-07-06 13:21:00     Price:   LAST=0.2400  BID=0.2400  ASK=0.2500
2026-07-06 13:21:00     VWAP 60s: 0.3233  |  Deviation: -25.76%
2026-07-06 13:21:00     Z-Score 5s: +0.66  |  Momentum 90s: N/A
2026-07-06 13:21:00     Trades: 121  |  Volume: 3220
2026-07-06 13:21:00     Buy Vol: 3201  |  Sell Vol: 19
2026-07-06 13:21:00   --- DOWN ---
2026-07-06 13:21:00     Price:   LAST=0.7600  BID=0.7500  ASK=0.7600
2026-07-06 13:21:00     VWAP 60s: 0.6472  |  Deviation: +17.43%
2026-07-06 13:21:00     Z-Score 5s: -1.40  |  Momentum 90s: N/A
2026-07-06 13:21:00     Trades: 191  |  Volume: 2387
2026-07-06 13:21:00     Buy Vol: 2258  |  Sell Vol: 128
2026-07-06 13:21:00   Win Rate: 0.7%
2026-07-06 13:21:00   Config: min_price=0.6, max_price=0.9, min_elapsed=60s, dev_range=0.1%-100%, no_entry_cutoff=30s
2026-07-06 13:21:00   BTC Chainlink: $62,970.45 (anchor: $63,003.08)
2026-07-06 13:21:00   BTC Deviation: $-32.63 (-0.0518%)
2026-07-06 13:21:00 ============================================================
2026-07-06 13:21:00   [SIM] History OPEN logged | realized PnL before exit: $-8.1700
2026-07-06 13:21:00 MAIN ENTRY EXECUTED SUCCESSFULLY
2026-07-06 13:21:00   Token: DOWN
2026-07-06 13:21:00   Contracts: 2
2026-07-06 13:21:00   Avg Price: 0.7600
2026-07-06 13:21:00   Total Cost: $1.52
2026-07-06 13:21:00 ----------------------------------------
2026-07-06 13:21:02 TRAP ENTRY EXECUTED SUCCESSFULLY
2026-07-06 13:21:02   Token: UP
2026-07-06 13:21:02   Contracts: 1
2026-07-06 13:21:02   Avg Price: 0.2500
2026-07-06 13:21:02   Total Cost: $0.25
2026-07-06 13:24:50 ============================================================
2026-07-06 13:24:50 MARKET END - POSITION CLOSING
2026-07-06 13:24:50   Time: 2026-07-06T13:24:50.166790
2026-07-06 13:24:50   Market: btc-updown-5m-1783318800
2026-07-06 13:24:50   Position: DOWN
2026-07-06 13:24:50   Entry Price: 0.7600
2026-07-06 13:24:50   Final Price: 0.9900
2026-07-06 13:24:50   Contracts: 2
2026-07-06 13:24:50   Hedged: True
2026-07-06 13:24:50   [SIM] History CLOSE logged | trade PnL $+0.2300 | cumulative $-7.9400 | WR 45.45% (11 closed)
2026-07-06 13:24:50   Result: WIN
2026-07-06 13:24:50   P&L: $+0.23
2026-07-06 13:24:50   Max Drawdown: -0.0800 (-10.53%)
2026-07-06 13:24:50   Max DD ($): -$0.16 (min price: 0.6800)
2026-07-06 13:24:50   Total Trades: 11
2026-07-06 13:24:50   Session Stats: W=5 / L=6
2026-07-06 13:24:50   Total P&L: $-7.94
2026-07-06 13:24:50 ============================================================
2026-07-06 13:26:29 ============================================================
2026-07-06 13:26:29 TRADE SIGNAL TRIGGERED (SIMULATION)
2026-07-06 13:26:29   Time: 2026-07-06T13:26:29.428622
2026-07-06 13:26:29   Market: btc-updown-5m-1783319100
2026-07-06 13:26:29   Signal: BUY_DOWN
2026-07-06 13:26:29   Token: DOWN
2026-07-06 13:26:29   Elapsed: 89s | Remaining: 211s | Bin: 0
2026-07-06 13:26:29   --- UP ---
2026-07-06 13:26:29     Price:   LAST=0.4900  BID=0.4000  ASK=0.4100
2026-07-06 13:26:29     VWAP 60s: 0.4694  |  Deviation: +4.39%
2026-07-06 13:26:29     Z-Score 5s: +0.00  |  Momentum 90s: N/A
2026-07-06 13:26:29     Trades: 151  |  Volume: 3342
2026-07-06 13:26:29     Buy Vol: 3136  |  Sell Vol: 206
2026-07-06 13:26:29   --- DOWN ---
2026-07-06 13:26:29     Price:   LAST=0.6100  BID=0.5900  ASK=0.6000
2026-07-06 13:26:29     VWAP 60s: 0.5455  |  Deviation: +11.83%
2026-07-06 13:26:29     Z-Score 5s: +2.27  |  Momentum 90s: N/A
2026-07-06 13:26:29     Trades: 168  |  Volume: 2797
2026-07-06 13:26:29     Buy Vol: 2613  |  Sell Vol: 184
2026-07-06 13:26:29   Win Rate: 0.6%
2026-07-06 13:26:29   Config: min_price=0.6, max_price=0.9, min_elapsed=60s, dev_range=0.1%-100%, no_entry_cutoff=30s
2026-07-06 13:26:29   BTC Chainlink: $62,968.93 (anchor: $62,969.95)
2026-07-06 13:26:29   BTC Deviation: $-1.02 (-0.0016%)
2026-07-06 13:26:29 ============================================================
2026-07-06 13:26:29   [SIM] History OPEN logged | realized PnL before exit: $-7.9400
2026-07-06 13:26:29 MAIN ENTRY EXECUTED SUCCESSFULLY
2026-07-06 13:26:29   Token: DOWN
2026-07-06 13:26:29   Contracts: 3
2026-07-06 13:26:29   Avg Price: 0.6000
2026-07-06 13:26:29   Total Cost: $1.80
2026-07-06 13:26:29 ----------------------------------------
2026-07-06 13:29:50 ============================================================
2026-07-06 13:29:50 MARKET END - POSITION CLOSING
2026-07-06 13:29:50   Time: 2026-07-06T13:29:50.014586
2026-07-06 13:29:50   Market: btc-updown-5m-1783319100
2026-07-06 13:29:50   Position: DOWN
2026-07-06 13:29:50   Entry Price: 0.6000
2026-07-06 13:29:50   Final Price: 0.8700
2026-07-06 13:29:50   Contracts: 3
2026-07-06 13:29:50   Hedged: False
2026-07-06 13:29:50   [SIM] History CLOSE logged | trade PnL $+1.2000 | cumulative $-6.7400 | WR 50.00% (12 closed)
2026-07-06 13:29:50   Result: WIN
2026-07-06 13:29:50   P&L: $+1.20
2026-07-06 13:29:50   Max Drawdown: -0.1000 (-16.67%)
2026-07-06 13:29:50   Max DD ($): -$0.30 (min price: 0.5000)
2026-07-06 13:29:50   Total Trades: 12
2026-07-06 13:29:50   Session Stats: W=6 / L=6
2026-07-06 13:29:50   Total P&L: $-6.74
2026-07-06 13:29:50 ============================================================
2026-07-06 13:31:54 ============================================================
2026-07-06 13:31:54 TRADE SIGNAL TRIGGERED (SIMULATION)
2026-07-06 13:31:54   Time: 2026-07-06T13:31:54.761575
2026-07-06 13:31:54   Market: btc-updown-5m-1783319400
2026-07-06 13:31:54   Signal: BUY_DOWN
2026-07-06 13:31:54   Token: DOWN
2026-07-06 13:31:54   Elapsed: 115s | Remaining: 185s | Bin: 0
2026-07-06 13:31:54   --- UP ---
2026-07-06 13:31:54     Price:   LAST=0.4100  BID=0.4000  ASK=0.4100
2026-07-06 13:31:54     VWAP 60s: 0.4875  |  Deviation: -15.91%
2026-07-06 13:31:54     Z-Score 5s: -1.51  |  Momentum 90s: -29.31%
2026-07-06 13:31:54     Trades: 259  |  Volume: 5954
2026-07-06 13:31:54     Buy Vol: 5666  |  Sell Vol: 289
2026-07-06 13:31:54   --- DOWN ---
2026-07-06 13:31:54     Price:   LAST=0.6000  BID=0.5900  ASK=0.6000
2026-07-06 13:31:54     VWAP 60s: 0.5197  |  Deviation: +15.45%
2026-07-06 13:31:54     Z-Score 5s: +2.34  |  Momentum 90s: +39.53%
2026-07-06 13:31:54     Trades: 284  |  Volume: 5594
2026-07-06 13:31:54     Buy Vol: 5481  |  Sell Vol: 114
2026-07-06 13:31:54   Win Rate: 0.6%
2026-07-06 13:31:54   Config: min_price=0.6, max_price=0.9, min_elapsed=60s, dev_range=0.1%-100%, no_entry_cutoff=30s
2026-07-06 13:31:54   BTC Chainlink: $62,963.17 (anchor: $62,970.80)
2026-07-06 13:31:54   BTC Deviation: $-7.63 (-0.0121%)
2026-07-06 13:31:54 ============================================================
2026-07-06 13:31:54   [SIM] History OPEN logged | realized PnL before exit: $-6.7400
2026-07-06 13:31:54 MAIN ENTRY EXECUTED SUCCESSFULLY
2026-07-06 13:31:54   Token: DOWN
2026-07-06 13:31:54   Contracts: 3
2026-07-06 13:31:54   Avg Price: 0.6000
2026-07-06 13:31:54   Total Cost: $1.80
2026-07-06 13:31:54 ----------------------------------------
2026-07-06 13:34:50 ============================================================
2026-07-06 13:34:50 MARKET END - POSITION CLOSING
2026-07-06 13:34:50   Time: 2026-07-06T13:34:50.154107
2026-07-06 13:34:50   Market: btc-updown-5m-1783319400
2026-07-06 13:34:50   Position: DOWN
2026-07-06 13:34:50   Entry Price: 0.6000
2026-07-06 13:34:50   Final Price: 0.9900
2026-07-06 13:34:50   Contracts: 3
2026-07-06 13:34:50   Hedged: False
2026-07-06 13:34:50   [SIM] History CLOSE logged | trade PnL $+1.2000 | cumulative $-5.5400 | WR 53.85% (13 closed)
2026-07-06 13:34:50   Result: WIN
2026-07-06 13:34:50   P&L: $+1.20
2026-07-06 13:34:50   Max Drawdown: -0.3500 (-58.33%)
2026-07-06 13:34:50   Max DD ($): -$1.05 (min price: 0.2500)
2026-07-06 13:34:50   Total Trades: 13
2026-07-06 13:34:50   Session Stats: W=7 / L=6
2026-07-06 13:34:50   Total P&L: $-5.54
2026-07-06 13:34:50 ============================================================
2026-07-06 13:36:05 ============================================================
2026-07-06 13:36:05 TRADE SIGNAL TRIGGERED (SIMULATION)
2026-07-06 13:36:05   Time: 2026-07-06T13:36:05.318961
2026-07-06 13:36:05   Market: btc-updown-5m-1783319700
2026-07-06 13:36:05   Signal: BUY_UP
2026-07-06 13:36:05   Token: UP
2026-07-06 13:36:05   Elapsed: 65s | Remaining: 235s | Bin: 0
2026-07-06 13:36:05   --- UP ---
2026-07-06 13:36:05     Price:   LAST=0.7800  BID=0.7400  ASK=0.7800
2026-07-06 13:36:05     VWAP 60s: 0.7317  |  Deviation: +6.60%
2026-07-06 13:36:05     Z-Score 5s: +3.37  |  Momentum 90s: N/A
2026-07-06 13:36:05     Trades: 152  |  Volume: 5020
2026-07-06 13:36:05     Buy Vol: 4838  |  Sell Vol: 182
2026-07-06 13:36:05   --- DOWN ---
2026-07-06 13:36:05     Price:   LAST=0.2700  BID=0.2200  ASK=0.2600
2026-07-06 13:36:05     VWAP 60s: 0.2798  |  Deviation: -3.50%
2026-07-06 13:36:05     Z-Score 5s: -1.81  |  Momentum 90s: N/A
2026-07-06 13:36:05     Trades: 192  |  Volume: 6011
2026-07-06 13:36:05     Buy Vol: 5478  |  Sell Vol: 533
2026-07-06 13:36:05   Win Rate: 0.7%
2026-07-06 13:36:05   Config: min_price=0.6, max_price=0.9, min_elapsed=60s, dev_range=0.1%-100%, no_entry_cutoff=30s
2026-07-06 13:36:05   BTC Chainlink: $62,937.83 (anchor: $62,915.19)
2026-07-06 13:36:05   BTC Deviation: $+22.65 (+0.0360%)
2026-07-06 13:36:05 ============================================================
2026-07-06 13:36:05   [SIM] History OPEN logged | realized PnL before exit: $-5.5400
2026-07-06 13:36:05 MAIN ENTRY EXECUTED SUCCESSFULLY
2026-07-06 13:36:05   Token: UP
2026-07-06 13:36:05   Contracts: 2
2026-07-06 13:36:05   Avg Price: 0.7800
2026-07-06 13:36:05   Total Cost: $1.56
2026-07-06 13:36:05 ----------------------------------------
2026-07-06 13:39:50 ============================================================
2026-07-06 13:39:50 MARKET END - POSITION CLOSING
2026-07-06 13:39:50   Time: 2026-07-06T13:39:50.052323
2026-07-06 13:39:50   Market: btc-updown-5m-1783319700
2026-07-06 13:39:50   Position: UP
2026-07-06 13:39:50   Entry Price: 0.7800
2026-07-06 13:39:50   Final Price: 0.9900
2026-07-06 13:39:50   Contracts: 2
2026-07-06 13:39:50   Hedged: False
2026-07-06 13:39:50   [SIM] History CLOSE logged | trade PnL $+0.4400 | cumulative $-5.1000 | WR 57.14% (14 closed)
2026-07-06 13:39:50   Result: WIN
2026-07-06 13:39:50   P&L: $+0.44
2026-07-06 13:39:50   Max Drawdown: -0.1400 (-17.95%)
2026-07-06 13:39:50   Max DD ($): -$0.28 (min price: 0.6400)
2026-07-06 13:39:50   Total Trades: 14
2026-07-06 13:39:50   Session Stats: W=8 / L=6
2026-07-06 13:39:50   Total P&L: $-5.10
2026-07-06 13:39:50 ============================================================
2026-07-06 13:41:00 ============================================================
2026-07-06 13:41:00 TRADE SIGNAL TRIGGERED (SIMULATION)
2026-07-06 13:41:00   Time: 2026-07-06T13:41:00.008436
2026-07-06 13:41:00   Market: btc-updown-5m-1783320000
2026-07-06 13:41:00   Signal: BUY_UP
2026-07-06 13:41:00   Token: UP
2026-07-06 13:41:00   Elapsed: 60s | Remaining: 240s | Bin: 0
2026-07-06 13:41:00   --- UP ---
2026-07-06 13:41:00     Price:   LAST=0.6800  BID=0.6700  ASK=0.6800
2026-07-06 13:41:00     VWAP 60s: 0.6332  |  Deviation: +7.40%
2026-07-06 13:41:00     Z-Score 5s: +0.66  |  Momentum 90s: N/A
2026-07-06 13:41:00     Trades: 163  |  Volume: 3612
2026-07-06 13:41:00     Buy Vol: 3387  |  Sell Vol: 225
2026-07-06 13:41:00   --- DOWN ---
2026-07-06 13:41:00     Price:   LAST=0.3200  BID=0.3200  ASK=0.3300
2026-07-06 13:41:00     VWAP 60s: 0.3800  |  Deviation: -15.80%
2026-07-06 13:41:00     Z-Score 5s: -1.37  |  Momentum 90s: N/A
2026-07-06 13:41:00     Trades: 123  |  Volume: 3709
2026-07-06 13:41:00     Buy Vol: 3602  |  Sell Vol: 107
2026-07-06 13:41:00   Win Rate: 0.7%
2026-07-06 13:41:00   Config: min_price=0.6, max_price=0.9, min_elapsed=60s, dev_range=0.1%-100%, no_entry_cutoff=30s
2026-07-06 13:41:00   BTC Chainlink: $62,972.56 (anchor: $62,956.82)
2026-07-06 13:41:00   BTC Deviation: $+15.73 (+0.0250%)
2026-07-06 13:41:00 ============================================================
2026-07-06 13:41:00   [SIM] History OPEN logged | realized PnL before exit: $-5.1000
2026-07-06 13:41:00 MAIN ENTRY EXECUTED SUCCESSFULLY
2026-07-06 13:41:00   Token: UP
2026-07-06 13:41:00   Contracts: 2
2026-07-06 13:41:00   Avg Price: 0.6800
2026-07-06 13:41:00   Total Cost: $1.36
2026-07-06 13:41:00 ----------------------------------------
2026-07-06 13:51:10 ============================================================
2026-07-06 13:51:10 TRADE SIGNAL TRIGGERED
2026-07-06 13:51:10   Time: 2026-07-06T13:51:10.145151
2026-07-06 13:51:10   Market: btc-updown-5m-1783320600
2026-07-06 13:51:10   Signal: BUY_UP
2026-07-06 13:51:10   Token: UP
2026-07-06 13:51:10   Elapsed: 70s | Remaining: 230s | Bin: 0
2026-07-06 13:51:10   --- UP ---
2026-07-06 13:51:10     Price:   LAST=0.6000  BID=0.5400  ASK=0.6000
2026-07-06 13:51:10     VWAP 60s: 0.4595  |  Deviation: +30.59%
2026-07-06 13:51:10     Z-Score 5s: +0.88  |  Momentum 90s: N/A
2026-07-06 13:51:10     Trades: 149  |  Volume: 4680
2026-07-06 13:51:10     Buy Vol: 4658  |  Sell Vol: 22
2026-07-06 13:51:10   --- DOWN ---
2026-07-06 13:51:10     Price:   LAST=0.4300  BID=0.4000  ASK=0.4600
2026-07-06 13:51:10     VWAP 60s: 0.5446  |  Deviation: -21.05%
2026-07-06 13:51:10     Z-Score 5s: -3.24  |  Momentum 90s: N/A
2026-07-06 13:51:10     Trades: 148  |  Volume: 3282
2026-07-06 13:51:10     Buy Vol: 3242  |  Sell Vol: 40
2026-07-06 13:51:10   Win Rate: 0.6%
2026-07-06 13:51:10   Config: min_price=0.6, max_price=0.9, min_elapsed=60s, dev_range=0.1%-100%, no_entry_cutoff=30s
2026-07-06 13:51:10   BTC Chainlink: $62,960.91 (anchor: $62,965.67)
2026-07-06 13:51:10   BTC Deviation: $-4.76 (-0.0076%)
2026-07-06 13:51:10 ============================================================
2026-07-06 13:51:10 MAIN ENTRY FAILED: Could not get price
2026-07-06 13:51:10 ============================================================
2026-07-06 13:51:10 TRADE SIGNAL TRIGGERED
2026-07-06 13:51:10   Time: 2026-07-06T13:51:10.409118
2026-07-06 13:51:10   Market: btc-updown-5m-1783320600
2026-07-06 13:51:10   Signal: BUY_UP
2026-07-06 13:51:10   Token: UP
2026-07-06 13:51:10   Elapsed: 70s | Remaining: 230s | Bin: 0
2026-07-06 13:51:10   --- UP ---
2026-07-06 13:51:10     Price:   LAST=0.6000  BID=0.5200  ASK=0.6200
2026-07-06 13:51:10     VWAP 60s: 0.4595  |  Deviation: +30.59%
2026-07-06 13:51:10     Z-Score 5s: +0.81  |  Momentum 90s: N/A
2026-07-06 13:51:10     Trades: 149  |  Volume: 4680
2026-07-06 13:51:10     Buy Vol: 4658  |  Sell Vol: 22
2026-07-06 13:51:10   --- DOWN ---
2026-07-06 13:51:10     Price:   LAST=0.4300  BID=0.3800  ASK=0.4800
2026-07-06 13:51:10     VWAP 60s: 0.5446  |  Deviation: -21.05%
2026-07-06 13:51:10     Z-Score 5s: -3.16  |  Momentum 90s: N/A
2026-07-06 13:51:10     Trades: 148  |  Volume: 3282
2026-07-06 13:51:10     Buy Vol: 3242  |  Sell Vol: 40
2026-07-06 13:51:10   Win Rate: 0.6%
2026-07-06 13:51:10   Config: min_price=0.6, max_price=0.9, min_elapsed=60s, dev_range=0.1%-100%, no_entry_cutoff=30s
2026-07-06 13:51:10   BTC Chainlink: $62,960.91 (anchor: $62,965.67)
2026-07-06 13:51:10   BTC Deviation: $-4.76 (-0.0076%)
2026-07-06 13:51:10 ============================================================
2026-07-06 13:51:10 MAIN ENTRY FAILED: Could not get price
2026-07-06 13:51:46 ============================================================
2026-07-06 13:51:46 TRADE SIGNAL TRIGGERED
2026-07-06 13:51:46   Time: 2026-07-06T13:51:46.278924
2026-07-06 13:51:46   Market: btc-updown-5m-1783320600
2026-07-06 13:51:46   Signal: BUY_DOWN
2026-07-06 13:51:46   Token: DOWN
2026-07-06 13:51:46   Elapsed: 106s | Remaining: 194s | Bin: 0
2026-07-06 13:51:46   --- UP ---
2026-07-06 13:51:46     Price:   LAST=0.4000  BID=0.3900  ASK=0.4100
2026-07-06 13:51:46     VWAP 60s: 0.4803  |  Deviation: -16.71%
2026-07-06 13:51:46     Z-Score 5s: -2.22  |  Momentum 90s: N/A
2026-07-06 13:51:46     Trades: 281  |  Volume: 8348
2026-07-06 13:51:46     Buy Vol: 8098  |  Sell Vol: 250
2026-07-06 13:51:46   --- DOWN ---
2026-07-06 13:51:46     Price:   LAST=0.6100  BID=0.5900  ASK=0.6100
2026-07-06 13:51:46     VWAP 60s: 0.5220  |  Deviation: +16.85%
2026-07-06 13:51:46     Z-Score 5s: +1.82  |  Momentum 90s: N/A
2026-07-06 13:51:46     Trades: 284  |  Volume: 6714
2026-07-06 13:51:46     Buy Vol: 6624  |  Sell Vol: 90
2026-07-06 13:51:46   Win Rate: 0.6%
2026-07-06 13:51:46   Config: min_price=0.6, max_price=0.9, min_elapsed=60s, dev_range=0.1%-100%, no_entry_cutoff=30s
2026-07-06 13:51:46   BTC Chainlink: $62,963.13 (anchor: $62,965.67)
2026-07-06 13:51:46   BTC Deviation: $-2.54 (-0.0040%)
2026-07-06 13:51:46 ============================================================
2026-07-06 13:51:46 MAIN ENTRY FAILED: Could not get price
2026-07-06 13:51:46 ============================================================
2026-07-06 13:51:46 TRADE SIGNAL TRIGGERED
2026-07-06 13:51:46   Time: 2026-07-06T13:51:46.535643
2026-07-06 13:51:46   Market: btc-updown-5m-1783320600
2026-07-06 13:51:46   Signal: BUY_DOWN
2026-07-06 13:51:46   Token: DOWN
2026-07-06 13:51:46   Elapsed: 107s | Remaining: 193s | Bin: 0
2026-07-06 13:51:46   --- UP ---
2026-07-06 13:51:46     Price:   LAST=0.3800  BID=0.3700  ASK=0.3800
2026-07-06 13:51:46     VWAP 60s: 0.4800  |  Deviation: -20.83%
2026-07-06 13:51:46     Z-Score 5s: -1.57  |  Momentum 90s: N/A
2026-07-06 13:51:46     Trades: 285  |  Volume: 8363
2026-07-06 13:51:46     Buy Vol: 8098  |  Sell Vol: 265
2026-07-06 13:51:46   --- DOWN ---
2026-07-06 13:51:46     Price:   LAST=0.6200  BID=0.6200  ASK=0.6300
2026-07-06 13:51:46     VWAP 60s: 0.5224  |  Deviation: +18.68%
2026-07-06 13:51:46     Z-Score 5s: +1.65  |  Momentum 90s: N/A
2026-07-06 13:51:46     Trades: 289  |  Volume: 6741
2026-07-06 13:51:46     Buy Vol: 6650  |  Sell Vol: 90
2026-07-06 13:51:46   Win Rate: 0.6%
2026-07-06 13:51:46   Config: min_price=0.6, max_price=0.9, min_elapsed=60s, dev_range=0.1%-100%, no_entry_cutoff=30s
2026-07-06 13:51:46   BTC Chainlink: $62,963.12 (anchor: $62,965.67)
2026-07-06 13:51:46   BTC Deviation: $-2.55 (-0.0040%)
2026-07-06 13:51:46 ============================================================
2026-07-06 13:51:46 MAIN ENTRY FAILED: Could not get price
2026-07-06 13:51:46 ============================================================
2026-07-06 13:51:46 TRADE SIGNAL TRIGGERED
2026-07-06 13:51:46   Time: 2026-07-06T13:51:46.788379
2026-07-06 13:51:46   Market: btc-updown-5m-1783320600
2026-07-06 13:51:46   Signal: BUY_DOWN
2026-07-06 13:51:46   Token: DOWN
2026-07-06 13:51:46   Elapsed: 107s | Remaining: 193s | Bin: 0
2026-07-06 13:51:46   --- UP ---
2026-07-06 13:51:46     Price:   LAST=0.3800  BID=0.3600  ASK=0.3700
2026-07-06 13:51:46     VWAP 60s: 0.4800  |  Deviation: -20.83%
2026-07-06 13:51:46     Z-Score 5s: -1.51  |  Momentum 90s: N/A
2026-07-06 13:51:46     Trades: 285  |  Volume: 8363
2026-07-06 13:51:46     Buy Vol: 8098  |  Sell Vol: 265
2026-07-06 13:51:46   --- DOWN ---
2026-07-06 13:51:46     Price:   LAST=0.6300  BID=0.6300  ASK=0.6400
2026-07-06 13:51:46     VWAP 60s: 0.5237  |  Deviation: +20.30%
2026-07-06 13:51:46     Z-Score 5s: +1.69  |  Momentum 90s: N/A
2026-07-06 13:51:46     Trades: 291  |  Volume: 6814
2026-07-06 13:51:46     Buy Vol: 6724  |  Sell Vol: 90
2026-07-06 13:51:46   Win Rate: 0.6%
2026-07-06 13:51:46   Config: min_price=0.6, max_price=0.9, min_elapsed=60s, dev_range=0.1%-100%, no_entry_cutoff=30s
2026-07-06 13:51:46   BTC Chainlink: $62,963.12 (anchor: $62,965.67)
2026-07-06 13:51:46   BTC Deviation: $-2.55 (-0.0040%)
2026-07-06 13:51:46 ============================================================
2026-07-06 13:51:46 MAIN ENTRY FAILED: Could not get price
2026-07-06 13:51:47 ============================================================
2026-07-06 13:51:47 TRADE SIGNAL TRIGGERED
2026-07-06 13:51:47   Time: 2026-07-06T13:51:47.039875
2026-07-06 13:51:47   Market: btc-updown-5m-1783320600
2026-07-06 13:51:47   Signal: BUY_DOWN
2026-07-06 13:51:47   Token: DOWN
2026-07-06 13:51:47   Elapsed: 107s | Remaining: 193s | Bin: 0
2026-07-06 13:51:47   --- UP ---
2026-07-06 13:51:47     Price:   LAST=0.3600  BID=0.3500  ASK=0.3600
2026-07-06 13:51:47     VWAP 60s: 0.4795  |  Deviation: -24.92%
2026-07-06 13:51:47     Z-Score 5s: -1.68  |  Momentum 90s: N/A
2026-07-06 13:51:47     Trades: 286  |  Volume: 8388
2026-07-06 13:51:47     Buy Vol: 8098  |  Sell Vol: 290
2026-07-06 13:51:47   --- DOWN ---
2026-07-06 13:51:47     Price:   LAST=0.6300  BID=0.6400  ASK=0.6500
2026-07-06 13:51:47     VWAP 60s: 0.5237  |  Deviation: +20.30%
2026-07-06 13:51:47     Z-Score 5s: +1.69  |  Momentum 90s: N/A
2026-07-06 13:51:47     Trades: 291  |  Volume: 6814
2026-07-06 13:51:47     Buy Vol: 6724  |  Sell Vol: 90
2026-07-06 13:51:47   Win Rate: 0.6%
2026-07-06 13:51:47   Config: min_price=0.6, max_price=0.9, min_elapsed=60s, dev_range=0.1%-100%, no_entry_cutoff=30s
2026-07-06 13:51:47   BTC Chainlink: $62,963.12 (anchor: $62,965.67)
2026-07-06 13:51:47   BTC Deviation: $-2.55 (-0.0040%)
2026-07-06 13:51:47 ============================================================
2026-07-06 13:51:47 MAIN ENTRY FAILED: Could not get price
2026-07-06 13:51:47 ============================================================
2026-07-06 13:51:47 TRADE SIGNAL TRIGGERED
2026-07-06 13:51:47   Time: 2026-07-06T13:51:47.298517
2026-07-06 13:51:47   Market: btc-updown-5m-1783320600
2026-07-06 13:51:47   Signal: BUY_DOWN
2026-07-06 13:51:47   Token: DOWN
2026-07-06 13:51:47   Elapsed: 107s | Remaining: 193s | Bin: 0
2026-07-06 13:51:47   --- UP ---
2026-07-06 13:51:47     Price:   LAST=0.3600  BID=0.3500  ASK=0.3600
2026-07-06 13:51:47     VWAP 60s: 0.4794  |  Deviation: -24.90%
2026-07-06 13:51:47     Z-Score 5s: -1.43  |  Momentum 90s: N/A
2026-07-06 13:51:47     Trades: 287  |  Volume: 8393
2026-07-06 13:51:47     Buy Vol: 8103  |  Sell Vol: 290
2026-07-06 13:51:47   --- DOWN ---
2026-07-06 13:51:47     Price:   LAST=0.6400  BID=0.6400  ASK=0.6500
2026-07-06 13:51:47     VWAP 60s: 0.5240  |  Deviation: +22.14%
2026-07-06 13:51:47     Z-Score 5s: +1.74  |  Momentum 90s: N/A
2026-07-06 13:51:47     Trades: 293  |  Volume: 6828
2026-07-06 13:51:47     Buy Vol: 6733  |  Sell Vol: 95
2026-07-06 13:51:47   Win Rate: 0.6%
2026-07-06 13:51:47   Config: min_price=0.6, max_price=0.9, min_elapsed=60s, dev_range=0.1%-100%, no_entry_cutoff=30s
2026-07-06 13:51:47   BTC Chainlink: $62,963.12 (anchor: $62,965.67)
2026-07-06 13:51:47   BTC Deviation: $-2.55 (-0.0040%)
2026-07-06 13:51:47 ============================================================
2026-07-06 13:51:47 MAIN ENTRY FAILED: Could not get price
2026-07-06 13:51:47 ============================================================
2026-07-06 13:51:47 TRADE SIGNAL TRIGGERED
2026-07-06 13:51:47   Time: 2026-07-06T13:51:47.550069
2026-07-06 13:51:47   Market: btc-updown-5m-1783320600
2026-07-06 13:51:47   Signal: BUY_DOWN
2026-07-06 13:51:47   Token: DOWN
2026-07-06 13:51:47   Elapsed: 108s | Remaining: 192s | Bin: 0
2026-07-06 13:51:47   --- UP ---
2026-07-06 13:51:47     Price:   LAST=0.3600  BID=0.3500  ASK=0.3600
2026-07-06 13:51:47     VWAP 60s: 0.4794  |  Deviation: -24.90%
2026-07-06 13:51:47     Z-Score 5s: -1.43  |  Momentum 90s: N/A
2026-07-06 13:51:47     Trades: 287  |  Volume: 8393
2026-07-06 13:51:47     Buy Vol: 8103  |  Sell Vol: 290
2026-07-06 13:51:47   --- DOWN ---
2026-07-06 13:51:47     Price:   LAST=0.6400  BID=0.6400  ASK=0.6500
2026-07-06 13:51:47     VWAP 60s: 0.5240  |  Deviation: +22.14%
2026-07-06 13:51:47     Z-Score 5s: +1.74  |  Momentum 90s: N/A
2026-07-06 13:51:47     Trades: 293  |  Volume: 6828
2026-07-06 13:51:47     Buy Vol: 6733  |  Sell Vol: 95
2026-07-06 13:51:47   Win Rate: 0.6%
2026-07-06 13:51:47   Config: min_price=0.6, max_price=0.9, min_elapsed=60s, dev_range=0.1%-100%, no_entry_cutoff=30s
2026-07-06 13:51:47   BTC Chainlink: $62,963.12 (anchor: $62,965.67)
2026-07-06 13:51:47   BTC Deviation: $-2.55 (-0.0040%)
2026-07-06 13:51:47 ============================================================
2026-07-06 13:51:47 MAIN ENTRY FAILED: Could not get price
2026-07-06 13:51:47 ============================================================
2026-07-06 13:51:47 TRADE SIGNAL TRIGGERED
2026-07-06 13:51:47   Time: 2026-07-06T13:51:47.800902
2026-07-06 13:51:47   Market: btc-updown-5m-1783320600
2026-07-06 13:51:47   Signal: BUY_DOWN
2026-07-06 13:51:47   Token: DOWN
2026-07-06 13:51:47   Elapsed: 108s | Remaining: 192s | Bin: 0
2026-07-06 13:51:47   --- UP ---
2026-07-06 13:51:47     Price:   LAST=0.3400  BID=0.3300  ASK=0.3400
2026-07-06 13:51:47     VWAP 60s: 0.4783  |  Deviation: -28.91%
2026-07-06 13:51:47     Z-Score 5s: -1.32  |  Momentum 90s: N/A
2026-07-06 13:51:47     Trades: 290  |  Volume: 8441
2026-07-06 13:51:47     Buy Vol: 8136  |  Sell Vol: 305
2026-07-06 13:51:47   --- DOWN ---
2026-07-06 13:51:47     Price:   LAST=0.6700  BID=0.6600  ASK=0.6700
2026-07-06 13:51:47     VWAP 60s: 0.5280  |  Deviation: +26.89%
2026-07-06 13:51:47     Z-Score 5s: +1.73  |  Momentum 90s: N/A
2026-07-06 13:51:47     Trades: 300  |  Volume: 7014
2026-07-06 13:51:47     Buy Vol: 6919  |  Sell Vol: 95
2026-07-06 13:51:47   Win Rate: 0.7%
2026-07-06 13:51:47   Config: min_price=0.6, max_price=0.9, min_elapsed=60s, dev_range=0.1%-100%, no_entry_cutoff=30s
2026-07-06 13:51:47   BTC Chainlink: $62,963.12 (anchor: $62,965.67)
2026-07-06 13:51:47   BTC Deviation: $-2.55 (-0.0040%)
2026-07-06 13:51:47 ============================================================
2026-07-06 13:51:47 MAIN ENTRY FAILED: Could not get price
2026-07-06 13:51:48 ============================================================
2026-07-06 13:51:48 TRADE SIGNAL TRIGGERED
2026-07-06 13:51:48   Time: 2026-07-06T13:51:48.053749
2026-07-06 13:51:48   Market: btc-updown-5m-1783320600
2026-07-06 13:51:48   Signal: BUY_DOWN
2026-07-06 13:51:48   Token: DOWN
2026-07-06 13:51:48   Elapsed: 108s | Remaining: 192s | Bin: 0
2026-07-06 13:51:48   --- UP ---
2026-07-06 13:51:48     Price:   LAST=0.3400  BID=0.3300  ASK=0.3400
2026-07-06 13:51:48     VWAP 60s: 0.4783  |  Deviation: -28.91%
2026-07-06 13:51:48     Z-Score 5s: -1.27  |  Momentum 90s: N/A
2026-07-06 13:51:48     Trades: 290  |  Volume: 8441
2026-07-06 13:51:48     Buy Vol: 8136  |  Sell Vol: 305
2026-07-06 13:51:48   --- DOWN ---
2026-07-06 13:51:48     Price:   LAST=0.6700  BID=0.6600  ASK=0.6700
2026-07-06 13:51:48     VWAP 60s: 0.5280  |  Deviation: +26.89%
2026-07-06 13:51:48     Z-Score 5s: +1.66  |  Momentum 90s: N/A
2026-07-06 13:51:48     Trades: 301  |  Volume: 7016
2026-07-06 13:51:48     Buy Vol: 6921  |  Sell Vol: 95
2026-07-06 13:51:48   Win Rate: 0.7%
2026-07-06 13:51:48   Config: min_price=0.6, max_price=0.9, min_elapsed=60s, dev_range=0.1%-100%, no_entry_cutoff=30s
2026-07-06 13:51:48   BTC Chainlink: $62,955.83 (anchor: $62,965.67)
2026-07-06 13:51:48   BTC Deviation: $-9.83 (-0.0156%)
2026-07-06 13:51:48 ============================================================
2026-07-06 13:51:48 MAIN ENTRY FAILED: Could not get price
2026-07-06 13:51:48 ============================================================
2026-07-06 13:51:48 TRADE SIGNAL TRIGGERED
2026-07-06 13:51:48   Time: 2026-07-06T13:51:48.306304
2026-07-06 13:51:48   Market: btc-updown-5m-1783320600
2026-07-06 13:51:48   Signal: BUY_DOWN
2026-07-06 13:51:48   Token: DOWN
2026-07-06 13:51:48   Elapsed: 108s | Remaining: 192s | Bin: 0
2026-07-06 13:51:48   --- UP ---
2026-07-06 13:51:48     Price:   LAST=0.3400  BID=0.3300  ASK=0.3400
2026-07-06 13:51:48     VWAP 60s: 0.4783  |  Deviation: -28.91%
2026-07-06 13:51:48     Z-Score 5s: -1.27  |  Momentum 90s: N/A
2026-07-06 13:51:48     Trades: 290  |  Volume: 8441
2026-07-06 13:51:48     Buy Vol: 8136  |  Sell Vol: 305
2026-07-06 13:51:48   --- DOWN ---
2026-07-06 13:51:48     Price:   LAST=0.6700  BID=0.6600  ASK=0.6700
2026-07-06 13:51:48     VWAP 60s: 0.5280  |  Deviation: +26.89%
2026-07-06 13:51:48     Z-Score 5s: +1.66  |  Momentum 90s: N/A
2026-07-06 13:51:48     Trades: 301  |  Volume: 7016
2026-07-06 13:51:48     Buy Vol: 6921  |  Sell Vol: 95
2026-07-06 13:51:48   Win Rate: 0.7%
2026-07-06 13:51:48   Config: min_price=0.6, max_price=0.9, min_elapsed=60s, dev_range=0.1%-100%, no_entry_cutoff=30s
2026-07-06 13:51:48   BTC Chainlink: $62,955.83 (anchor: $62,965.67)
2026-07-06 13:51:48   BTC Deviation: $-9.83 (-0.0156%)
2026-07-06 13:51:48 ============================================================
2026-07-06 13:51:48 MAIN ENTRY FAILED: Could not get price
2026-07-06 13:51:48 ============================================================
2026-07-06 13:51:48 TRADE SIGNAL TRIGGERED
2026-07-06 13:51:48   Time: 2026-07-06T13:51:48.560906
2026-07-06 13:51:48   Market: btc-updown-5m-1783320600
2026-07-06 13:51:48   Signal: BUY_DOWN
2026-07-06 13:51:48   Token: DOWN
2026-07-06 13:51:48   Elapsed: 109s | Remaining: 191s | Bin: 0
2026-07-06 13:51:48   --- UP ---
2026-07-06 13:51:48     Price:   LAST=0.3400  BID=0.3300  ASK=0.3400
2026-07-06 13:51:48     VWAP 60s: 0.4783  |  Deviation: -28.91%
2026-07-06 13:51:48     Z-Score 5s: -1.27  |  Momentum 90s: N/A
2026-07-06 13:51:48     Trades: 290  |  Volume: 8441
2026-07-06 13:51:48     Buy Vol: 8136  |  Sell Vol: 305
2026-07-06 13:51:48   --- DOWN ---
2026-07-06 13:51:48     Price:   LAST=0.6700  BID=0.6600  ASK=0.6700
2026-07-06 13:51:48     VWAP 60s: 0.5280  |  Deviation: +26.89%
2026-07-06 13:51:48     Z-Score 5s: +1.66  |  Momentum 90s: N/A
2026-07-06 13:51:48     Trades: 301  |  Volume: 7016
2026-07-06 13:51:48     Buy Vol: 6921  |  Sell Vol: 95
2026-07-06 13:51:48   Win Rate: 0.7%
2026-07-06 13:51:48   Config: min_price=0.6, max_price=0.9, min_elapsed=60s, dev_range=0.1%-100%, no_entry_cutoff=30s
2026-07-06 13:51:48   BTC Chainlink: $62,951.43 (anchor: $62,965.67)
2026-07-06 13:51:48   BTC Deviation: $-14.24 (-0.0226%)
2026-07-06 13:51:48 ============================================================
2026-07-06 13:51:48 MAIN ENTRY FAILED: Could not get price
2026-07-06 13:51:48 ============================================================
2026-07-06 13:51:48 TRADE SIGNAL TRIGGERED
2026-07-06 13:51:48   Time: 2026-07-06T13:51:48.816114
2026-07-06 13:51:48   Market: btc-updown-5m-1783320600
2026-07-06 13:51:48   Signal: BUY_DOWN
2026-07-06 13:51:48   Token: DOWN
2026-07-06 13:51:48   Elapsed: 109s | Remaining: 191s | Bin: 0
2026-07-06 13:51:48   --- UP ---
2026-07-06 13:51:48     Price:   LAST=0.3400  BID=0.3300  ASK=0.3400
2026-07-06 13:51:48     VWAP 60s: 0.4783  |  Deviation: -28.91%
2026-07-06 13:51:48     Z-Score 5s: -1.27  |  Momentum 90s: N/A
2026-07-06 13:51:48     Trades: 290  |  Volume: 8441
2026-07-06 13:51:48     Buy Vol: 8136  |  Sell Vol: 305
2026-07-06 13:51:48   --- DOWN ---
2026-07-06 13:51:48     Price:   LAST=0.6700  BID=0.6600  ASK=0.6700
2026-07-06 13:51:48     VWAP 60s: 0.5281  |  Deviation: +26.87%
2026-07-06 13:51:48     Z-Score 5s: +1.54  |  Momentum 90s: N/A
2026-07-06 13:51:48     Trades: 303  |  Volume: 7021
2026-07-06 13:51:48     Buy Vol: 6925  |  Sell Vol: 95
2026-07-06 13:51:48   Win Rate: 0.7%
2026-07-06 13:51:48   Config: min_price=0.6, max_price=0.9, min_elapsed=60s, dev_range=0.1%-100%, no_entry_cutoff=30s
2026-07-06 13:51:48   BTC Chainlink: $62,951.43 (anchor: $62,965.67)
2026-07-06 13:51:48   BTC Deviation: $-14.24 (-0.0226%)
2026-07-06 13:51:48 ============================================================
2026-07-06 13:51:48 MAIN ENTRY FAILED: Could not get price
2026-07-06 13:51:49 ============================================================
2026-07-06 13:51:49 TRADE SIGNAL TRIGGERED
2026-07-06 13:51:49   Time: 2026-07-06T13:51:49.075120
2026-07-06 13:51:49   Market: btc-updown-5m-1783320600
2026-07-06 13:51:49   Signal: BUY_DOWN
2026-07-06 13:51:49   Token: DOWN
2026-07-06 13:51:49   Elapsed: 109s | Remaining: 191s | Bin: 0
2026-07-06 13:51:49   --- UP ---
2026-07-06 13:51:49     Price:   LAST=0.3400  BID=0.3300  ASK=0.3400
2026-07-06 13:51:49     VWAP 60s: 0.4783  |  Deviation: -28.91%
2026-07-06 13:51:49     Z-Score 5s: -1.22  |  Momentum 90s: N/A
2026-07-06 13:51:49     Trades: 290  |  Volume: 8441
2026-07-06 13:51:49     Buy Vol: 8136  |  Sell Vol: 305
2026-07-06 13:51:49   --- DOWN ---
2026-07-06 13:51:49     Price:   LAST=0.6700  BID=0.6600  ASK=0.6700
2026-07-06 13:51:49     VWAP 60s: 0.5281  |  Deviation: +26.88%
2026-07-06 13:51:49     Z-Score 5s: +1.54  |  Momentum 90s: N/A
2026-07-06 13:51:49     Trades: 303  |  Volume: 7021
2026-07-06 13:51:49     Buy Vol: 6925  |  Sell Vol: 95
2026-07-06 13:51:49   Win Rate: 0.7%
2026-07-06 13:51:49   Config: min_price=0.6, max_price=0.9, min_elapsed=60s, dev_range=0.1%-100%, no_entry_cutoff=30s
2026-07-06 13:51:49   BTC Chainlink: $62,951.43 (anchor: $62,965.67)
2026-07-06 13:51:49   BTC Deviation: $-14.24 (-0.0226%)
2026-07-06 13:51:49 ============================================================
2026-07-06 13:51:49 MAIN ENTRY FAILED: Could not get price
2026-07-06 13:51:49 ============================================================
2026-07-06 13:51:49 TRADE SIGNAL TRIGGERED
2026-07-06 13:51:49   Time: 2026-07-06T13:51:49.330788
2026-07-06 13:51:49   Market: btc-updown-5m-1783320600
2026-07-06 13:51:49   Signal: BUY_DOWN
2026-07-06 13:51:49   Token: DOWN
2026-07-06 13:51:49   Elapsed: 109s | Remaining: 191s | Bin: 0
2026-07-06 13:51:49   --- UP ---
2026-07-06 13:51:49     Price:   LAST=0.4100  BID=0.3900  ASK=0.4100
2026-07-06 13:51:49     VWAP 60s: 0.4753  |  Deviation: -13.74%
2026-07-06 13:51:49     Z-Score 5s: +0.02  |  Momentum 90s: N/A
2026-07-06 13:51:49     Trades: 292  |  Volume: 8626
2026-07-06 13:51:49     Buy Vol: 8321  |  Sell Vol: 305
2026-07-06 13:51:49   --- DOWN ---
2026-07-06 13:51:49     Price:   LAST=0.6700  BID=0.5900  ASK=0.6100
2026-07-06 13:51:49     VWAP 60s: 0.5273  |  Deviation: +27.06%
2026-07-06 13:51:49     Z-Score 5s: +1.55  |  Momentum 90s: N/A
2026-07-06 13:51:49     Trades: 303  |  Volume: 7021
2026-07-06 13:51:49     Buy Vol: 6925  |  Sell Vol: 95
2026-07-06 13:51:49   Win Rate: 0.7%
2026-07-06 13:51:49   Config: min_price=0.6, max_price=0.9, min_elapsed=60s, dev_range=0.1%-100%, no_entry_cutoff=30s
2026-07-06 13:51:49   BTC Chainlink: $62,951.43 (anchor: $62,965.67)
2026-07-06 13:51:49   BTC Deviation: $-14.24 (-0.0226%)
2026-07-06 13:51:49 ============================================================
2026-07-06 13:51:49 MAIN ENTRY FAILED: Could not get price
2026-07-06 13:51:49 ============================================================
2026-07-06 13:51:49 TRADE SIGNAL TRIGGERED
2026-07-06 13:51:49   Time: 2026-07-06T13:51:49.582568
2026-07-06 13:51:49   Market: btc-updown-5m-1783320600
2026-07-06 13:51:49   Signal: BUY_DOWN
2026-07-06 13:51:49   Token: DOWN
2026-07-06 13:51:49   Elapsed: 110s | Remaining: 190s | Bin: 0
2026-07-06 13:51:49   --- UP ---
2026-07-06 13:51:49     Price:   LAST=0.4300  BID=0.4000  ASK=0.4100
2026-07-06 13:51:49     VWAP 60s: 0.4735  |  Deviation: -9.19%
2026-07-06 13:51:49     Z-Score 5s: +0.55  |  Momentum 90s: N/A
2026-07-06 13:51:49     Trades: 295  |  Volume: 8871
2026-07-06 13:51:49     Buy Vol: 8566  |  Sell Vol: 305
2026-07-06 13:51:49   --- DOWN ---
2026-07-06 13:51:49     Price:   LAST=0.6000  BID=0.5900  ASK=0.6000
2026-07-06 13:51:49     VWAP 60s: 0.5273  |  Deviation: +13.78%
2026-07-06 13:51:49     Z-Score 5s: +0.18  |  Momentum 90s: N/A
2026-07-06 13:51:49     Trades: 304  |  Volume: 7024
2026-07-06 13:51:49     Buy Vol: 6929  |  Sell Vol: 95
2026-07-06 13:51:49   Win Rate: 0.6%
2026-07-06 13:51:49   Config: min_price=0.6, max_price=0.9, min_elapsed=60s, dev_range=0.1%-100%, no_entry_cutoff=30s
2026-07-06 13:51:49   BTC Chainlink: $62,951.43 (anchor: $62,965.67)
2026-07-06 13:51:49   BTC Deviation: $-14.24 (-0.0226%)
2026-07-06 13:51:49 ============================================================
2026-07-06 13:51:49 MAIN ENTRY FAILED: Could not get price
2026-07-06 13:51:49 ============================================================
2026-07-06 13:51:49 TRADE SIGNAL TRIGGERED
2026-07-06 13:51:49   Time: 2026-07-06T13:51:49.834036
2026-07-06 13:51:49   Market: btc-updown-5m-1783320600
2026-07-06 13:51:49   Signal: BUY_DOWN
2026-07-06 13:51:49   Token: DOWN
2026-07-06 13:51:49   Elapsed: 110s | Remaining: 190s | Bin: 0
2026-07-06 13:51:49   --- UP ---
2026-07-06 13:51:49     Price:   LAST=0.4100  BID=0.4200  ASK=0.4300
2026-07-06 13:51:49     VWAP 60s: 0.4734  |  Deviation: -13.39%
2026-07-06 13:51:49     Z-Score 5s: +0.11  |  Momentum 90s: N/A
2026-07-06 13:51:49     Trades: 297  |  Volume: 8886
2026-07-06 13:51:49     Buy Vol: 8581  |  Sell Vol: 305
2026-07-06 13:51:49   --- DOWN ---
2026-07-06 13:51:49     Price:   LAST=0.6000  BID=0.5700  ASK=0.5800
2026-07-06 13:51:49     VWAP 60s: 0.5273  |  Deviation: +13.78%
2026-07-06 13:51:49     Z-Score 5s: +0.11  |  Momentum 90s: N/A
2026-07-06 13:51:49     Trades: 304  |  Volume: 7024
2026-07-06 13:51:49     Buy Vol: 6929  |  Sell Vol: 95
2026-07-06 13:51:49   Win Rate: 0.6%
2026-07-06 13:51:49   Config: min_price=0.6, max_price=0.9, min_elapsed=60s, dev_range=0.1%-100%, no_entry_cutoff=30s
2026-07-06 13:51:49   BTC Chainlink: $62,951.43 (anchor: $62,965.67)
2026-07-06 13:51:49   BTC Deviation: $-14.24 (-0.0226%)
2026-07-06 13:51:49 ============================================================
2026-07-06 13:51:49 MAIN ENTRY FAILED: Could not get price
2026-07-06 13:51:58 ============================================================
2026-07-06 13:51:58 TRADE SIGNAL TRIGGERED
2026-07-06 13:51:58   Time: 2026-07-06T13:51:58.293757
2026-07-06 13:51:58   Market: btc-updown-5m-1783320600
2026-07-06 13:51:58   Signal: BUY_DOWN
2026-07-06 13:51:58   Token: DOWN
2026-07-06 13:51:58   Elapsed: 118s | Remaining: 182s | Bin: 0
2026-07-06 13:51:58   --- UP ---
2026-07-06 13:51:58     Price:   LAST=0.4200  BID=0.4000  ASK=0.4100
2026-07-06 13:51:58     VWAP 60s: 0.4784  |  Deviation: -12.21%
2026-07-06 13:51:58     Z-Score 5s: -1.71  |  Momentum 90s: N/A
2026-07-06 13:51:58     Trades: 322  |  Volume: 9712
2026-07-06 13:51:58     Buy Vol: 9379  |  Sell Vol: 332
2026-07-06 13:51:58   --- DOWN ---
2026-07-06 13:51:58     Price:   LAST=0.6000  BID=0.5900  ASK=0.6000
2026-07-06 13:51:58     VWAP 60s: 0.5228  |  Deviation: +14.77%
2026-07-06 13:51:58     Z-Score 5s: +2.55  |  Momentum 90s: N/A
2026-07-06 13:51:58     Trades: 340  |  Volume: 7391
2026-07-06 13:51:58     Buy Vol: 7291  |  Sell Vol: 100
2026-07-06 13:51:58   Win Rate: 0.6%
2026-07-06 13:51:58   Config: min_price=0.6, max_price=0.9, min_elapsed=60s, dev_range=0.1%-100%, no_entry_cutoff=30s
2026-07-06 13:51:58   BTC Chainlink: $62,953.20 (anchor: $62,965.67)
2026-07-06 13:51:58   BTC Deviation: $-12.46 (-0.0198%)
2026-07-06 13:51:58 ============================================================
2026-07-06 13:51:58 MAIN ENTRY FAILED: Could not get price
2026-07-06 13:51:58 ============================================================
2026-07-06 13:51:58 TRADE SIGNAL TRIGGERED
2026-07-06 13:51:58   Time: 2026-07-06T13:51:58.553562
2026-07-06 13:51:58   Market: btc-updown-5m-1783320600
2026-07-06 13:51:58   Signal: BUY_DOWN
2026-07-06 13:51:58   Token: DOWN
2026-07-06 13:51:58   Elapsed: 119s | Remaining: 181s | Bin: 0
2026-07-06 13:51:58   --- UP ---
2026-07-06 13:51:58     Price:   LAST=0.4200  BID=0.4000  ASK=0.4100
2026-07-06 13:51:58     VWAP 60s: 0.4784  |  Deviation: -12.21%
2026-07-06 13:51:58     Z-Score 5s: -1.61  |  Momentum 90s: N/A
2026-07-06 13:51:58     Trades: 322  |  Volume: 9712
2026-07-06 13:51:58     Buy Vol: 9379  |  Sell Vol: 332
2026-07-06 13:51:58   --- DOWN ---
2026-07-06 13:51:58     Price:   LAST=0.6000  BID=0.5900  ASK=0.6000
2026-07-06 13:51:58     VWAP 60s: 0.5227  |  Deviation: +14.78%
2026-07-06 13:51:58     Z-Score 5s: +2.55  |  Momentum 90s: N/A
2026-07-06 13:51:58     Trades: 340  |  Volume: 7391
2026-07-06 13:51:58     Buy Vol: 7291  |  Sell Vol: 100
2026-07-06 13:51:58   Win Rate: 0.6%
2026-07-06 13:51:58   Config: min_price=0.6, max_price=0.9, min_elapsed=60s, dev_range=0.1%-100%, no_entry_cutoff=30s
2026-07-06 13:51:58   BTC Chainlink: $62,953.20 (anchor: $62,965.67)
2026-07-06 13:51:58   BTC Deviation: $-12.46 (-0.0198%)
2026-07-06 13:51:58 ============================================================
2026-07-06 13:51:58 MAIN ENTRY FAILED: Could not get price
2026-07-06 13:51:58 ============================================================
2026-07-06 13:51:58 TRADE SIGNAL TRIGGERED
2026-07-06 13:51:58   Time: 2026-07-06T13:51:58.805767
2026-07-06 13:51:58   Market: btc-updown-5m-1783320600
2026-07-06 13:51:58   Signal: BUY_DOWN
2026-07-06 13:51:58   Token: DOWN
2026-07-06 13:51:58   Elapsed: 119s | Remaining: 181s | Bin: 0
2026-07-06 13:51:58   --- UP ---
2026-07-06 13:51:58     Price:   LAST=0.4200  BID=0.4000  ASK=0.4100
2026-07-06 13:51:58     VWAP 60s: 0.4785  |  Deviation: -12.22%
2026-07-06 13:51:58     Z-Score 5s: -1.61  |  Momentum 90s: N/A
2026-07-06 13:51:58     Trades: 322  |  Volume: 9712
2026-07-06 13:51:58     Buy Vol: 9379  |  Sell Vol: 332
2026-07-06 13:51:58   --- DOWN ---
2026-07-06 13:51:58     Price:   LAST=0.6000  BID=0.5900  ASK=0.6000
2026-07-06 13:51:58     VWAP 60s: 0.5227  |  Deviation: +14.78%
2026-07-06 13:51:58     Z-Score 5s: +2.35  |  Momentum 90s: N/A
2026-07-06 13:51:58     Trades: 340  |  Volume: 7391
2026-07-06 13:51:58     Buy Vol: 7291  |  Sell Vol: 100
2026-07-06 13:51:58   Win Rate: 0.6%
2026-07-06 13:51:58   Config: min_price=0.6, max_price=0.9, min_elapsed=60s, dev_range=0.1%-100%, no_entry_cutoff=30s
2026-07-06 13:51:58   BTC Chainlink: $62,953.20 (anchor: $62,965.67)
2026-07-06 13:51:58   BTC Deviation: $-12.46 (-0.0198%)
2026-07-06 13:51:58 ============================================================
2026-07-06 13:51:58 MAIN ENTRY FAILED: Could not get price
2026-07-06 13:51:59 ============================================================
2026-07-06 13:51:59 TRADE SIGNAL TRIGGERED
2026-07-06 13:51:59   Time: 2026-07-06T13:51:59.065692
2026-07-06 13:51:59   Market: btc-updown-5m-1783320600
2026-07-06 13:51:59   Signal: BUY_DOWN
2026-07-06 13:51:59   Token: DOWN
2026-07-06 13:51:59   Elapsed: 119s | Remaining: 181s | Bin: 0
2026-07-06 13:51:59   --- UP ---
2026-07-06 13:51:59     Price:   LAST=0.4200  BID=0.4000  ASK=0.4100
2026-07-06 13:51:59     VWAP 60s: 0.4785  |  Deviation: -12.22%
2026-07-06 13:51:59     Z-Score 5s: -1.50  |  Momentum 90s: N/A
2026-07-06 13:51:59     Trades: 322  |  Volume: 9712
2026-07-06 13:51:59     Buy Vol: 9379  |  Sell Vol: 332
2026-07-06 13:51:59   --- DOWN ---
2026-07-06 13:51:59     Price:   LAST=0.6000  BID=0.5900  ASK=0.6000
2026-07-06 13:51:59     VWAP 60s: 0.5228  |  Deviation: +14.76%
2026-07-06 13:51:59     Z-Score 5s: +1.81  |  Momentum 90s: N/A
2026-07-06 13:51:59     Trades: 341  |  Volume: 7398
2026-07-06 13:51:59     Buy Vol: 7298  |  Sell Vol: 100
2026-07-06 13:51:59   Win Rate: 0.6%
2026-07-06 13:51:59   Config: min_price=0.6, max_price=0.9, min_elapsed=60s, dev_range=0.1%-100%, no_entry_cutoff=30s
2026-07-06 13:51:59   BTC Chainlink: $62,953.20 (anchor: $62,965.67)
2026-07-06 13:51:59   BTC Deviation: $-12.46 (-0.0198%)
2026-07-06 13:51:59 ============================================================
2026-07-06 13:51:59 MAIN ENTRY FAILED: Could not get price
2026-07-06 13:51:59 ============================================================
2026-07-06 13:51:59 TRADE SIGNAL TRIGGERED
2026-07-06 13:51:59   Time: 2026-07-06T13:51:59.319108
2026-07-06 13:51:59   Market: btc-updown-5m-1783320600
2026-07-06 13:51:59   Signal: BUY_DOWN
2026-07-06 13:51:59   Token: DOWN
2026-07-06 13:51:59   Elapsed: 119s | Remaining: 181s | Bin: 0
2026-07-06 13:51:59   --- UP ---
2026-07-06 13:51:59     Price:   LAST=0.4200  BID=0.4000  ASK=0.4100
2026-07-06 13:51:59     VWAP 60s: 0.4785  |  Deviation: -12.23%
2026-07-06 13:51:59     Z-Score 5s: -1.50  |  Momentum 90s: N/A
2026-07-06 13:51:59     Trades: 322  |  Volume: 9712
2026-07-06 13:51:59     Buy Vol: 9379  |  Sell Vol: 332
2026-07-06 13:51:59   --- DOWN ---
2026-07-06 13:51:59     Price:   LAST=0.6000  BID=0.5900  ASK=0.6000
2026-07-06 13:51:59     VWAP 60s: 0.5228  |  Deviation: +14.76%
2026-07-06 13:51:59     Z-Score 5s: +1.81  |  Momentum 90s: +8.11%
2026-07-06 13:51:59     Trades: 341  |  Volume: 7398
2026-07-06 13:51:59     Buy Vol: 7298  |  Sell Vol: 100
2026-07-06 13:51:59   Win Rate: 0.6%
2026-07-06 13:51:59   Config: min_price=0.6, max_price=0.9, min_elapsed=60s, dev_range=0.1%-100%, no_entry_cutoff=30s
2026-07-06 13:51:59   BTC Chainlink: $62,953.20 (anchor: $62,965.67)
2026-07-06 13:51:59   BTC Deviation: $-12.46 (-0.0198%)
2026-07-06 13:51:59 ============================================================
2026-07-06 13:51:59 MAIN ENTRY FAILED: Could not get price
2026-07-06 13:51:59 ============================================================
2026-07-06 13:51:59 TRADE SIGNAL TRIGGERED
2026-07-06 13:51:59   Time: 2026-07-06T13:51:59.574136
2026-07-06 13:51:59   Market: btc-updown-5m-1783320600
2026-07-06 13:51:59   Signal: BUY_DOWN
2026-07-06 13:51:59   Token: DOWN
2026-07-06 13:51:59   Elapsed: 120s | Remaining: 180s | Bin: 0
2026-07-06 13:51:59   --- UP ---
2026-07-06 13:51:59     Price:   LAST=0.4200  BID=0.4000  ASK=0.4100
2026-07-06 13:51:59     VWAP 60s: 0.4785  |  Deviation: -12.23%
2026-07-06 13:51:59     Z-Score 5s: -1.50  |  Momentum 90s: -2.33%
2026-07-06 13:51:59     Trades: 322  |  Volume: 9712
2026-07-06 13:51:59     Buy Vol: 9379  |  Sell Vol: 332
2026-07-06 13:51:59   --- DOWN ---
2026-07-06 13:51:59     Price:   LAST=0.6000  BID=0.5900  ASK=0.6000
2026-07-06 13:51:59     VWAP 60s: 0.5230  |  Deviation: +14.73%
2026-07-06 13:51:59     Z-Score 5s: +1.56  |  Momentum 90s: +5.73%
2026-07-06 13:51:59     Trades: 342  |  Volume: 7406
2026-07-06 13:51:59     Buy Vol: 7306  |  Sell Vol: 100
2026-07-06 13:51:59   Win Rate: 0.6%
2026-07-06 13:51:59   Config: min_price=0.6, max_price=0.9, min_elapsed=60s, dev_range=0.1%-100%, no_entry_cutoff=30s
2026-07-06 13:51:59   BTC Chainlink: $62,953.17 (anchor: $62,965.67)
2026-07-06 13:51:59   BTC Deviation: $-12.50 (-0.0199%)
2026-07-06 13:51:59 ============================================================
2026-07-06 13:51:59 MAIN ENTRY FAILED: Could not get price
2026-07-06 13:51:59 ============================================================
2026-07-06 13:51:59 TRADE SIGNAL TRIGGERED
2026-07-06 13:51:59   Time: 2026-07-06T13:51:59.831556
2026-07-06 13:51:59   Market: btc-updown-5m-1783320600
2026-07-06 13:51:59   Signal: BUY_DOWN
2026-07-06 13:51:59   Token: DOWN
2026-07-06 13:51:59   Elapsed: 120s | Remaining: 180s | Bin: 0
2026-07-06 13:51:59   --- UP ---
2026-07-06 13:51:59     Price:   LAST=0.4100  BID=0.4000  ASK=0.4100
2026-07-06 13:51:59     VWAP 60s: 0.4789  |  Deviation: -14.38%
2026-07-06 13:51:59     Z-Score 5s: -1.75  |  Momentum 90s: -4.65%
2026-07-06 13:51:59     Trades: 323  |  Volume: 9717
2026-07-06 13:51:59     Buy Vol: 9384  |  Sell Vol: 332
2026-07-06 13:51:59   --- DOWN ---
2026-07-06 13:51:59     Price:   LAST=0.6000  BID=0.5900  ASK=0.6000
2026-07-06 13:51:59     VWAP 60s: 0.5230  |  Deviation: +14.73%
2026-07-06 13:51:59     Z-Score 5s: +1.48  |  Momentum 90s: +5.73%
2026-07-06 13:51:59     Trades: 342  |  Volume: 7406
2026-07-06 13:51:59     Buy Vol: 7306  |  Sell Vol: 100
2026-07-06 13:51:59   Win Rate: 0.6%
2026-07-06 13:51:59   Config: min_price=0.6, max_price=0.9, min_elapsed=60s, dev_range=0.1%-100%, no_entry_cutoff=30s
2026-07-06 13:51:59   BTC Chainlink: $62,953.17 (anchor: $62,965.67)
2026-07-06 13:51:59   BTC Deviation: $-12.50 (-0.0199%)
2026-07-06 13:51:59 ============================================================
2026-07-06 13:51:59 MAIN ENTRY FAILED: Could not get price
2026-07-06 13:52:00 ============================================================
2026-07-06 13:52:00 TRADE SIGNAL TRIGGERED
2026-07-06 13:52:00   Time: 2026-07-06T13:52:00.086531
2026-07-06 13:52:00   Market: btc-updown-5m-1783320600
2026-07-06 13:52:00   Signal: BUY_DOWN
2026-07-06 13:52:00   Token: DOWN
2026-07-06 13:52:00   Elapsed: 120s | Remaining: 180s | Bin: 1
2026-07-06 13:52:00   --- UP ---
2026-07-06 13:52:00     Price:   LAST=0.4100  BID=0.4000  ASK=0.4100
2026-07-06 13:52:00     VWAP 60s: 0.4793  |  Deviation: -14.45%
2026-07-06 13:52:00     Z-Score 5s: -1.65  |  Momentum 90s: -4.65%
2026-07-06 13:52:00     Trades: 323  |  Volume: 9717
2026-07-06 13:52:00     Buy Vol: 9384  |  Sell Vol: 332
2026-07-06 13:52:00   --- DOWN ---
2026-07-06 13:52:00     Price:   LAST=0.6000  BID=0.5900  ASK=0.6000
2026-07-06 13:52:00     VWAP 60s: 0.5230  |  Deviation: +14.73%
2026-07-06 13:52:00     Z-Score 5s: +1.48  |  Momentum 90s: +5.26%
2026-07-06 13:52:00     Trades: 342  |  Volume: 7406
2026-07-06 13:52:00     Buy Vol: 7306  |  Sell Vol: 100
2026-07-06 13:52:00   Win Rate: 0.6%
2026-07-06 13:52:00   Config: min_price=0.6, max_price=0.9, min_elapsed=60s, dev_range=0.1%-100%, no_entry_cutoff=30s
2026-07-06 13:52:00   BTC Chainlink: $62,953.17 (anchor: $62,965.67)
2026-07-06 13:52:00   BTC Deviation: $-12.50 (-0.0199%)
2026-07-06 13:52:00 ============================================================
2026-07-06 13:52:00 MAIN ENTRY FAILED: Could not get price
2026-07-06 13:52:00 ============================================================
2026-07-06 13:52:00 TRADE SIGNAL TRIGGERED
2026-07-06 13:52:00   Time: 2026-07-06T13:52:00.342024
2026-07-06 13:52:00   Market: btc-updown-5m-1783320600
2026-07-06 13:52:00   Signal: BUY_DOWN
2026-07-06 13:52:00   Token: DOWN
2026-07-06 13:52:00   Elapsed: 120s | Remaining: 180s | Bin: 1
2026-07-06 13:52:00   --- UP ---
2026-07-06 13:52:00     Price:   LAST=0.4100  BID=0.4000  ASK=0.4100
2026-07-06 13:52:00     VWAP 60s: 0.4793  |  Deviation: -14.45%
2026-07-06 13:52:00     Z-Score 5s: -1.54  |  Momentum 90s: -4.65%
2026-07-06 13:52:00     Trades: 323  |  Volume: 9717
2026-07-06 13:52:00     Buy Vol: 9384  |  Sell Vol: 332
2026-07-06 13:52:00   --- DOWN ---
2026-07-06 13:52:00     Price:   LAST=0.6000  BID=0.5900  ASK=0.6000
2026-07-06 13:52:00     VWAP 60s: 0.5229  |  Deviation: +14.74%
2026-07-06 13:52:00     Z-Score 5s: +1.40  |  Momentum 90s: +4.77%
2026-07-06 13:52:00     Trades: 342  |  Volume: 7406
2026-07-06 13:52:00     Buy Vol: 7306  |  Sell Vol: 100
2026-07-06 13:52:00   Win Rate: 0.6%
2026-07-06 13:52:00   Config: min_price=0.6, max_price=0.9, min_elapsed=60s, dev_range=0.1%-100%, no_entry_cutoff=30s
2026-07-06 13:52:00   BTC Chainlink: $62,953.17 (anchor: $62,965.67)
2026-07-06 13:52:00   BTC Deviation: $-12.50 (-0.0199%)
2026-07-06 13:52:00 ============================================================
2026-07-06 13:52:00 MAIN ENTRY FAILED: Could not get price
2026-07-06 13:52:00 ============================================================
2026-07-06 13:52:00 TRADE SIGNAL TRIGGERED
2026-07-06 13:52:00   Time: 2026-07-06T13:52:00.604825
2026-07-06 13:52:00   Market: btc-updown-5m-1783320600
2026-07-06 13:52:00   Signal: BUY_DOWN
2026-07-06 13:52:00   Token: DOWN
2026-07-06 13:52:00   Elapsed: 121s | Remaining: 179s | Bin: 1
2026-07-06 13:52:00   --- UP ---
2026-07-06 13:52:00     Price:   LAST=0.4100  BID=0.4000  ASK=0.4100
2026-07-06 13:52:00     VWAP 60s: 0.4792  |  Deviation: -14.44%
2026-07-06 13:52:00     Z-Score 5s: -1.30  |  Momentum 90s: -4.65%
2026-07-06 13:52:00     Trades: 324  |  Volume: 9722
2026-07-06 13:52:00     Buy Vol: 9390  |  Sell Vol: 332
2026-07-06 13:52:00   --- DOWN ---
2026-07-06 13:52:00     Price:   LAST=0.6000  BID=0.5900  ASK=0.6000
2026-07-06 13:52:00     VWAP 60s: 0.5229  |  Deviation: +14.75%
2026-07-06 13:52:00     Z-Score 5s: +1.21  |  Momentum 90s: +4.69%
2026-07-06 13:52:00     Trades: 342  |  Volume: 7406
2026-07-06 13:52:00     Buy Vol: 7306  |  Sell Vol: 100
2026-07-06 13:52:00   Win Rate: 0.6%
2026-07-06 13:52:00   Config: min_price=0.6, max_price=0.9, min_elapsed=60s, dev_range=0.1%-100%, no_entry_cutoff=30s
2026-07-06 13:52:00   BTC Chainlink: $62,952.99 (anchor: $62,965.67)
2026-07-06 13:52:00   BTC Deviation: $-12.68 (-0.0201%)
2026-07-06 13:52:00 ============================================================
2026-07-06 13:52:00 MAIN ENTRY FAILED: Could not get price
2026-07-06 13:52:00 ============================================================
2026-07-06 13:52:00 TRADE SIGNAL TRIGGERED
2026-07-06 13:52:00   Time: 2026-07-06T13:52:00.862427
2026-07-06 13:52:00   Market: btc-updown-5m-1783320600
2026-07-06 13:52:00   Signal: BUY_DOWN
2026-07-06 13:52:00   Token: DOWN
2026-07-06 13:52:00   Elapsed: 121s | Remaining: 179s | Bin: 1
2026-07-06 13:52:00   --- UP ---
2026-07-06 13:52:00     Price:   LAST=0.4100  BID=0.4000  ASK=0.4100
2026-07-06 13:52:00     VWAP 60s: 0.4792  |  Deviation: -14.44%
2026-07-06 13:52:00     Z-Score 5s: -1.30  |  Momentum 90s: -4.65%
2026-07-06 13:52:00     Trades: 324  |  Volume: 9722
2026-07-06 13:52:00     Buy Vol: 9390  |  Sell Vol: 332
2026-07-06 13:52:00   --- DOWN ---
2026-07-06 13:52:00     Price:   LAST=0.6000  BID=0.5900  ASK=0.6000
2026-07-06 13:52:00     VWAP 60s: 0.5229  |  Deviation: +14.76%
2026-07-06 13:52:00     Z-Score 5s: +1.12  |  Momentum 90s: +4.55%
2026-07-06 13:52:00     Trades: 342  |  Volume: 7406
2026-07-06 13:52:00     Buy Vol: 7306  |  Sell Vol: 100
2026-07-06 13:52:00   Win Rate: 0.6%
2026-07-06 13:52:00   Config: min_price=0.6, max_price=0.9, min_elapsed=60s, dev_range=0.1%-100%, no_entry_cutoff=30s
2026-07-06 13:52:00   BTC Chainlink: $62,952.99 (anchor: $62,965.67)
2026-07-06 13:52:00   BTC Deviation: $-12.68 (-0.0201%)
2026-07-06 13:52:00 ============================================================
2026-07-06 13:52:00 MAIN ENTRY FAILED: Could not get price
2026-07-06 13:52:01 ============================================================
2026-07-06 13:52:01 TRADE SIGNAL TRIGGERED
2026-07-06 13:52:01   Time: 2026-07-06T13:52:01.117592
2026-07-06 13:52:01   Market: btc-updown-5m-1783320600
2026-07-06 13:52:01   Signal: BUY_DOWN
2026-07-06 13:52:01   Token: DOWN
2026-07-06 13:52:01   Elapsed: 121s | Remaining: 179s | Bin: 1
2026-07-06 13:52:01   --- UP ---
2026-07-06 13:52:01     Price:   LAST=0.4100  BID=0.4000  ASK=0.4100
2026-07-06 13:52:01     VWAP 60s: 0.4792  |  Deviation: -14.44%
2026-07-06 13:52:01     Z-Score 5s: -1.02  |  Momentum 90s: -4.65%
2026-07-06 13:52:01     Trades: 324  |  Volume: 9722
2026-07-06 13:52:01     Buy Vol: 9390  |  Sell Vol: 332
2026-07-06 13:52:01   --- DOWN ---
2026-07-06 13:52:01     Price:   LAST=0.6000  BID=0.5900  ASK=0.6000
2026-07-06 13:52:01     VWAP 60s: 0.5229  |  Deviation: +14.75%
2026-07-06 13:52:01     Z-Score 5s: +0.91  |  Momentum 90s: +4.55%
2026-07-06 13:52:01     Trades: 343  |  Volume: 7408
2026-07-06 13:52:01     Buy Vol: 7307  |  Sell Vol: 100
2026-07-06 13:52:01   Win Rate: 0.6%
2026-07-06 13:52:01   Config: min_price=0.6, max_price=0.9, min_elapsed=60s, dev_range=0.1%-100%, no_entry_cutoff=30s
2026-07-06 13:52:01   BTC Chainlink: $62,951.24 (anchor: $62,965.67)
2026-07-06 13:52:01   BTC Deviation: $-14.43 (-0.0229%)
2026-07-06 13:52:01 ============================================================
2026-07-06 13:52:01 MAIN ENTRY FAILED: Could not get price
2026-07-06 13:52:01 ============================================================
2026-07-06 13:52:01 TRADE SIGNAL TRIGGERED
2026-07-06 13:52:01   Time: 2026-07-06T13:52:01.371086
2026-07-06 13:52:01   Market: btc-updown-5m-1783320600
2026-07-06 13:52:01   Signal: BUY_DOWN
2026-07-06 13:52:01   Token: DOWN
2026-07-06 13:52:01   Elapsed: 121s | Remaining: 179s | Bin: 1
2026-07-06 13:52:01   --- UP ---
2026-07-06 13:52:01     Price:   LAST=0.4100  BID=0.4000  ASK=0.4100
2026-07-06 13:52:01     VWAP 60s: 0.4792  |  Deviation: -14.44%
2026-07-06 13:52:01     Z-Score 5s: -1.02  |  Momentum 90s: -4.65%
2026-07-06 13:52:01     Trades: 324  |  Volume: 9722
2026-07-06 13:52:01     Buy Vol: 9390  |  Sell Vol: 332
2026-07-06 13:52:01   --- DOWN ---
2026-07-06 13:52:01     Price:   LAST=0.6000  BID=0.5900  ASK=0.6000
2026-07-06 13:52:01     VWAP 60s: 0.5229  |  Deviation: +14.75%
2026-07-06 13:52:01     Z-Score 5s: +0.91  |  Momentum 90s: +4.55%
2026-07-06 13:52:01     Trades: 343  |  Volume: 7408
2026-07-06 13:52:01     Buy Vol: 7307  |  Sell Vol: 100
2026-07-06 13:52:01   Win Rate: 0.6%
2026-07-06 13:52:01   Config: min_price=0.6, max_price=0.9, min_elapsed=60s, dev_range=0.1%-100%, no_entry_cutoff=30s
2026-07-06 13:52:01   BTC Chainlink: $62,951.24 (anchor: $62,965.67)
2026-07-06 13:52:01   BTC Deviation: $-14.43 (-0.0229%)
2026-07-06 13:52:01 ============================================================
2026-07-06 13:52:01 MAIN ENTRY FAILED: Could not get price
2026-07-06 13:52:01 ============================================================
2026-07-06 13:52:01 TRADE SIGNAL TRIGGERED
2026-07-06 13:52:01   Time: 2026-07-06T13:52:01.633106
2026-07-06 13:52:01   Market: btc-updown-5m-1783320600
2026-07-06 13:52:01   Signal: BUY_DOWN
2026-07-06 13:52:01   Token: DOWN
2026-07-06 13:52:01   Elapsed: 122s | Remaining: 178s | Bin: 1
2026-07-06 13:52:01   --- UP ---
2026-07-06 13:52:01     Price:   LAST=0.4100  BID=0.4000  ASK=0.4100
2026-07-06 13:52:01     VWAP 60s: 0.4793  |  Deviation: -14.46%
2026-07-06 13:52:01     Z-Score 5s: -1.12  |  Momentum 90s: -4.65%
2026-07-06 13:52:01     Trades: 324  |  Volume: 9722
2026-07-06 13:52:01     Buy Vol: 9390  |  Sell Vol: 332
2026-07-06 13:52:01   --- DOWN ---
2026-07-06 13:52:01     Price:   LAST=0.6000  BID=0.5900  ASK=0.6000
2026-07-06 13:52:01     VWAP 60s: 0.5229  |  Deviation: +14.75%
2026-07-06 13:52:01     Z-Score 5s: +0.91  |  Momentum 90s: +4.44%
2026-07-06 13:52:01     Trades: 343  |  Volume: 7408
2026-07-06 13:52:01     Buy Vol: 7307  |  Sell Vol: 100
2026-07-06 13:52:01   Win Rate: 0.6%
2026-07-06 13:52:01   Config: min_price=0.6, max_price=0.9, min_elapsed=60s, dev_range=0.1%-100%, no_entry_cutoff=30s
2026-07-06 13:52:01   BTC Chainlink: $62,951.24 (anchor: $62,965.67)
2026-07-06 13:52:01   BTC Deviation: $-14.43 (-0.0229%)
2026-07-06 13:52:01 ============================================================
2026-07-06 13:52:01 MAIN ENTRY FAILED: Could not get price
2026-07-06 13:52:01 ============================================================
2026-07-06 13:52:01 TRADE SIGNAL TRIGGERED
2026-07-06 13:52:01   Time: 2026-07-06T13:52:01.885217
2026-07-06 13:52:01   Market: btc-updown-5m-1783320600
2026-07-06 13:52:01   Signal: BUY_DOWN
2026-07-06 13:52:01   Token: DOWN
2026-07-06 13:52:01   Elapsed: 122s | Remaining: 178s | Bin: 1
2026-07-06 13:52:01   --- UP ---
2026-07-06 13:52:01     Price:   LAST=0.4100  BID=0.4000  ASK=0.4100
2026-07-06 13:52:01     VWAP 60s: 0.4793  |  Deviation: -14.46%
2026-07-06 13:52:01     Z-Score 5s: -1.12  |  Momentum 90s: -4.65%
2026-07-06 13:52:01     Trades: 324  |  Volume: 9722
2026-07-06 13:52:01     Buy Vol: 9390  |  Sell Vol: 332
2026-07-06 13:52:01   --- DOWN ---
2026-07-06 13:52:01     Price:   LAST=0.6000  BID=0.5900  ASK=0.6000
2026-07-06 13:52:01     VWAP 60s: 0.5230  |  Deviation: +14.73%
2026-07-06 13:52:01     Z-Score 5s: +0.70  |  Momentum 90s: +4.44%
2026-07-06 13:52:01     Trades: 345  |  Volume: 7414
2026-07-06 13:52:01     Buy Vol: 7313  |  Sell Vol: 100
2026-07-06 13:52:01   Win Rate: 0.6%
2026-07-06 13:52:01   Config: min_price=0.6, max_price=0.9, min_elapsed=60s, dev_range=0.1%-100%, no_entry_cutoff=30s
2026-07-06 13:52:01   BTC Chainlink: $62,951.24 (anchor: $62,965.67)
2026-07-06 13:52:01   BTC Deviation: $-14.43 (-0.0229%)
2026-07-06 13:52:01 ============================================================
2026-07-06 13:52:01 MAIN ENTRY FAILED: Could not get price
2026-07-06 13:52:02 ============================================================
2026-07-06 13:52:02 TRADE SIGNAL TRIGGERED
2026-07-06 13:52:02   Time: 2026-07-06T13:52:02.137498
2026-07-06 13:52:02   Market: btc-updown-5m-1783320600
2026-07-06 13:52:02   Signal: BUY_DOWN
2026-07-06 13:52:02   Token: DOWN
2026-07-06 13:52:02   Elapsed: 122s | Remaining: 178s | Bin: 1
2026-07-06 13:52:02   --- UP ---
2026-07-06 13:52:02     Price:   LAST=0.4100  BID=0.4000  ASK=0.4100
2026-07-06 13:52:02     VWAP 60s: 0.4793  |  Deviation: -14.46%
2026-07-06 13:52:02     Z-Score 5s: -1.12  |  Momentum 90s: -4.65%
2026-07-06 13:52:02     Trades: 324  |  Volume: 9722
2026-07-06 13:52:02     Buy Vol: 9390  |  Sell Vol: 332
2026-07-06 13:52:02   --- DOWN ---
2026-07-06 13:52:02     Price:   LAST=0.6000  BID=0.5900  ASK=0.6000
2026-07-06 13:52:02     VWAP 60s: 0.5229  |  Deviation: +14.74%
2026-07-06 13:52:02     Z-Score 5s: +0.60  |  Momentum 90s: +4.39%
2026-07-06 13:52:02     Trades: 345  |  Volume: 7414
2026-07-06 13:52:02     Buy Vol: 7313  |  Sell Vol: 100
2026-07-06 13:52:02   Win Rate: 0.6%
2026-07-06 13:52:02   Config: min_price=0.6, max_price=0.9, min_elapsed=60s, dev_range=0.1%-100%, no_entry_cutoff=30s
2026-07-06 13:52:02   BTC Chainlink: $62,951.24 (anchor: $62,965.67)
2026-07-06 13:52:02   BTC Deviation: $-14.43 (-0.0229%)
2026-07-06 13:52:02 ============================================================
2026-07-06 13:52:02 MAIN ENTRY FAILED: Could not get price
2026-07-06 13:52:02 ============================================================
2026-07-06 13:52:02 TRADE SIGNAL TRIGGERED
2026-07-06 13:52:02   Time: 2026-07-06T13:52:02.392001
2026-07-06 13:52:02   Market: btc-updown-5m-1783320600
2026-07-06 13:52:02   Signal: BUY_DOWN
2026-07-06 13:52:02   Token: DOWN
2026-07-06 13:52:02   Elapsed: 122s | Remaining: 178s | Bin: 1
2026-07-06 13:52:02   --- UP ---
2026-07-06 13:52:02     Price:   LAST=0.4100  BID=0.4000  ASK=0.4100
2026-07-06 13:52:02     VWAP 60s: 0.4793  |  Deviation: -14.46%
2026-07-06 13:52:02     Z-Score 5s: -1.12  |  Momentum 90s: -4.82%
2026-07-06 13:52:02     Trades: 324  |  Volume: 9722
2026-07-06 13:52:02     Buy Vol: 9390  |  Sell Vol: 332
2026-07-06 13:52:02   --- DOWN ---
2026-07-06 13:52:02     Price:   LAST=0.6000  BID=0.5900  ASK=0.6000
2026-07-06 13:52:02     VWAP 60s: 0.5210  |  Deviation: +15.17%
2026-07-06 13:52:02     Z-Score 5s: +0.38  |  Momentum 90s: +3.59%
2026-07-06 13:52:02     Trades: 345  |  Volume: 7414
2026-07-06 13:52:02     Buy Vol: 7313  |  Sell Vol: 100
2026-07-06 13:52:02   Win Rate: 0.6%
2026-07-06 13:52:02   Config: min_price=0.6, max_price=0.9, min_elapsed=60s, dev_range=0.1%-100%, no_entry_cutoff=30s
2026-07-06 13:52:02   BTC Chainlink: $62,951.14 (anchor: $62,965.67)
2026-07-06 13:52:02   BTC Deviation: $-14.52 (-0.0231%)
2026-07-06 13:52:02 ============================================================
2026-07-06 13:52:02 MAIN ENTRY FAILED: Could not get price
2026-07-06 13:52:02 ============================================================
2026-07-06 13:52:02 TRADE SIGNAL TRIGGERED
2026-07-06 13:52:02   Time: 2026-07-06T13:52:02.651921
2026-07-06 13:52:02   Market: btc-updown-5m-1783320600
2026-07-06 13:52:02   Signal: BUY_DOWN
2026-07-06 13:52:02   Token: DOWN
2026-07-06 13:52:02   Elapsed: 123s | Remaining: 177s | Bin: 1
2026-07-06 13:52:02   --- UP ---
2026-07-06 13:52:02     Price:   LAST=0.4100  BID=0.3900  ASK=0.4000
2026-07-06 13:52:02     VWAP 60s: 0.4793  |  Deviation: -14.46%
2026-07-06 13:52:02     Z-Score 5s: -0.96  |  Momentum 90s: -4.97%
2026-07-06 13:52:02     Trades: 324  |  Volume: 9722
2026-07-06 13:52:02     Buy Vol: 9390  |  Sell Vol: 332
2026-07-06 13:52:02   --- DOWN ---
2026-07-06 13:52:02     Price:   LAST=0.6000  BID=0.6000  ASK=0.6100
2026-07-06 13:52:02     VWAP 60s: 0.5210  |  Deviation: +15.17%
2026-07-06 13:52:02     Z-Score 5s: +0.38  |  Momentum 90s: +3.59%
2026-07-06 13:52:02     Trades: 345  |  Volume: 7414
2026-07-06 13:52:02     Buy Vol: 7313  |  Sell Vol: 100
2026-07-06 13:52:02   Win Rate: 0.6%
2026-07-06 13:52:02   Config: min_price=0.6, max_price=0.9, min_elapsed=60s, dev_range=0.1%-100%, no_entry_cutoff=30s
2026-07-06 13:52:02   BTC Chainlink: $62,951.14 (anchor: $62,965.67)
2026-07-06 13:52:02   BTC Deviation: $-14.52 (-0.0231%)
2026-07-06 13:52:02 ============================================================
2026-07-06 13:52:02 MAIN ENTRY FAILED: Could not get price
2026-07-06 13:52:02 ============================================================
2026-07-06 13:52:02 TRADE SIGNAL TRIGGERED
2026-07-06 13:52:02   Time: 2026-07-06T13:52:02.900606
2026-07-06 13:52:02   Market: btc-updown-5m-1783320600
2026-07-06 13:52:02   Signal: BUY_DOWN
2026-07-06 13:52:02   Token: DOWN
2026-07-06 13:52:02   Elapsed: 123s | Remaining: 177s | Bin: 1
2026-07-06 13:52:02   --- UP ---
2026-07-06 13:52:02     Price:   LAST=0.4100  BID=0.3400  ASK=0.3500
2026-07-06 13:52:02     VWAP 60s: 0.4794  |  Deviation: -14.47%
2026-07-06 13:52:02     Z-Score 5s: -0.87  |  Momentum 90s: -5.64%
2026-07-06 13:52:02     Trades: 324  |  Volume: 9722
2026-07-06 13:52:02     Buy Vol: 9390  |  Sell Vol: 332
2026-07-06 13:52:02   --- DOWN ---
2026-07-06 13:52:02     Price:   LAST=0.6600  BID=0.6500  ASK=0.6600
2026-07-06 13:52:02     VWAP 60s: 0.5259  |  Deviation: +25.50%
2026-07-06 13:52:02     Z-Score 5s: +1.33  |  Momentum 90s: +13.79%
2026-07-06 13:52:02     Trades: 349  |  Volume: 7613
2026-07-06 13:52:02     Buy Vol: 7512  |  Sell Vol: 100
2026-07-06 13:52:02   Win Rate: 0.7%
2026-07-06 13:52:02   Config: min_price=0.6, max_price=0.9, min_elapsed=60s, dev_range=0.1%-100%, no_entry_cutoff=30s
2026-07-06 13:52:02   BTC Chainlink: $62,951.14 (anchor: $62,965.67)
2026-07-06 13:52:02   BTC Deviation: $-14.52 (-0.0231%)
2026-07-06 13:52:02 ============================================================
2026-07-06 13:52:02 MAIN ENTRY FAILED: Could not get price
2026-07-06 13:52:03 ============================================================
2026-07-06 13:52:03 TRADE SIGNAL TRIGGERED
2026-07-06 13:52:03   Time: 2026-07-06T13:52:03.157064
2026-07-06 13:52:03   Market: btc-updown-5m-1783320600
2026-07-06 13:52:03   Signal: BUY_DOWN
2026-07-06 13:52:03   Token: DOWN
2026-07-06 13:52:03   Elapsed: 123s | Remaining: 177s | Bin: 1
2026-07-06 13:52:03   --- UP ---
2026-07-06 13:52:03     Price:   LAST=0.3500  BID=0.3400  ASK=0.3500
2026-07-06 13:52:03     VWAP 60s: 0.4781  |  Deviation: -26.80%
2026-07-06 13:52:03     Z-Score 5s: -1.09  |  Momentum 90s: -19.82%
2026-07-06 13:52:03     Trades: 326  |  Volume: 9775
2026-07-06 13:52:03     Buy Vol: 9442  |  Sell Vol: 332
2026-07-06 13:52:03   --- DOWN ---
2026-07-06 13:52:03     Price:   LAST=0.6600  BID=0.6500  ASK=0.6600
2026-07-06 13:52:03     VWAP 60s: 0.5262  |  Deviation: +25.43%
2026-07-06 13:52:03     Z-Score 5s: +1.01  |  Momentum 90s: +14.29%
2026-07-06 13:52:03     Trades: 351  |  Volume: 7624
2026-07-06 13:52:03     Buy Vol: 7523  |  Sell Vol: 100
2026-07-06 13:52:03   Win Rate: 0.7%
2026-07-06 13:52:03   Config: min_price=0.6, max_price=0.9, min_elapsed=60s, dev_range=0.1%-100%, no_entry_cutoff=30s
2026-07-06 13:52:03   BTC Chainlink: $62,951.14 (anchor: $62,965.67)
2026-07-06 13:52:03   BTC Deviation: $-14.52 (-0.0231%)
2026-07-06 13:52:03 ============================================================
2026-07-06 13:52:03 MAIN ENTRY FAILED: Could not get price
2026-07-06 13:52:03 ============================================================
2026-07-06 13:52:03 TRADE SIGNAL TRIGGERED
2026-07-06 13:52:03   Time: 2026-07-06T13:52:03.410360
2026-07-06 13:52:03   Market: btc-updown-5m-1783320600
2026-07-06 13:52:03   Signal: BUY_DOWN
2026-07-06 13:52:03   Token: DOWN
2026-07-06 13:52:03   Elapsed: 123s | Remaining: 177s | Bin: 1
2026-07-06 13:52:03   --- UP ---
2026-07-06 13:52:03     Price:   LAST=0.3500  BID=0.3400  ASK=0.3500
2026-07-06 13:52:03     VWAP 60s: 0.4760  |  Deviation: -26.46%
2026-07-06 13:52:03     Z-Score 5s: -0.73  |  Momentum 90s: -20.27%
2026-07-06 13:52:03     Trades: 327  |  Volume: 9875
2026-07-06 13:52:03     Buy Vol: 9542  |  Sell Vol: 332
2026-07-06 13:52:03   --- DOWN ---
2026-07-06 13:52:03     Price:   LAST=0.6600  BID=0.6500  ASK=0.6600
2026-07-06 13:52:03     VWAP 60s: 0.5263  |  Deviation: +25.40%
2026-07-06 13:52:03     Z-Score 5s: +0.85  |  Momentum 90s: +14.36%
2026-07-06 13:52:03     Trades: 352  |  Volume: 7629
2026-07-06 13:52:03     Buy Vol: 7528  |  Sell Vol: 100
2026-07-06 13:52:03   Win Rate: 0.7%
2026-07-06 13:52:03   Config: min_price=0.6, max_price=0.9, min_elapsed=60s, dev_range=0.1%-100%, no_entry_cutoff=30s
2026-07-06 13:52:03   BTC Chainlink: $62,952.71 (anchor: $62,965.67)
2026-07-06 13:52:03   BTC Deviation: $-12.95 (-0.0206%)
2026-07-06 13:52:03 ============================================================
2026-07-06 13:52:03 MAIN ENTRY FAILED: Could not get price
2026-07-06 13:52:03 ============================================================
2026-07-06 13:52:03 TRADE SIGNAL TRIGGERED
2026-07-06 13:52:03   Time: 2026-07-06T13:52:03.663831
2026-07-06 13:52:03   Market: btc-updown-5m-1783320600
2026-07-06 13:52:03   Signal: BUY_DOWN
2026-07-06 13:52:03   Token: DOWN
2026-07-06 13:52:03   Elapsed: 124s | Remaining: 176s | Bin: 1
2026-07-06 13:52:03   --- UP ---
2026-07-06 13:52:03     Price:   LAST=0.3500  BID=0.3400  ASK=0.3500
2026-07-06 13:52:03     VWAP 60s: 0.4753  |  Deviation: -26.37%
2026-07-06 13:52:03     Z-Score 5s: -0.59  |  Momentum 90s: -20.62%
2026-07-06 13:52:03     Trades: 329  |  Volume: 9888
2026-07-06 13:52:03     Buy Vol: 9555  |  Sell Vol: 332
2026-07-06 13:52:03   --- DOWN ---
2026-07-06 13:52:03     Price:   LAST=0.6600  BID=0.6500  ASK=0.6600
2026-07-06 13:52:03     VWAP 60s: 0.5263  |  Deviation: +25.40%
2026-07-06 13:52:03     Z-Score 5s: +0.85  |  Momentum 90s: +15.21%
2026-07-06 13:52:03     Trades: 352  |  Volume: 7629
2026-07-06 13:52:03     Buy Vol: 7528  |  Sell Vol: 100
2026-07-06 13:52:03   Win Rate: 0.7%
2026-07-06 13:52:03   Config: min_price=0.6, max_price=0.9, min_elapsed=60s, dev_range=0.1%-100%, no_entry_cutoff=30s
2026-07-06 13:52:03   BTC Chainlink: $62,952.71 (anchor: $62,965.67)
2026-07-06 13:52:03   BTC Deviation: $-12.95 (-0.0206%)
2026-07-06 13:52:03 ============================================================
2026-07-06 13:52:03 MAIN ENTRY FAILED: Could not get price
2026-07-06 13:52:03 ============================================================
2026-07-06 13:52:03 TRADE SIGNAL TRIGGERED
2026-07-06 13:52:03   Time: 2026-07-06T13:52:03.916960
2026-07-06 13:52:03   Market: btc-updown-5m-1783320600
2026-07-06 13:52:03   Signal: BUY_DOWN
2026-07-06 13:52:03   Token: DOWN
2026-07-06 13:52:03   Elapsed: 124s | Remaining: 176s | Bin: 1
2026-07-06 13:52:03   --- UP ---
2026-07-06 13:52:03     Price:   LAST=0.3500  BID=0.3400  ASK=0.3500
2026-07-06 13:52:03     VWAP 60s: 0.4752  |  Deviation: -26.35%
2026-07-06 13:52:03     Z-Score 5s: -0.54  |  Momentum 90s: -21.00%
2026-07-06 13:52:03     Trades: 330  |  Volume: 9893
2026-07-06 13:52:03     Buy Vol: 9560  |  Sell Vol: 332
2026-07-06 13:52:03   --- DOWN ---
2026-07-06 13:52:03     Price:   LAST=0.6600  BID=0.6500  ASK=0.6600
2026-07-06 13:52:03     VWAP 60s: 0.5268  |  Deviation: +25.28%
2026-07-06 13:52:03     Z-Score 5s: +0.80  |  Momentum 90s: +16.47%
2026-07-06 13:52:03     Trades: 353  |  Volume: 7646
2026-07-06 13:52:03     Buy Vol: 7546  |  Sell Vol: 100
2026-07-06 13:52:03   Win Rate: 0.7%
2026-07-06 13:52:03   Config: min_price=0.6, max_price=0.9, min_elapsed=60s, dev_range=0.1%-100%, no_entry_cutoff=30s
2026-07-06 13:52:03   BTC Chainlink: $62,952.71 (anchor: $62,965.67)
2026-07-06 13:52:03   BTC Deviation: $-12.95 (-0.0206%)
2026-07-06 13:52:03 ============================================================
2026-07-06 13:52:03 MAIN ENTRY FAILED: Could not get price
2026-07-06 13:52:04 ============================================================
2026-07-06 13:52:04 TRADE SIGNAL TRIGGERED
2026-07-06 13:52:04   Time: 2026-07-06T13:52:04.168681
2026-07-06 13:52:04   Market: btc-updown-5m-1783320600
2026-07-06 13:52:04   Signal: BUY_DOWN
2026-07-06 13:52:04   Token: DOWN
2026-07-06 13:52:04   Elapsed: 124s | Remaining: 176s | Bin: 1
2026-07-06 13:52:04   --- UP ---
2026-07-06 13:52:04     Price:   LAST=0.3500  BID=0.3400  ASK=0.3500
2026-07-06 13:52:04     VWAP 60s: 0.4729  |  Deviation: -25.98%
2026-07-06 13:52:04     Z-Score 5s: -0.47  |  Momentum 90s: -21.35%
2026-07-06 13:52:04     Trades: 332  |  Volume: 9998
2026-07-06 13:52:04     Buy Vol: 9666  |  Sell Vol: 332
2026-07-06 13:52:04   --- DOWN ---
2026-07-06 13:52:04     Price:   LAST=0.6600  BID=0.6500  ASK=0.6600
2026-07-06 13:52:04     VWAP 60s: 0.5268  |  Deviation: +25.28%
2026-07-06 13:52:04     Z-Score 5s: +0.72  |  Momentum 90s: +16.96%
2026-07-06 13:52:04     Trades: 353  |  Volume: 7646
2026-07-06 13:52:04     Buy Vol: 7546  |  Sell Vol: 100
2026-07-06 13:52:04   Win Rate: 0.7%
2026-07-06 13:52:04   Config: min_price=0.6, max_price=0.9, min_elapsed=60s, dev_range=0.1%-100%, no_entry_cutoff=30s
2026-07-06 13:52:04   BTC Chainlink: $62,952.71 (anchor: $62,965.67)
2026-07-06 13:52:04   BTC Deviation: $-12.95 (-0.0206%)
2026-07-06 13:52:04 ============================================================
2026-07-06 13:52:04 MAIN ENTRY FAILED: Could not get price
2026-07-06 13:52:04 ============================================================
2026-07-06 13:52:04 TRADE SIGNAL TRIGGERED
2026-07-06 13:52:04   Time: 2026-07-06T13:52:04.419927
2026-07-06 13:52:04   Market: btc-updown-5m-1783320600
2026-07-06 13:52:04   Signal: BUY_DOWN
2026-07-06 13:52:04   Token: DOWN
2026-07-06 13:52:04   Elapsed: 124s | Remaining: 176s | Bin: 1
2026-07-06 13:52:04   --- UP ---
2026-07-06 13:52:04     Price:   LAST=0.3500  BID=0.3400  ASK=0.3500
2026-07-06 13:52:04     VWAP 60s: 0.4727  |  Deviation: -25.95%
2026-07-06 13:52:04     Z-Score 5s: -0.47  |  Momentum 90s: -21.47%
2026-07-06 13:52:04     Trades: 332  |  Volume: 9998
2026-07-06 13:52:04     Buy Vol: 9666  |  Sell Vol: 332
2026-07-06 13:52:04   --- DOWN ---
2026-07-06 13:52:04     Price:   LAST=0.6500  BID=0.6500  ASK=0.6600
2026-07-06 13:52:04     VWAP 60s: 0.5270  |  Deviation: +23.34%
2026-07-06 13:52:04     Z-Score 5s: +0.31  |  Momentum 90s: +15.56%
2026-07-06 13:52:04     Trades: 355  |  Volume: 7650
2026-07-06 13:52:04     Buy Vol: 7548  |  Sell Vol: 102
2026-07-06 13:52:04   Win Rate: 0.7%
2026-07-06 13:52:04   Config: min_price=0.6, max_price=0.9, min_elapsed=60s, dev_range=0.1%-100%, no_entry_cutoff=30s
2026-07-06 13:52:04   BTC Chainlink: $62,952.69 (anchor: $62,965.67)
2026-07-06 13:52:04   BTC Deviation: $-12.98 (-0.0206%)
2026-07-06 13:52:04 ============================================================
2026-07-06 13:52:04 MAIN ENTRY FAILED: Could not get price
2026-07-06 13:52:04 ============================================================
2026-07-06 13:52:04 TRADE SIGNAL TRIGGERED
2026-07-06 13:52:04   Time: 2026-07-06T13:52:04.675036
2026-07-06 13:52:04   Market: btc-updown-5m-1783320600
2026-07-06 13:52:04   Signal: BUY_DOWN
2026-07-06 13:52:04   Token: DOWN
2026-07-06 13:52:04   Elapsed: 125s | Remaining: 175s | Bin: 1
2026-07-06 13:52:04   --- UP ---
2026-07-06 13:52:04     Price:   LAST=0.3500  BID=0.3400  ASK=0.3500
2026-07-06 13:52:04     VWAP 60s: 0.4726  |  Deviation: -25.94%
2026-07-06 13:52:04     Z-Score 5s: -0.33  |  Momentum 90s: -21.61%
2026-07-06 13:52:04     Trades: 332  |  Volume: 9998
2026-07-06 13:52:04     Buy Vol: 9666  |  Sell Vol: 332
2026-07-06 13:52:04   --- DOWN ---
2026-07-06 13:52:04     Price:   LAST=0.6500  BID=0.6500  ASK=0.6600
2026-07-06 13:52:04     VWAP 60s: 0.5271  |  Deviation: +23.32%
2026-07-06 13:52:04     Z-Score 5s: +0.21  |  Momentum 90s: +16.97%
2026-07-06 13:52:04     Trades: 355  |  Volume: 7650
2026-07-06 13:52:04     Buy Vol: 7548  |  Sell Vol: 102
2026-07-06 13:52:04   Win Rate: 0.7%
2026-07-06 13:52:04   Config: min_price=0.6, max_price=0.9, min_elapsed=60s, dev_range=0.1%-100%, no_entry_cutoff=30s
2026-07-06 13:52:04   BTC Chainlink: $62,952.69 (anchor: $62,965.67)
2026-07-06 13:52:04   BTC Deviation: $-12.98 (-0.0206%)
2026-07-06 13:52:04 ============================================================
2026-07-06 13:52:04 MAIN ENTRY FAILED: Could not get price
2026-07-06 13:52:04 ============================================================
2026-07-06 13:52:04 TRADE SIGNAL TRIGGERED
2026-07-06 13:52:04   Time: 2026-07-06T13:52:04.939528
2026-07-06 13:52:04   Market: btc-updown-5m-1783320600
2026-07-06 13:52:04   Signal: BUY_DOWN
2026-07-06 13:52:04   Token: DOWN
2026-07-06 13:52:04   Elapsed: 125s | Remaining: 175s | Bin: 1
2026-07-06 13:52:04   --- UP ---
2026-07-06 13:52:04     Price:   LAST=0.3500  BID=0.3400  ASK=0.3500
2026-07-06 13:52:04     VWAP 60s: 0.4726  |  Deviation: -25.94%
2026-07-06 13:52:04     Z-Score 5s: -0.33  |  Momentum 90s: -21.76%
2026-07-06 13:52:04     Trades: 332  |  Volume: 9998
2026-07-06 13:52:04     Buy Vol: 9666  |  Sell Vol: 332
2026-07-06 13:52:04   --- DOWN ---
2026-07-06 13:52:04     Price:   LAST=0.6500  BID=0.6500  ASK=0.6600
2026-07-06 13:52:04     VWAP 60s: 0.5271  |  Deviation: +23.32%
2026-07-06 13:52:04     Z-Score 5s: +0.21  |  Momentum 90s: +17.91%
2026-07-06 13:52:04     Trades: 355  |  Volume: 7650
2026-07-06 13:52:04     Buy Vol: 7548  |  Sell Vol: 102
2026-07-06 13:52:04   Win Rate: 0.7%
2026-07-06 13:52:04   Config: min_price=0.6, max_price=0.9, min_elapsed=60s, dev_range=0.1%-100%, no_entry_cutoff=30s
2026-07-06 13:52:04   BTC Chainlink: $62,952.69 (anchor: $62,965.67)
2026-07-06 13:52:04   BTC Deviation: $-12.98 (-0.0206%)
2026-07-06 13:52:04 ============================================================
2026-07-06 13:52:04 MAIN ENTRY FAILED: Could not get price
2026-07-06 13:52:05 ============================================================
2026-07-06 13:52:05 TRADE SIGNAL TRIGGERED
2026-07-06 13:52:05   Time: 2026-07-06T13:52:05.192472
2026-07-06 13:52:05   Market: btc-updown-5m-1783320600
2026-07-06 13:52:05   Signal: BUY_DOWN
2026-07-06 13:52:05   Token: DOWN
2026-07-06 13:52:05   Elapsed: 125s | Remaining: 175s | Bin: 1
2026-07-06 13:52:05   --- UP ---
2026-07-06 13:52:05     Price:   LAST=0.3600  BID=0.3500  ASK=0.3600
2026-07-06 13:52:05     VWAP 60s: 0.4713  |  Deviation: -23.62%
2026-07-06 13:52:05     Z-Score 5s: +0.15  |  Momentum 90s: -20.00%
2026-07-06 13:52:05     Trades: 334  |  Volume: 10060
2026-07-06 13:52:05     Buy Vol: 9727  |  Sell Vol: 332
2026-07-06 13:52:05   --- DOWN ---
2026-07-06 13:52:05     Price:   LAST=0.6500  BID=0.6400  ASK=0.6500
2026-07-06 13:52:05     VWAP 60s: 0.5282  |  Deviation: +23.06%
2026-07-06 13:52:05     Z-Score 5s: +0.21  |  Momentum 90s: +17.91%
2026-07-06 13:52:05     Trades: 355  |  Volume: 7650
2026-07-06 13:52:05     Buy Vol: 7548  |  Sell Vol: 102
2026-07-06 13:52:05   Win Rate: 0.7%
2026-07-06 13:52:05   Config: min_price=0.6, max_price=0.9, min_elapsed=60s, dev_range=0.1%-100%, no_entry_cutoff=30s
2026-07-06 13:52:05   BTC Chainlink: $62,952.69 (anchor: $62,965.67)
2026-07-06 13:52:05   BTC Deviation: $-12.98 (-0.0206%)
2026-07-06 13:52:05 ============================================================
2026-07-06 13:52:05 MAIN ENTRY FAILED: Could not get price
2026-07-06 13:52:05 ============================================================
2026-07-06 13:52:05 TRADE SIGNAL TRIGGERED
2026-07-06 13:52:05   Time: 2026-07-06T13:52:05.451105
2026-07-06 13:52:05   Market: btc-updown-5m-1783320600
2026-07-06 13:52:05   Signal: BUY_DOWN
2026-07-06 13:52:05   Token: DOWN
2026-07-06 13:52:05   Elapsed: 125s | Remaining: 175s | Bin: 1
2026-07-06 13:52:05   --- UP ---
2026-07-06 13:52:05     Price:   LAST=0.3600  BID=0.3500  ASK=0.3600
2026-07-06 13:52:05     VWAP 60s: 0.4713  |  Deviation: -23.61%
2026-07-06 13:52:05     Z-Score 5s: +0.15  |  Momentum 90s: -20.28%
2026-07-06 13:52:05     Trades: 334  |  Volume: 10060
2026-07-06 13:52:05     Buy Vol: 9727  |  Sell Vol: 332
2026-07-06 13:52:05   --- DOWN ---
2026-07-06 13:52:05     Price:   LAST=0.6500  BID=0.6400  ASK=0.6500
2026-07-06 13:52:05     VWAP 60s: 0.5283  |  Deviation: +23.04%
2026-07-06 13:52:05     Z-Score 5s: +0.21  |  Momentum 90s: +17.91%
2026-07-06 13:52:05     Trades: 355  |  Volume: 7650
2026-07-06 13:52:05     Buy Vol: 7548  |  Sell Vol: 102
2026-07-06 13:52:05   Win Rate: 0.7%
2026-07-06 13:52:05   Config: min_price=0.6, max_price=0.9, min_elapsed=60s, dev_range=0.1%-100%, no_entry_cutoff=30s
2026-07-06 13:52:05   BTC Chainlink: $62,951.63 (anchor: $62,965.67)
2026-07-06 13:52:05   BTC Deviation: $-14.04 (-0.0223%)
2026-07-06 13:52:05 ============================================================
2026-07-06 13:52:05 MAIN ENTRY FAILED: Could not get price
2026-07-06 13:52:05 ============================================================
2026-07-06 13:52:05 TRADE SIGNAL TRIGGERED
2026-07-06 13:52:05   Time: 2026-07-06T13:52:05.702593
2026-07-06 13:52:05   Market: btc-updown-5m-1783320600
2026-07-06 13:52:05   Signal: BUY_DOWN
2026-07-06 13:52:05   Token: DOWN
2026-07-06 13:52:05   Elapsed: 126s | Remaining: 174s | Bin: 1
2026-07-06 13:52:05   --- UP ---
2026-07-06 13:52:05     Price:   LAST=0.3600  BID=0.3500  ASK=0.3600
2026-07-06 13:52:05     VWAP 60s: 0.4713  |  Deviation: -23.61%
2026-07-06 13:52:05     Z-Score 5s: +1.90  |  Momentum 90s: -20.52%
2026-07-06 13:52:05     Trades: 334  |  Volume: 10060
2026-07-06 13:52:05     Buy Vol: 9727  |  Sell Vol: 332
2026-07-06 13:52:05   --- DOWN ---
2026-07-06 13:52:05     Price:   LAST=0.6400  BID=0.6400  ASK=0.6500
2026-07-06 13:52:05     VWAP 60s: 0.5290  |  Deviation: +20.97%
2026-07-06 13:52:05     Z-Score 5s: -0.20  |  Momentum 90s: +16.13%
2026-07-06 13:52:05     Trades: 357  |  Volume: 7669
2026-07-06 13:52:05     Buy Vol: 7563  |  Sell Vol: 106
2026-07-06 13:52:05   Win Rate: 0.6%
2026-07-06 13:52:05   Config: min_price=0.6, max_price=0.9, min_elapsed=60s, dev_range=0.1%-100%, no_entry_cutoff=30s
2026-07-06 13:52:05   BTC Chainlink: $62,951.63 (anchor: $62,965.67)
2026-07-06 13:52:05   BTC Deviation: $-14.04 (-0.0223%)
2026-07-06 13:52:05 ============================================================
2026-07-06 13:52:05 MAIN ENTRY FAILED: Could not get price
2026-07-06 13:52:05 ============================================================
2026-07-06 13:52:05 TRADE SIGNAL TRIGGERED
2026-07-06 13:52:05   Time: 2026-07-06T13:52:05.954262
2026-07-06 13:52:05   Market: btc-updown-5m-1783320600
2026-07-06 13:52:05   Signal: BUY_DOWN
2026-07-06 13:52:05   Token: DOWN
2026-07-06 13:52:05   Elapsed: 126s | Remaining: 174s | Bin: 1
2026-07-06 13:52:05   --- UP ---
2026-07-06 13:52:05     Price:   LAST=0.3600  BID=0.3500  ASK=0.3600
2026-07-06 13:52:05     VWAP 60s: 0.4712  |  Deviation: -23.60%
2026-07-06 13:52:05     Z-Score 5s: +1.90  |  Momentum 90s: -21.60%
2026-07-06 13:52:05     Trades: 334  |  Volume: 10060
2026-07-06 13:52:05     Buy Vol: 9727  |  Sell Vol: 332
2026-07-06 13:52:05   --- DOWN ---
2026-07-06 13:52:05     Price:   LAST=0.6400  BID=0.6400  ASK=0.6500
2026-07-06 13:52:05     VWAP 60s: 0.5298  |  Deviation: +20.79%
2026-07-06 13:52:05     Z-Score 5s: -0.37  |  Momentum 90s: +16.15%
2026-07-06 13:52:05     Trades: 357  |  Volume: 7669
2026-07-06 13:52:05     Buy Vol: 7563  |  Sell Vol: 106
2026-07-06 13:52:05   Win Rate: 0.6%
2026-07-06 13:52:05   Config: min_price=0.6, max_price=0.9, min_elapsed=60s, dev_range=0.1%-100%, no_entry_cutoff=30s
2026-07-06 13:52:05   BTC Chainlink: $62,951.63 (anchor: $62,965.67)
2026-07-06 13:52:05   BTC Deviation: $-14.04 (-0.0223%)
2026-07-06 13:52:05 ============================================================
2026-07-06 13:52:05 MAIN ENTRY FAILED: Could not get price
2026-07-06 13:52:06 ============================================================
2026-07-06 13:52:06 TRADE SIGNAL TRIGGERED
2026-07-06 13:52:06   Time: 2026-07-06T13:52:06.205663
2026-07-06 13:52:06   Market: btc-updown-5m-1783320600
2026-07-06 13:52:06   Signal: BUY_DOWN
2026-07-06 13:52:06   Token: DOWN
2026-07-06 13:52:06   Elapsed: 126s | Remaining: 174s | Bin: 1
2026-07-06 13:52:06   --- UP ---
2026-07-06 13:52:06     Price:   LAST=0.3600  BID=0.3500  ASK=0.3600
2026-07-06 13:52:06     VWAP 60s: 0.4712  |  Deviation: -23.60%
2026-07-06 13:52:06     Z-Score 5s: +1.90  |  Momentum 90s: -21.60%
2026-07-06 13:52:06     Trades: 334  |  Volume: 10060
2026-07-06 13:52:06     Buy Vol: 9727  |  Sell Vol: 332
2026-07-06 13:52:06   --- DOWN ---
2026-07-06 13:52:06     Price:   LAST=0.6400  BID=0.6400  ASK=0.6500
2026-07-06 13:52:06     VWAP 60s: 0.5306  |  Deviation: +20.63%
2026-07-06 13:52:06     Z-Score 5s: -0.37  |  Momentum 90s: +16.15%
2026-07-06 13:52:06     Trades: 357  |  Volume: 7669
2026-07-06 13:52:06     Buy Vol: 7563  |  Sell Vol: 106
2026-07-06 13:52:06   Win Rate: 0.6%
2026-07-06 13:52:06   Config: min_price=0.6, max_price=0.9, min_elapsed=60s, dev_range=0.1%-100%, no_entry_cutoff=30s
2026-07-06 13:52:06   BTC Chainlink: $62,951.63 (anchor: $62,965.67)
2026-07-06 13:52:06   BTC Deviation: $-14.04 (-0.0223%)
2026-07-06 13:52:06 ============================================================
2026-07-06 13:52:06 MAIN ENTRY FAILED: Could not get price
2026-07-06 13:52:06 ============================================================
2026-07-06 13:52:06 TRADE SIGNAL TRIGGERED
2026-07-06 13:52:06   Time: 2026-07-06T13:52:06.458351
2026-07-06 13:52:06   Market: btc-updown-5m-1783320600
2026-07-06 13:52:06   Signal: BUY_DOWN
2026-07-06 13:52:06   Token: DOWN
2026-07-06 13:52:06   Elapsed: 126s | Remaining: 174s | Bin: 1
2026-07-06 13:52:06   --- UP ---
2026-07-06 13:52:06     Price:   LAST=0.3600  BID=0.3500  ASK=0.3600
2026-07-06 13:52:06     VWAP 60s: 0.4712  |  Deviation: -23.60%
2026-07-06 13:52:06     Z-Score 5s: +1.90  |  Momentum 90s: -21.34%
2026-07-06 13:52:06     Trades: 334  |  Volume: 10060
2026-07-06 13:52:06     Buy Vol: 9727  |  Sell Vol: 332
2026-07-06 13:52:06   --- DOWN ---
2026-07-06 13:52:06     Price:   LAST=0.6500  BID=0.6400  ASK=0.6500
2026-07-06 13:52:06     VWAP 60s: 0.5306  |  Deviation: +22.50%
2026-07-06 13:52:06     Z-Score 5s: +0.10  |  Momentum 90s: +17.94%
2026-07-06 13:52:06     Trades: 358  |  Volume: 7670
2026-07-06 13:52:06     Buy Vol: 7564  |  Sell Vol: 106
2026-07-06 13:52:06   Win Rate: 0.7%
2026-07-06 13:52:06   Config: min_price=0.6, max_price=0.9, min_elapsed=60s, dev_range=0.1%-100%, no_entry_cutoff=30s
2026-07-06 13:52:06   BTC Chainlink: $62,951.13 (anchor: $62,965.67)
2026-07-06 13:52:06   BTC Deviation: $-14.54 (-0.0231%)
2026-07-06 13:52:06 ============================================================
2026-07-06 13:52:06 MAIN ENTRY FAILED: Could not get price
2026-07-06 13:52:06 ============================================================
2026-07-06 13:52:06 TRADE SIGNAL TRIGGERED
2026-07-06 13:52:06   Time: 2026-07-06T13:52:06.715041
2026-07-06 13:52:06   Market: btc-updown-5m-1783320600
2026-07-06 13:52:06   Signal: BUY_DOWN
2026-07-06 13:52:06   Token: DOWN
2026-07-06 13:52:06   Elapsed: 127s | Remaining: 173s | Bin: 1
2026-07-06 13:52:06   --- UP ---
2026-07-06 13:52:06     Price:   LAST=0.3600  BID=0.3500  ASK=0.3600
2026-07-06 13:52:06     VWAP 60s: 0.4712  |  Deviation: -23.60%
2026-07-06 13:52:06     Z-Score 5s: +1.90  |  Momentum 90s: -21.34%
2026-07-06 13:52:06     Trades: 334  |  Volume: 10060
2026-07-06 13:52:06     Buy Vol: 9727  |  Sell Vol: 332
2026-07-06 13:52:06   --- DOWN ---
2026-07-06 13:52:06     Price:   LAST=0.6500  BID=0.6400  ASK=0.6500
2026-07-06 13:52:06     VWAP 60s: 0.5314  |  Deviation: +22.31%
2026-07-06 13:52:06     Z-Score 5s: -0.09  |  Momentum 90s: +17.94%
2026-07-06 13:52:06     Trades: 359  |  Volume: 7701
2026-07-06 13:52:06     Buy Vol: 7595  |  Sell Vol: 106
2026-07-06 13:52:06   Win Rate: 0.7%
2026-07-06 13:52:06   Config: min_price=0.6, max_price=0.9, min_elapsed=60s, dev_range=0.1%-100%, no_entry_cutoff=30s
2026-07-06 13:52:06   BTC Chainlink: $62,951.13 (anchor: $62,965.67)
2026-07-06 13:52:06   BTC Deviation: $-14.54 (-0.0231%)
2026-07-06 13:52:06 ============================================================
2026-07-06 13:52:06 MAIN ENTRY FAILED: Could not get price
2026-07-06 13:52:06 ============================================================
2026-07-06 13:52:06 TRADE SIGNAL TRIGGERED
2026-07-06 13:52:06   Time: 2026-07-06T13:52:06.971516
2026-07-06 13:52:06   Market: btc-updown-5m-1783320600
2026-07-06 13:52:06   Signal: BUY_DOWN
2026-07-06 13:52:06   Token: DOWN
2026-07-06 13:52:06   Elapsed: 127s | Remaining: 173s | Bin: 1
2026-07-06 13:52:06   --- UP ---
2026-07-06 13:52:06     Price:   LAST=0.3600  BID=0.3500  ASK=0.3600
2026-07-06 13:52:06     VWAP 60s: 0.4712  |  Deviation: -23.60%
2026-07-06 13:52:06     Z-Score 5s: +1.90  |  Momentum 90s: -21.61%
2026-07-06 13:52:06     Trades: 334  |  Volume: 10060
2026-07-06 13:52:06     Buy Vol: 9727  |  Sell Vol: 332
2026-07-06 13:52:06   --- DOWN ---
2026-07-06 13:52:06     Price:   LAST=0.6500  BID=0.6400  ASK=0.6500
2026-07-06 13:52:06     VWAP 60s: 0.5315  |  Deviation: +22.30%
2026-07-06 13:52:06     Z-Score 5s: -0.73  |  Momentum 90s: +17.88%
2026-07-06 13:52:06     Trades: 360  |  Volume: 7703
2026-07-06 13:52:06     Buy Vol: 7597  |  Sell Vol: 106
2026-07-06 13:52:06   Win Rate: 0.7%
2026-07-06 13:52:06   Config: min_price=0.6, max_price=0.9, min_elapsed=60s, dev_range=0.1%-100%, no_entry_cutoff=30s
2026-07-06 13:52:06   BTC Chainlink: $62,951.13 (anchor: $62,965.67)
2026-07-06 13:52:06   BTC Deviation: $-14.54 (-0.0231%)
2026-07-06 13:52:06 ============================================================
2026-07-06 13:52:06 MAIN ENTRY FAILED: Could not get price
2026-07-06 13:52:07 ============================================================
2026-07-06 13:52:07 TRADE SIGNAL TRIGGERED
2026-07-06 13:52:07   Time: 2026-07-06T13:52:07.225687
2026-07-06 13:52:07   Market: btc-updown-5m-1783320600
2026-07-06 13:52:07   Signal: BUY_DOWN
2026-07-06 13:52:07   Token: DOWN
2026-07-06 13:52:07   Elapsed: 127s | Remaining: 173s | Bin: 1
2026-07-06 13:52:07   --- UP ---
2026-07-06 13:52:07     Price:   LAST=0.3600  BID=0.3500  ASK=0.3600
2026-07-06 13:52:07     VWAP 60s: 0.4709  |  Deviation: -23.56%
2026-07-06 13:52:07     Z-Score 5s: +1.56  |  Momentum 90s: -21.74%
2026-07-06 13:52:07     Trades: 335  |  Volume: 10074
2026-07-06 13:52:07     Buy Vol: 9741  |  Sell Vol: 332
2026-07-06 13:52:07   --- DOWN ---
2026-07-06 13:52:07     Price:   LAST=0.6500  BID=0.6400  ASK=0.6500
2026-07-06 13:52:07     VWAP 60s: 0.5315  |  Deviation: +22.30%
2026-07-06 13:52:07     Z-Score 5s: -0.73  |  Momentum 90s: +17.88%
2026-07-06 13:52:07     Trades: 360  |  Volume: 7703
2026-07-06 13:52:07     Buy Vol: 7597  |  Sell Vol: 106
2026-07-06 13:52:07   Win Rate: 0.7%
2026-07-06 13:52:07   Config: min_price=0.6, max_price=0.9, min_elapsed=60s, dev_range=0.1%-100%, no_entry_cutoff=30s
2026-07-06 13:52:07   BTC Chainlink: $62,951.13 (anchor: $62,965.67)
2026-07-06 13:52:07   BTC Deviation: $-14.54 (-0.0231%)
2026-07-06 13:52:07 ============================================================
2026-07-06 13:52:07 MAIN ENTRY FAILED: Could not get price
2026-07-06 13:52:07 ============================================================
2026-07-06 13:52:07 TRADE SIGNAL TRIGGERED
2026-07-06 13:52:07   Time: 2026-07-06T13:52:07.477344
2026-07-06 13:52:07   Market: btc-updown-5m-1783320600
2026-07-06 13:52:07   Signal: BUY_DOWN
2026-07-06 13:52:07   Token: DOWN
2026-07-06 13:52:07   Elapsed: 127s | Remaining: 173s | Bin: 1
2026-07-06 13:52:07   --- UP ---
2026-07-06 13:52:07     Price:   LAST=0.3600  BID=0.3500  ASK=0.3600
2026-07-06 13:52:07     VWAP 60s: 0.4709  |  Deviation: -23.55%
2026-07-06 13:52:07     Z-Score 5s: +1.56  |  Momentum 90s: -21.74%
2026-07-06 13:52:07     Trades: 335  |  Volume: 10074
2026-07-06 13:52:07     Buy Vol: 9741  |  Sell Vol: 332
2026-07-06 13:52:07   --- DOWN ---
2026-07-06 13:52:07     Price:   LAST=0.6500  BID=0.6400  ASK=0.6500
2026-07-06 13:52:07     VWAP 60s: 0.5315  |  Deviation: +22.29%
2026-07-06 13:52:07     Z-Score 5s: -0.70  |  Momentum 90s: +18.18%
2026-07-06 13:52:07     Trades: 361  |  Volume: 7704
2026-07-06 13:52:07     Buy Vol: 7598  |  Sell Vol: 106
2026-07-06 13:52:07   Win Rate: 0.7%
2026-07-06 13:52:07   Config: min_price=0.6, max_price=0.9, min_elapsed=60s, dev_range=0.1%-100%, no_entry_cutoff=30s
2026-07-06 13:52:07   BTC Chainlink: $62,951.13 (anchor: $62,965.67)
2026-07-06 13:52:07   BTC Deviation: $-14.54 (-0.0231%)
2026-07-06 13:52:07 ============================================================
2026-07-06 13:52:07 MAIN ENTRY FAILED: Could not get price
2026-07-06 13:52:07 ============================================================
2026-07-06 13:52:07 TRADE SIGNAL TRIGGERED
2026-07-06 13:52:07   Time: 2026-07-06T13:52:07.730596
2026-07-06 13:52:07   Market: btc-updown-5m-1783320600
2026-07-06 13:52:07   Signal: BUY_DOWN
2026-07-06 13:52:07   Token: DOWN
2026-07-06 13:52:07   Elapsed: 128s | Remaining: 172s | Bin: 1
2026-07-06 13:52:07   --- UP ---
2026-07-06 13:52:07     Price:   LAST=0.3600  BID=0.3500  ASK=0.3600
2026-07-06 13:52:07     VWAP 60s: 0.4709  |  Deviation: -23.55%
2026-07-06 13:52:07     Z-Score 5s: +1.56  |  Momentum 90s: -21.74%
2026-07-06 13:52:07     Trades: 335  |  Volume: 10074
2026-07-06 13:52:07     Buy Vol: 9741  |  Sell Vol: 332
2026-07-06 13:52:07   --- DOWN ---
2026-07-06 13:52:07     Price:   LAST=0.6500  BID=0.6400  ASK=0.6500
2026-07-06 13:52:07     VWAP 60s: 0.5315  |  Deviation: +22.29%
2026-07-06 13:52:07     Z-Score 5s: -0.70  |  Momentum 90s: +18.18%
2026-07-06 13:52:07     Trades: 361  |  Volume: 7704
2026-07-06 13:52:07     Buy Vol: 7598  |  Sell Vol: 106
2026-07-06 13:52:07   Win Rate: 0.7%
2026-07-06 13:52:07   Config: min_price=0.6, max_price=0.9, min_elapsed=60s, dev_range=0.1%-100%, no_entry_cutoff=30s
2026-07-06 13:52:07   BTC Chainlink: $62,951.29 (anchor: $62,965.67)
2026-07-06 13:52:07   BTC Deviation: $-14.37 (-0.0228%)
2026-07-06 13:52:07 ============================================================
2026-07-06 13:52:07 MAIN ENTRY FAILED: Could not get price
2026-07-06 13:52:07 ============================================================
2026-07-06 13:52:07 TRADE SIGNAL TRIGGERED
2026-07-06 13:52:07   Time: 2026-07-06T13:52:07.982542
2026-07-06 13:52:07   Market: btc-updown-5m-1783320600
2026-07-06 13:52:07   Signal: BUY_DOWN
2026-07-06 13:52:07   Token: DOWN
2026-07-06 13:52:07   Elapsed: 128s | Remaining: 172s | Bin: 1
2026-07-06 13:52:07   --- UP ---
2026-07-06 13:52:07     Price:   LAST=0.3600  BID=0.3500  ASK=0.3600
2026-07-06 13:52:07     VWAP 60s: 0.4709  |  Deviation: -23.55%
2026-07-06 13:52:07     Z-Score 5s: +1.56  |  Momentum 90s: -21.86%
2026-07-06 13:52:07     Trades: 335  |  Volume: 10074
2026-07-06 13:52:07     Buy Vol: 9741  |  Sell Vol: 332
2026-07-06 13:52:07   --- DOWN ---
2026-07-06 13:52:07     Price:   LAST=0.6500  BID=0.6400  ASK=0.6500
2026-07-06 13:52:07     VWAP 60s: 0.5315  |  Deviation: +22.29%
2026-07-06 13:52:07     Z-Score 5s: -0.51  |  Momentum 90s: +18.18%
2026-07-06 13:52:07     Trades: 361  |  Volume: 7704
2026-07-06 13:52:07     Buy Vol: 7598  |  Sell Vol: 106
2026-07-06 13:52:07   Win Rate: 0.7%
2026-07-06 13:52:07   Config: min_price=0.6, max_price=0.9, min_elapsed=60s, dev_range=0.1%-100%, no_entry_cutoff=30s
2026-07-06 13:52:07   BTC Chainlink: $62,951.29 (anchor: $62,965.67)
2026-07-06 13:52:07   BTC Deviation: $-14.37 (-0.0228%)
2026-07-06 13:52:07 ============================================================
2026-07-06 13:52:07 MAIN ENTRY FAILED: Could not get price
2026-07-06 13:52:08 ============================================================
2026-07-06 13:52:08 TRADE SIGNAL TRIGGERED
2026-07-06 13:52:08   Time: 2026-07-06T13:52:08.239114
2026-07-06 13:52:08   Market: btc-updown-5m-1783320600
2026-07-06 13:52:08   Signal: BUY_DOWN
2026-07-06 13:52:08   Token: DOWN
2026-07-06 13:52:08   Elapsed: 128s | Remaining: 172s | Bin: 1
2026-07-06 13:52:08   --- UP ---
2026-07-06 13:52:08     Price:   LAST=0.3600  BID=0.3600  ASK=0.3700
2026-07-06 13:52:08     VWAP 60s: 0.4709  |  Deviation: -23.55%
2026-07-06 13:52:08     Z-Score 5s: +1.21  |  Momentum 90s: -21.98%
2026-07-06 13:52:08     Trades: 335  |  Volume: 10074
2026-07-06 13:52:08     Buy Vol: 9741  |  Sell Vol: 332
2026-07-06 13:52:08   --- DOWN ---
2026-07-06 13:52:08     Price:   LAST=0.6400  BID=0.6300  ASK=0.6400
2026-07-06 13:52:08     VWAP 60s: 0.5316  |  Deviation: +20.39%
2026-07-06 13:52:08     Z-Score 5s: -1.58  |  Momentum 90s: +16.36%
2026-07-06 13:52:08     Trades: 363  |  Volume: 7708
2026-07-06 13:52:08     Buy Vol: 7600  |  Sell Vol: 108
2026-07-06 13:52:08   Win Rate: 0.6%
2026-07-06 13:52:08   Config: min_price=0.6, max_price=0.9, min_elapsed=60s, dev_range=0.1%-100%, no_entry_cutoff=30s
2026-07-06 13:52:08   BTC Chainlink: $62,950.96 (anchor: $62,965.67)
2026-07-06 13:52:08   BTC Deviation: $-14.71 (-0.0234%)
2026-07-06 13:52:08 ============================================================
2026-07-06 13:52:08 MAIN ENTRY FAILED: Could not get price
2026-07-06 13:52:08 ============================================================
2026-07-06 13:52:08 TRADE SIGNAL TRIGGERED
2026-07-06 13:52:08   Time: 2026-07-06T13:52:08.500274
2026-07-06 13:52:08   Market: btc-updown-5m-1783320600
2026-07-06 13:52:08   Signal: BUY_DOWN
2026-07-06 13:52:08   Token: DOWN
2026-07-06 13:52:08   Elapsed: 129s | Remaining: 171s | Bin: 1
2026-07-06 13:52:08   --- UP ---
2026-07-06 13:52:08     Price:   LAST=0.3800  BID=0.3700  ASK=0.3800
2026-07-06 13:52:08     VWAP 60s: 0.4693  |  Deviation: -19.03%
2026-07-06 13:52:08     Z-Score 5s: +1.45  |  Momentum 90s: -17.69%
2026-07-06 13:52:08     Trades: 339  |  Volume: 10172
2026-07-06 13:52:08     Buy Vol: 9839  |  Sell Vol: 332
2026-07-06 13:52:08   --- DOWN ---
2026-07-06 13:52:08     Price:   LAST=0.6400  BID=0.6200  ASK=0.6300
2026-07-06 13:52:08     VWAP 60s: 0.5316  |  Deviation: +20.39%
2026-07-06 13:52:08     Z-Score 5s: -1.58  |  Momentum 90s: +16.36%
2026-07-06 13:52:08     Trades: 363  |  Volume: 7708
2026-07-06 13:52:08     Buy Vol: 7600  |  Sell Vol: 108
2026-07-06 13:52:08   Win Rate: 0.6%
2026-07-06 13:52:08   Config: min_price=0.6, max_price=0.9, min_elapsed=60s, dev_range=0.1%-100%, no_entry_cutoff=30s
2026-07-06 13:52:08   BTC Chainlink: $62,950.96 (anchor: $62,965.67)
2026-07-06 13:52:08   BTC Deviation: $-14.71 (-0.0234%)
2026-07-06 13:52:08 ============================================================
2026-07-06 13:52:08 MAIN ENTRY FAILED: Could not get price
2026-07-06 13:52:08 ============================================================
2026-07-06 13:52:08 TRADE SIGNAL TRIGGERED
2026-07-06 13:52:08   Time: 2026-07-06T13:52:08.762416
2026-07-06 13:52:08   Market: btc-updown-5m-1783320600
2026-07-06 13:52:08   Signal: BUY_DOWN
2026-07-06 13:52:08   Token: DOWN
2026-07-06 13:52:08   Elapsed: 129s | Remaining: 171s | Bin: 1
2026-07-06 13:52:08   --- UP ---
2026-07-06 13:52:08     Price:   LAST=0.4000  BID=0.4000  ASK=0.4100
2026-07-06 13:52:08     VWAP 60s: 0.4672  |  Deviation: -14.38%
2026-07-06 13:52:08     Z-Score 5s: +2.06  |  Momentum 90s: -13.58%
2026-07-06 13:52:08     Trades: 340  |  Volume: 10352
2026-07-06 13:52:08     Buy Vol: 10019  |  Sell Vol: 332
2026-07-06 13:52:08   --- DOWN ---
2026-07-06 13:52:08     Price:   LAST=0.6200  BID=0.5900  ASK=0.6000
2026-07-06 13:52:08     VWAP 60s: 0.5320  |  Deviation: +16.54%
2026-07-06 13:52:08     Z-Score 5s: -2.61  |  Momentum 90s: +13.24%
2026-07-06 13:52:08     Trades: 364  |  Volume: 7729
2026-07-06 13:52:08     Buy Vol: 7621  |  Sell Vol: 108
2026-07-06 13:52:08   Win Rate: 0.6%
2026-07-06 13:52:08   Config: min_price=0.6, max_price=0.9, min_elapsed=60s, dev_range=0.1%-100%, no_entry_cutoff=30s
2026-07-06 13:52:08   BTC Chainlink: $62,950.96 (anchor: $62,965.67)
2026-07-06 13:52:08   BTC Deviation: $-14.71 (-0.0234%)
2026-07-06 13:52:08 ============================================================
2026-07-06 13:52:08 MAIN ENTRY FAILED: Could not get price
2026-07-06 13:52:09 ============================================================
2026-07-06 13:52:09 TRADE SIGNAL TRIGGERED
2026-07-06 13:52:09   Time: 2026-07-06T13:52:09.016744
2026-07-06 13:52:09   Market: btc-updown-5m-1783320600
2026-07-06 13:52:09   Signal: BUY_DOWN
2026-07-06 13:52:09   Token: DOWN
2026-07-06 13:52:09   Elapsed: 129s | Remaining: 171s | Bin: 1
2026-07-06 13:52:09   --- UP ---
2026-07-06 13:52:09     Price:   LAST=0.4100  BID=0.4000  ASK=0.4100
2026-07-06 13:52:09     VWAP 60s: 0.4671  |  Deviation: -12.23%
2026-07-06 13:52:09     Z-Score 5s: +1.40  |  Momentum 90s: -11.51%
2026-07-06 13:52:09     Trades: 343  |  Volume: 10360
2026-07-06 13:52:09     Buy Vol: 10027  |  Sell Vol: 332
2026-07-06 13:52:09   --- DOWN ---
2026-07-06 13:52:09     Price:   LAST=0.6000  BID=0.5900  ASK=0.6000
2026-07-06 13:52:09     VWAP 60s: 0.5320  |  Deviation: +12.77%
2026-07-06 13:52:09     Z-Score 5s: -2.56  |  Momentum 90s: +10.09%
2026-07-06 13:52:09     Trades: 365  |  Volume: 7730
2026-07-06 13:52:09     Buy Vol: 7622  |  Sell Vol: 108
2026-07-06 13:52:09   Win Rate: 0.6%
2026-07-06 13:52:09   Config: min_price=0.6, max_price=0.9, min_elapsed=60s, dev_range=0.1%-100%, no_entry_cutoff=30s
2026-07-06 13:52:09   BTC Chainlink: $62,950.96 (anchor: $62,965.67)
2026-07-06 13:52:09   BTC Deviation: $-14.71 (-0.0234%)
2026-07-06 13:52:09 ============================================================
2026-07-06 13:52:09 MAIN ENTRY FAILED: Could not get price
2026-07-06 13:52:09 ============================================================
2026-07-06 13:52:09 TRADE SIGNAL TRIGGERED
2026-07-06 13:52:09   Time: 2026-07-06T13:52:09.277657
2026-07-06 13:52:09   Market: btc-updown-5m-1783320600
2026-07-06 13:52:09   Signal: BUY_DOWN
2026-07-06 13:52:09   Token: DOWN
2026-07-06 13:52:09   Elapsed: 129s | Remaining: 171s | Bin: 1
2026-07-06 13:52:09   --- UP ---
2026-07-06 13:52:09     Price:   LAST=0.4100  BID=0.4000  ASK=0.4100
2026-07-06 13:52:09     VWAP 60s: 0.4669  |  Deviation: -12.18%
2026-07-06 13:52:09     Z-Score 5s: +1.04  |  Momentum 90s: -11.56%
2026-07-06 13:52:09     Trades: 345  |  Volume: 10385
2026-07-06 13:52:09     Buy Vol: 10053  |  Sell Vol: 332
2026-07-06 13:52:09   --- DOWN ---
2026-07-06 13:52:09     Price:   LAST=0.6000  BID=0.5900  ASK=0.6000
2026-07-06 13:52:09     VWAP 60s: 0.5335  |  Deviation: +12.46%
2026-07-06 13:52:09     Z-Score 5s: -1.98  |  Momentum 90s: +11.11%
2026-07-06 13:52:09     Trades: 366  |  Volume: 7830
2026-07-06 13:52:09     Buy Vol: 7722  |  Sell Vol: 108
2026-07-06 13:52:09   Win Rate: 0.6%
2026-07-06 13:52:09   Config: min_price=0.6, max_price=0.9, min_elapsed=60s, dev_range=0.1%-100%, no_entry_cutoff=30s
2026-07-06 13:52:09   BTC Chainlink: $62,950.93 (anchor: $62,965.67)
2026-07-06 13:52:09   BTC Deviation: $-14.74 (-0.0234%)
2026-07-06 13:52:09 ============================================================
2026-07-06 13:52:09 MAIN ENTRY FAILED: Could not get price
2026-07-06 13:52:09 ============================================================
2026-07-06 13:52:09 TRADE SIGNAL TRIGGERED
2026-07-06 13:52:09   Time: 2026-07-06T13:52:09.528960
2026-07-06 13:52:09   Market: btc-updown-5m-1783320600
2026-07-06 13:52:09   Signal: BUY_DOWN
2026-07-06 13:52:09   Token: DOWN
2026-07-06 13:52:09   Elapsed: 130s | Remaining: 170s | Bin: 1
2026-07-06 13:52:09   --- UP ---
2026-07-06 13:52:09     Price:   LAST=0.4100  BID=0.4000  ASK=0.4100
2026-07-06 13:52:09     VWAP 60s: 0.4669  |  Deviation: -12.18%
2026-07-06 13:52:09     Z-Score 5s: +1.04  |  Momentum 90s: -12.62%
2026-07-06 13:52:09     Trades: 345  |  Volume: 10385
2026-07-06 13:52:09     Buy Vol: 10053  |  Sell Vol: 332
2026-07-06 13:52:09   --- DOWN ---
2026-07-06 13:52:09     Price:   LAST=0.6000  BID=0.5900  ASK=0.6000
2026-07-06 13:52:09     VWAP 60s: 0.5340  |  Deviation: +12.36%
2026-07-06 13:52:09     Z-Score 5s: -1.52  |  Momentum 90s: +11.11%
2026-07-06 13:52:09     Trades: 367  |  Volume: 7860
2026-07-06 13:52:09     Buy Vol: 7752  |  Sell Vol: 108
2026-07-06 13:52:09   Win Rate: 0.6%
2026-07-06 13:52:09   Config: min_price=0.6, max_price=0.9, min_elapsed=60s, dev_range=0.1%-100%, no_entry_cutoff=30s
2026-07-06 13:52:09   BTC Chainlink: $62,950.93 (anchor: $62,965.67)
2026-07-06 13:52:09   BTC Deviation: $-14.74 (-0.0234%)
2026-07-06 13:52:09 ============================================================
2026-07-06 13:52:09 MAIN ENTRY FAILED: Could not get price
2026-07-06 13:52:09 ============================================================
2026-07-06 13:52:09 TRADE SIGNAL TRIGGERED
2026-07-06 13:52:09   Time: 2026-07-06T13:52:09.789886
2026-07-06 13:52:09   Market: btc-updown-5m-1783320600
2026-07-06 13:52:09   Signal: BUY_DOWN
2026-07-06 13:52:09   Token: DOWN
2026-07-06 13:52:09   Elapsed: 130s | Remaining: 170s | Bin: 1
2026-07-06 13:52:09   --- UP ---
2026-07-06 13:52:09     Price:   LAST=0.4100  BID=0.4000  ASK=0.4100
2026-07-06 13:52:09     VWAP 60s: 0.4627  |  Deviation: -11.40%
2026-07-06 13:52:09     Z-Score 5s: +0.97  |  Momentum 90s: -12.91%
2026-07-06 13:52:09     Trades: 346  |  Volume: 10402
2026-07-06 13:52:09     Buy Vol: 10070  |  Sell Vol: 332
2026-07-06 13:52:09   --- DOWN ---
2026-07-06 13:52:09     Price:   LAST=0.6000  BID=0.5900  ASK=0.6000
2026-07-06 13:52:09     VWAP 60s: 0.5348  |  Deviation: +12.20%
2026-07-06 13:52:09     Z-Score 5s: -1.04  |  Momentum 90s: +11.89%
2026-07-06 13:52:09     Trades: 371  |  Volume: 7893
2026-07-06 13:52:09     Buy Vol: 7785  |  Sell Vol: 108
2026-07-06 13:52:09   Win Rate: 0.6%
2026-07-06 13:52:09   Config: min_price=0.6, max_price=0.9, min_elapsed=60s, dev_range=0.1%-100%, no_entry_cutoff=30s
2026-07-06 13:52:09   BTC Chainlink: $62,950.93 (anchor: $62,965.67)
2026-07-06 13:52:09   BTC Deviation: $-14.74 (-0.0234%)
2026-07-06 13:52:09 ============================================================
2026-07-06 13:52:09 MAIN ENTRY FAILED: Could not get price
2026-07-06 13:52:10 ============================================================
2026-07-06 13:52:10 TRADE SIGNAL TRIGGERED
2026-07-06 13:52:10   Time: 2026-07-06T13:52:10.041600
2026-07-06 13:52:10   Market: btc-updown-5m-1783320600
2026-07-06 13:52:10   Signal: BUY_DOWN
2026-07-06 13:52:10   Token: DOWN
2026-07-06 13:52:10   Elapsed: 130s | Remaining: 170s | Bin: 1
2026-07-06 13:52:10   --- UP ---
2026-07-06 13:52:10     Price:   LAST=0.4100  BID=0.4000  ASK=0.4200
2026-07-06 13:52:10     VWAP 60s: 0.4626  |  Deviation: -11.37%
2026-07-06 13:52:10     Z-Score 5s: +0.97  |  Momentum 90s: -13.23%
2026-07-06 13:52:10     Trades: 346  |  Volume: 10402
2026-07-06 13:52:10     Buy Vol: 10070  |  Sell Vol: 332
2026-07-06 13:52:10   --- DOWN ---
2026-07-06 13:52:10     Price:   LAST=0.6000  BID=0.5800  ASK=0.6000
2026-07-06 13:52:10     VWAP 60s: 0.5350  |  Deviation: +12.14%
2026-07-06 13:52:10     Z-Score 5s: -0.93  |  Momentum 90s: +12.27%
2026-07-06 13:52:10     Trades: 373  |  Volume: 7913
2026-07-06 13:52:10     Buy Vol: 7805  |  Sell Vol: 108
2026-07-06 13:52:10   Win Rate: 0.6%
2026-07-06 13:52:10   Config: min_price=0.6, max_price=0.9, min_elapsed=60s, dev_range=0.1%-100%, no_entry_cutoff=30s
2026-07-06 13:52:10   BTC Chainlink: $62,950.93 (anchor: $62,965.67)
2026-07-06 13:52:10   BTC Deviation: $-14.74 (-0.0234%)
2026-07-06 13:52:10 ============================================================
2026-07-06 13:52:10 MAIN ENTRY FAILED: Could not get price
2026-07-06 13:52:13 ============================================================
2026-07-06 13:52:13 TRADE SIGNAL TRIGGERED
2026-07-06 13:52:13   Time: 2026-07-06T13:52:13.849786
2026-07-06 13:52:13   Market: btc-updown-5m-1783320600
2026-07-06 13:52:13   Signal: BUY_DOWN
2026-07-06 13:52:13   Token: DOWN
2026-07-06 13:52:13   Elapsed: 134s | Remaining: 166s | Bin: 1
2026-07-06 13:52:13   --- UP ---
2026-07-06 13:52:13     Price:   LAST=0.3800  BID=0.3700  ASK=0.3800
2026-07-06 13:52:13     VWAP 60s: 0.4564  |  Deviation: -16.74%
2026-07-06 13:52:13     Z-Score 5s: -3.44  |  Momentum 90s: -21.38%
2026-07-06 13:52:13     Trades: 358  |  Volume: 10469
2026-07-06 13:52:13     Buy Vol: 10127  |  Sell Vol: 342
2026-07-06 13:52:13   --- DOWN ---
2026-07-06 13:52:13     Price:   LAST=0.6100  BID=0.6200  ASK=0.6300
2026-07-06 13:52:13     VWAP 60s: 0.5669  |  Deviation: +7.61%
2026-07-06 13:52:13     Z-Score 5s: +3.87  |  Momentum 90s: +16.38%
2026-07-06 13:52:13     Trades: 415  |  Volume: 9697
2026-07-06 13:52:13     Buy Vol: 9589  |  Sell Vol: 108
2026-07-06 13:52:13   Win Rate: 0.6%
2026-07-06 13:52:13   Config: min_price=0.6, max_price=0.9, min_elapsed=60s, dev_range=0.1%-100%, no_entry_cutoff=30s
2026-07-06 13:52:13   BTC Chainlink: $62,951.63 (anchor: $62,965.67)
2026-07-06 13:52:13   BTC Deviation: $-14.04 (-0.0223%)
2026-07-06 13:52:13 ============================================================
2026-07-06 13:52:13 MAIN ENTRY FAILED: Could not get price
2026-07-06 13:52:14 ============================================================
2026-07-06 13:52:14 TRADE SIGNAL TRIGGERED
2026-07-06 13:52:14   Time: 2026-07-06T13:52:14.101186
2026-07-06 13:52:14   Market: btc-updown-5m-1783320600
2026-07-06 13:52:14   Signal: BUY_DOWN
2026-07-06 13:52:14   Token: DOWN
2026-07-06 13:52:14   Elapsed: 134s | Remaining: 166s | Bin: 1
2026-07-06 13:52:14   --- UP ---
2026-07-06 13:52:14     Price:   LAST=0.3800  BID=0.3700  ASK=0.3800
2026-07-06 13:52:14     VWAP 60s: 0.4563  |  Deviation: -16.73%
2026-07-06 13:52:14     Z-Score 5s: -2.33  |  Momentum 90s: -21.33%
2026-07-06 13:52:14     Trades: 359  |  Volume: 10474
2026-07-06 13:52:14     Buy Vol: 10132  |  Sell Vol: 342
2026-07-06 13:52:14   --- DOWN ---
2026-07-06 13:52:14     Price:   LAST=0.6200  BID=0.6200  ASK=0.6300
2026-07-06 13:52:14     VWAP 60s: 0.5669  |  Deviation: +9.36%
2026-07-06 13:52:14     Z-Score 5s: +3.41  |  Momentum 90s: +17.79%
2026-07-06 13:52:14     Trades: 417  |  Volume: 9704
2026-07-06 13:52:14     Buy Vol: 9591  |  Sell Vol: 113
2026-07-06 13:52:14   Win Rate: 0.6%
2026-07-06 13:52:14   Config: min_price=0.6, max_price=0.9, min_elapsed=60s, dev_range=0.1%-100%, no_entry_cutoff=30s
2026-07-06 13:52:14   BTC Chainlink: $62,951.63 (anchor: $62,965.67)
2026-07-06 13:52:14   BTC Deviation: $-14.04 (-0.0223%)
2026-07-06 13:52:14 ============================================================
2026-07-06 13:52:14 MAIN ENTRY FAILED: Could not get price
2026-07-06 13:52:14 ============================================================
2026-07-06 13:52:14 TRADE SIGNAL TRIGGERED
2026-07-06 13:52:14   Time: 2026-07-06T13:52:14.357633
2026-07-06 13:52:14   Market: btc-updown-5m-1783320600
2026-07-06 13:52:14   Signal: BUY_DOWN
2026-07-06 13:52:14   Token: DOWN
2026-07-06 13:52:14   Elapsed: 134s | Remaining: 166s | Bin: 1
2026-07-06 13:52:14   --- UP ---
2026-07-06 13:52:14     Price:   LAST=0.3800  BID=0.3700  ASK=0.3800
2026-07-06 13:52:14     VWAP 60s: 0.4563  |  Deviation: -16.73%
2026-07-06 13:52:14     Z-Score 5s: -2.26  |  Momentum 90s: -21.02%
2026-07-06 13:52:14     Trades: 359  |  Volume: 10474
2026-07-06 13:52:14     Buy Vol: 10132  |  Sell Vol: 342
2026-07-06 13:52:14   --- DOWN ---
2026-07-06 13:52:14     Price:   LAST=0.6300  BID=0.6200  ASK=0.6300
2026-07-06 13:52:14     VWAP 60s: 0.5671  |  Deviation: +11.10%
2026-07-06 13:52:14     Z-Score 5s: +3.38  |  Momentum 90s: +19.62%
2026-07-06 13:52:14     Trades: 419  |  Volume: 9715
2026-07-06 13:52:14     Buy Vol: 9602  |  Sell Vol: 113
2026-07-06 13:52:14   Win Rate: 0.6%
2026-07-06 13:52:14   Config: min_price=0.6, max_price=0.9, min_elapsed=60s, dev_range=0.1%-100%, no_entry_cutoff=30s
2026-07-06 13:52:14   BTC Chainlink: $62,951.63 (anchor: $62,965.67)
2026-07-06 13:52:14   BTC Deviation: $-14.04 (-0.0223%)
2026-07-06 13:52:14 ============================================================
2026-07-06 13:52:14 MAIN ENTRY FAILED: Could not get price
2026-07-06 13:52:14 ============================================================
2026-07-06 13:52:14 TRADE SIGNAL TRIGGERED
2026-07-06 13:52:14   Time: 2026-07-06T13:52:14.616628
2026-07-06 13:52:14   Market: btc-updown-5m-1783320600
2026-07-06 13:52:14   Signal: BUY_DOWN
2026-07-06 13:52:14   Token: DOWN
2026-07-06 13:52:14   Elapsed: 135s | Remaining: 165s | Bin: 1
2026-07-06 13:52:14   --- UP ---
2026-07-06 13:52:14     Price:   LAST=0.3800  BID=0.3700  ASK=0.3800
2026-07-06 13:52:14     VWAP 60s: 0.4551  |  Deviation: -16.51%
2026-07-06 13:52:14     Z-Score 5s: -2.26  |  Momentum 90s: -20.83%
2026-07-06 13:52:14     Trades: 359  |  Volume: 10474
2026-07-06 13:52:14     Buy Vol: 10132  |  Sell Vol: 342
2026-07-06 13:52:14   --- DOWN ---
2026-07-06 13:52:14     Price:   LAST=0.6300  BID=0.6200  ASK=0.6300
2026-07-06 13:52:14     VWAP 60s: 0.5671  |  Deviation: +11.09%
2026-07-06 13:52:14     Z-Score 5s: +3.34  |  Momentum 90s: +19.43%
2026-07-06 13:52:14     Trades: 419  |  Volume: 9715
2026-07-06 13:52:14     Buy Vol: 9602  |  Sell Vol: 113
2026-07-06 13:52:14   Win Rate: 0.6%
2026-07-06 13:52:14   Config: min_price=0.6, max_price=0.9, min_elapsed=60s, dev_range=0.1%-100%, no_entry_cutoff=30s
2026-07-06 13:52:14   BTC Chainlink: $62,951.60 (anchor: $62,965.67)
2026-07-06 13:52:14   BTC Deviation: $-14.07 (-0.0223%)
2026-07-06 13:52:14 ============================================================
2026-07-06 13:52:14 MAIN ENTRY FAILED: Could not get price
2026-07-06 13:52:14 ============================================================
2026-07-06 13:52:14 TRADE SIGNAL TRIGGERED
2026-07-06 13:52:14   Time: 2026-07-06T13:52:14.868523
2026-07-06 13:52:14   Market: btc-updown-5m-1783320600
2026-07-06 13:52:14   Signal: BUY_DOWN
2026-07-06 13:52:14   Token: DOWN
2026-07-06 13:52:14   Elapsed: 135s | Remaining: 165s | Bin: 1
2026-07-06 13:52:14   --- UP ---
2026-07-06 13:52:14     Price:   LAST=0.3800  BID=0.3700  ASK=0.3800
2026-07-06 13:52:14     VWAP 60s: 0.4551  |  Deviation: -16.51%
2026-07-06 13:52:14     Z-Score 5s: -2.18  |  Momentum 90s: -20.83%
2026-07-06 13:52:14     Trades: 359  |  Volume: 10474
2026-07-06 13:52:14     Buy Vol: 10132  |  Sell Vol: 342
2026-07-06 13:52:14   --- DOWN ---
2026-07-06 13:52:14     Price:   LAST=0.6300  BID=0.6200  ASK=0.6300
2026-07-06 13:52:14     VWAP 60s: 0.5672  |  Deviation: +11.08%
2026-07-06 13:52:14     Z-Score 5s: +2.70  |  Momentum 90s: +19.07%
2026-07-06 13:52:14     Trades: 421  |  Volume: 9720
2026-07-06 13:52:14     Buy Vol: 9607  |  Sell Vol: 113
2026-07-06 13:52:14   Win Rate: 0.6%
2026-07-06 13:52:14   Config: min_price=0.6, max_price=0.9, min_elapsed=60s, dev_range=0.1%-100%, no_entry_cutoff=30s
2026-07-06 13:52:14   BTC Chainlink: $62,951.60 (anchor: $62,965.67)
2026-07-06 13:52:14   BTC Deviation: $-14.07 (-0.0223%)
2026-07-06 13:52:14 ============================================================
2026-07-06 13:52:14 MAIN ENTRY FAILED: Could not get price
2026-07-06 13:52:15 ============================================================
2026-07-06 13:52:15 TRADE SIGNAL TRIGGERED
2026-07-06 13:52:15   Time: 2026-07-06T13:52:15.125676
2026-07-06 13:52:15   Market: btc-updown-5m-1783320600
2026-07-06 13:52:15   Signal: BUY_DOWN
2026-07-06 13:52:15   Token: DOWN
2026-07-06 13:52:15   Elapsed: 135s | Remaining: 165s | Bin: 1
2026-07-06 13:52:15   --- UP ---
2026-07-06 13:52:15     Price:   LAST=0.3800  BID=0.3700  ASK=0.3800
2026-07-06 13:52:15     VWAP 60s: 0.4533  |  Deviation: -16.16%
2026-07-06 13:52:15     Z-Score 5s: -1.73  |  Momentum 90s: -20.83%
2026-07-06 13:52:15     Trades: 360  |  Volume: 10553
2026-07-06 13:52:15     Buy Vol: 10211  |  Sell Vol: 342
2026-07-06 13:52:15   --- DOWN ---
2026-07-06 13:52:15     Price:   LAST=0.6300  BID=0.6200  ASK=0.6300
2026-07-06 13:52:15     VWAP 60s: 0.5672  |  Deviation: +11.08%
2026-07-06 13:52:15     Z-Score 5s: +2.67  |  Momentum 90s: +18.87%
2026-07-06 13:52:15     Trades: 421  |  Volume: 9720
2026-07-06 13:52:15     Buy Vol: 9607  |  Sell Vol: 113
2026-07-06 13:52:15   Win Rate: 0.6%
2026-07-06 13:52:15   Config: min_price=0.6, max_price=0.9, min_elapsed=60s, dev_range=0.1%-100%, no_entry_cutoff=30s
2026-07-06 13:52:15   BTC Chainlink: $62,951.60 (anchor: $62,965.67)
2026-07-06 13:52:15   BTC Deviation: $-14.07 (-0.0223%)
2026-07-06 13:52:15 ============================================================
2026-07-06 13:52:15 MAIN ENTRY FAILED: Could not get price
2026-07-06 13:52:15 ============================================================
2026-07-06 13:52:15 TRADE SIGNAL TRIGGERED
2026-07-06 13:52:15   Time: 2026-07-06T13:52:15.377046
2026-07-06 13:52:15   Market: btc-updown-5m-1783320600
2026-07-06 13:52:15   Signal: BUY_DOWN
2026-07-06 13:52:15   Token: DOWN
2026-07-06 13:52:15   Elapsed: 135s | Remaining: 165s | Bin: 1
2026-07-06 13:52:15   --- UP ---
2026-07-06 13:52:15     Price:   LAST=0.3800  BID=0.3900  ASK=0.4000
2026-07-06 13:52:15     VWAP 60s: 0.4533  |  Deviation: -16.16%
2026-07-06 13:52:15     Z-Score 5s: -1.54  |  Momentum 90s: -20.83%
2026-07-06 13:52:15     Trades: 360  |  Volume: 10553
2026-07-06 13:52:15     Buy Vol: 10211  |  Sell Vol: 342
2026-07-06 13:52:15   --- DOWN ---
2026-07-06 13:52:15     Price:   LAST=0.6300  BID=0.6000  ASK=0.6100
2026-07-06 13:52:15     VWAP 60s: 0.5672  |  Deviation: +11.08%
2026-07-06 13:52:15     Z-Score 5s: +2.57  |  Momentum 90s: +18.87%
2026-07-06 13:52:15     Trades: 421  |  Volume: 9720
2026-07-06 13:52:15     Buy Vol: 9607  |  Sell Vol: 113
2026-07-06 13:52:15   Win Rate: 0.6%
2026-07-06 13:52:15   Config: min_price=0.6, max_price=0.9, min_elapsed=60s, dev_range=0.1%-100%, no_entry_cutoff=30s
2026-07-06 13:52:15   BTC Chainlink: $62,951.60 (anchor: $62,965.67)
2026-07-06 13:52:15   BTC Deviation: $-14.07 (-0.0223%)
2026-07-06 13:52:15 ============================================================
2026-07-06 13:52:15 MAIN ENTRY FAILED: Could not get price
2026-07-06 13:52:15 ============================================================
2026-07-06 13:52:15 TRADE SIGNAL TRIGGERED
2026-07-06 13:52:15   Time: 2026-07-06T13:52:15.634654
2026-07-06 13:52:15   Market: btc-updown-5m-1783320600
2026-07-06 13:52:15   Signal: BUY_DOWN
2026-07-06 13:52:15   Token: DOWN
2026-07-06 13:52:15   Elapsed: 136s | Remaining: 164s | Bin: 1
2026-07-06 13:52:15   --- UP ---
2026-07-06 13:52:15     Price:   LAST=0.4000  BID=0.3900  ASK=0.4000
2026-07-06 13:52:15     VWAP 60s: 0.4466  |  Deviation: -10.43%
2026-07-06 13:52:15     Z-Score 5s: -0.45  |  Momentum 90s: -16.67%
2026-07-06 13:52:15     Trades: 362  |  Volume: 11422
2026-07-06 13:52:15     Buy Vol: 11080  |  Sell Vol: 342
2026-07-06 13:52:15   --- DOWN ---
2026-07-06 13:52:15     Price:   LAST=0.6300  BID=0.6000  ASK=0.6100
2026-07-06 13:52:15     VWAP 60s: 0.5674  |  Deviation: +11.04%
2026-07-06 13:52:15     Z-Score 5s: +2.54  |  Momentum 90s: +18.87%
2026-07-06 13:52:15     Trades: 421  |  Volume: 9720
2026-07-06 13:52:15     Buy Vol: 9607  |  Sell Vol: 113
2026-07-06 13:52:15   Win Rate: 0.6%
2026-07-06 13:52:15   Config: min_price=0.6, max_price=0.9, min_elapsed=60s, dev_range=0.1%-100%, no_entry_cutoff=30s
2026-07-06 13:52:15   BTC Chainlink: $62,951.60 (anchor: $62,965.67)
2026-07-06 13:52:15   BTC Deviation: $-14.06 (-0.0223%)
2026-07-06 13:52:15 ============================================================
2026-07-06 13:52:15 MAIN ENTRY FAILED: Could not get price
2026-07-06 13:52:15 ============================================================
2026-07-06 13:52:15 TRADE SIGNAL TRIGGERED
2026-07-06 13:52:15   Time: 2026-07-06T13:52:15.888213
2026-07-06 13:52:15   Market: btc-updown-5m-1783320600
2026-07-06 13:52:15   Signal: BUY_DOWN
2026-07-06 13:52:15   Token: DOWN
2026-07-06 13:52:15   Elapsed: 136s | Remaining: 164s | Bin: 1
2026-07-06 13:52:15   --- UP ---
2026-07-06 13:52:15     Price:   LAST=0.4000  BID=0.3900  ASK=0.4000
2026-07-06 13:52:15     VWAP 60s: 0.4465  |  Deviation: -10.41%
2026-07-06 13:52:15     Z-Score 5s: -0.39  |  Momentum 90s: -16.67%
2026-07-06 13:52:15     Trades: 362  |  Volume: 11422
2026-07-06 13:52:15     Buy Vol: 11080  |  Sell Vol: 342
2026-07-06 13:52:15   --- DOWN ---
2026-07-06 13:52:15     Price:   LAST=0.6100  BID=0.6000  ASK=0.6100
2026-07-06 13:52:15     VWAP 60s: 0.5674  |  Deviation: +7.51%
2026-07-06 13:52:15     Z-Score 5s: +0.95  |  Momentum 90s: +15.09%
2026-07-06 13:52:15     Trades: 422  |  Volume: 9721
2026-07-06 13:52:15     Buy Vol: 9609  |  Sell Vol: 113
2026-07-06 13:52:15   Win Rate: 0.6%
2026-07-06 13:52:15   Config: min_price=0.6, max_price=0.9, min_elapsed=60s, dev_range=0.1%-100%, no_entry_cutoff=30s
2026-07-06 13:52:15   BTC Chainlink: $62,951.60 (anchor: $62,965.67)
2026-07-06 13:52:15   BTC Deviation: $-14.06 (-0.0223%)
2026-07-06 13:52:15 ============================================================
2026-07-06 13:52:15 MAIN ENTRY FAILED: Could not get price
2026-07-06 13:52:16 ============================================================
2026-07-06 13:52:16 TRADE SIGNAL TRIGGERED
2026-07-06 13:52:16   Time: 2026-07-06T13:52:16.140260
2026-07-06 13:52:16   Market: btc-updown-5m-1783320600
2026-07-06 13:52:16   Signal: BUY_DOWN
2026-07-06 13:52:16   Token: DOWN
2026-07-06 13:52:16   Elapsed: 136s | Remaining: 164s | Bin: 1
2026-07-06 13:52:16   --- UP ---
2026-07-06 13:52:16     Price:   LAST=0.4000  BID=0.3900  ASK=0.4000
2026-07-06 13:52:16     VWAP 60s: 0.4464  |  Deviation: -10.40%
2026-07-06 13:52:16     Z-Score 5s: -0.31  |  Momentum 90s: -16.67%
2026-07-06 13:52:16     Trades: 362  |  Volume: 11422
2026-07-06 13:52:16     Buy Vol: 11080  |  Sell Vol: 342
2026-07-06 13:52:16   --- DOWN ---
2026-07-06 13:52:16     Price:   LAST=0.6100  BID=0.6000  ASK=0.6100
2026-07-06 13:52:16     VWAP 60s: 0.5674  |  Deviation: +7.51%
2026-07-06 13:52:16     Z-Score 5s: +0.93  |  Momentum 90s: +15.09%
2026-07-06 13:52:16     Trades: 422  |  Volume: 9721
2026-07-06 13:52:16     Buy Vol: 9609  |  Sell Vol: 113
2026-07-06 13:52:16   Win Rate: 0.6%
2026-07-06 13:52:16   Config: min_price=0.6, max_price=0.9, min_elapsed=60s, dev_range=0.1%-100%, no_entry_cutoff=30s
2026-07-06 13:52:16   BTC Chainlink: $62,951.60 (anchor: $62,965.67)
2026-07-06 13:52:16   BTC Deviation: $-14.06 (-0.0223%)
2026-07-06 13:52:16 ============================================================
2026-07-06 13:52:16 MAIN ENTRY FAILED: Could not get price
2026-07-06 13:52:16 ============================================================
2026-07-06 13:52:16 TRADE SIGNAL TRIGGERED
2026-07-06 13:52:16   Time: 2026-07-06T13:52:16.394537
2026-07-06 13:52:16   Market: btc-updown-5m-1783320600
2026-07-06 13:52:16   Signal: BUY_DOWN
2026-07-06 13:52:16   Token: DOWN
2026-07-06 13:52:16   Elapsed: 136s | Remaining: 164s | Bin: 1
2026-07-06 13:52:16   --- UP ---
2026-07-06 13:52:16     Price:   LAST=0.4000  BID=0.3900  ASK=0.4000
2026-07-06 13:52:16     VWAP 60s: 0.4459  |  Deviation: -10.29%
2026-07-06 13:52:16     Z-Score 5s: -0.22  |  Momentum 90s: -16.67%
2026-07-06 13:52:16     Trades: 363  |  Volume: 11462
2026-07-06 13:52:16     Buy Vol: 11120  |  Sell Vol: 342
2026-07-06 13:52:16   --- DOWN ---
2026-07-06 13:52:16     Price:   LAST=0.6100  BID=0.6000  ASK=0.6100
2026-07-06 13:52:16     VWAP 60s: 0.5674  |  Deviation: +7.51%
2026-07-06 13:52:16     Z-Score 5s: +0.87  |  Momentum 90s: +15.09%
2026-07-06 13:52:16     Trades: 422  |  Volume: 9721
2026-07-06 13:52:16     Buy Vol: 9609  |  Sell Vol: 113
2026-07-06 13:52:16   Win Rate: 0.6%
2026-07-06 13:52:16   Config: min_price=0.6, max_price=0.9, min_elapsed=60s, dev_range=0.1%-100%, no_entry_cutoff=30s
2026-07-06 13:52:16   BTC Chainlink: $62,951.60 (anchor: $62,965.67)
2026-07-06 13:52:16   BTC Deviation: $-14.06 (-0.0223%)
2026-07-06 13:52:16 ============================================================
2026-07-06 13:52:16 MAIN ENTRY FAILED: Could not get price
2026-07-06 13:52:16 ============================================================
2026-07-06 13:52:16 TRADE SIGNAL TRIGGERED
2026-07-06 13:52:16   Time: 2026-07-06T13:52:16.658717
2026-07-06 13:52:16   Market: btc-updown-5m-1783320600
2026-07-06 13:52:16   Signal: BUY_DOWN
2026-07-06 13:52:16   Token: DOWN
2026-07-06 13:52:16   Elapsed: 137s | Remaining: 163s | Bin: 1
2026-07-06 13:52:16   --- UP ---
2026-07-06 13:52:16     Price:   LAST=0.4000  BID=0.3900  ASK=0.4000
2026-07-06 13:52:16     VWAP 60s: 0.4458  |  Deviation: -10.27%
2026-07-06 13:52:16     Z-Score 5s: +0.41  |  Momentum 90s: -16.67%
2026-07-06 13:52:16     Trades: 363  |  Volume: 11462
2026-07-06 13:52:16     Buy Vol: 11120  |  Sell Vol: 342
2026-07-06 13:52:16   --- DOWN ---
2026-07-06 13:52:16     Price:   LAST=0.6100  BID=0.6000  ASK=0.6100
2026-07-06 13:52:16     VWAP 60s: 0.5674  |  Deviation: +7.51%
2026-07-06 13:52:16     Z-Score 5s: +0.75  |  Momentum 90s: +15.09%
2026-07-06 13:52:16     Trades: 422  |  Volume: 9721
2026-07-06 13:52:16     Buy Vol: 9609  |  Sell Vol: 113
2026-07-06 13:52:16   Win Rate: 0.6%
2026-07-06 13:52:16   Config: min_price=0.6, max_price=0.9, min_elapsed=60s, dev_range=0.1%-100%, no_entry_cutoff=30s
2026-07-06 13:52:16   BTC Chainlink: $62,951.60 (anchor: $62,965.67)
2026-07-06 13:52:16   BTC Deviation: $-14.06 (-0.0223%)
2026-07-06 13:52:16 ============================================================
2026-07-06 13:52:16 MAIN ENTRY FAILED: Could not get price
2026-07-06 13:52:16 ============================================================
2026-07-06 13:52:16 TRADE SIGNAL TRIGGERED
2026-07-06 13:52:16   Time: 2026-07-06T13:52:16.919806
2026-07-06 13:52:16   Market: btc-updown-5m-1783320600
2026-07-06 13:52:16   Signal: BUY_DOWN
2026-07-06 13:52:16   Token: DOWN
2026-07-06 13:52:16   Elapsed: 137s | Remaining: 163s | Bin: 1
2026-07-06 13:52:16   --- UP ---
2026-07-06 13:52:16     Price:   LAST=0.4000  BID=0.3900  ASK=0.4000
2026-07-06 13:52:16     VWAP 60s: 0.4444  |  Deviation: -9.99%
2026-07-06 13:52:16     Z-Score 5s: +0.38  |  Momentum 90s: -16.67%
2026-07-06 13:52:16     Trades: 364  |  Volume: 11475
2026-07-06 13:52:16     Buy Vol: 11133  |  Sell Vol: 342
2026-07-06 13:52:16   --- DOWN ---
2026-07-06 13:52:16     Price:   LAST=0.6100  BID=0.6000  ASK=0.6100
2026-07-06 13:52:16     VWAP 60s: 0.5674  |  Deviation: +7.51%
2026-07-06 13:52:16     Z-Score 5s: +0.61  |  Momentum 90s: +15.09%
2026-07-06 13:52:16     Trades: 422  |  Volume: 9721
2026-07-06 13:52:16     Buy Vol: 9609  |  Sell Vol: 113
2026-07-06 13:52:16   Win Rate: 0.6%
2026-07-06 13:52:16   Config: min_price=0.6, max_price=0.9, min_elapsed=60s, dev_range=0.1%-100%, no_entry_cutoff=30s
2026-07-06 13:52:16   BTC Chainlink: $62,951.60 (anchor: $62,965.67)
2026-07-06 13:52:16   BTC Deviation: $-14.07 (-0.0223%)
2026-07-06 13:52:16 ============================================================
2026-07-06 13:52:16 MAIN ENTRY FAILED: Could not get price
2026-07-06 13:52:17 ============================================================
2026-07-06 13:52:17 TRADE SIGNAL TRIGGERED
2026-07-06 13:52:17   Time: 2026-07-06T13:52:17.179746
2026-07-06 13:52:17   Market: btc-updown-5m-1783320600
2026-07-06 13:52:17   Signal: BUY_DOWN
2026-07-06 13:52:17   Token: DOWN
2026-07-06 13:52:17   Elapsed: 137s | Remaining: 163s | Bin: 1
2026-07-06 13:52:17   --- UP ---
2026-07-06 13:52:17     Price:   LAST=0.4000  BID=0.3900  ASK=0.4000
2026-07-06 13:52:17     VWAP 60s: 0.4441  |  Deviation: -9.93%
2026-07-06 13:52:17     Z-Score 5s: +0.38  |  Momentum 90s: -15.79%
2026-07-06 13:52:17     Trades: 364  |  Volume: 11475
2026-07-06 13:52:17     Buy Vol: 11133  |  Sell Vol: 342
2026-07-06 13:52:17   --- DOWN ---
2026-07-06 13:52:17     Price:   LAST=0.6100  BID=0.6000  ASK=0.6100
2026-07-06 13:52:17     VWAP 60s: 0.5689  |  Deviation: +7.22%
2026-07-06 13:52:17     Z-Score 5s: +0.50  |  Momentum 90s: +14.88%
2026-07-06 13:52:17     Trades: 423  |  Volume: 9738
2026-07-06 13:52:17     Buy Vol: 9625  |  Sell Vol: 113
2026-07-06 13:52:17   Win Rate: 0.6%
2026-07-06 13:52:17   Config: min_price=0.6, max_price=0.9, min_elapsed=60s, dev_range=0.1%-100%, no_entry_cutoff=30s
2026-07-06 13:52:17   BTC Chainlink: $62,951.60 (anchor: $62,965.67)
2026-07-06 13:52:17   BTC Deviation: $-14.07 (-0.0223%)
2026-07-06 13:52:17 ============================================================
2026-07-06 13:52:17 MAIN ENTRY FAILED: Could not get price
2026-07-06 13:52:17 ============================================================
2026-07-06 13:52:17 TRADE SIGNAL TRIGGERED
2026-07-06 13:52:17   Time: 2026-07-06T13:52:17.431840
2026-07-06 13:52:17   Market: btc-updown-5m-1783320600
2026-07-06 13:52:17   Signal: BUY_DOWN
2026-07-06 13:52:17   Token: DOWN
2026-07-06 13:52:17   Elapsed: 137s | Remaining: 163s | Bin: 1
2026-07-06 13:52:17   --- UP ---
2026-07-06 13:52:17     Price:   LAST=0.4000  BID=0.3900  ASK=0.4000
2026-07-06 13:52:17     VWAP 60s: 0.4439  |  Deviation: -9.89%
2026-07-06 13:52:17     Z-Score 5s: +0.38  |  Momentum 90s: -15.49%
2026-07-06 13:52:17     Trades: 364  |  Volume: 11475
2026-07-06 13:52:17     Buy Vol: 11133  |  Sell Vol: 342
2026-07-06 13:52:17   --- DOWN ---
2026-07-06 13:52:17     Price:   LAST=0.6100  BID=0.6000  ASK=0.6100
2026-07-06 13:52:17     VWAP 60s: 0.5705  |  Deviation: +6.92%
2026-07-06 13:52:17     Z-Score 5s: +0.42  |  Momentum 90s: +14.85%
2026-07-06 13:52:17     Trades: 424  |  Volume: 9941
2026-07-06 13:52:17     Buy Vol: 9828  |  Sell Vol: 113
2026-07-06 13:52:17   Win Rate: 0.6%
2026-07-06 13:52:17   Config: min_price=0.6, max_price=0.9, min_elapsed=60s, dev_range=0.1%-100%, no_entry_cutoff=30s
2026-07-06 13:52:17   BTC Chainlink: $62,951.60 (anchor: $62,965.67)
2026-07-06 13:52:17   BTC Deviation: $-14.07 (-0.0223%)
2026-07-06 13:52:17 ============================================================
2026-07-06 13:52:17 MAIN ENTRY FAILED: Could not get price
2026-07-06 13:52:17 ============================================================
2026-07-06 13:52:17 TRADE SIGNAL TRIGGERED
2026-07-06 13:52:17   Time: 2026-07-06T13:52:17.685118
2026-07-06 13:52:17   Market: btc-updown-5m-1783320600
2026-07-06 13:52:17   Signal: BUY_DOWN
2026-07-06 13:52:17   Token: DOWN
2026-07-06 13:52:17   Elapsed: 138s | Remaining: 162s | Bin: 1
2026-07-06 13:52:17   --- UP ---
2026-07-06 13:52:17     Price:   LAST=0.4000  BID=0.3900  ASK=0.4000
2026-07-06 13:52:17     VWAP 60s: 0.4439  |  Deviation: -9.89%
2026-07-06 13:52:17     Z-Score 5s: +0.57  |  Momentum 90s: -14.44%
2026-07-06 13:52:17     Trades: 364  |  Volume: 11475
2026-07-06 13:52:17     Buy Vol: 11133  |  Sell Vol: 342
2026-07-06 13:52:17   --- DOWN ---
2026-07-06 13:52:17     Price:   LAST=0.6100  BID=0.6000  ASK=0.6100
2026-07-06 13:52:17     VWAP 60s: 0.5708  |  Deviation: +6.87%
2026-07-06 13:52:17     Z-Score 5s: +0.38  |  Momentum 90s: +13.49%
2026-07-06 13:52:17     Trades: 424  |  Volume: 9941
2026-07-06 13:52:17     Buy Vol: 9828  |  Sell Vol: 113
2026-07-06 13:52:17   Win Rate: 0.6%
2026-07-06 13:52:17   Config: min_price=0.6, max_price=0.9, min_elapsed=60s, dev_range=0.1%-100%, no_entry_cutoff=30s
2026-07-06 13:52:17   BTC Chainlink: $62,951.61 (anchor: $62,965.67)
2026-07-06 13:52:17   BTC Deviation: $-14.06 (-0.0223%)
2026-07-06 13:52:17 ============================================================
2026-07-06 13:52:17 MAIN ENTRY FAILED: Could not get price
2026-07-06 13:52:17 ============================================================
2026-07-06 13:52:17 TRADE SIGNAL TRIGGERED
2026-07-06 13:52:17   Time: 2026-07-06T13:52:17.938368
2026-07-06 13:52:17   Market: btc-updown-5m-1783320600
2026-07-06 13:52:17   Signal: BUY_DOWN
2026-07-06 13:52:17   Token: DOWN
2026-07-06 13:52:17   Elapsed: 138s | Remaining: 162s | Bin: 1
2026-07-06 13:52:17   --- UP ---
2026-07-06 13:52:17     Price:   LAST=0.4000  BID=0.3900  ASK=0.4000
2026-07-06 13:52:17     VWAP 60s: 0.4438  |  Deviation: -9.86%
2026-07-06 13:52:17     Z-Score 5s: +0.57  |  Momentum 90s: -11.89%
2026-07-06 13:52:17     Trades: 364  |  Volume: 11475
2026-07-06 13:52:17     Buy Vol: 11133  |  Sell Vol: 342
2026-07-06 13:52:17   --- DOWN ---
2026-07-06 13:52:17     Price:   LAST=0.6100  BID=0.6000  ASK=0.6100
2026-07-06 13:52:17     VWAP 60s: 0.5712  |  Deviation: +6.79%
2026-07-06 13:52:17     Z-Score 5s: +0.28  |  Momentum 90s: +11.76%
2026-07-06 13:52:17     Trades: 428  |  Volume: 9998
2026-07-06 13:52:17     Buy Vol: 9885  |  Sell Vol: 113
2026-07-06 13:52:17   Win Rate: 0.6%
2026-07-06 13:52:17   Config: min_price=0.6, max_price=0.9, min_elapsed=60s, dev_range=0.1%-100%, no_entry_cutoff=30s
2026-07-06 13:52:17   BTC Chainlink: $62,951.61 (anchor: $62,965.67)
2026-07-06 13:52:17   BTC Deviation: $-14.06 (-0.0223%)
2026-07-06 13:52:17 ============================================================
2026-07-06 13:52:17 MAIN ENTRY FAILED: Could not get price
2026-07-06 13:52:18 ============================================================
2026-07-06 13:52:18 TRADE SIGNAL TRIGGERED
2026-07-06 13:52:18   Time: 2026-07-06T13:52:18.189934
2026-07-06 13:52:18   Market: btc-updown-5m-1783320600
2026-07-06 13:52:18   Signal: BUY_DOWN
2026-07-06 13:52:18   Token: DOWN
2026-07-06 13:52:18   Elapsed: 138s | Remaining: 162s | Bin: 1
2026-07-06 13:52:18   --- UP ---
2026-07-06 13:52:18     Price:   LAST=0.4000  BID=0.3900  ASK=0.4000
2026-07-06 13:52:18     VWAP 60s: 0.4438  |  Deviation: -9.86%
2026-07-06 13:52:18     Z-Score 5s: +0.57  |  Momentum 90s: -11.11%
2026-07-06 13:52:18     Trades: 364  |  Volume: 11475
2026-07-06 13:52:18     Buy Vol: 11133  |  Sell Vol: 342
2026-07-06 13:52:18   --- DOWN ---
2026-07-06 13:52:18     Price:   LAST=0.6100  BID=0.6000  ASK=0.6100
2026-07-06 13:52:18     VWAP 60s: 0.5713  |  Deviation: +6.77%
2026-07-06 13:52:18     Z-Score 5s: +0.19  |  Momentum 90s: +11.76%
2026-07-06 13:52:18     Trades: 429  |  Volume: 10000
2026-07-06 13:52:18     Buy Vol: 9887  |  Sell Vol: 113
2026-07-06 13:52:18   Win Rate: 0.6%
2026-07-06 13:52:18   Config: min_price=0.6, max_price=0.9, min_elapsed=60s, dev_range=0.1%-100%, no_entry_cutoff=30s
2026-07-06 13:52:18   BTC Chainlink: $62,951.45 (anchor: $62,965.67)
2026-07-06 13:52:18   BTC Deviation: $-14.22 (-0.0226%)
2026-07-06 13:52:18 ============================================================
2026-07-06 13:52:18 MAIN ENTRY FAILED: Could not get price
2026-07-06 13:52:18 ============================================================
2026-07-06 13:52:18 TRADE SIGNAL TRIGGERED
2026-07-06 13:52:18   Time: 2026-07-06T13:52:18.443004
2026-07-06 13:52:18   Market: btc-updown-5m-1783320600
2026-07-06 13:52:18   Signal: BUY_DOWN
2026-07-06 13:52:18   Token: DOWN
2026-07-06 13:52:18   Elapsed: 138s | Remaining: 162s | Bin: 1
2026-07-06 13:52:18   --- UP ---
2026-07-06 13:52:18     Price:   LAST=0.4000  BID=0.3900  ASK=0.4000
2026-07-06 13:52:18     VWAP 60s: 0.4438  |  Deviation: -9.86%
2026-07-06 13:52:18     Z-Score 5s: +0.57  |  Momentum 90s: -10.39%
2026-07-06 13:52:18     Trades: 364  |  Volume: 11475
2026-07-06 13:52:18     Buy Vol: 11133  |  Sell Vol: 342
2026-07-06 13:52:18   --- DOWN ---
2026-07-06 13:52:18     Price:   LAST=0.6100  BID=0.6000  ASK=0.6100
2026-07-06 13:52:18     VWAP 60s: 0.5713  |  Deviation: +6.77%
2026-07-06 13:52:18     Z-Score 5s: -0.11  |  Momentum 90s: +11.76%
2026-07-06 13:52:18     Trades: 429  |  Volume: 10000
2026-07-06 13:52:18     Buy Vol: 9887  |  Sell Vol: 113
2026-07-06 13:52:18   Win Rate: 0.6%
2026-07-06 13:52:18   Config: min_price=0.6, max_price=0.9, min_elapsed=60s, dev_range=0.1%-100%, no_entry_cutoff=30s
2026-07-06 13:52:18   BTC Chainlink: $62,951.45 (anchor: $62,965.67)
2026-07-06 13:52:18   BTC Deviation: $-14.22 (-0.0226%)
2026-07-06 13:52:18 ============================================================
2026-07-06 13:52:18 MAIN ENTRY FAILED: Could not get price
2026-07-06 13:52:18 ============================================================
2026-07-06 13:52:18 TRADE SIGNAL TRIGGERED
2026-07-06 13:52:18   Time: 2026-07-06T13:52:18.695608
2026-07-06 13:52:18   Market: btc-updown-5m-1783320600
2026-07-06 13:52:18   Signal: BUY_DOWN
2026-07-06 13:52:18   Token: DOWN
2026-07-06 13:52:18   Elapsed: 139s | Remaining: 161s | Bin: 1
2026-07-06 13:52:18   --- UP ---
2026-07-06 13:52:18     Price:   LAST=0.4000  BID=0.3900  ASK=0.4000
2026-07-06 13:52:18     VWAP 60s: 0.4437  |  Deviation: -9.85%
2026-07-06 13:52:18     Z-Score 5s: +0.53  |  Momentum 90s: -9.57%
2026-07-06 13:52:18     Trades: 365  |  Volume: 11480
2026-07-06 13:52:18     Buy Vol: 11138  |  Sell Vol: 342
2026-07-06 13:52:18   --- DOWN ---
2026-07-06 13:52:18     Price:   LAST=0.6100  BID=0.6000  ASK=0.6100
2026-07-06 13:52:18     VWAP 60s: 0.5718  |  Deviation: +6.68%
2026-07-06 13:52:18     Z-Score 5s: -0.76  |  Momentum 90s: +10.24%
2026-07-06 13:52:18     Trades: 429  |  Volume: 10000
2026-07-06 13:52:18     Buy Vol: 9887  |  Sell Vol: 113
2026-07-06 13:52:18   Win Rate: 0.6%
2026-07-06 13:52:18   Config: min_price=0.6, max_price=0.9, min_elapsed=60s, dev_range=0.1%-100%, no_entry_cutoff=30s
2026-07-06 13:52:18   BTC Chainlink: $62,951.45 (anchor: $62,965.67)
2026-07-06 13:52:18   BTC Deviation: $-14.22 (-0.0226%)
2026-07-06 13:52:18 ============================================================
2026-07-06 13:52:18 MAIN ENTRY FAILED: Could not get price
2026-07-06 13:52:18 ============================================================
2026-07-06 13:52:18 TRADE SIGNAL TRIGGERED
2026-07-06 13:52:18   Time: 2026-07-06T13:52:18.949351
2026-07-06 13:52:18   Market: btc-updown-5m-1783320600
2026-07-06 13:52:18   Signal: BUY_DOWN
2026-07-06 13:52:18   Token: DOWN
2026-07-06 13:52:18   Elapsed: 139s | Remaining: 161s | Bin: 1
2026-07-06 13:52:18   --- UP ---
2026-07-06 13:52:18     Price:   LAST=0.4000  BID=0.3800  ASK=0.3900
2026-07-06 13:52:18     VWAP 60s: 0.4436  |  Deviation: -9.83%
2026-07-06 13:52:18     Z-Score 5s: +0.38  |  Momentum 90s: -8.48%
2026-07-06 13:52:18     Trades: 365  |  Volume: 11480
2026-07-06 13:52:18     Buy Vol: 11138  |  Sell Vol: 342
2026-07-06 13:52:18   --- DOWN ---
2026-07-06 13:52:18     Price:   LAST=0.6100  BID=0.6100  ASK=0.6200
2026-07-06 13:52:18     VWAP 60s: 0.5723  |  Deviation: +6.58%
2026-07-06 13:52:18     Z-Score 5s: -0.81  |  Momentum 90s: +10.04%
2026-07-06 13:52:18     Trades: 429  |  Volume: 10000
2026-07-06 13:52:18     Buy Vol: 9887  |  Sell Vol: 113
2026-07-06 13:52:18   Win Rate: 0.6%
2026-07-06 13:52:18   Config: min_price=0.6, max_price=0.9, min_elapsed=60s, dev_range=0.1%-100%, no_entry_cutoff=30s
2026-07-06 13:52:18   BTC Chainlink: $62,951.45 (anchor: $62,965.67)
2026-07-06 13:52:18   BTC Deviation: $-14.22 (-0.0226%)
2026-07-06 13:52:18 ============================================================
2026-07-06 13:52:18 MAIN ENTRY FAILED: Could not get price
2026-07-06 13:52:19 ============================================================
2026-07-06 13:52:19 TRADE SIGNAL TRIGGERED
2026-07-06 13:52:19   Time: 2026-07-06T13:52:19.203340
2026-07-06 13:52:19   Market: btc-updown-5m-1783320600
2026-07-06 13:52:19   Signal: BUY_DOWN
2026-07-06 13:52:19   Token: DOWN
2026-07-06 13:52:19   Elapsed: 139s | Remaining: 161s | Bin: 1
2026-07-06 13:52:19   --- UP ---
2026-07-06 13:52:19     Price:   LAST=0.3900  BID=0.3700  ASK=0.3800
2026-07-06 13:52:19     VWAP 60s: 0.4430  |  Deviation: -11.97%
2026-07-06 13:52:19     Z-Score 5s: -0.75  |  Momentum 90s: -9.88%
2026-07-06 13:52:19     Trades: 366  |  Volume: 11485
2026-07-06 13:52:19     Buy Vol: 11138  |  Sell Vol: 347
2026-07-06 13:52:19   --- DOWN ---
2026-07-06 13:52:19     Price:   LAST=0.6200  BID=0.6200  ASK=0.6300
2026-07-06 13:52:19     VWAP 60s: 0.5725  |  Deviation: +8.30%
2026-07-06 13:52:19     Z-Score 5s: +0.44  |  Momentum 90s: +11.84%
2026-07-06 13:52:19     Trades: 431  |  Volume: 10020
2026-07-06 13:52:19     Buy Vol: 9907  |  Sell Vol: 113
2026-07-06 13:52:19   Win Rate: 0.6%
2026-07-06 13:52:19   Config: min_price=0.6, max_price=0.9, min_elapsed=60s, dev_range=0.1%-100%, no_entry_cutoff=30s
2026-07-06 13:52:19   BTC Chainlink: $62,951.44 (anchor: $62,965.67)
2026-07-06 13:52:19   BTC Deviation: $-14.22 (-0.0226%)
2026-07-06 13:52:19 ============================================================
2026-07-06 13:52:19 MAIN ENTRY FAILED: Could not get price
2026-07-06 13:52:19 ============================================================
2026-07-06 13:52:19 TRADE SIGNAL TRIGGERED
2026-07-06 13:52:19   Time: 2026-07-06T13:52:19.455255
2026-07-06 13:52:19   Market: btc-updown-5m-1783320600
2026-07-06 13:52:19   Signal: BUY_DOWN
2026-07-06 13:52:19   Token: DOWN
2026-07-06 13:52:19   Elapsed: 139s | Remaining: 161s | Bin: 1
2026-07-06 13:52:19   --- UP ---
2026-07-06 13:52:19     Price:   LAST=0.3900  BID=0.3700  ASK=0.3800
2026-07-06 13:52:19     VWAP 60s: 0.4430  |  Deviation: -11.97%
2026-07-06 13:52:19     Z-Score 5s: -0.75  |  Momentum 90s: -9.62%
2026-07-06 13:52:19     Trades: 366  |  Volume: 11485
2026-07-06 13:52:19     Buy Vol: 11138  |  Sell Vol: 347
2026-07-06 13:52:19   --- DOWN ---
2026-07-06 13:52:19     Price:   LAST=0.6200  BID=0.6200  ASK=0.6300
2026-07-06 13:52:19     VWAP 60s: 0.5725  |  Deviation: +8.29%
2026-07-06 13:52:19     Z-Score 5s: +0.63  |  Momentum 90s: +10.50%
2026-07-06 13:52:19     Trades: 431  |  Volume: 10020
2026-07-06 13:52:19     Buy Vol: 9907  |  Sell Vol: 113
2026-07-06 13:52:19   Win Rate: 0.6%
2026-07-06 13:52:19   Config: min_price=0.6, max_price=0.9, min_elapsed=60s, dev_range=0.1%-100%, no_entry_cutoff=30s
2026-07-06 13:52:19   BTC Chainlink: $62,951.44 (anchor: $62,965.67)
2026-07-06 13:52:19   BTC Deviation: $-14.22 (-0.0226%)
2026-07-06 13:52:19 ============================================================
2026-07-06 13:52:19 MAIN ENTRY FAILED: Could not get price
2026-07-06 13:52:19 ============================================================
2026-07-06 13:52:19 TRADE SIGNAL TRIGGERED
2026-07-06 13:52:19   Time: 2026-07-06T13:52:19.710314
2026-07-06 13:52:19   Market: btc-updown-5m-1783320600
2026-07-06 13:52:19   Signal: BUY_DOWN
2026-07-06 13:52:19   Token: DOWN
2026-07-06 13:52:19   Elapsed: 140s | Remaining: 160s | Bin: 1
2026-07-06 13:52:19   --- UP ---
2026-07-06 13:52:19     Price:   LAST=0.3800  BID=0.3700  ASK=0.3800
2026-07-06 13:52:19     VWAP 60s: 0.4403  |  Deviation: -13.69%
2026-07-06 13:52:19     Z-Score 5s: -1.40  |  Momentum 90s: -11.82%
2026-07-06 13:52:19     Trades: 367  |  Volume: 11498
2026-07-06 13:52:19     Buy Vol: 11151  |  Sell Vol: 347
2026-07-06 13:52:19   --- DOWN ---
2026-07-06 13:52:19     Price:   LAST=0.6300  BID=0.6200  ASK=0.6300
2026-07-06 13:52:19     VWAP 60s: 0.5727  |  Deviation: +10.01%
2026-07-06 13:52:19     Z-Score 5s: +1.28  |  Momentum 90s: +11.97%
2026-07-06 13:52:19     Trades: 434  |  Volume: 10032
2026-07-06 13:52:19     Buy Vol: 9919  |  Sell Vol: 113
2026-07-06 13:52:19   Win Rate: 0.6%
2026-07-06 13:52:19   Config: min_price=0.6, max_price=0.9, min_elapsed=60s, dev_range=0.1%-100%, no_entry_cutoff=30s
2026-07-06 13:52:19   BTC Chainlink: $62,951.44 (anchor: $62,965.67)
2026-07-06 13:52:19   BTC Deviation: $-14.22 (-0.0226%)
2026-07-06 13:52:19 ============================================================
2026-07-06 13:52:19 MAIN ENTRY FAILED: Could not get price
2026-07-06 13:52:19 ============================================================
2026-07-06 13:52:19 TRADE SIGNAL TRIGGERED
2026-07-06 13:52:19   Time: 2026-07-06T13:52:19.970776
2026-07-06 13:52:19   Market: btc-updown-5m-1783320600
2026-07-06 13:52:19   Signal: BUY_DOWN
2026-07-06 13:52:19   Token: DOWN
2026-07-06 13:52:19   Elapsed: 140s | Remaining: 160s | Bin: 1
2026-07-06 13:52:19   --- UP ---
2026-07-06 13:52:19     Price:   LAST=0.3800  BID=0.3700  ASK=0.3800
2026-07-06 13:52:19     VWAP 60s: 0.4403  |  Deviation: -13.69%
2026-07-06 13:52:19     Z-Score 5s: -1.40  |  Momentum 90s: -11.72%
2026-07-06 13:52:19     Trades: 367  |  Volume: 11498
2026-07-06 13:52:19     Buy Vol: 11151  |  Sell Vol: 347
2026-07-06 13:52:19   --- DOWN ---
2026-07-06 13:52:19     Price:   LAST=0.6300  BID=0.6200  ASK=0.6300
2026-07-06 13:52:19     VWAP 60s: 0.5729  |  Deviation: +9.96%
2026-07-06 13:52:19     Z-Score 5s: +1.10  |  Momentum 90s: +11.41%
2026-07-06 13:52:19     Trades: 438  |  Volume: 10046
2026-07-06 13:52:19     Buy Vol: 9933  |  Sell Vol: 113
2026-07-06 13:52:19   Win Rate: 0.6%
2026-07-06 13:52:19   Config: min_price=0.6, max_price=0.9, min_elapsed=60s, dev_range=0.1%-100%, no_entry_cutoff=30s
2026-07-06 13:52:19   BTC Chainlink: $62,951.44 (anchor: $62,965.67)
2026-07-06 13:52:19   BTC Deviation: $-14.22 (-0.0226%)
2026-07-06 13:52:19 ============================================================
2026-07-06 13:52:19 MAIN ENTRY FAILED: Could not get price
2026-07-06 13:52:20 ============================================================
2026-07-06 13:52:20 TRADE SIGNAL TRIGGERED
2026-07-06 13:52:20   Time: 2026-07-06T13:52:20.221509
2026-07-06 13:52:20   Market: btc-updown-5m-1783320600
2026-07-06 13:52:20   Signal: BUY_DOWN
2026-07-06 13:52:20   Token: DOWN
2026-07-06 13:52:20   Elapsed: 140s | Remaining: 160s | Bin: 1
2026-07-06 13:52:20   --- UP ---
2026-07-06 13:52:20     Price:   LAST=0.3800  BID=0.3700  ASK=0.3800
2026-07-06 13:52:20     VWAP 60s: 0.4398  |  Deviation: -13.59%
2026-07-06 13:52:20     Z-Score 5s: -1.19  |  Momentum 90s: -11.44%
2026-07-06 13:52:20     Trades: 369  |  Volume: 11543
2026-07-06 13:52:20     Buy Vol: 11196  |  Sell Vol: 347
2026-07-06 13:52:20   --- DOWN ---
2026-07-06 13:52:20     Price:   LAST=0.6300  BID=0.6200  ASK=0.6300
2026-07-06 13:52:20     VWAP 60s: 0.5729  |  Deviation: +9.96%
2026-07-06 13:52:20     Z-Score 5s: +1.10  |  Momentum 90s: +11.06%
2026-07-06 13:52:20     Trades: 438  |  Volume: 10046
2026-07-06 13:52:20     Buy Vol: 9933  |  Sell Vol: 113
2026-07-06 13:52:20   Win Rate: 0.6%
2026-07-06 13:52:20   Config: min_price=0.6, max_price=0.9, min_elapsed=60s, dev_range=0.1%-100%, no_entry_cutoff=30s
2026-07-06 13:52:20   BTC Chainlink: $62,951.44 (anchor: $62,965.67)
2026-07-06 13:52:20   BTC Deviation: $-14.22 (-0.0226%)
2026-07-06 13:52:20 ============================================================
2026-07-06 13:52:20 MAIN ENTRY FAILED: Could not get price
2026-07-06 13:52:20 ============================================================
2026-07-06 13:52:20 TRADE SIGNAL TRIGGERED
2026-07-06 13:52:20   Time: 2026-07-06T13:52:20.474435
2026-07-06 13:52:20   Market: btc-updown-5m-1783320600
2026-07-06 13:52:20   Signal: BUY_DOWN
2026-07-06 13:52:20   Token: DOWN
2026-07-06 13:52:20   Elapsed: 140s | Remaining: 160s | Bin: 1
2026-07-06 13:52:20   --- UP ---
2026-07-06 13:52:20     Price:   LAST=0.3700  BID=0.3600  ASK=0.3700
2026-07-06 13:52:20     VWAP 60s: 0.4394  |  Deviation: -15.79%
2026-07-06 13:52:20     Z-Score 5s: -1.36  |  Momentum 90s: -13.78%
2026-07-06 13:52:20     Trades: 371  |  Volume: 11570
2026-07-06 13:52:20     Buy Vol: 11202  |  Sell Vol: 369
2026-07-06 13:52:20   --- DOWN ---
2026-07-06 13:52:20     Price:   LAST=0.6300  BID=0.6300  ASK=0.6400
2026-07-06 13:52:20     VWAP 60s: 0.5729  |  Deviation: +9.96%
2026-07-06 13:52:20     Z-Score 5s: +1.10  |  Momentum 90s: +10.70%
2026-07-06 13:52:20     Trades: 438  |  Volume: 10046
2026-07-06 13:52:20     Buy Vol: 9933  |  Sell Vol: 113
2026-07-06 13:52:20   Win Rate: 0.6%
2026-07-06 13:52:20   Config: min_price=0.6, max_price=0.9, min_elapsed=60s, dev_range=0.1%-100%, no_entry_cutoff=30s
2026-07-06 13:52:20   BTC Chainlink: $62,951.44 (anchor: $62,965.67)
2026-07-06 13:52:20   BTC Deviation: $-14.22 (-0.0226%)
2026-07-06 13:52:20 ============================================================
2026-07-06 13:52:20 MAIN ENTRY FAILED: Could not get price
2026-07-06 13:52:20 ============================================================
2026-07-06 13:52:20 TRADE SIGNAL TRIGGERED
2026-07-06 13:52:20   Time: 2026-07-06T13:52:20.725891
2026-07-06 13:52:20   Market: btc-updown-5m-1783320600
2026-07-06 13:52:20   Signal: BUY_DOWN
2026-07-06 13:52:20   Token: DOWN
2026-07-06 13:52:20   Elapsed: 141s | Remaining: 159s | Bin: 1
2026-07-06 13:52:20   --- UP ---
2026-07-06 13:52:20     Price:   LAST=0.3700  BID=0.3600  ASK=0.3700
2026-07-06 13:52:20     VWAP 60s: 0.4393  |  Deviation: -15.78%
2026-07-06 13:52:20     Z-Score 5s: -1.11  |  Momentum 90s: -13.53%
2026-07-06 13:52:20     Trades: 372  |  Volume: 11573
2026-07-06 13:52:20     Buy Vol: 11204  |  Sell Vol: 369
2026-07-06 13:52:20   --- DOWN ---
2026-07-06 13:52:20     Price:   LAST=0.6400  BID=0.6300  ASK=0.6400
2026-07-06 13:52:20     VWAP 60s: 0.5730  |  Deviation: +11.69%
2026-07-06 13:52:20     Z-Score 5s: +1.79  |  Momentum 90s: +10.18%
2026-07-06 13:52:20     Trades: 439  |  Volume: 10052
2026-07-06 13:52:20     Buy Vol: 9939  |  Sell Vol: 113
2026-07-06 13:52:20   Win Rate: 0.6%
2026-07-06 13:52:20   Config: min_price=0.6, max_price=0.9, min_elapsed=60s, dev_range=0.1%-100%, no_entry_cutoff=30s
2026-07-06 13:52:20   BTC Chainlink: $62,951.44 (anchor: $62,965.67)
2026-07-06 13:52:20   BTC Deviation: $-14.22 (-0.0226%)
2026-07-06 13:52:20 ============================================================
2026-07-06 13:52:20 MAIN ENTRY FAILED: Could not get price
2026-07-06 13:52:20 ============================================================
2026-07-06 13:52:20 TRADE SIGNAL TRIGGERED
2026-07-06 13:52:20   Time: 2026-07-06T13:52:20.984063
2026-07-06 13:52:20   Market: btc-updown-5m-1783320600
2026-07-06 13:52:20   Signal: BUY_DOWN
2026-07-06 13:52:20   Token: DOWN
2026-07-06 13:52:20   Elapsed: 141s | Remaining: 159s | Bin: 1
2026-07-06 13:52:20   --- UP ---
2026-07-06 13:52:20     Price:   LAST=0.3700  BID=0.3600  ASK=0.3700
2026-07-06 13:52:20     VWAP 60s: 0.4392  |  Deviation: -15.76%
2026-07-06 13:52:20     Z-Score 5s: -1.11  |  Momentum 90s: -13.15%
2026-07-06 13:52:20     Trades: 372  |  Volume: 11573
2026-07-06 13:52:20     Buy Vol: 11204  |  Sell Vol: 369
2026-07-06 13:52:20   --- DOWN ---
2026-07-06 13:52:20     Price:   LAST=0.6400  BID=0.6300  ASK=0.6400
2026-07-06 13:52:20     VWAP 60s: 0.5730  |  Deviation: +11.69%
2026-07-06 13:52:20     Z-Score 5s: +1.60  |  Momentum 90s: +9.40%
2026-07-06 13:52:20     Trades: 440  |  Volume: 10054
2026-07-06 13:52:20     Buy Vol: 9941  |  Sell Vol: 113
2026-07-06 13:52:20   Win Rate: 0.6%
2026-07-06 13:52:20   Config: min_price=0.6, max_price=0.9, min_elapsed=60s, dev_range=0.1%-100%, no_entry_cutoff=30s
2026-07-06 13:52:20   BTC Chainlink: $62,951.44 (anchor: $62,965.67)
2026-07-06 13:52:20   BTC Deviation: $-14.22 (-0.0226%)
2026-07-06 13:52:20 ============================================================
2026-07-06 13:52:20 MAIN ENTRY FAILED: Could not get price
2026-07-06 13:52:21 ============================================================
2026-07-06 13:52:21 TRADE SIGNAL TRIGGERED
2026-07-06 13:52:21   Time: 2026-07-06T13:52:21.251000
2026-07-06 13:52:21   Market: btc-updown-5m-1783320600
2026-07-06 13:52:21   Signal: BUY_DOWN
2026-07-06 13:52:21   Token: DOWN
2026-07-06 13:52:21   Elapsed: 141s | Remaining: 159s | Bin: 1
2026-07-06 13:52:21   --- UP ---
2026-07-06 13:52:21     Price:   LAST=0.3700  BID=0.3600  ASK=0.3700
2026-07-06 13:52:21     VWAP 60s: 0.4392  |  Deviation: -15.76%
2026-07-06 13:52:21     Z-Score 5s: -1.02  |  Momentum 90s: -12.68%
2026-07-06 13:52:21     Trades: 372  |  Volume: 11573
2026-07-06 13:52:21     Buy Vol: 11204  |  Sell Vol: 369
2026-07-06 13:52:21   --- DOWN ---
2026-07-06 13:52:21     Price:   LAST=0.6400  BID=0.6300  ASK=0.6400
2026-07-06 13:52:21     VWAP 60s: 0.5730  |  Deviation: +11.68%
2026-07-06 13:52:21     Z-Score 5s: +1.46  |  Momentum 90s: +9.36%
2026-07-06 13:52:21     Trades: 441  |  Volume: 10055
2026-07-06 13:52:21     Buy Vol: 9942  |  Sell Vol: 113
2026-07-06 13:52:21   Win Rate: 0.6%
2026-07-06 13:52:21   Config: min_price=0.6, max_price=0.9, min_elapsed=60s, dev_range=0.1%-100%, no_entry_cutoff=30s
2026-07-06 13:52:21   BTC Chainlink: $62,951.43 (anchor: $62,965.67)
2026-07-06 13:52:21   BTC Deviation: $-14.24 (-0.0226%)
2026-07-06 13:52:21 ============================================================
2026-07-06 13:52:21 MAIN ENTRY FAILED: Could not get price
2026-07-06 13:52:21 ============================================================
2026-07-06 13:52:21 TRADE SIGNAL TRIGGERED
2026-07-06 13:52:21   Time: 2026-07-06T13:52:21.506216
2026-07-06 13:52:21   Market: btc-updown-5m-1783320600
2026-07-06 13:52:21   Signal: BUY_DOWN
2026-07-06 13:52:21   Token: DOWN
2026-07-06 13:52:21   Elapsed: 142s | Remaining: 158s | Bin: 1
2026-07-06 13:52:21   --- UP ---
2026-07-06 13:52:21     Price:   LAST=0.3700  BID=0.3600  ASK=0.3700
2026-07-06 13:52:21     VWAP 60s: 0.4392  |  Deviation: -15.76%
2026-07-06 13:52:21     Z-Score 5s: -1.02  |  Momentum 90s: -12.19%
2026-07-06 13:52:21     Trades: 372  |  Volume: 11573
2026-07-06 13:52:21     Buy Vol: 11204  |  Sell Vol: 369
2026-07-06 13:52:21   --- DOWN ---
2026-07-06 13:52:21     Price:   LAST=0.6400  BID=0.6300  ASK=0.6400
2026-07-06 13:52:21     VWAP 60s: 0.5730  |  Deviation: +11.68%
2026-07-06 13:52:21     Z-Score 5s: +1.46  |  Momentum 90s: +9.36%
2026-07-06 13:52:21     Trades: 441  |  Volume: 10055
2026-07-06 13:52:21     Buy Vol: 9942  |  Sell Vol: 113
2026-07-06 13:52:21   Win Rate: 0.6%
2026-07-06 13:52:21   Config: min_price=0.6, max_price=0.9, min_elapsed=60s, dev_range=0.1%-100%, no_entry_cutoff=30s
2026-07-06 13:52:21   BTC Chainlink: $62,951.43 (anchor: $62,965.67)
2026-07-06 13:52:21   BTC Deviation: $-14.24 (-0.0226%)
2026-07-06 13:52:21 ============================================================
2026-07-06 13:52:21 MAIN ENTRY FAILED: Could not get price
2026-07-06 13:52:21 ============================================================
2026-07-06 13:52:21 TRADE SIGNAL TRIGGERED
2026-07-06 13:52:21   Time: 2026-07-06T13:52:21.758281
2026-07-06 13:52:21   Market: btc-updown-5m-1783320600
2026-07-06 13:52:21   Signal: BUY_DOWN
2026-07-06 13:52:21   Token: DOWN
2026-07-06 13:52:21   Elapsed: 142s | Remaining: 158s | Bin: 1
2026-07-06 13:52:21   --- UP ---
2026-07-06 13:52:21     Price:   LAST=0.2800  BID=0.2800  ASK=0.3000
2026-07-06 13:52:21     VWAP 60s: 0.4390  |  Deviation: -36.22%
2026-07-06 13:52:21     Z-Score 5s: -2.19  |  Momentum 90s: -33.58%
2026-07-06 13:52:21     Trades: 374  |  Volume: 11580
2026-07-06 13:52:21     Buy Vol: 11204  |  Sell Vol: 376
2026-07-06 13:52:21   --- DOWN ---
2026-07-06 13:52:21     Price:   LAST=0.7200  BID=0.7000  ASK=0.7200
2026-07-06 13:52:21     VWAP 60s: 0.5768  |  Deviation: +24.83%
2026-07-06 13:52:21     Z-Score 5s: +1.90  |  Momentum 90s: +22.81%
2026-07-06 13:52:21     Trades: 451  |  Volume: 10216
2026-07-06 13:52:21     Buy Vol: 10103  |  Sell Vol: 113
2026-07-06 13:52:21   Win Rate: 0.7%
2026-07-06 13:52:21   Config: min_price=0.6, max_price=0.9, min_elapsed=60s, dev_range=0.1%-100%, no_entry_cutoff=30s
2026-07-06 13:52:21   BTC Chainlink: $62,951.43 (anchor: $62,965.67)
2026-07-06 13:52:21   BTC Deviation: $-14.24 (-0.0226%)
2026-07-06 13:52:21 ============================================================
2026-07-06 13:52:21 MAIN ENTRY FAILED: Could not get price
2026-07-06 13:52:22 ============================================================
2026-07-06 13:52:22 TRADE SIGNAL TRIGGERED
2026-07-06 13:52:22   Time: 2026-07-06T13:52:22.014346
2026-07-06 13:52:22   Market: btc-updown-5m-1783320600
2026-07-06 13:52:22   Signal: BUY_DOWN
2026-07-06 13:52:22   Token: DOWN
2026-07-06 13:52:22   Elapsed: 142s | Remaining: 158s | Bin: 1
2026-07-06 13:52:22   --- UP ---
2026-07-06 13:52:22     Price:   LAST=0.3000  BID=0.2700  ASK=0.2900
2026-07-06 13:52:22     VWAP 60s: 0.4388  |  Deviation: -31.63%
2026-07-06 13:52:22     Z-Score 5s: -1.35  |  Momentum 90s: -28.93%
2026-07-06 13:52:22     Trades: 375  |  Volume: 11587
2026-07-06 13:52:22     Buy Vol: 11211  |  Sell Vol: 376
2026-07-06 13:52:22   --- DOWN ---
2026-07-06 13:52:22     Price:   LAST=0.7200  BID=0.7100  ASK=0.7300
2026-07-06 13:52:22     VWAP 60s: 0.5775  |  Deviation: +24.67%
2026-07-06 13:52:22     Z-Score 5s: +1.65  |  Momentum 90s: +22.89%
2026-07-06 13:52:22     Trades: 453  |  Volume: 10244
2026-07-06 13:52:22     Buy Vol: 10131  |  Sell Vol: 113
2026-07-06 13:52:22   Win Rate: 0.7%
2026-07-06 13:52:22   Config: min_price=0.6, max_price=0.9, min_elapsed=60s, dev_range=0.1%-100%, no_entry_cutoff=30s
2026-07-06 13:52:22   BTC Chainlink: $62,951.43 (anchor: $62,965.67)
2026-07-06 13:52:22   BTC Deviation: $-14.24 (-0.0226%)
2026-07-06 13:52:22 ============================================================
2026-07-06 13:52:22 MAIN ENTRY FAILED: Could not get price
2026-07-06 13:52:22 ============================================================
2026-07-06 13:52:22 TRADE SIGNAL TRIGGERED
2026-07-06 13:52:22   Time: 2026-07-06T13:52:22.267338
2026-07-06 13:52:22   Market: btc-updown-5m-1783320600
2026-07-06 13:52:22   Signal: BUY_DOWN
2026-07-06 13:52:22   Token: DOWN
2026-07-06 13:52:22   Elapsed: 142s | Remaining: 158s | Bin: 1
2026-07-06 13:52:22   --- UP ---
2026-07-06 13:52:22     Price:   LAST=0.2800  BID=0.2700  ASK=0.2800
2026-07-06 13:52:22     VWAP 60s: 0.4384  |  Deviation: -36.14%
2026-07-06 13:52:22     Z-Score 5s: -1.40  |  Momentum 90s: -33.80%
2026-07-06 13:52:22     Trades: 377  |  Volume: 11599
2026-07-06 13:52:22     Buy Vol: 11224  |  Sell Vol: 376
2026-07-06 13:52:22   --- DOWN ---
2026-07-06 13:52:22     Price:   LAST=0.7200  BID=0.7200  ASK=0.7300
2026-07-06 13:52:22     VWAP 60s: 0.5775  |  Deviation: +24.67%
2026-07-06 13:52:22     Z-Score 5s: +1.62  |  Momentum 90s: +22.96%
2026-07-06 13:52:22     Trades: 453  |  Volume: 10244
2026-07-06 13:52:22     Buy Vol: 10131  |  Sell Vol: 113
2026-07-06 13:52:22   Win Rate: 0.7%
2026-07-06 13:52:22   Config: min_price=0.6, max_price=0.9, min_elapsed=60s, dev_range=0.1%-100%, no_entry_cutoff=30s
2026-07-06 13:52:22   BTC Chainlink: $62,951.28 (anchor: $62,965.67)
2026-07-06 13:52:22   BTC Deviation: $-14.39 (-0.0229%)
2026-07-06 13:52:22 ============================================================
2026-07-06 13:52:22 MAIN ENTRY FAILED: Could not get price
2026-07-06 13:52:22 ============================================================
2026-07-06 13:52:22 TRADE SIGNAL TRIGGERED
2026-07-06 13:52:22   Time: 2026-07-06T13:52:22.521497
2026-07-06 13:52:22   Market: btc-updown-5m-1783320600
2026-07-06 13:52:22   Signal: BUY_DOWN
2026-07-06 13:52:22   Token: DOWN
2026-07-06 13:52:22   Elapsed: 143s | Remaining: 157s | Bin: 1
2026-07-06 13:52:22   --- UP ---
2026-07-06 13:52:22     Price:   LAST=0.2800  BID=0.2700  ASK=0.2800
2026-07-06 13:52:22     VWAP 60s: 0.4384  |  Deviation: -36.14%
2026-07-06 13:52:22     Z-Score 5s: -1.40  |  Momentum 90s: -33.94%
2026-07-06 13:52:22     Trades: 377  |  Volume: 11599
2026-07-06 13:52:22     Buy Vol: 11224  |  Sell Vol: 376
2026-07-06 13:52:22   --- DOWN ---
2026-07-06 13:52:22     Price:   LAST=0.7300  BID=0.7200  ASK=0.7300
2026-07-06 13:52:22     VWAP 60s: 0.5783  |  Deviation: +26.23%
2026-07-06 13:52:22     Z-Score 5s: +1.70  |  Momentum 90s: +24.84%
2026-07-06 13:52:22     Trades: 454  |  Volume: 10272
2026-07-06 13:52:22     Buy Vol: 10159  |  Sell Vol: 113
2026-07-06 13:52:22   Win Rate: 0.7%
2026-07-06 13:52:22   Config: min_price=0.6, max_price=0.9, min_elapsed=60s, dev_range=0.1%-100%, no_entry_cutoff=30s
2026-07-06 13:52:22   BTC Chainlink: $62,951.28 (anchor: $62,965.67)
2026-07-06 13:52:22   BTC Deviation: $-14.39 (-0.0229%)
2026-07-06 13:52:22 ============================================================
2026-07-06 13:52:22 MAIN ENTRY FAILED: Could not get price
2026-07-06 13:52:22 ============================================================
2026-07-06 13:52:22 TRADE SIGNAL TRIGGERED
2026-07-06 13:52:22   Time: 2026-07-06T13:52:22.773033
2026-07-06 13:52:22   Market: btc-updown-5m-1783320600
2026-07-06 13:52:22   Signal: BUY_DOWN
2026-07-06 13:52:22   Token: DOWN
2026-07-06 13:52:22   Elapsed: 143s | Remaining: 157s | Bin: 1
2026-07-06 13:52:22   --- UP ---
2026-07-06 13:52:22     Price:   LAST=0.2800  BID=0.2700  ASK=0.2800
2026-07-06 13:52:22     VWAP 60s: 0.4384  |  Deviation: -36.14%
2026-07-06 13:52:22     Z-Score 5s: -1.40  |  Momentum 90s: -34.03%
2026-07-06 13:52:22     Trades: 377  |  Volume: 11599
2026-07-06 13:52:22     Buy Vol: 11224  |  Sell Vol: 376
2026-07-06 13:52:22   --- DOWN ---
2026-07-06 13:52:22     Price:   LAST=0.7300  BID=0.7200  ASK=0.7300
2026-07-06 13:52:22     VWAP 60s: 0.5789  |  Deviation: +26.10%
2026-07-06 13:52:22     Z-Score 5s: +1.43  |  Momentum 90s: +24.97%
2026-07-06 13:52:22     Trades: 456  |  Volume: 10294
2026-07-06 13:52:22     Buy Vol: 10181  |  Sell Vol: 113
2026-07-06 13:52:22   Win Rate: 0.7%
2026-07-06 13:52:22   Config: min_price=0.6, max_price=0.9, min_elapsed=60s, dev_range=0.1%-100%, no_entry_cutoff=30s
2026-07-06 13:52:22   BTC Chainlink: $62,951.28 (anchor: $62,965.67)
2026-07-06 13:52:22   BTC Deviation: $-14.39 (-0.0229%)
2026-07-06 13:52:22 ============================================================
2026-07-06 13:52:22 MAIN ENTRY FAILED: Could not get price
2026-07-06 13:52:23 ============================================================
2026-07-06 13:52:23 TRADE SIGNAL TRIGGERED
2026-07-06 13:52:23   Time: 2026-07-06T13:52:23.027784
2026-07-06 13:52:23   Market: btc-updown-5m-1783320600
2026-07-06 13:52:23   Signal: BUY_DOWN
2026-07-06 13:52:23   Token: DOWN
2026-07-06 13:52:23   Elapsed: 143s | Remaining: 157s | Bin: 1
2026-07-06 13:52:23   --- UP ---
2026-07-06 13:52:23     Price:   LAST=0.2700  BID=0.2700  ASK=0.2800
2026-07-06 13:52:23     VWAP 60s: 0.4371  |  Deviation: -38.23%
2026-07-06 13:52:23     Z-Score 5s: -1.25  |  Momentum 90s: -36.38%
2026-07-06 13:52:23     Trades: 380  |  Volume: 11643
2026-07-06 13:52:23     Buy Vol: 11257  |  Sell Vol: 386
2026-07-06 13:52:23   --- DOWN ---
2026-07-06 13:52:23     Price:   LAST=0.7300  BID=0.7200  ASK=0.7300
2026-07-06 13:52:23     VWAP 60s: 0.5790  |  Deviation: +26.09%
2026-07-06 13:52:23     Z-Score 5s: +1.34  |  Momentum 90s: +24.92%
2026-07-06 13:52:23     Trades: 457  |  Volume: 10295
2026-07-06 13:52:23     Buy Vol: 10182  |  Sell Vol: 113
2026-07-06 13:52:23   Win Rate: 0.7%
2026-07-06 13:52:23   Config: min_price=0.6, max_price=0.9, min_elapsed=60s, dev_range=0.1%-100%, no_entry_cutoff=30s
2026-07-06 13:52:23   BTC Chainlink: $62,951.28 (anchor: $62,965.67)
2026-07-06 13:52:23   BTC Deviation: $-14.39 (-0.0229%)
2026-07-06 13:52:23 ============================================================
2026-07-06 13:52:23 MAIN ENTRY FAILED: Could not get price
2026-07-06 13:52:23 ============================================================
2026-07-06 13:52:23 TRADE SIGNAL TRIGGERED
2026-07-06 13:52:23   Time: 2026-07-06T13:52:23.282153
2026-07-06 13:52:23   Market: btc-updown-5m-1783320600
2026-07-06 13:52:23   Signal: BUY_DOWN
2026-07-06 13:52:23   Token: DOWN
2026-07-06 13:52:23   Elapsed: 143s | Remaining: 157s | Bin: 1
2026-07-06 13:52:23   --- UP ---
2026-07-06 13:52:23     Price:   LAST=0.2700  BID=0.2700  ASK=0.2800
2026-07-06 13:52:23     VWAP 60s: 0.4371  |  Deviation: -38.23%
2026-07-06 13:52:23     Z-Score 5s: -1.25  |  Momentum 90s: -36.43%
2026-07-06 13:52:23     Trades: 380  |  Volume: 11643
2026-07-06 13:52:23     Buy Vol: 11257  |  Sell Vol: 386
2026-07-06 13:52:23   --- DOWN ---
2026-07-06 13:52:23     Price:   LAST=0.7300  BID=0.7200  ASK=0.7300
2026-07-06 13:52:23     VWAP 60s: 0.5790  |  Deviation: +26.09%
2026-07-06 13:52:23     Z-Score 5s: +1.31  |  Momentum 90s: +24.79%
2026-07-06 13:52:23     Trades: 457  |  Volume: 10295
2026-07-06 13:52:23     Buy Vol: 10182  |  Sell Vol: 113
2026-07-06 13:52:23   Win Rate: 0.7%
2026-07-06 13:52:23   Config: min_price=0.6, max_price=0.9, min_elapsed=60s, dev_range=0.1%-100%, no_entry_cutoff=30s
2026-07-06 13:52:23   BTC Chainlink: $62,949.63 (anchor: $62,965.67)
2026-07-06 13:52:23   BTC Deviation: $-16.04 (-0.0255%)
2026-07-06 13:52:23 ============================================================
2026-07-06 13:52:23 MAIN ENTRY FAILED: Could not get price
2026-07-06 13:52:23 ============================================================
2026-07-06 13:52:23 TRADE SIGNAL TRIGGERED
2026-07-06 13:52:23   Time: 2026-07-06T13:52:23.546680
2026-07-06 13:52:23   Market: btc-updown-5m-1783320600
2026-07-06 13:52:23   Signal: BUY_DOWN
2026-07-06 13:52:23   Token: DOWN
2026-07-06 13:52:23   Elapsed: 144s | Remaining: 156s | Bin: 1
2026-07-06 13:52:23   --- UP ---
2026-07-06 13:52:23     Price:   LAST=0.2700  BID=0.2700  ASK=0.2800
2026-07-06 13:52:23     VWAP 60s: 0.4370  |  Deviation: -38.22%
2026-07-06 13:52:23     Z-Score 5s: -1.20  |  Momentum 90s: -36.32%
2026-07-06 13:52:23     Trades: 380  |  Volume: 11643
2026-07-06 13:52:23     Buy Vol: 11257  |  Sell Vol: 386
2026-07-06 13:52:23   --- DOWN ---
2026-07-06 13:52:23     Price:   LAST=0.7300  BID=0.7200  ASK=0.7300
2026-07-06 13:52:23     VWAP 60s: 0.5790  |  Deviation: +26.09%
2026-07-06 13:52:23     Z-Score 5s: +1.31  |  Momentum 90s: +24.69%
2026-07-06 13:52:23     Trades: 457  |  Volume: 10295
2026-07-06 13:52:23     Buy Vol: 10182  |  Sell Vol: 113
2026-07-06 13:52:23   Win Rate: 0.7%
2026-07-06 13:52:23   Config: min_price=0.6, max_price=0.9, min_elapsed=60s, dev_range=0.1%-100%, no_entry_cutoff=30s
2026-07-06 13:52:23   BTC Chainlink: $62,949.63 (anchor: $62,965.67)
2026-07-06 13:52:23   BTC Deviation: $-16.04 (-0.0255%)
2026-07-06 13:52:23 ============================================================
2026-07-06 13:52:23 MAIN ENTRY FAILED: Could not get price
2026-07-06 13:52:23 ============================================================
2026-07-06 13:52:23 TRADE SIGNAL TRIGGERED
2026-07-06 13:52:23   Time: 2026-07-06T13:52:23.808030
2026-07-06 13:52:23   Market: btc-updown-5m-1783320600
2026-07-06 13:52:23   Signal: BUY_DOWN
2026-07-06 13:52:23   Token: DOWN
2026-07-06 13:52:23   Elapsed: 144s | Remaining: 156s | Bin: 1
2026-07-06 13:52:23   --- UP ---
2026-07-06 13:52:23     Price:   LAST=0.2700  BID=0.2700  ASK=0.2800
2026-07-06 13:52:23     VWAP 60s: 0.4370  |  Deviation: -38.22%
2026-07-06 13:52:23     Z-Score 5s: -1.20  |  Momentum 90s: -36.42%
2026-07-06 13:52:23     Trades: 380  |  Volume: 11643
2026-07-06 13:52:23     Buy Vol: 11257  |  Sell Vol: 386
2026-07-06 13:52:23   --- DOWN ---
2026-07-06 13:52:23     Price:   LAST=0.7300  BID=0.7200  ASK=0.7300
2026-07-06 13:52:23     VWAP 60s: 0.5791  |  Deviation: +26.05%
2026-07-06 13:52:23     Z-Score 5s: +1.20  |  Momentum 90s: +25.50%
2026-07-06 13:52:23     Trades: 459  |  Volume: 10302
2026-07-06 13:52:23     Buy Vol: 10189  |  Sell Vol: 113
2026-07-06 13:52:23   Win Rate: 0.7%
2026-07-06 13:52:23   Config: min_price=0.6, max_price=0.9, min_elapsed=60s, dev_range=0.1%-100%, no_entry_cutoff=30s
2026-07-06 13:52:23   BTC Chainlink: $62,949.63 (anchor: $62,965.67)
2026-07-06 13:52:23   BTC Deviation: $-16.04 (-0.0255%)
2026-07-06 13:52:23 ============================================================
2026-07-06 13:52:23 MAIN ENTRY FAILED: Could not get price
2026-07-06 13:52:24 ============================================================
2026-07-06 13:52:24 TRADE SIGNAL TRIGGERED
2026-07-06 13:52:24   Time: 2026-07-06T13:52:24.065917
2026-07-06 13:52:24   Market: btc-updown-5m-1783320600
2026-07-06 13:52:24   Signal: BUY_DOWN
2026-07-06 13:52:24   Token: DOWN
2026-07-06 13:52:24   Elapsed: 144s | Remaining: 156s | Bin: 1
2026-07-06 13:52:24   --- UP ---
2026-07-06 13:52:24     Price:   LAST=0.2700  BID=0.2500  ASK=0.2800
2026-07-06 13:52:24     VWAP 60s: 0.4369  |  Deviation: -38.20%
2026-07-06 13:52:24     Z-Score 5s: -1.06  |  Momentum 90s: -36.59%
2026-07-06 13:52:24     Trades: 381  |  Volume: 11646
2026-07-06 13:52:24     Buy Vol: 11257  |  Sell Vol: 389
2026-07-06 13:52:24   --- DOWN ---
2026-07-06 13:52:24     Price:   LAST=0.7500  BID=0.7200  ASK=0.7500
2026-07-06 13:52:24     VWAP 60s: 0.5814  |  Deviation: +29.00%
2026-07-06 13:52:24     Z-Score 5s: +1.35  |  Momentum 90s: +29.31%
2026-07-06 13:52:24     Trades: 465  |  Volume: 10382
2026-07-06 13:52:24     Buy Vol: 10270  |  Sell Vol: 113
2026-07-06 13:52:24   Win Rate: 0.8%
2026-07-06 13:52:24   Config: min_price=0.6, max_price=0.9, min_elapsed=60s, dev_range=0.1%-100%, no_entry_cutoff=30s
2026-07-06 13:52:24   BTC Chainlink: $62,949.63 (anchor: $62,965.67)
2026-07-06 13:52:24   BTC Deviation: $-16.04 (-0.0255%)
2026-07-06 13:52:24 ============================================================
2026-07-06 13:52:24 MAIN ENTRY FAILED: Could not get price
2026-07-06 13:52:24 ============================================================
2026-07-06 13:52:24 TRADE SIGNAL TRIGGERED
2026-07-06 13:52:24   Time: 2026-07-06T13:52:24.318846
2026-07-06 13:52:24   Market: btc-updown-5m-1783320600
2026-07-06 13:52:24   Signal: BUY_DOWN
2026-07-06 13:52:24   Token: DOWN
2026-07-06 13:52:24   Elapsed: 144s | Remaining: 156s | Bin: 1
2026-07-06 13:52:24   --- UP ---
2026-07-06 13:52:24     Price:   LAST=0.2700  BID=0.2700  ASK=0.2800
2026-07-06 13:52:24     VWAP 60s: 0.4346  |  Deviation: -37.87%
2026-07-06 13:52:24     Z-Score 5s: -0.96  |  Momentum 90s: -37.06%
2026-07-06 13:52:24     Trades: 383  |  Volume: 11724
2026-07-06 13:52:24     Buy Vol: 11329  |  Sell Vol: 395
2026-07-06 13:52:24   --- DOWN ---
2026-07-06 13:52:24     Price:   LAST=0.7500  BID=0.7200  ASK=0.7300
2026-07-06 13:52:24     VWAP 60s: 0.5814  |  Deviation: +29.00%
2026-07-06 13:52:24     Z-Score 5s: +1.33  |  Momentum 90s: +30.21%
2026-07-06 13:52:24     Trades: 465  |  Volume: 10382
2026-07-06 13:52:24     Buy Vol: 10270  |  Sell Vol: 113
2026-07-06 13:52:24   Win Rate: 0.8%
2026-07-06 13:52:24   Config: min_price=0.6, max_price=0.9, min_elapsed=60s, dev_range=0.1%-100%, no_entry_cutoff=30s
2026-07-06 13:52:24   BTC Chainlink: $62,946.28 (anchor: $62,965.67)
2026-07-06 13:52:24   BTC Deviation: $-19.38 (-0.0308%)
2026-07-06 13:52:24 ============================================================
2026-07-06 13:52:24 MAIN ENTRY FAILED: Could not get price
2026-07-06 13:52:24 ============================================================
2026-07-06 13:52:24 TRADE SIGNAL TRIGGERED
2026-07-06 13:52:24   Time: 2026-07-06T13:52:24.570497
2026-07-06 13:52:24   Market: btc-updown-5m-1783320600
2026-07-06 13:52:24   Signal: BUY_DOWN
2026-07-06 13:52:24   Token: DOWN
2026-07-06 13:52:24   Elapsed: 145s | Remaining: 155s | Bin: 1
2026-07-06 13:52:24   --- UP ---
2026-07-06 13:52:24     Price:   LAST=0.2700  BID=0.2700  ASK=0.2800
2026-07-06 13:52:24     VWAP 60s: 0.4346  |  Deviation: -37.87%
2026-07-06 13:52:24     Z-Score 5s: -0.96  |  Momentum 90s: -37.33%
2026-07-06 13:52:24     Trades: 383  |  Volume: 11724
2026-07-06 13:52:24     Buy Vol: 11329  |  Sell Vol: 395
2026-07-06 13:52:24   --- DOWN ---
2026-07-06 13:52:24     Price:   LAST=0.7500  BID=0.7200  ASK=0.7300
2026-07-06 13:52:24     VWAP 60s: 0.5814  |  Deviation: +29.00%
2026-07-06 13:52:24     Z-Score 5s: +1.27  |  Momentum 90s: +30.21%
2026-07-06 13:52:24     Trades: 465  |  Volume: 10382
2026-07-06 13:52:24     Buy Vol: 10270  |  Sell Vol: 113
2026-07-06 13:52:24   Win Rate: 0.8%
2026-07-06 13:52:24   Config: min_price=0.6, max_price=0.9, min_elapsed=60s, dev_range=0.1%-100%, no_entry_cutoff=30s
2026-07-06 13:52:24   BTC Chainlink: $62,946.28 (anchor: $62,965.67)
2026-07-06 13:52:24   BTC Deviation: $-19.38 (-0.0308%)
2026-07-06 13:52:24 ============================================================
2026-07-06 13:52:24 MAIN ENTRY FAILED: Could not get price
2026-07-06 13:52:24 ============================================================
2026-07-06 13:52:24 TRADE SIGNAL TRIGGERED
2026-07-06 13:52:24   Time: 2026-07-06T13:52:24.824186
2026-07-06 13:52:24   Market: btc-updown-5m-1783320600
2026-07-06 13:52:24   Signal: BUY_DOWN
2026-07-06 13:52:24   Token: DOWN
2026-07-06 13:52:24   Elapsed: 145s | Remaining: 155s | Bin: 1
2026-07-06 13:52:24   --- UP ---
2026-07-06 13:52:24     Price:   LAST=0.2800  BID=0.2500  ASK=0.2600
2026-07-06 13:52:24     VWAP 60s: 0.4344  |  Deviation: -35.54%
2026-07-06 13:52:24     Z-Score 5s: -0.65  |  Momentum 90s: -35.38%
2026-07-06 13:52:24     Trades: 384  |  Volume: 11731
2026-07-06 13:52:24     Buy Vol: 11335  |  Sell Vol: 395
2026-07-06 13:52:24   --- DOWN ---
2026-07-06 13:52:24     Price:   LAST=0.7500  BID=0.7400  ASK=0.7500
2026-07-06 13:52:24     VWAP 60s: 0.5818  |  Deviation: +28.92%
2026-07-06 13:52:24     Z-Score 5s: +1.18  |  Momentum 90s: +30.81%
2026-07-06 13:52:24     Trades: 468  |  Volume: 10395
2026-07-06 13:52:24     Buy Vol: 10273  |  Sell Vol: 123
2026-07-06 13:52:24   Win Rate: 0.8%
2026-07-06 13:52:24   Config: min_price=0.6, max_price=0.9, min_elapsed=60s, dev_range=0.1%-100%, no_entry_cutoff=30s
2026-07-06 13:52:24   BTC Chainlink: $62,946.28 (anchor: $62,965.67)
2026-07-06 13:52:24   BTC Deviation: $-19.38 (-0.0308%)
2026-07-06 13:52:24 ============================================================
2026-07-06 13:52:24 MAIN ENTRY FAILED: Could not get price
2026-07-06 13:52:25 ============================================================
2026-07-06 13:52:25 TRADE SIGNAL TRIGGERED
2026-07-06 13:52:25   Time: 2026-07-06T13:52:25.089149
2026-07-06 13:52:25   Market: btc-updown-5m-1783320600
2026-07-06 13:52:25   Signal: BUY_DOWN
2026-07-06 13:52:25   Token: DOWN
2026-07-06 13:52:25   Elapsed: 145s | Remaining: 155s | Bin: 1
2026-07-06 13:52:25   --- UP ---
2026-07-06 13:52:25     Price:   LAST=0.2800  BID=0.2500  ASK=0.2600
2026-07-06 13:52:25     VWAP 60s: 0.4344  |  Deviation: -35.54%
2026-07-06 13:52:25     Z-Score 5s: -0.59  |  Momentum 90s: -35.83%
2026-07-06 13:52:25     Trades: 384  |  Volume: 11731
2026-07-06 13:52:25     Buy Vol: 11335  |  Sell Vol: 395
2026-07-06 13:52:25   --- DOWN ---
2026-07-06 13:52:25     Price:   LAST=0.7500  BID=0.7400  ASK=0.7500
2026-07-06 13:52:25     VWAP 60s: 0.5818  |  Deviation: +28.92%
2026-07-06 13:52:25     Z-Score 5s: +1.18  |  Momentum 90s: +31.58%
2026-07-06 13:52:25     Trades: 468  |  Volume: 10395
2026-07-06 13:52:25     Buy Vol: 10273  |  Sell Vol: 123
2026-07-06 13:52:25   Win Rate: 0.8%
2026-07-06 13:52:25   Config: min_price=0.6, max_price=0.9, min_elapsed=60s, dev_range=0.1%-100%, no_entry_cutoff=30s
2026-07-06 13:52:25   BTC Chainlink: $62,946.28 (anchor: $62,965.67)
2026-07-06 13:52:25   BTC Deviation: $-19.38 (-0.0308%)
2026-07-06 13:52:25 ============================================================
2026-07-06 13:52:25 MAIN ENTRY FAILED: Could not get price
2026-07-06 13:52:25 ============================================================
2026-07-06 13:52:25 TRADE SIGNAL TRIGGERED
2026-07-06 13:52:25   Time: 2026-07-06T13:52:25.350334
2026-07-06 13:52:25   Market: btc-updown-5m-1783320600
2026-07-06 13:52:25   Signal: BUY_DOWN
2026-07-06 13:52:25   Token: DOWN
2026-07-06 13:52:25   Elapsed: 145s | Remaining: 155s | Bin: 1
2026-07-06 13:52:25   --- UP ---
2026-07-06 13:52:25     Price:   LAST=0.2600  BID=0.2500  ASK=0.2600
2026-07-06 13:52:25     VWAP 60s: 0.4341  |  Deviation: -40.11%
2026-07-06 13:52:25     Z-Score 5s: -0.98  |  Momentum 90s: -40.77%
2026-07-06 13:52:25     Trades: 385  |  Volume: 11734
2026-07-06 13:52:25     Buy Vol: 11339  |  Sell Vol: 395
2026-07-06 13:52:25   --- DOWN ---
2026-07-06 13:52:25     Price:   LAST=0.7500  BID=0.7400  ASK=0.7500
2026-07-06 13:52:25     VWAP 60s: 0.5818  |  Deviation: +28.92%
2026-07-06 13:52:25     Z-Score 5s: +1.18  |  Momentum 90s: +32.04%
2026-07-06 13:52:25     Trades: 468  |  Volume: 10395
2026-07-06 13:52:25     Buy Vol: 10273  |  Sell Vol: 123
2026-07-06 13:52:25   Win Rate: 0.8%
2026-07-06 13:52:25   Config: min_price=0.6, max_price=0.9, min_elapsed=60s, dev_range=0.1%-100%, no_entry_cutoff=30s
2026-07-06 13:52:25   BTC Chainlink: $62,945.43 (anchor: $62,965.67)
2026-07-06 13:52:25   BTC Deviation: $-20.23 (-0.0321%)
2026-07-06 13:52:25 ============================================================
2026-07-06 13:52:25 MAIN ENTRY FAILED: Could not get price
2026-07-06 13:52:25 ============================================================
2026-07-06 13:52:25 TRADE SIGNAL TRIGGERED
2026-07-06 13:52:25   Time: 2026-07-06T13:52:25.609746
2026-07-06 13:52:25   Market: btc-updown-5m-1783320600
2026-07-06 13:52:25   Signal: BUY_DOWN
2026-07-06 13:52:25   Token: DOWN
2026-07-06 13:52:25   Elapsed: 146s | Remaining: 154s | Bin: 1
2026-07-06 13:52:25   --- UP ---
2026-07-06 13:52:25     Price:   LAST=0.2600  BID=0.2500  ASK=0.2600
2026-07-06 13:52:25     VWAP 60s: 0.4341  |  Deviation: -40.11%
2026-07-06 13:52:25     Z-Score 5s: -1.73  |  Momentum 90s: -41.08%
2026-07-06 13:52:25     Trades: 385  |  Volume: 11734
2026-07-06 13:52:25     Buy Vol: 11339  |  Sell Vol: 395
2026-07-06 13:52:25   --- DOWN ---
2026-07-06 13:52:25     Price:   LAST=0.7500  BID=0.7400  ASK=0.7500
2026-07-06 13:52:25     VWAP 60s: 0.5818  |  Deviation: +28.92%
2026-07-06 13:52:25     Z-Score 5s: +1.19  |  Momentum 90s: +32.74%
2026-07-06 13:52:25     Trades: 468  |  Volume: 10395
2026-07-06 13:52:25     Buy Vol: 10273  |  Sell Vol: 123
2026-07-06 13:52:25   Win Rate: 0.8%
2026-07-06 13:52:25   Config: min_price=0.6, max_price=0.9, min_elapsed=60s, dev_range=0.1%-100%, no_entry_cutoff=30s
2026-07-06 13:52:25   BTC Chainlink: $62,945.43 (anchor: $62,965.67)
2026-07-06 13:52:25   BTC Deviation: $-20.23 (-0.0321%)
2026-07-06 13:52:25 ============================================================
2026-07-06 13:52:25 MAIN ENTRY FAILED: Could not get price
2026-07-06 13:52:25 ============================================================
2026-07-06 13:52:25 TRADE SIGNAL TRIGGERED
2026-07-06 13:52:25   Time: 2026-07-06T13:52:25.863130
2026-07-06 13:52:25   Market: btc-updown-5m-1783320600
2026-07-06 13:52:25   Signal: BUY_DOWN
2026-07-06 13:52:25   Token: DOWN
2026-07-06 13:52:25   Elapsed: 146s | Remaining: 154s | Bin: 1
2026-07-06 13:52:25   --- UP ---
2026-07-06 13:52:25     Price:   LAST=0.2600  BID=0.1700  ASK=0.2500
2026-07-06 13:52:25     VWAP 60s: 0.4335  |  Deviation: -40.02%
2026-07-06 13:52:25     Z-Score 5s: -1.51  |  Momentum 90s: -41.08%
2026-07-06 13:52:25     Trades: 386  |  Volume: 11754
2026-07-06 13:52:25     Buy Vol: 11358  |  Sell Vol: 395
2026-07-06 13:52:25   --- DOWN ---
2026-07-06 13:52:25     Price:   LAST=0.8200  BID=0.7500  ASK=0.8300
2026-07-06 13:52:25     VWAP 60s: 0.5848  |  Deviation: +40.22%
2026-07-06 13:52:25     Z-Score 5s: +2.09  |  Momentum 90s: +45.91%
2026-07-06 13:52:25     Trades: 475  |  Volume: 10484
2026-07-06 13:52:25     Buy Vol: 10361  |  Sell Vol: 123
2026-07-06 13:52:25   Win Rate: 0.8%
2026-07-06 13:52:25   Config: min_price=0.6, max_price=0.9, min_elapsed=60s, dev_range=0.1%-100%, no_entry_cutoff=30s
2026-07-06 13:52:25   BTC Chainlink: $62,945.43 (anchor: $62,965.67)
2026-07-06 13:52:25   BTC Deviation: $-20.23 (-0.0321%)
2026-07-06 13:52:25 ============================================================
2026-07-06 13:52:27 MAIN ENTRY FAILED: PolyApiException[status_code=400, error_message={'error': 'invalid order version, please use the latest clob-client'}]
2026-07-06 13:52:27 TRAP ENTRY FAILED: PolyApiException[status_code=400, error_message={'error': 'invalid order version, please use the latest clob-client'}]
2026-07-06 13:52:28 ============================================================
2026-07-06 13:52:28 TRADE SIGNAL TRIGGERED
2026-07-06 13:52:28   Time: 2026-07-06T13:52:28.199133
2026-07-06 13:52:28   Market: btc-updown-5m-1783320600
2026-07-06 13:52:28   Signal: BUY_DOWN
2026-07-06 13:52:28   Token: DOWN
2026-07-06 13:52:28   Elapsed: 148s | Remaining: 152s | Bin: 1
2026-07-06 13:52:28   --- UP ---
2026-07-06 13:52:28     Price:   LAST=0.1700  BID=0.1600  ASK=0.1700
2026-07-06 13:52:28     VWAP 60s: 0.4019  |  Deviation: -57.70%
2026-07-06 13:52:28     Z-Score 5s: -0.52  |  Momentum 90s: -61.85%
2026-07-06 13:52:28     Trades: 406  |  Volume: 12459
2026-07-06 13:52:28     Buy Vol: 12064  |  Sell Vol: 395
2026-07-06 13:52:28   --- DOWN ---
2026-07-06 13:52:28     Price:   LAST=0.8400  BID=0.8300  ASK=0.8400
2026-07-06 13:52:28     VWAP 60s: 0.5922  |  Deviation: +41.85%
2026-07-06 13:52:28     Z-Score 5s: +0.73  |  Momentum 90s: +50.00%
2026-07-06 13:52:28     Trades: 498  |  Volume: 10644
2026-07-06 13:52:28     Buy Vol: 10514  |  Sell Vol: 130
2026-07-06 13:52:28   Win Rate: 0.8%
2026-07-06 13:52:28   Config: min_price=0.6, max_price=0.9, min_elapsed=60s, dev_range=0.1%-100%, no_entry_cutoff=30s
2026-07-06 13:52:28   BTC Chainlink: $62,935.35 (anchor: $62,965.67)
2026-07-06 13:52:28   BTC Deviation: $-30.32 (-0.0482%)
2026-07-06 13:52:28 ============================================================
2026-07-06 13:52:29 MAIN ENTRY FAILED: PolyApiException[status_code=400, error_message={'error': 'invalid order version, please use the latest clob-client'}]
2026-07-06 13:52:29 TRAP ENTRY FAILED: PolyApiException[status_code=400, error_message={'error': 'invalid order version, please use the latest clob-client'}]
2026-07-06 13:52:29 ============================================================
2026-07-06 13:52:29 TRADE SIGNAL TRIGGERED
2026-07-06 13:52:29   Time: 2026-07-06T13:52:29.536018
2026-07-06 13:52:29   Market: btc-updown-5m-1783320600
2026-07-06 13:52:29   Signal: BUY_DOWN
2026-07-06 13:52:29   Token: DOWN
2026-07-06 13:52:29   Elapsed: 150s | Remaining: 150s | Bin: 1
2026-07-06 13:52:29   --- UP ---
2026-07-06 13:52:29     Price:   LAST=0.1900  BID=0.1900  ASK=0.2000
2026-07-06 13:52:29     VWAP 60s: 0.3945  |  Deviation: -51.84%
2026-07-06 13:52:29     Z-Score 5s: +0.30  |  Momentum 90s: -56.82%
2026-07-06 13:52:29     Trades: 415  |  Volume: 12659
2026-07-06 13:52:29     Buy Vol: 12234  |  Sell Vol: 425
2026-07-06 13:52:29   --- DOWN ---
2026-07-06 13:52:29     Price:   LAST=0.8100  BID=0.8000  ASK=0.8100
2026-07-06 13:52:29     VWAP 60s: 0.5960  |  Deviation: +35.90%
2026-07-06 13:52:29     Z-Score 5s: -0.31  |  Momentum 90s: +43.36%
2026-07-06 13:52:29     Trades: 502  |  Volume: 10741
2026-07-06 13:52:29     Buy Vol: 10519  |  Sell Vol: 222
2026-07-06 13:52:29   Win Rate: 0.8%
2026-07-06 13:52:29   Config: min_price=0.6, max_price=0.9, min_elapsed=60s, dev_range=0.1%-100%, no_entry_cutoff=30s
2026-07-06 13:52:29   BTC Chainlink: $62,934.84 (anchor: $62,965.67)
2026-07-06 13:52:29   BTC Deviation: $-30.83 (-0.0490%)
2026-07-06 13:52:29 ============================================================
2026-07-06 13:52:30 MAIN ENTRY FAILED: PolyApiException[status_code=400, error_message={'error': 'invalid order version, please use the latest clob-client'}]
2026-07-06 13:52:30 TRAP ENTRY FAILED: PolyApiException[status_code=400, error_message={'error': 'invalid order version, please use the latest clob-client'}]
2026-07-06 13:52:30 ============================================================
2026-07-06 13:52:30 TRADE SIGNAL TRIGGERED
2026-07-06 13:52:30   Time: 2026-07-06T13:52:30.909812
2026-07-06 13:52:30   Market: btc-updown-5m-1783320600
2026-07-06 13:52:30   Signal: BUY_DOWN
2026-07-06 13:52:30   Token: DOWN
2026-07-06 13:52:30   Elapsed: 151s | Remaining: 149s | Bin: 1
2026-07-06 13:52:30   --- UP ---
2026-07-06 13:52:30     Price:   LAST=0.2200  BID=0.2100  ASK=0.2200
2026-07-06 13:52:30     VWAP 60s: 0.3896  |  Deviation: -43.53%
2026-07-06 13:52:30     Z-Score 5s: +2.23  |  Momentum 90s: -50.00%
2026-07-06 13:52:30     Trades: 424  |  Volume: 12823
2026-07-06 13:52:30     Buy Vol: 12398  |  Sell Vol: 425
2026-07-06 13:52:30   --- DOWN ---
2026-07-06 13:52:30     Price:   LAST=0.7900  BID=0.7800  ASK=0.7900
2026-07-06 13:52:30     VWAP 60s: 0.6008  |  Deviation: +31.48%
2026-07-06 13:52:30     Z-Score 5s: -1.71  |  Momentum 90s: +38.11%
2026-07-06 13:52:30     Trades: 511  |  Volume: 10775
2026-07-06 13:52:30     Buy Vol: 10549  |  Sell Vol: 226
2026-07-06 13:52:30   Win Rate: 0.8%
2026-07-06 13:52:30   Config: min_price=0.6, max_price=0.9, min_elapsed=60s, dev_range=0.1%-100%, no_entry_cutoff=30s
2026-07-06 13:52:30   BTC Chainlink: $62,934.86 (anchor: $62,965.67)
2026-07-06 13:52:30   BTC Deviation: $-30.81 (-0.0489%)
2026-07-06 13:52:30 ============================================================
2026-07-06 13:52:31 MAIN ENTRY FAILED: PolyApiException[status_code=400, error_message={'error': 'invalid order version, please use the latest clob-client'}]
2026-07-06 13:52:31 TRAP ENTRY FAILED: PolyApiException[status_code=400, error_message={'error': 'invalid order version, please use the latest clob-client'}]
2026-07-06 13:52:32 ============================================================
2026-07-06 13:52:32 TRADE SIGNAL TRIGGERED
2026-07-06 13:52:32   Time: 2026-07-06T13:52:32.265675
2026-07-06 13:52:32   Market: btc-updown-5m-1783320600
2026-07-06 13:52:32   Signal: BUY_DOWN
2026-07-06 13:52:32   Token: DOWN
2026-07-06 13:52:32   Elapsed: 152s | Remaining: 148s | Bin: 1
2026-07-06 13:52:32   --- UP ---
2026-07-06 13:52:32     Price:   LAST=0.2400  BID=0.2300  ASK=0.2400
2026-07-06 13:52:32     VWAP 60s: 0.3849  |  Deviation: -37.64%
2026-07-06 13:52:32     Z-Score 5s: +1.86  |  Momentum 90s: -48.57%
2026-07-06 13:52:32     Trades: 430  |  Volume: 13007
2026-07-06 13:52:32     Buy Vol: 12582  |  Sell Vol: 425
2026-07-06 13:52:32   --- DOWN ---
2026-07-06 13:52:32     Price:   LAST=0.7700  BID=0.7600  ASK=0.7700
2026-07-06 13:52:32     VWAP 60s: 0.6040  |  Deviation: +27.48%
2026-07-06 13:52:32     Z-Score 5s: -1.40  |  Momentum 90s: +41.03%
2026-07-06 13:52:32     Trades: 519  |  Volume: 10866
2026-07-06 13:52:32     Buy Vol: 10631  |  Sell Vol: 235
2026-07-06 13:52:32   Win Rate: 0.8%
2026-07-06 13:52:32   Config: min_price=0.6, max_price=0.9, min_elapsed=60s, dev_range=0.1%-100%, no_entry_cutoff=30s
2026-07-06 13:52:32   BTC Chainlink: $62,934.81 (anchor: $62,965.67)
2026-07-06 13:52:32   BTC Deviation: $-30.86 (-0.0490%)
2026-07-06 13:52:32 ============================================================
2026-07-06 13:52:33 MAIN ENTRY FAILED: PolyApiException[status_code=400, error_message={'error': 'invalid order version, please use the latest clob-client'}]
2026-07-06 13:52:33 TRAP ENTRY FAILED: PolyApiException[status_code=400, error_message={'error': 'invalid order version, please use the latest clob-client'}]
2026-07-06 13:52:33 ============================================================
2026-07-06 13:52:33 TRADE SIGNAL TRIGGERED
2026-07-06 13:52:33   Time: 2026-07-06T13:52:33.624760
2026-07-06 13:52:33   Market: btc-updown-5m-1783320600
2026-07-06 13:52:33   Signal: BUY_DOWN
2026-07-06 13:52:33   Token: DOWN
2026-07-06 13:52:33   Elapsed: 154s | Remaining: 146s | Bin: 1
2026-07-06 13:52:33   --- UP ---
2026-07-06 13:52:33     Price:   LAST=0.2400  BID=0.2300  ASK=0.2400
2026-07-06 13:52:33     VWAP 60s: 0.3803  |  Deviation: -36.89%
2026-07-06 13:52:33     Z-Score 5s: +1.08  |  Momentum 90s: -50.23%
2026-07-06 13:52:33     Trades: 436  |  Volume: 13199
2026-07-06 13:52:33     Buy Vol: 12769  |  Sell Vol: 430
2026-07-06 13:52:33   --- DOWN ---
2026-07-06 13:52:33     Price:   LAST=0.7600  BID=0.7600  ASK=0.7700
2026-07-06 13:52:33     VWAP 60s: 0.6143  |  Deviation: +23.71%
2026-07-06 13:52:33     Z-Score 5s: -1.18  |  Momentum 90s: +48.05%
2026-07-06 13:52:33     Trades: 529  |  Volume: 11129
2026-07-06 13:52:33     Buy Vol: 10880  |  Sell Vol: 249
2026-07-06 13:52:33   Win Rate: 0.8%
2026-07-06 13:52:33   Config: min_price=0.6, max_price=0.9, min_elapsed=60s, dev_range=0.1%-100%, no_entry_cutoff=30s
2026-07-06 13:52:33   BTC Chainlink: $62,935.62 (anchor: $62,965.67)
2026-07-06 13:52:33   BTC Deviation: $-30.04 (-0.0477%)
2026-07-06 13:52:33 ============================================================
2026-07-06 13:52:34 MAIN ENTRY FAILED: PolyApiException[status_code=400, error_message={'error': 'invalid order version, please use the latest clob-client'}]
2026-07-06 13:52:34 TRAP ENTRY FAILED: PolyApiException[status_code=400, error_message={'error': 'invalid order version, please use the latest clob-client'}]
2026-07-06 13:52:35 ============================================================
2026-07-06 13:52:35 TRADE SIGNAL TRIGGERED
2026-07-06 13:52:35   Time: 2026-07-06T13:52:35.100556
2026-07-06 13:52:35   Market: btc-updown-5m-1783320600
2026-07-06 13:52:35   Signal: BUY_DOWN
2026-07-06 13:52:35   Token: DOWN
2026-07-06 13:52:35   Elapsed: 155s | Remaining: 145s | Bin: 1
2026-07-06 13:52:35   --- UP ---
2026-07-06 13:52:35     Price:   LAST=0.2300  BID=0.2300  ASK=0.2400
2026-07-06 13:52:35     VWAP 60s: 0.3744  |  Deviation: -38.57%
2026-07-06 13:52:35     Z-Score 5s: +0.25  |  Momentum 90s: -54.61%
2026-07-06 13:52:35     Trades: 437  |  Volume: 13201
2026-07-06 13:52:35     Buy Vol: 12769  |  Sell Vol: 432
2026-07-06 13:52:35   --- DOWN ---
2026-07-06 13:52:35     Price:   LAST=0.7700  BID=0.7600  ASK=0.7700
2026-07-06 13:52:35     VWAP 60s: 0.6145  |  Deviation: +25.31%
2026-07-06 13:52:35     Z-Score 5s: -0.41  |  Momentum 90s: +51.43%
2026-07-06 13:52:35     Trades: 530  |  Volume: 11134
2026-07-06 13:52:35     Buy Vol: 10886  |  Sell Vol: 249
2026-07-06 13:52:35   Win Rate: 0.8%
2026-07-06 13:52:35   Config: min_price=0.6, max_price=0.9, min_elapsed=60s, dev_range=0.1%-100%, no_entry_cutoff=30s
2026-07-06 13:52:35   BTC Chainlink: $62,935.41 (anchor: $62,965.67)
2026-07-06 13:52:35   BTC Deviation: $-30.26 (-0.0481%)
2026-07-06 13:52:35 ============================================================
2026-07-06 13:52:35 MAIN ENTRY FAILED: PolyApiException[status_code=400, error_message={'error': 'invalid order version, please use the latest clob-client'}]
2026-07-06 13:52:35 TRAP ENTRY FAILED: PolyApiException[status_code=400, error_message={'error': 'invalid order version, please use the latest clob-client'}]
2026-07-06 13:52:36 ============================================================
2026-07-06 13:52:36 TRADE SIGNAL TRIGGERED
2026-07-06 13:52:36   Time: 2026-07-06T13:52:36.375789
2026-07-06 13:52:36   Market: btc-updown-5m-1783320600
2026-07-06 13:52:36   Signal: BUY_DOWN
2026-07-06 13:52:36   Token: DOWN
2026-07-06 13:52:36   Elapsed: 156s | Remaining: 144s | Bin: 1
2026-07-06 13:52:36   --- UP ---
2026-07-06 13:52:36     Price:   LAST=0.3100  BID=0.3200  ASK=0.3400
2026-07-06 13:52:36     VWAP 60s: 0.3677  |  Deviation: -15.69%
2026-07-06 13:52:36     Z-Score 5s: +1.20  |  Momentum 90s: -38.31%
2026-07-06 13:52:36     Trades: 444  |  Volume: 13472
2026-07-06 13:52:36     Buy Vol: 13041  |  Sell Vol: 432
2026-07-06 13:52:36   --- DOWN ---
2026-07-06 13:52:36     Price:   LAST=0.6800  BID=0.6600  ASK=0.6800
2026-07-06 13:52:36     VWAP 60s: 0.6194  |  Deviation: +9.78%
2026-07-06 13:52:36     Z-Score 5s: -2.07  |  Momentum 90s: +31.13%
2026-07-06 13:52:36     Trades: 537  |  Volume: 11180
2026-07-06 13:52:36     Buy Vol: 10909  |  Sell Vol: 272
2026-07-06 13:52:36   Win Rate: 0.7%
2026-07-06 13:52:36   Config: min_price=0.6, max_price=0.9, min_elapsed=60s, dev_range=0.1%-100%, no_entry_cutoff=30s
2026-07-06 13:52:36   BTC Chainlink: $62,935.45 (anchor: $62,965.67)
2026-07-06 13:52:36   BTC Deviation: $-30.22 (-0.0480%)
2026-07-06 13:52:36 ============================================================
2026-07-06 13:52:36 MAIN ENTRY FAILED: Could not get price
2026-07-06 13:52:36 ============================================================
2026-07-06 13:52:36 TRADE SIGNAL TRIGGERED
2026-07-06 13:52:36   Time: 2026-07-06T13:52:36.628894
2026-07-06 13:52:36   Market: btc-updown-5m-1783320600
2026-07-06 13:52:36   Signal: BUY_DOWN
2026-07-06 13:52:36   Token: DOWN
2026-07-06 13:52:36   Elapsed: 157s | Remaining: 143s | Bin: 1
2026-07-06 13:52:36   --- UP ---
2026-07-06 13:52:36     Price:   LAST=0.3400  BID=0.3300  ASK=0.3400
2026-07-06 13:52:36     VWAP 60s: 0.3674  |  Deviation: -7.46%
2026-07-06 13:52:36     Z-Score 5s: +1.63  |  Momentum 90s: -32.34%
2026-07-06 13:52:36     Trades: 446  |  Volume: 13511
2026-07-06 13:52:36     Buy Vol: 13080  |  Sell Vol: 432
2026-07-06 13:52:36   --- DOWN ---
2026-07-06 13:52:36     Price:   LAST=0.6700  BID=0.6600  ASK=0.6700
2026-07-06 13:52:36     VWAP 60s: 0.6210  |  Deviation: +7.90%
2026-07-06 13:52:36     Z-Score 5s: -2.07  |  Momentum 90s: +28.52%
2026-07-06 13:52:36     Trades: 538  |  Volume: 11186
2026-07-06 13:52:36     Buy Vol: 10914  |  Sell Vol: 272
2026-07-06 13:52:36   Win Rate: 0.7%
2026-07-06 13:52:36   Config: min_price=0.6, max_price=0.9, min_elapsed=60s, dev_range=0.1%-100%, no_entry_cutoff=30s
2026-07-06 13:52:36   BTC Chainlink: $62,935.45 (anchor: $62,965.67)
2026-07-06 13:52:36   BTC Deviation: $-30.22 (-0.0480%)
2026-07-06 13:52:36 ============================================================
2026-07-06 13:52:36 MAIN ENTRY FAILED: Could not get price
2026-07-06 13:52:36 ============================================================
2026-07-06 13:52:36 TRADE SIGNAL TRIGGERED
2026-07-06 13:52:36   Time: 2026-07-06T13:52:36.884318
2026-07-06 13:52:36   Market: btc-updown-5m-1783320600
2026-07-06 13:52:36   Signal: BUY_DOWN
2026-07-06 13:52:36   Token: DOWN
2026-07-06 13:52:36   Elapsed: 157s | Remaining: 143s | Bin: 1
2026-07-06 13:52:36   --- UP ---
2026-07-06 13:52:36     Price:   LAST=0.3400  BID=0.3300  ASK=0.3400
2026-07-06 13:52:36     VWAP 60s: 0.3673  |  Deviation: -7.44%
2026-07-06 13:52:36     Z-Score 5s: +1.31  |  Momentum 90s: -32.34%
2026-07-06 13:52:36     Trades: 447  |  Volume: 13516
2026-07-06 13:52:36     Buy Vol: 13085  |  Sell Vol: 432
2026-07-06 13:52:36   --- DOWN ---
2026-07-06 13:52:36     Price:   LAST=0.6700  BID=0.6600  ASK=0.6700
2026-07-06 13:52:36     VWAP 60s: 0.6220  |  Deviation: +7.72%
2026-07-06 13:52:36     Z-Score 5s: -1.62  |  Momentum 90s: +27.71%
2026-07-06 13:52:36     Trades: 540  |  Volume: 11306
2026-07-06 13:52:36     Buy Vol: 11034  |  Sell Vol: 272
2026-07-06 13:52:36   Win Rate: 0.7%
2026-07-06 13:52:36   Config: min_price=0.6, max_price=0.9, min_elapsed=60s, dev_range=0.1%-100%, no_entry_cutoff=30s
2026-07-06 13:52:36   BTC Chainlink: $62,935.45 (anchor: $62,965.67)
2026-07-06 13:52:36   BTC Deviation: $-30.22 (-0.0480%)
2026-07-06 13:52:36 ============================================================
2026-07-06 13:52:36 MAIN ENTRY FAILED: Could not get price
2026-07-06 13:52:37 ============================================================
2026-07-06 13:52:37 TRADE SIGNAL TRIGGERED
2026-07-06 13:52:37   Time: 2026-07-06T13:52:37.137919
2026-07-06 13:52:37   Market: btc-updown-5m-1783320600
2026-07-06 13:52:37   Signal: BUY_DOWN
2026-07-06 13:52:37   Token: DOWN
2026-07-06 13:52:37   Elapsed: 157s | Remaining: 143s | Bin: 1
2026-07-06 13:52:37   --- UP ---
2026-07-06 13:52:37     Price:   LAST=0.3400  BID=0.3300  ASK=0.3400
2026-07-06 13:52:37     VWAP 60s: 0.3672  |  Deviation: -7.42%
2026-07-06 13:52:37     Z-Score 5s: +1.14  |  Momentum 90s: -32.00%
2026-07-06 13:52:37     Trades: 449  |  Volume: 13535
2026-07-06 13:52:37     Buy Vol: 13104  |  Sell Vol: 432
2026-07-06 13:52:37   --- DOWN ---
2026-07-06 13:52:37     Price:   LAST=0.6700  BID=0.6600  ASK=0.6700
2026-07-06 13:52:37     VWAP 60s: 0.6223  |  Deviation: +7.67%
2026-07-06 13:52:37     Z-Score 5s: -1.33  |  Momentum 90s: +27.22%
2026-07-06 13:52:37     Trades: 542  |  Volume: 11338
2026-07-06 13:52:37     Buy Vol: 11066  |  Sell Vol: 272
2026-07-06 13:52:37   Win Rate: 0.7%
2026-07-06 13:52:37   Config: min_price=0.6, max_price=0.9, min_elapsed=60s, dev_range=0.1%-100%, no_entry_cutoff=30s
2026-07-06 13:52:37   BTC Chainlink: $62,935.45 (anchor: $62,965.67)
2026-07-06 13:52:37   BTC Deviation: $-30.22 (-0.0480%)
2026-07-06 13:52:37 ============================================================
2026-07-06 13:52:37 MAIN ENTRY FAILED: Could not get price
2026-07-06 13:52:37 ============================================================
2026-07-06 13:52:37 TRADE SIGNAL TRIGGERED
2026-07-06 13:52:37   Time: 2026-07-06T13:52:37.391837
2026-07-06 13:52:37   Market: btc-updown-5m-1783320600
2026-07-06 13:52:37   Signal: BUY_DOWN
2026-07-06 13:52:37   Token: DOWN
2026-07-06 13:52:37   Elapsed: 157s | Remaining: 143s | Bin: 1
2026-07-06 13:52:37   --- UP ---
2026-07-06 13:52:37     Price:   LAST=0.3500  BID=0.3400  ASK=0.3500
2026-07-06 13:52:37     VWAP 60s: 0.3636  |  Deviation: -3.73%
2026-07-06 13:52:37     Z-Score 5s: +1.18  |  Momentum 90s: -27.08%
2026-07-06 13:52:37     Trades: 452  |  Volume: 13579
2026-07-06 13:52:37     Buy Vol: 13147  |  Sell Vol: 432
2026-07-06 13:52:37   --- DOWN ---
2026-07-06 13:52:37     Price:   LAST=0.6600  BID=0.6500  ASK=0.6600
2026-07-06 13:52:37     VWAP 60s: 0.6226  |  Deviation: +6.01%
2026-07-06 13:52:37     Z-Score 5s: -1.24  |  Momentum 90s: +24.96%
2026-07-06 13:52:37     Trades: 547  |  Volume: 11375
2026-07-06 13:52:37     Buy Vol: 11103  |  Sell Vol: 272
2026-07-06 13:52:37   Win Rate: 0.7%
2026-07-06 13:52:37   Config: min_price=0.6, max_price=0.9, min_elapsed=60s, dev_range=0.1%-100%, no_entry_cutoff=30s
2026-07-06 13:52:37   BTC Chainlink: $62,935.45 (anchor: $62,965.67)
2026-07-06 13:52:37   BTC Deviation: $-30.22 (-0.0480%)
2026-07-06 13:52:37 ============================================================
2026-07-06 13:52:37 MAIN ENTRY FAILED: Could not get price
2026-07-06 13:52:37 ============================================================
2026-07-06 13:52:37 TRADE SIGNAL TRIGGERED
2026-07-06 13:52:37   Time: 2026-07-06T13:52:37.642978
2026-07-06 13:52:37   Market: btc-updown-5m-1783320600
2026-07-06 13:52:37   Signal: BUY_DOWN
2026-07-06 13:52:37   Token: DOWN
2026-07-06 13:52:37   Elapsed: 158s | Remaining: 142s | Bin: 1
2026-07-06 13:52:37   --- UP ---
2026-07-06 13:52:37     Price:   LAST=0.3500  BID=0.3500  ASK=0.3600
2026-07-06 13:52:37     VWAP 60s: 0.3634  |  Deviation: -3.70%
2026-07-06 13:52:37     Z-Score 5s: +1.04  |  Momentum 90s: -27.08%
2026-07-06 13:52:37     Trades: 454  |  Volume: 13622
2026-07-06 13:52:37     Buy Vol: 13190  |  Sell Vol: 432
2026-07-06 13:52:37   --- DOWN ---
2026-07-06 13:52:37     Price:   LAST=0.6500  BID=0.6400  ASK=0.6500
2026-07-06 13:52:37     VWAP 60s: 0.6229  |  Deviation: +4.34%
2026-07-06 13:52:37     Z-Score 5s: -1.38  |  Momentum 90s: +22.64%
2026-07-06 13:52:37     Trades: 548  |  Volume: 11405
2026-07-06 13:52:37     Buy Vol: 11133  |  Sell Vol: 272
2026-07-06 13:52:37   Win Rate: 0.7%
2026-07-06 13:52:37   Config: min_price=0.6, max_price=0.9, min_elapsed=60s, dev_range=0.1%-100%, no_entry_cutoff=30s
2026-07-06 13:52:37   BTC Chainlink: $62,938.20 (anchor: $62,965.67)
2026-07-06 13:52:37   BTC Deviation: $-27.47 (-0.0436%)
2026-07-06 13:52:37 ============================================================
2026-07-06 13:52:37 MAIN ENTRY FAILED: Could not get price
2026-07-06 13:52:37 ============================================================
2026-07-06 13:52:37 TRADE SIGNAL TRIGGERED
2026-07-06 13:52:37   Time: 2026-07-06T13:52:37.896556
2026-07-06 13:52:37   Market: btc-updown-5m-1783320600
2026-07-06 13:52:37   Signal: BUY_DOWN
2026-07-06 13:52:37   Token: DOWN
2026-07-06 13:52:37   Elapsed: 158s | Remaining: 142s | Bin: 1
2026-07-06 13:52:37   --- UP ---
2026-07-06 13:52:37     Price:   LAST=0.3600  BID=0.3500  ASK=0.3600
2026-07-06 13:52:37     VWAP 60s: 0.3626  |  Deviation: -0.71%
2026-07-06 13:52:37     Z-Score 5s: +1.14  |  Momentum 90s: -25.00%
2026-07-06 13:52:37     Trades: 456  |  Volume: 13633
2026-07-06 13:52:37     Buy Vol: 13201  |  Sell Vol: 432
2026-07-06 13:52:37   --- DOWN ---
2026-07-06 13:52:37     Price:   LAST=0.6500  BID=0.6400  ASK=0.6500
2026-07-06 13:52:37     VWAP 60s: 0.6230  |  Deviation: +4.33%
2026-07-06 13:52:37     Z-Score 5s: -1.26  |  Momentum 90s: +22.64%
2026-07-06 13:52:37     Trades: 550  |  Volume: 11417
2026-07-06 13:52:37     Buy Vol: 11145  |  Sell Vol: 272
2026-07-06 13:52:37   Win Rate: 0.7%
2026-07-06 13:52:37   Config: min_price=0.6, max_price=0.9, min_elapsed=60s, dev_range=0.1%-100%, no_entry_cutoff=30s
2026-07-06 13:52:37   BTC Chainlink: $62,938.20 (anchor: $62,965.67)
2026-07-06 13:52:37   BTC Deviation: $-27.47 (-0.0436%)
2026-07-06 13:52:37 ============================================================
2026-07-06 13:52:37 MAIN ENTRY FAILED: Could not get price
2026-07-06 13:52:38 ============================================================
2026-07-06 13:52:38 TRADE SIGNAL TRIGGERED
2026-07-06 13:52:38   Time: 2026-07-06T13:52:38.147593
2026-07-06 13:52:38   Market: btc-updown-5m-1783320600
2026-07-06 13:52:38   Signal: BUY_DOWN
2026-07-06 13:52:38   Token: DOWN
2026-07-06 13:52:38   Elapsed: 158s | Remaining: 142s | Bin: 1
2026-07-06 13:52:38   --- UP ---
2026-07-06 13:52:38     Price:   LAST=0.3600  BID=0.3500  ASK=0.3600
2026-07-06 13:52:38     VWAP 60s: 0.3547  |  Deviation: +1.50%
2026-07-06 13:52:38     Z-Score 5s: +1.05  |  Momentum 90s: -25.00%
2026-07-06 13:52:38     Trades: 456  |  Volume: 13633
2026-07-06 13:52:38     Buy Vol: 13201  |  Sell Vol: 432
2026-07-06 13:52:38   --- DOWN ---
2026-07-06 13:52:38     Price:   LAST=0.6500  BID=0.6400  ASK=0.6500
2026-07-06 13:52:38     VWAP 60s: 0.6230  |  Deviation: +4.33%
2026-07-06 13:52:38     Z-Score 5s: -0.91  |  Momentum 90s: +23.42%
2026-07-06 13:52:38     Trades: 552  |  Volume: 11423
2026-07-06 13:52:38     Buy Vol: 11151  |  Sell Vol: 272
2026-07-06 13:52:38   Win Rate: 0.7%
2026-07-06 13:52:38   Config: min_price=0.6, max_price=0.9, min_elapsed=60s, dev_range=0.1%-100%, no_entry_cutoff=30s
2026-07-06 13:52:38   BTC Chainlink: $62,938.20 (anchor: $62,965.67)
2026-07-06 13:52:38   BTC Deviation: $-27.47 (-0.0436%)
2026-07-06 13:52:38 ============================================================
2026-07-06 13:52:38 MAIN ENTRY FAILED: Could not get price
2026-07-06 13:52:38 ============================================================
2026-07-06 13:52:38 TRADE SIGNAL TRIGGERED
2026-07-06 13:52:38   Time: 2026-07-06T13:52:38.399389
2026-07-06 13:52:38   Market: btc-updown-5m-1783320600
2026-07-06 13:52:38   Signal: BUY_DOWN
2026-07-06 13:52:38   Token: DOWN
2026-07-06 13:52:38   Elapsed: 158s | Remaining: 142s | Bin: 1
2026-07-06 13:52:38   --- UP ---
2026-07-06 13:52:38     Price:   LAST=0.3600  BID=0.3500  ASK=0.3600
2026-07-06 13:52:38     VWAP 60s: 0.3545  |  Deviation: +1.56%
2026-07-06 13:52:38     Z-Score 5s: +1.05  |  Momentum 90s: -36.40%
2026-07-06 13:52:38     Trades: 456  |  Volume: 13633
2026-07-06 13:52:38     Buy Vol: 13201  |  Sell Vol: 432
2026-07-06 13:52:38   --- DOWN ---
2026-07-06 13:52:38     Price:   LAST=0.6400  BID=0.6400  ASK=0.6500
2026-07-06 13:52:38     VWAP 60s: 0.6236  |  Deviation: +2.63%
2026-07-06 13:52:38     Z-Score 5s: -1.05  |  Momentum 90s: +26.11%
2026-07-06 13:52:38     Trades: 553  |  Volume: 11424
2026-07-06 13:52:38     Buy Vol: 11151  |  Sell Vol: 273
2026-07-06 13:52:38   Win Rate: 0.6%
2026-07-06 13:52:38   Config: min_price=0.6, max_price=0.9, min_elapsed=60s, dev_range=0.1%-100%, no_entry_cutoff=30s
2026-07-06 13:52:38   BTC Chainlink: $62,938.20 (anchor: $62,965.67)
2026-07-06 13:52:38   BTC Deviation: $-27.47 (-0.0436%)
2026-07-06 13:52:38 ============================================================
2026-07-06 13:52:38 MAIN ENTRY FAILED: Could not get price
2026-07-06 13:52:38 ============================================================
2026-07-06 13:52:38 TRADE SIGNAL TRIGGERED
2026-07-06 13:52:38   Time: 2026-07-06T13:52:38.650869
2026-07-06 13:52:38   Market: btc-updown-5m-1783320600
2026-07-06 13:52:38   Signal: BUY_DOWN
2026-07-06 13:52:38   Token: DOWN
2026-07-06 13:52:38   Elapsed: 159s | Remaining: 141s | Bin: 1
2026-07-06 13:52:38   --- UP ---
2026-07-06 13:52:38     Price:   LAST=0.3700  BID=0.3600  ASK=0.3700
2026-07-06 13:52:38     VWAP 60s: 0.3543  |  Deviation: +4.44%
2026-07-06 13:52:38     Z-Score 5s: +1.20  |  Momentum 90s: -34.98%
2026-07-06 13:52:38     Trades: 458  |  Volume: 13658
2026-07-06 13:52:38     Buy Vol: 13226  |  Sell Vol: 432
2026-07-06 13:52:38   --- DOWN ---
2026-07-06 13:52:38     Price:   LAST=0.6500  BID=0.6300  ASK=0.6400
2026-07-06 13:52:38     VWAP 60s: 0.6247  |  Deviation: +4.05%
2026-07-06 13:52:38     Z-Score 5s: -0.76  |  Momentum 90s: +30.00%
2026-07-06 13:52:38     Trades: 554  |  Volume: 11426
2026-07-06 13:52:38     Buy Vol: 11153  |  Sell Vol: 273
2026-07-06 13:52:38   Win Rate: 0.7%
2026-07-06 13:52:38   Config: min_price=0.6, max_price=0.9, min_elapsed=60s, dev_range=0.1%-100%, no_entry_cutoff=30s
2026-07-06 13:52:38   BTC Chainlink: $62,942.84 (anchor: $62,965.67)
2026-07-06 13:52:38   BTC Deviation: $-22.82 (-0.0362%)
2026-07-06 13:52:38 ============================================================
2026-07-06 13:52:38 MAIN ENTRY FAILED: Could not get price
2026-07-06 13:52:38 ============================================================
2026-07-06 13:52:38 TRADE SIGNAL TRIGGERED
2026-07-06 13:52:38   Time: 2026-07-06T13:52:38.903391
2026-07-06 13:52:38   Market: btc-updown-5m-1783320600
2026-07-06 13:52:38   Signal: BUY_DOWN
2026-07-06 13:52:38   Token: DOWN
2026-07-06 13:52:38   Elapsed: 159s | Remaining: 141s | Bin: 1
2026-07-06 13:52:38   --- UP ---
2026-07-06 13:52:38     Price:   LAST=0.3700  BID=0.3600  ASK=0.3700
2026-07-06 13:52:38     VWAP 60s: 0.3530  |  Deviation: +4.80%
2026-07-06 13:52:38     Z-Score 5s: +1.40  |  Momentum 90s: -34.98%
2026-07-06 13:52:38     Trades: 458  |  Volume: 13658
2026-07-06 13:52:38     Buy Vol: 13226  |  Sell Vol: 432
2026-07-06 13:52:38   --- DOWN ---
2026-07-06 13:52:38     Price:   LAST=0.6400  BID=0.6300  ASK=0.6400
2026-07-06 13:52:38     VWAP 60s: 0.6255  |  Deviation: +2.31%
2026-07-06 13:52:38     Z-Score 5s: -0.96  |  Momentum 90s: +28.00%
2026-07-06 13:52:38     Trades: 555  |  Volume: 11429
2026-07-06 13:52:38     Buy Vol: 11156  |  Sell Vol: 273
2026-07-06 13:52:38   Win Rate: 0.6%
2026-07-06 13:52:38   Config: min_price=0.6, max_price=0.9, min_elapsed=60s, dev_range=0.1%-100%, no_entry_cutoff=30s
2026-07-06 13:52:38   BTC Chainlink: $62,942.84 (anchor: $62,965.67)
2026-07-06 13:52:38   BTC Deviation: $-22.82 (-0.0362%)
2026-07-06 13:52:38 ============================================================
2026-07-06 13:52:38 MAIN ENTRY FAILED: Could not get price
2026-07-06 13:52:39 ============================================================
2026-07-06 13:52:39 TRADE SIGNAL TRIGGERED
2026-07-06 13:52:39   Time: 2026-07-06T13:52:39.156560
2026-07-06 13:52:39   Market: btc-updown-5m-1783320600
2026-07-06 13:52:39   Signal: BUY_DOWN
2026-07-06 13:52:39   Token: DOWN
2026-07-06 13:52:39   Elapsed: 159s | Remaining: 141s | Bin: 1
2026-07-06 13:52:39   --- UP ---
2026-07-06 13:52:39     Price:   LAST=0.3700  BID=0.3600  ASK=0.3700
2026-07-06 13:52:39     VWAP 60s: 0.3530  |  Deviation: +4.81%
2026-07-06 13:52:39     Z-Score 5s: +1.40  |  Momentum 90s: -36.69%
2026-07-06 13:52:39     Trades: 458  |  Volume: 13658
2026-07-06 13:52:39     Buy Vol: 13226  |  Sell Vol: 432
2026-07-06 13:52:39   --- DOWN ---
2026-07-06 13:52:39     Price:   LAST=0.6400  BID=0.6300  ASK=0.6400
2026-07-06 13:52:39     VWAP 60s: 0.6261  |  Deviation: +2.21%
2026-07-06 13:52:39     Z-Score 5s: -0.93  |  Momentum 90s: +31.73%
2026-07-06 13:52:39     Trades: 556  |  Volume: 11635
2026-07-06 13:52:39     Buy Vol: 11362  |  Sell Vol: 273
2026-07-06 13:52:39   Win Rate: 0.6%
2026-07-06 13:52:39   Config: min_price=0.6, max_price=0.9, min_elapsed=60s, dev_range=0.1%-100%, no_entry_cutoff=30s
2026-07-06 13:52:39   BTC Chainlink: $62,942.84 (anchor: $62,965.67)
2026-07-06 13:52:39   BTC Deviation: $-22.82 (-0.0362%)
2026-07-06 13:52:39 ============================================================
2026-07-06 13:52:39 MAIN ENTRY FAILED: Could not get price
2026-07-06 13:52:39 ============================================================
2026-07-06 13:52:39 TRADE SIGNAL TRIGGERED
2026-07-06 13:52:39   Time: 2026-07-06T13:52:39.408077
2026-07-06 13:52:39   Market: btc-updown-5m-1783320600
2026-07-06 13:52:39   Signal: BUY_DOWN
2026-07-06 13:52:39   Token: DOWN
2026-07-06 13:52:39   Elapsed: 159s | Remaining: 141s | Bin: 1
2026-07-06 13:52:39   --- UP ---
2026-07-06 13:52:39     Price:   LAST=0.3700  BID=0.3600  ASK=0.3700
2026-07-06 13:52:39     VWAP 60s: 0.3529  |  Deviation: +4.85%
2026-07-06 13:52:39     Z-Score 5s: +1.07  |  Momentum 90s: -36.69%
2026-07-06 13:52:39     Trades: 463  |  Volume: 13729
2026-07-06 13:52:39     Buy Vol: 13298  |  Sell Vol: 432
2026-07-06 13:52:39   --- DOWN ---
2026-07-06 13:52:39     Price:   LAST=0.6400  BID=0.6300  ASK=0.6400
2026-07-06 13:52:39     VWAP 60s: 0.6267  |  Deviation: +2.13%
2026-07-06 13:52:39     Z-Score 5s: -0.90  |  Momentum 90s: +32.83%
2026-07-06 13:52:39     Trades: 557  |  Volume: 11640
2026-07-06 13:52:39     Buy Vol: 11367  |  Sell Vol: 273
2026-07-06 13:52:39   Win Rate: 0.6%
2026-07-06 13:52:39   Config: min_price=0.6, max_price=0.9, min_elapsed=60s, dev_range=0.1%-100%, no_entry_cutoff=30s
2026-07-06 13:52:39   BTC Chainlink: $62,942.84 (anchor: $62,965.67)
2026-07-06 13:52:39   BTC Deviation: $-22.82 (-0.0362%)
2026-07-06 13:52:39 ============================================================
2026-07-06 13:52:39 MAIN ENTRY FAILED: Could not get price
2026-07-06 13:52:39 ============================================================
2026-07-06 13:52:39 TRADE SIGNAL TRIGGERED
2026-07-06 13:52:39   Time: 2026-07-06T13:52:39.661560
2026-07-06 13:52:39   Market: btc-updown-5m-1783320600
2026-07-06 13:52:39   Signal: BUY_DOWN
2026-07-06 13:52:39   Token: DOWN
2026-07-06 13:52:39   Elapsed: 160s | Remaining: 140s | Bin: 1
2026-07-06 13:52:39   --- UP ---
2026-07-06 13:52:39     Price:   LAST=0.3700  BID=0.3600  ASK=0.3700
2026-07-06 13:52:39     VWAP 60s: 0.3528  |  Deviation: +4.88%
2026-07-06 13:52:39     Z-Score 5s: +1.07  |  Momentum 90s: -36.15%
2026-07-06 13:52:39     Trades: 463  |  Volume: 13729
2026-07-06 13:52:39     Buy Vol: 13298  |  Sell Vol: 432
2026-07-06 13:52:39   --- DOWN ---
2026-07-06 13:52:39     Price:   LAST=0.6400  BID=0.6300  ASK=0.6400
2026-07-06 13:52:39     VWAP 60s: 0.6267  |  Deviation: +2.12%
2026-07-06 13:52:39     Z-Score 5s: -0.80  |  Momentum 90s: +34.82%
2026-07-06 13:52:39     Trades: 561  |  Volume: 11665
2026-07-06 13:52:39     Buy Vol: 11392  |  Sell Vol: 273
2026-07-06 13:52:39   Win Rate: 0.6%
2026-07-06 13:52:39   Config: min_price=0.6, max_price=0.9, min_elapsed=60s, dev_range=0.1%-100%, no_entry_cutoff=30s
2026-07-06 13:52:39   BTC Chainlink: $62,943.15 (anchor: $62,965.67)
2026-07-06 13:52:39   BTC Deviation: $-22.52 (-0.0358%)
2026-07-06 13:52:39 ============================================================
2026-07-06 13:52:39 MAIN ENTRY FAILED: Could not get price
2026-07-06 13:52:39 ============================================================
2026-07-06 13:52:39 TRADE SIGNAL TRIGGERED
2026-07-06 13:52:39   Time: 2026-07-06T13:52:39.913730
2026-07-06 13:52:39   Market: btc-updown-5m-1783320600
2026-07-06 13:52:39   Signal: BUY_DOWN
2026-07-06 13:52:39   Token: DOWN
2026-07-06 13:52:39   Elapsed: 160s | Remaining: 140s | Bin: 1
2026-07-06 13:52:39   --- UP ---
2026-07-06 13:52:39     Price:   LAST=0.3700  BID=0.3600  ASK=0.3700
2026-07-06 13:52:39     VWAP 60s: 0.3528  |  Deviation: +4.88%
2026-07-06 13:52:39     Z-Score 5s: +1.07  |  Momentum 90s: -35.13%
2026-07-06 13:52:39     Trades: 463  |  Volume: 13729
2026-07-06 13:52:39     Buy Vol: 13298  |  Sell Vol: 432
2026-07-06 13:52:39   --- DOWN ---
2026-07-06 13:52:39     Price:   LAST=0.6400  BID=0.6300  ASK=0.6400
2026-07-06 13:52:39     VWAP 60s: 0.6267  |  Deviation: +2.12%
2026-07-06 13:52:39     Z-Score 5s: -0.78  |  Momentum 90s: +35.67%
2026-07-06 13:52:39     Trades: 562  |  Volume: 11667
2026-07-06 13:52:39     Buy Vol: 11393  |  Sell Vol: 273
2026-07-06 13:52:39   Win Rate: 0.6%
2026-07-06 13:52:39   Config: min_price=0.6, max_price=0.9, min_elapsed=60s, dev_range=0.1%-100%, no_entry_cutoff=30s
2026-07-06 13:52:39   BTC Chainlink: $62,943.15 (anchor: $62,965.67)
2026-07-06 13:52:39   BTC Deviation: $-22.52 (-0.0358%)
2026-07-06 13:52:39 ============================================================
2026-07-06 13:52:39 MAIN ENTRY FAILED: Could not get price
2026-07-06 13:52:40 ============================================================
2026-07-06 13:52:40 TRADE SIGNAL TRIGGERED
2026-07-06 13:52:40   Time: 2026-07-06T13:52:40.164904
2026-07-06 13:52:40   Market: btc-updown-5m-1783320600
2026-07-06 13:52:40   Signal: BUY_DOWN
2026-07-06 13:52:40   Token: DOWN
2026-07-06 13:52:40   Elapsed: 160s | Remaining: 140s | Bin: 1
2026-07-06 13:52:40   --- UP ---
2026-07-06 13:52:40     Price:   LAST=0.3700  BID=0.3500  ASK=0.3600
2026-07-06 13:52:40     VWAP 60s: 0.3528  |  Deviation: +4.88%
2026-07-06 13:52:40     Z-Score 5s: +1.07  |  Momentum 90s: -35.13%
2026-07-06 13:52:40     Trades: 463  |  Volume: 13729
2026-07-06 13:52:40     Buy Vol: 13298  |  Sell Vol: 432
2026-07-06 13:52:40   --- DOWN ---
2026-07-06 13:52:40     Price:   LAST=0.6500  BID=0.6400  ASK=0.6500
2026-07-06 13:52:40     VWAP 60s: 0.6270  |  Deviation: +3.67%
2026-07-06 13:52:40     Z-Score 5s: -0.40  |  Momentum 90s: +38.08%
2026-07-06 13:52:40     Trades: 569  |  Volume: 11739
2026-07-06 13:52:40     Buy Vol: 11464  |  Sell Vol: 275
2026-07-06 13:52:40   Win Rate: 0.7%
2026-07-06 13:52:40   Config: min_price=0.6, max_price=0.9, min_elapsed=60s, dev_range=0.1%-100%, no_entry_cutoff=30s
2026-07-06 13:52:40   BTC Chainlink: $62,943.15 (anchor: $62,965.67)
2026-07-06 13:52:40   BTC Deviation: $-22.52 (-0.0358%)
2026-07-06 13:52:40 ============================================================
2026-07-06 13:52:40 MAIN ENTRY FAILED: Could not get price
2026-07-06 13:52:40 ============================================================
2026-07-06 13:52:40 TRADE SIGNAL TRIGGERED
2026-07-06 13:52:40   Time: 2026-07-06T13:52:40.416181
2026-07-06 13:52:40   Market: btc-updown-5m-1783320600
2026-07-06 13:52:40   Signal: BUY_DOWN
2026-07-06 13:52:40   Token: DOWN
2026-07-06 13:52:40   Elapsed: 160s | Remaining: 140s | Bin: 1
2026-07-06 13:52:40   --- UP ---
2026-07-06 13:52:40     Price:   LAST=0.3400  BID=0.3400  ASK=0.3500
2026-07-06 13:52:40     VWAP 60s: 0.3482  |  Deviation: -2.35%
2026-07-06 13:52:40     Z-Score 5s: -0.06  |  Momentum 90s: -39.96%
2026-07-06 13:52:40     Trades: 464  |  Volume: 13847
2026-07-06 13:52:40     Buy Vol: 13298  |  Sell Vol: 549
2026-07-06 13:52:40   --- DOWN ---
2026-07-06 13:52:40     Price:   LAST=0.6500  BID=0.6500  ASK=0.6600
2026-07-06 13:52:40     VWAP 60s: 0.6270  |  Deviation: +3.66%
2026-07-06 13:52:40     Z-Score 5s: -0.37  |  Momentum 90s: +38.09%
2026-07-06 13:52:40     Trades: 569  |  Volume: 11739
2026-07-06 13:52:40     Buy Vol: 11464  |  Sell Vol: 275
2026-07-06 13:52:40   Win Rate: 0.7%
2026-07-06 13:52:40   Config: min_price=0.6, max_price=0.9, min_elapsed=60s, dev_range=0.1%-100%, no_entry_cutoff=30s
2026-07-06 13:52:40   BTC Chainlink: $62,943.15 (anchor: $62,965.67)
2026-07-06 13:52:40   BTC Deviation: $-22.52 (-0.0358%)
2026-07-06 13:52:40 ============================================================
2026-07-06 13:52:40 MAIN ENTRY FAILED: Could not get price
2026-07-06 13:52:40 ============================================================
2026-07-06 13:52:40 TRADE SIGNAL TRIGGERED
2026-07-06 13:52:40   Time: 2026-07-06T13:52:40.676221
2026-07-06 13:52:40   Market: btc-updown-5m-1783320600
2026-07-06 13:52:40   Signal: BUY_DOWN
2026-07-06 13:52:40   Token: DOWN
2026-07-06 13:52:40   Elapsed: 161s | Remaining: 139s | Bin: 1
2026-07-06 13:52:40   --- UP ---
2026-07-06 13:52:40     Price:   LAST=0.3500  BID=0.3400  ASK=0.3500
2026-07-06 13:52:40     VWAP 60s: 0.3482  |  Deviation: +0.52%
2026-07-06 13:52:40     Z-Score 5s: +0.32  |  Momentum 90s: -38.20%
2026-07-06 13:52:40     Trades: 465  |  Volume: 13877
2026-07-06 13:52:40     Buy Vol: 13328  |  Sell Vol: 549
2026-07-06 13:52:40   --- DOWN ---
2026-07-06 13:52:40     Price:   LAST=0.6600  BID=0.6500  ASK=0.6600
2026-07-06 13:52:40     VWAP 60s: 0.6272  |  Deviation: +5.22%
2026-07-06 13:52:40     Z-Score 5s: +0.04  |  Momentum 90s: +40.23%
2026-07-06 13:52:40     Trades: 570  |  Volume: 11749
2026-07-06 13:52:40     Buy Vol: 11474  |  Sell Vol: 275
2026-07-06 13:52:40   Win Rate: 0.7%
2026-07-06 13:52:40   Config: min_price=0.6, max_price=0.9, min_elapsed=60s, dev_range=0.1%-100%, no_entry_cutoff=30s
2026-07-06 13:52:40   BTC Chainlink: $62,943.18 (anchor: $62,965.67)
2026-07-06 13:52:40   BTC Deviation: $-22.48 (-0.0357%)
2026-07-06 13:52:40 ============================================================
2026-07-06 13:52:40 MAIN ENTRY FAILED: Could not get price
2026-07-06 13:52:40 ============================================================
2026-07-06 13:52:40 TRADE SIGNAL TRIGGERED
2026-07-06 13:52:40   Time: 2026-07-06T13:52:40.928859
2026-07-06 13:52:40   Market: btc-updown-5m-1783320600
2026-07-06 13:52:40   Signal: BUY_DOWN
2026-07-06 13:52:40   Token: DOWN
2026-07-06 13:52:40   Elapsed: 161s | Remaining: 139s | Bin: 1
2026-07-06 13:52:40   --- UP ---
2026-07-06 13:52:40     Price:   LAST=0.3500  BID=0.3400  ASK=0.3500
2026-07-06 13:52:40     VWAP 60s: 0.3453  |  Deviation: +1.37%
2026-07-06 13:52:40     Z-Score 5s: +0.31  |  Momentum 90s: -38.52%
2026-07-06 13:52:40     Trades: 466  |  Volume: 13893
2026-07-06 13:52:40     Buy Vol: 13344  |  Sell Vol: 549
2026-07-06 13:52:40   --- DOWN ---
2026-07-06 13:52:40     Price:   LAST=0.6600  BID=0.6500  ASK=0.6600
2026-07-06 13:52:40     VWAP 60s: 0.6273  |  Deviation: +5.20%
2026-07-06 13:52:40     Z-Score 5s: +0.29  |  Momentum 90s: +40.72%
2026-07-06 13:52:40     Trades: 574  |  Volume: 11774
2026-07-06 13:52:40     Buy Vol: 11478  |  Sell Vol: 297
2026-07-06 13:52:40   Win Rate: 0.7%
2026-07-06 13:52:40   Config: min_price=0.6, max_price=0.9, min_elapsed=60s, dev_range=0.1%-100%, no_entry_cutoff=30s
2026-07-06 13:52:40   BTC Chainlink: $62,943.18 (anchor: $62,965.67)
2026-07-06 13:52:40   BTC Deviation: $-22.48 (-0.0357%)
2026-07-06 13:52:40 ============================================================
2026-07-06 13:52:40 MAIN ENTRY FAILED: Could not get price
2026-07-06 13:52:41 ============================================================
2026-07-06 13:52:41 TRADE SIGNAL TRIGGERED
2026-07-06 13:52:41   Time: 2026-07-06T13:52:41.180714
2026-07-06 13:52:41   Market: btc-updown-5m-1783320600
2026-07-06 13:52:41   Signal: BUY_DOWN
2026-07-06 13:52:41   Token: DOWN
2026-07-06 13:52:41   Elapsed: 161s | Remaining: 139s | Bin: 1
2026-07-06 13:52:41   --- UP ---
2026-07-06 13:52:41     Price:   LAST=0.3500  BID=0.3400  ASK=0.3500
2026-07-06 13:52:41     VWAP 60s: 0.3449  |  Deviation: +1.47%
2026-07-06 13:52:41     Z-Score 5s: -0.08  |  Momentum 90s: -38.19%
2026-07-06 13:52:41     Trades: 466  |  Volume: 13893
2026-07-06 13:52:41     Buy Vol: 13344  |  Sell Vol: 549
2026-07-06 13:52:41   --- DOWN ---
2026-07-06 13:52:41     Price:   LAST=0.6600  BID=0.6500  ASK=0.6600
2026-07-06 13:52:41     VWAP 60s: 0.6319  |  Deviation: +4.45%
2026-07-06 13:52:41     Z-Score 5s: +0.36  |  Momentum 90s: +41.23%
2026-07-06 13:52:41     Trades: 575  |  Volume: 11777
2026-07-06 13:52:41     Buy Vol: 11481  |  Sell Vol: 297
2026-07-06 13:52:41   Win Rate: 0.7%
2026-07-06 13:52:41   Config: min_price=0.6, max_price=0.9, min_elapsed=60s, dev_range=0.1%-100%, no_entry_cutoff=30s
2026-07-06 13:52:41   BTC Chainlink: $62,943.18 (anchor: $62,965.67)
2026-07-06 13:52:41   BTC Deviation: $-22.48 (-0.0357%)
2026-07-06 13:52:41 ============================================================
2026-07-06 13:52:41 MAIN ENTRY FAILED: Could not get price
2026-07-06 13:52:41 ============================================================
2026-07-06 13:52:41 TRADE SIGNAL TRIGGERED
2026-07-06 13:52:41   Time: 2026-07-06T13:52:41.432296
2026-07-06 13:52:41   Market: btc-updown-5m-1783320600
2026-07-06 13:52:41   Signal: BUY_DOWN
2026-07-06 13:52:41   Token: DOWN
2026-07-06 13:52:41   Elapsed: 161s | Remaining: 139s | Bin: 1
2026-07-06 13:52:41   --- UP ---
2026-07-06 13:52:41     Price:   LAST=0.3500  BID=0.3400  ASK=0.3500
2026-07-06 13:52:41     VWAP 60s: 0.3447  |  Deviation: +1.53%
2026-07-06 13:52:41     Z-Score 5s: -0.32  |  Momentum 90s: -36.99%
2026-07-06 13:52:41     Trades: 468  |  Volume: 14003
2026-07-06 13:52:41     Buy Vol: 13454  |  Sell Vol: 549
2026-07-06 13:52:41   --- DOWN ---
2026-07-06 13:52:41     Price:   LAST=0.6600  BID=0.6500  ASK=0.6600
2026-07-06 13:52:41     VWAP 60s: 0.6321  |  Deviation: +4.41%
2026-07-06 13:52:41     Z-Score 5s: +0.59  |  Momentum 90s: +40.85%
2026-07-06 13:52:41     Trades: 576  |  Volume: 11787
2026-07-06 13:52:41     Buy Vol: 11491  |  Sell Vol: 297
2026-07-06 13:52:41   Win Rate: 0.7%
2026-07-06 13:52:41   Config: min_price=0.6, max_price=0.9, min_elapsed=60s, dev_range=0.1%-100%, no_entry_cutoff=30s
2026-07-06 13:52:41   BTC Chainlink: $62,943.18 (anchor: $62,965.67)
2026-07-06 13:52:41   BTC Deviation: $-22.48 (-0.0357%)
2026-07-06 13:52:41 ============================================================
2026-07-06 13:52:41 MAIN ENTRY FAILED: Could not get price
2026-07-06 13:52:41 ============================================================
2026-07-06 13:52:41 TRADE SIGNAL TRIGGERED
2026-07-06 13:52:41   Time: 2026-07-06T13:52:41.684199
2026-07-06 13:52:41   Market: btc-updown-5m-1783320600
2026-07-06 13:52:41   Signal: BUY_DOWN
2026-07-06 13:52:41   Token: DOWN
2026-07-06 13:52:41   Elapsed: 162s | Remaining: 138s | Bin: 1
2026-07-06 13:52:41   --- UP ---
2026-07-06 13:52:41     Price:   LAST=0.3400  BID=0.3300  ASK=0.3400
2026-07-06 13:52:41     VWAP 60s: 0.3446  |  Deviation: -1.33%
2026-07-06 13:52:41     Z-Score 5s: -0.99  |  Momentum 90s: -38.43%
2026-07-06 13:52:41     Trades: 470  |  Volume: 14066
2026-07-06 13:52:41     Buy Vol: 13459  |  Sell Vol: 606
2026-07-06 13:52:41   --- DOWN ---
2026-07-06 13:52:41     Price:   LAST=0.6600  BID=0.6600  ASK=0.6700
2026-07-06 13:52:41     VWAP 60s: 0.6322  |  Deviation: +4.40%
2026-07-06 13:52:41     Z-Score 5s: +0.64  |  Momentum 90s: +36.95%
2026-07-06 13:52:41     Trades: 576  |  Volume: 11787
2026-07-06 13:52:41     Buy Vol: 11491  |  Sell Vol: 297
2026-07-06 13:52:41   Win Rate: 0.7%
2026-07-06 13:52:41   Config: min_price=0.6, max_price=0.9, min_elapsed=60s, dev_range=0.1%-100%, no_entry_cutoff=30s
2026-07-06 13:52:41   BTC Chainlink: $62,943.51 (anchor: $62,965.67)
2026-07-06 13:52:41   BTC Deviation: $-22.15 (-0.0352%)
2026-07-06 13:52:41 ============================================================
2026-07-06 13:52:41 MAIN ENTRY FAILED: Could not get price
2026-07-06 13:52:41 ============================================================
2026-07-06 13:52:41 TRADE SIGNAL TRIGGERED
2026-07-06 13:52:41   Time: 2026-07-06T13:52:41.941713
2026-07-06 13:52:41   Market: btc-updown-5m-1783320600
2026-07-06 13:52:41   Signal: BUY_DOWN
2026-07-06 13:52:41   Token: DOWN
2026-07-06 13:52:41   Elapsed: 162s | Remaining: 138s | Bin: 1
2026-07-06 13:52:41   --- UP ---
2026-07-06 13:52:41     Price:   LAST=0.3400  BID=0.3300  ASK=0.3400
2026-07-06 13:52:41     VWAP 60s: 0.3443  |  Deviation: -1.25%
2026-07-06 13:52:41     Z-Score 5s: -1.04  |  Momentum 90s: -37.48%
2026-07-06 13:52:41     Trades: 470  |  Volume: 14066
2026-07-06 13:52:41     Buy Vol: 13459  |  Sell Vol: 606
2026-07-06 13:52:41   --- DOWN ---
2026-07-06 13:52:41     Price:   LAST=0.6600  BID=0.6600  ASK=0.6700
2026-07-06 13:52:41     VWAP 60s: 0.6324  |  Deviation: +4.37%
2026-07-06 13:52:41     Z-Score 5s: +0.83  |  Momentum 90s: +35.02%
2026-07-06 13:52:41     Trades: 576  |  Volume: 11787
2026-07-06 13:52:41     Buy Vol: 11491  |  Sell Vol: 297
2026-07-06 13:52:41   Win Rate: 0.7%
2026-07-06 13:52:41   Config: min_price=0.6, max_price=0.9, min_elapsed=60s, dev_range=0.1%-100%, no_entry_cutoff=30s
2026-07-06 13:52:41   BTC Chainlink: $62,943.51 (anchor: $62,965.67)
2026-07-06 13:52:41   BTC Deviation: $-22.15 (-0.0352%)
2026-07-06 13:52:41 ============================================================
2026-07-06 13:52:41 MAIN ENTRY FAILED: Could not get price
2026-07-06 13:52:42 ============================================================
2026-07-06 13:52:42 TRADE SIGNAL TRIGGERED
2026-07-06 13:52:42   Time: 2026-07-06T13:52:42.196765
2026-07-06 13:52:42   Market: btc-updown-5m-1783320600
2026-07-06 13:52:42   Signal: BUY_DOWN
2026-07-06 13:52:42   Token: DOWN
2026-07-06 13:52:42   Elapsed: 162s | Remaining: 138s | Bin: 1
2026-07-06 13:52:42   --- UP ---
2026-07-06 13:52:42     Price:   LAST=0.3400  BID=0.3300  ASK=0.3400
2026-07-06 13:52:42     VWAP 60s: 0.3435  |  Deviation: -1.03%
2026-07-06 13:52:42     Z-Score 5s: -1.15  |  Momentum 90s: -34.89%
2026-07-06 13:52:42     Trades: 470  |  Volume: 14066
2026-07-06 13:52:42     Buy Vol: 13459  |  Sell Vol: 606
2026-07-06 13:52:42   --- DOWN ---
2026-07-06 13:52:42     Price:   LAST=0.6600  BID=0.6600  ASK=0.6700
2026-07-06 13:52:42     VWAP 60s: 0.6324  |  Deviation: +4.37%
2026-07-06 13:52:42     Z-Score 5s: +1.02  |  Momentum 90s: +33.96%
2026-07-06 13:52:42     Trades: 576  |  Volume: 11787
2026-07-06 13:52:42     Buy Vol: 11491  |  Sell Vol: 297
2026-07-06 13:52:42   Win Rate: 0.7%
2026-07-06 13:52:42   Config: min_price=0.6, max_price=0.9, min_elapsed=60s, dev_range=0.1%-100%, no_entry_cutoff=30s
2026-07-06 13:52:42   BTC Chainlink: $62,943.51 (anchor: $62,965.67)
2026-07-06 13:52:42   BTC Deviation: $-22.15 (-0.0352%)
2026-07-06 13:52:42 ============================================================
2026-07-06 13:52:42 MAIN ENTRY FAILED: Could not get price
2026-07-06 13:52:42 ============================================================
2026-07-06 13:52:42 TRADE SIGNAL TRIGGERED
2026-07-06 13:52:42   Time: 2026-07-06T13:52:42.461210
2026-07-06 13:52:42   Market: btc-updown-5m-1783320600
2026-07-06 13:52:42   Signal: BUY_DOWN
2026-07-06 13:52:42   Token: DOWN
2026-07-06 13:52:42   Elapsed: 162s | Remaining: 138s | Bin: 1
2026-07-06 13:52:42   --- UP ---
2026-07-06 13:52:42     Price:   LAST=0.3400  BID=0.3300  ASK=0.3400
2026-07-06 13:52:42     VWAP 60s: 0.3435  |  Deviation: -1.03%
2026-07-06 13:52:42     Z-Score 5s: -1.30  |  Momentum 90s: -34.89%
2026-07-06 13:52:42     Trades: 470  |  Volume: 14066
2026-07-06 13:52:42     Buy Vol: 13459  |  Sell Vol: 606
2026-07-06 13:52:42   --- DOWN ---
2026-07-06 13:52:42     Price:   LAST=0.6600  BID=0.6600  ASK=0.6700
2026-07-06 13:52:42     VWAP 60s: 0.6324  |  Deviation: +4.37%
2026-07-06 13:52:42     Z-Score 5s: +1.66  |  Momentum 90s: +33.96%
2026-07-06 13:52:42     Trades: 576  |  Volume: 11787
2026-07-06 13:52:42     Buy Vol: 11491  |  Sell Vol: 297
2026-07-06 13:52:42   Win Rate: 0.7%
2026-07-06 13:52:42   Config: min_price=0.6, max_price=0.9, min_elapsed=60s, dev_range=0.1%-100%, no_entry_cutoff=30s
2026-07-06 13:52:42   BTC Chainlink: $62,943.51 (anchor: $62,965.67)
2026-07-06 13:52:42   BTC Deviation: $-22.15 (-0.0352%)
2026-07-06 13:52:42 ============================================================
2026-07-06 13:52:42 MAIN ENTRY FAILED: Could not get price
2026-07-06 13:52:42 ============================================================
2026-07-06 13:52:42 TRADE SIGNAL TRIGGERED
2026-07-06 13:52:42   Time: 2026-07-06T13:52:42.717756
2026-07-06 13:52:42   Market: btc-updown-5m-1783320600
2026-07-06 13:52:42   Signal: BUY_DOWN
2026-07-06 13:52:42   Token: DOWN
2026-07-06 13:52:42   Elapsed: 163s | Remaining: 137s | Bin: 1
2026-07-06 13:52:42   --- UP ---
2026-07-06 13:52:42     Price:   LAST=0.3300  BID=0.3300  ASK=0.3400
2026-07-06 13:52:42     VWAP 60s: 0.3435  |  Deviation: -3.94%
2026-07-06 13:52:42     Z-Score 5s: -1.70  |  Momentum 90s: -35.92%
2026-07-06 13:52:42     Trades: 471  |  Volume: 14071
2026-07-06 13:52:42     Buy Vol: 13459  |  Sell Vol: 611
2026-07-06 13:52:42   --- DOWN ---
2026-07-06 13:52:42     Price:   LAST=0.6600  BID=0.6600  ASK=0.6700
2026-07-06 13:52:42     VWAP 60s: 0.6324  |  Deviation: +4.37%
2026-07-06 13:52:42     Z-Score 5s: +1.64  |  Momentum 90s: +32.62%
2026-07-06 13:52:42     Trades: 576  |  Volume: 11787
2026-07-06 13:52:42     Buy Vol: 11491  |  Sell Vol: 297
2026-07-06 13:52:42   Win Rate: 0.7%
2026-07-06 13:52:42   Config: min_price=0.6, max_price=0.9, min_elapsed=60s, dev_range=0.1%-100%, no_entry_cutoff=30s
2026-07-06 13:52:42   BTC Chainlink: $62,943.86 (anchor: $62,965.67)
2026-07-06 13:52:42   BTC Deviation: $-21.81 (-0.0346%)
2026-07-06 13:52:42 ============================================================
2026-07-06 13:52:42 MAIN ENTRY FAILED: Could not get price
2026-07-06 13:52:42 ============================================================
2026-07-06 13:52:42 TRADE SIGNAL TRIGGERED
2026-07-06 13:52:42   Time: 2026-07-06T13:52:42.970668
2026-07-06 13:52:42   Market: btc-updown-5m-1783320600
2026-07-06 13:52:42   Signal: BUY_DOWN
2026-07-06 13:52:42   Token: DOWN
2026-07-06 13:52:42   Elapsed: 163s | Remaining: 137s | Bin: 1
2026-07-06 13:52:42   --- UP ---
2026-07-06 13:52:42     Price:   LAST=0.3200  BID=0.3100  ASK=0.3200
2026-07-06 13:52:42     VWAP 60s: 0.3399  |  Deviation: -5.85%
2026-07-06 13:52:42     Z-Score 5s: -1.78  |  Momentum 90s: -36.32%
2026-07-06 13:52:42     Trades: 474  |  Volume: 14165
2026-07-06 13:52:42     Buy Vol: 13517  |  Sell Vol: 647
2026-07-06 13:52:42   --- DOWN ---
2026-07-06 13:52:42     Price:   LAST=0.6800  BID=0.6800  ASK=0.6900
2026-07-06 13:52:42     VWAP 60s: 0.6338  |  Deviation: +7.29%
2026-07-06 13:52:42     Z-Score 5s: +3.19  |  Momentum 90s: +34.07%
2026-07-06 13:52:42     Trades: 577  |  Volume: 11958
2026-07-06 13:52:42     Buy Vol: 11662  |  Sell Vol: 297
2026-07-06 13:52:42   Win Rate: 0.7%
2026-07-06 13:52:42   Config: min_price=0.6, max_price=0.9, min_elapsed=60s, dev_range=0.1%-100%, no_entry_cutoff=30s
2026-07-06 13:52:42   BTC Chainlink: $62,943.86 (anchor: $62,965.67)
2026-07-06 13:52:42   BTC Deviation: $-21.81 (-0.0346%)
2026-07-06 13:52:42 ============================================================
2026-07-06 13:52:42 MAIN ENTRY FAILED: Could not get price
2026-07-06 13:52:43 ============================================================
2026-07-06 13:52:43 TRADE SIGNAL TRIGGERED
2026-07-06 13:52:43   Time: 2026-07-06T13:52:43.224647
2026-07-06 13:52:43   Market: btc-updown-5m-1783320600
2026-07-06 13:52:43   Signal: BUY_DOWN
2026-07-06 13:52:43   Token: DOWN
2026-07-06 13:52:43   Elapsed: 163s | Remaining: 137s | Bin: 1
2026-07-06 13:52:43   --- UP ---
2026-07-06 13:52:43     Price:   LAST=0.3200  BID=0.3100  ASK=0.3200
2026-07-06 13:52:43     VWAP 60s: 0.3398  |  Deviation: -5.84%
2026-07-06 13:52:43     Z-Score 5s: -1.60  |  Momentum 90s: -35.72%
2026-07-06 13:52:43     Trades: 475  |  Volume: 14180
2026-07-06 13:52:43     Buy Vol: 13533  |  Sell Vol: 647
2026-07-06 13:52:43   --- DOWN ---
2026-07-06 13:52:43     Price:   LAST=0.6800  BID=0.6800  ASK=0.6900
2026-07-06 13:52:43     VWAP 60s: 0.6338  |  Deviation: +7.29%
2026-07-06 13:52:43     Z-Score 5s: +3.08  |  Momentum 90s: +31.69%
2026-07-06 13:52:43     Trades: 577  |  Volume: 11958
2026-07-06 13:52:43     Buy Vol: 11662  |  Sell Vol: 297
2026-07-06 13:52:43   Win Rate: 0.7%
2026-07-06 13:52:43   Config: min_price=0.6, max_price=0.9, min_elapsed=60s, dev_range=0.1%-100%, no_entry_cutoff=30s
2026-07-06 13:52:43   BTC Chainlink: $62,943.86 (anchor: $62,965.67)
2026-07-06 13:52:43   BTC Deviation: $-21.81 (-0.0346%)
2026-07-06 13:52:43 ============================================================
2026-07-06 13:52:43 MAIN ENTRY FAILED: Could not get price
2026-07-06 13:52:43 ============================================================
2026-07-06 13:52:43 TRADE SIGNAL TRIGGERED
2026-07-06 13:52:43   Time: 2026-07-06T13:52:43.478488
2026-07-06 13:52:43   Market: btc-updown-5m-1783320600
2026-07-06 13:52:43   Signal: BUY_DOWN
2026-07-06 13:52:43   Token: DOWN
2026-07-06 13:52:43   Elapsed: 163s | Remaining: 137s | Bin: 1
2026-07-06 13:52:43   --- UP ---
2026-07-06 13:52:43     Price:   LAST=0.3200  BID=0.3100  ASK=0.3200
2026-07-06 13:52:43     VWAP 60s: 0.3398  |  Deviation: -5.84%
2026-07-06 13:52:43     Z-Score 5s: -1.47  |  Momentum 90s: -33.47%
2026-07-06 13:52:43     Trades: 476  |  Volume: 14185
2026-07-06 13:52:43     Buy Vol: 13538  |  Sell Vol: 647
2026-07-06 13:52:43   --- DOWN ---
2026-07-06 13:52:43     Price:   LAST=0.6800  BID=0.6800  ASK=0.6900
2026-07-06 13:52:43     VWAP 60s: 0.6368  |  Deviation: +6.78%
2026-07-06 13:52:43     Z-Score 5s: +1.73  |  Momentum 90s: +29.85%
2026-07-06 13:52:43     Trades: 580  |  Volume: 12028
2026-07-06 13:52:43     Buy Vol: 11693  |  Sell Vol: 336
2026-07-06 13:52:43   Win Rate: 0.7%
2026-07-06 13:52:43   Config: min_price=0.6, max_price=0.9, min_elapsed=60s, dev_range=0.1%-100%, no_entry_cutoff=30s
2026-07-06 13:52:43   BTC Chainlink: $62,943.86 (anchor: $62,965.67)
2026-07-06 13:52:43   BTC Deviation: $-21.81 (-0.0346%)
2026-07-06 13:52:43 ============================================================
2026-07-06 13:52:43 MAIN ENTRY FAILED: Could not get price
2026-07-06 13:52:43 ============================================================
2026-07-06 13:52:43 TRADE SIGNAL TRIGGERED
2026-07-06 13:52:43   Time: 2026-07-06T13:52:43.731649
2026-07-06 13:52:43   Market: btc-updown-5m-1783320600
2026-07-06 13:52:43   Signal: BUY_DOWN
2026-07-06 13:52:43   Token: DOWN
2026-07-06 13:52:43   Elapsed: 164s | Remaining: 136s | Bin: 1
2026-07-06 13:52:43   --- UP ---
2026-07-06 13:52:43     Price:   LAST=0.3200  BID=0.3100  ASK=0.3200
2026-07-06 13:52:43     VWAP 60s: 0.3395  |  Deviation: -5.75%
2026-07-06 13:52:43     Z-Score 5s: -1.28  |  Momentum 90s: -33.33%
2026-07-06 13:52:43     Trades: 477  |  Volume: 14285
2026-07-06 13:52:43     Buy Vol: 13638  |  Sell Vol: 647
2026-07-06 13:52:43   --- DOWN ---
2026-07-06 13:52:43     Price:   LAST=0.6900  BID=0.6800  ASK=0.6900
2026-07-06 13:52:43     VWAP 60s: 0.6374  |  Deviation: +8.26%
2026-07-06 13:52:43     Z-Score 5s: +1.89  |  Momentum 90s: +30.97%
2026-07-06 13:52:43     Trades: 582  |  Volume: 12045
2026-07-06 13:52:43     Buy Vol: 11709  |  Sell Vol: 336
2026-07-06 13:52:43   Win Rate: 0.7%
2026-07-06 13:52:43   Config: min_price=0.6, max_price=0.9, min_elapsed=60s, dev_range=0.1%-100%, no_entry_cutoff=30s
2026-07-06 13:52:43   BTC Chainlink: $62,946.06 (anchor: $62,965.67)
2026-07-06 13:52:43   BTC Deviation: $-19.61 (-0.0311%)
2026-07-06 13:52:43 ============================================================
2026-07-06 13:52:43 MAIN ENTRY FAILED: Could not get price
2026-07-06 13:52:43 ============================================================
2026-07-06 13:52:43 TRADE SIGNAL TRIGGERED
2026-07-06 13:52:43   Time: 2026-07-06T13:52:43.988687
2026-07-06 13:52:43   Market: btc-updown-5m-1783320600
2026-07-06 13:52:43   Signal: BUY_DOWN
2026-07-06 13:52:43   Token: DOWN
2026-07-06 13:52:43   Elapsed: 164s | Remaining: 136s | Bin: 1
2026-07-06 13:52:43   --- UP ---
2026-07-06 13:52:43     Price:   LAST=0.3200  BID=0.3100  ASK=0.3200
2026-07-06 13:52:43     VWAP 60s: 0.3392  |  Deviation: -5.66%
2026-07-06 13:52:43     Z-Score 5s: -1.28  |  Momentum 90s: -32.91%
2026-07-06 13:52:43     Trades: 477  |  Volume: 14285
2026-07-06 13:52:43     Buy Vol: 13638  |  Sell Vol: 647
2026-07-06 13:52:43   --- DOWN ---
2026-07-06 13:52:43     Price:   LAST=0.6900  BID=0.6800  ASK=0.6900
2026-07-06 13:52:43     VWAP 60s: 0.6377  |  Deviation: +8.20%
2026-07-06 13:52:43     Z-Score 5s: +1.60  |  Momentum 90s: +30.19%
2026-07-06 13:52:43     Trades: 584  |  Volume: 12070
2026-07-06 13:52:43     Buy Vol: 11734  |  Sell Vol: 336
2026-07-06 13:52:43   Win Rate: 0.7%
2026-07-06 13:52:43   Config: min_price=0.6, max_price=0.9, min_elapsed=60s, dev_range=0.1%-100%, no_entry_cutoff=30s
2026-07-06 13:52:43   BTC Chainlink: $62,946.06 (anchor: $62,965.67)
2026-07-06 13:52:43   BTC Deviation: $-19.61 (-0.0311%)
2026-07-06 13:52:43 ============================================================
2026-07-06 13:52:43 MAIN ENTRY FAILED: Could not get price
2026-07-06 13:52:44 ============================================================
2026-07-06 13:52:44 TRADE SIGNAL TRIGGERED
2026-07-06 13:52:44   Time: 2026-07-06T13:52:44.247006
2026-07-06 13:52:44   Market: btc-updown-5m-1783320600
2026-07-06 13:52:44   Signal: BUY_DOWN
2026-07-06 13:52:44   Token: DOWN
2026-07-06 13:52:44   Elapsed: 164s | Remaining: 136s | Bin: 1
2026-07-06 13:52:44   --- UP ---
2026-07-06 13:52:44     Price:   LAST=0.3200  BID=0.3100  ASK=0.3200
2026-07-06 13:52:44     VWAP 60s: 0.3392  |  Deviation: -5.66%
2026-07-06 13:52:44     Z-Score 5s: -1.17  |  Momentum 90s: -32.95%
2026-07-06 13:52:44     Trades: 477  |  Volume: 14285
2026-07-06 13:52:44     Buy Vol: 13638  |  Sell Vol: 647
2026-07-06 13:52:44   --- DOWN ---
2026-07-06 13:52:44     Price:   LAST=0.6900  BID=0.6800  ASK=0.6900
2026-07-06 13:52:44     VWAP 60s: 0.6378  |  Deviation: +8.19%
2026-07-06 13:52:44     Z-Score 5s: +1.45  |  Momentum 90s: +30.19%
2026-07-06 13:52:44     Trades: 585  |  Volume: 12078
2026-07-06 13:52:44     Buy Vol: 11742  |  Sell Vol: 336
2026-07-06 13:52:44   Win Rate: 0.7%
2026-07-06 13:52:44   Config: min_price=0.6, max_price=0.9, min_elapsed=60s, dev_range=0.1%-100%, no_entry_cutoff=30s
2026-07-06 13:52:44   BTC Chainlink: $62,946.06 (anchor: $62,965.67)
2026-07-06 13:52:44   BTC Deviation: $-19.61 (-0.0311%)
2026-07-06 13:52:44 ============================================================
2026-07-06 13:52:44 MAIN ENTRY FAILED: Could not get price
2026-07-06 13:52:44 ============================================================
2026-07-06 13:52:44 TRADE SIGNAL TRIGGERED
2026-07-06 13:52:44   Time: 2026-07-06T13:52:44.498555
2026-07-06 13:52:44   Market: btc-updown-5m-1783320600
2026-07-06 13:52:44   Signal: BUY_DOWN
2026-07-06 13:52:44   Token: DOWN
2026-07-06 13:52:44   Elapsed: 164s | Remaining: 136s | Bin: 1
2026-07-06 13:52:44   --- UP ---
2026-07-06 13:52:44     Price:   LAST=0.3300  BID=0.3200  ASK=0.3300
2026-07-06 13:52:44     VWAP 60s: 0.3389  |  Deviation: -2.63%
2026-07-06 13:52:44     Z-Score 5s: -0.38  |  Momentum 90s: -30.59%
2026-07-06 13:52:44     Trades: 479  |  Volume: 14385
2026-07-06 13:52:44     Buy Vol: 13738  |  Sell Vol: 647
2026-07-06 13:52:44   --- DOWN ---
2026-07-06 13:52:44     Price:   LAST=0.6900  BID=0.6700  ASK=0.6800
2026-07-06 13:52:44     VWAP 60s: 0.6380  |  Deviation: +8.15%
2026-07-06 13:52:44     Z-Score 5s: +1.41  |  Momentum 90s: +30.19%
2026-07-06 13:52:44     Trades: 585  |  Volume: 12078
2026-07-06 13:52:44     Buy Vol: 11742  |  Sell Vol: 336
2026-07-06 13:52:44   Win Rate: 0.7%
2026-07-06 13:52:44   Config: min_price=0.6, max_price=0.9, min_elapsed=60s, dev_range=0.1%-100%, no_entry_cutoff=30s
2026-07-06 13:52:44   BTC Chainlink: $62,946.06 (anchor: $62,965.67)
2026-07-06 13:52:44   BTC Deviation: $-19.61 (-0.0311%)
2026-07-06 13:52:44 ============================================================
2026-07-06 13:52:44 MAIN ENTRY FAILED: Could not get price
2026-07-06 13:52:44 ============================================================
2026-07-06 13:52:44 TRADE SIGNAL TRIGGERED
2026-07-06 13:52:44   Time: 2026-07-06T13:52:44.751506
2026-07-06 13:52:44   Market: btc-updown-5m-1783320600
2026-07-06 13:52:44   Signal: BUY_DOWN
2026-07-06 13:52:44   Token: DOWN
2026-07-06 13:52:44   Elapsed: 165s | Remaining: 135s | Bin: 1
2026-07-06 13:52:44   --- UP ---
2026-07-06 13:52:44     Price:   LAST=0.3300  BID=0.3100  ASK=0.3200
2026-07-06 13:52:44     VWAP 60s: 0.3389  |  Deviation: -2.63%
2026-07-06 13:52:44     Z-Score 5s: -0.37  |  Momentum 90s: -30.34%
2026-07-06 13:52:44     Trades: 480  |  Volume: 14391
2026-07-06 13:52:44     Buy Vol: 13743  |  Sell Vol: 647
2026-07-06 13:52:44   --- DOWN ---
2026-07-06 13:52:44     Price:   LAST=0.6800  BID=0.6800  ASK=0.6900
2026-07-06 13:52:44     VWAP 60s: 0.6385  |  Deviation: +6.50%
2026-07-06 13:52:44     Z-Score 5s: +0.74  |  Momentum 90s: +28.03%
2026-07-06 13:52:44     Trades: 587  |  Volume: 12086
2026-07-06 13:52:44     Buy Vol: 11744  |  Sell Vol: 343
2026-07-06 13:52:44   Win Rate: 0.7%
2026-07-06 13:52:44   Config: min_price=0.6, max_price=0.9, min_elapsed=60s, dev_range=0.1%-100%, no_entry_cutoff=30s
2026-07-06 13:52:44   BTC Chainlink: $62,946.17 (anchor: $62,965.67)
2026-07-06 13:52:44   BTC Deviation: $-19.49 (-0.0310%)
2026-07-06 13:52:44 ============================================================
2026-07-06 13:52:44 MAIN ENTRY FAILED: Could not get price
2026-07-06 13:52:45 ============================================================
2026-07-06 13:52:45 TRADE SIGNAL TRIGGERED
2026-07-06 13:52:45   Time: 2026-07-06T13:52:45.003800
2026-07-06 13:52:45   Market: btc-updown-5m-1783320600
2026-07-06 13:52:45   Signal: BUY_DOWN
2026-07-06 13:52:45   Token: DOWN
2026-07-06 13:52:45   Elapsed: 165s | Remaining: 135s | Bin: 1
2026-07-06 13:52:45   --- UP ---
2026-07-06 13:52:45     Price:   LAST=0.3200  BID=0.3100  ASK=0.3200
2026-07-06 13:52:45     VWAP 60s: 0.3388  |  Deviation: -5.55%
2026-07-06 13:52:45     Z-Score 5s: -1.10  |  Momentum 90s: -32.55%
2026-07-06 13:52:45     Trades: 482  |  Volume: 14419
2026-07-06 13:52:45     Buy Vol: 13772  |  Sell Vol: 647
2026-07-06 13:52:45   --- DOWN ---
2026-07-06 13:52:45     Price:   LAST=0.6800  BID=0.6800  ASK=0.6900
2026-07-06 13:52:45     VWAP 60s: 0.6385  |  Deviation: +6.50%
2026-07-06 13:52:45     Z-Score 5s: +0.51  |  Momentum 90s: +27.82%
2026-07-06 13:52:45     Trades: 587  |  Volume: 12086
2026-07-06 13:52:45     Buy Vol: 11744  |  Sell Vol: 343
2026-07-06 13:52:45   Win Rate: 0.7%
2026-07-06 13:52:45   Config: min_price=0.6, max_price=0.9, min_elapsed=60s, dev_range=0.1%-100%, no_entry_cutoff=30s
2026-07-06 13:52:45   BTC Chainlink: $62,946.17 (anchor: $62,965.67)
2026-07-06 13:52:45   BTC Deviation: $-19.49 (-0.0310%)
2026-07-06 13:52:45 ============================================================
2026-07-06 13:52:45 MAIN ENTRY FAILED: Could not get price
2026-07-06 13:52:45 ============================================================
2026-07-06 13:52:45 TRADE SIGNAL TRIGGERED
2026-07-06 13:52:45   Time: 2026-07-06T13:52:45.258337
2026-07-06 13:52:45   Market: btc-updown-5m-1783320600
2026-07-06 13:52:45   Signal: BUY_DOWN
2026-07-06 13:52:45   Token: DOWN
2026-07-06 13:52:45   Elapsed: 165s | Remaining: 135s | Bin: 1
2026-07-06 13:52:45   --- UP ---
2026-07-06 13:52:45     Price:   LAST=0.3200  BID=0.3100  ASK=0.3200
2026-07-06 13:52:45     VWAP 60s: 0.3385  |  Deviation: -5.47%
2026-07-06 13:52:45     Z-Score 5s: -1.10  |  Momentum 90s: -32.70%
2026-07-06 13:52:45     Trades: 482  |  Volume: 14419
2026-07-06 13:52:45     Buy Vol: 13772  |  Sell Vol: 647
2026-07-06 13:52:45   --- DOWN ---
2026-07-06 13:52:45     Price:   LAST=0.6800  BID=0.6800  ASK=0.6900
2026-07-06 13:52:45     VWAP 60s: 0.6385  |  Deviation: +6.50%
2026-07-06 13:52:45     Z-Score 5s: +0.32  |  Momentum 90s: +27.70%
2026-07-06 13:52:45     Trades: 587  |  Volume: 12086
2026-07-06 13:52:45     Buy Vol: 11744  |  Sell Vol: 343
2026-07-06 13:52:45   Win Rate: 0.7%
2026-07-06 13:52:45   Config: min_price=0.6, max_price=0.9, min_elapsed=60s, dev_range=0.1%-100%, no_entry_cutoff=30s
2026-07-06 13:52:45   BTC Chainlink: $62,946.62 (anchor: $62,965.67)
2026-07-06 13:52:45   BTC Deviation: $-19.05 (-0.0303%)
2026-07-06 13:52:45 ============================================================
2026-07-06 13:52:45 MAIN ENTRY FAILED: Could not get price
2026-07-06 13:52:45 ============================================================
2026-07-06 13:52:45 TRADE SIGNAL TRIGGERED
2026-07-06 13:52:45   Time: 2026-07-06T13:52:45.513199
2026-07-06 13:52:45   Market: btc-updown-5m-1783320600
2026-07-06 13:52:45   Signal: BUY_DOWN
2026-07-06 13:52:45   Token: DOWN
2026-07-06 13:52:45   Elapsed: 166s | Remaining: 134s | Bin: 1
2026-07-06 13:52:45   --- UP ---
2026-07-06 13:52:45     Price:   LAST=0.3200  BID=0.3000  ASK=0.3100
2026-07-06 13:52:45     VWAP 60s: 0.3385  |  Deviation: -5.46%
2026-07-06 13:52:45     Z-Score 5s: -0.87  |  Momentum 90s: -32.83%
2026-07-06 13:52:45     Trades: 486  |  Volume: 14435
2026-07-06 13:52:45     Buy Vol: 13787  |  Sell Vol: 647
2026-07-06 13:52:45   --- DOWN ---
2026-07-06 13:52:45     Price:   LAST=0.6900  BID=0.6900  ASK=0.7000
2026-07-06 13:52:45     VWAP 60s: 0.6440  |  Deviation: +7.14%
2026-07-06 13:52:45     Z-Score 5s: +0.80  |  Momentum 90s: +29.70%
2026-07-06 13:52:45     Trades: 590  |  Volume: 12106
2026-07-06 13:52:45     Buy Vol: 11764  |  Sell Vol: 343
2026-07-06 13:52:45   Win Rate: 0.7%
2026-07-06 13:52:45   Config: min_price=0.6, max_price=0.9, min_elapsed=60s, dev_range=0.1%-100%, no_entry_cutoff=30s
2026-07-06 13:52:45   BTC Chainlink: $62,946.62 (anchor: $62,965.67)
2026-07-06 13:52:45   BTC Deviation: $-19.05 (-0.0303%)
2026-07-06 13:52:45 ============================================================
2026-07-06 13:52:45 MAIN ENTRY FAILED: Could not get price
2026-07-06 13:52:45 ============================================================
2026-07-06 13:52:45 TRADE SIGNAL TRIGGERED
2026-07-06 13:52:45   Time: 2026-07-06T13:52:45.764656
2026-07-06 13:52:45   Market: btc-updown-5m-1783320600
2026-07-06 13:52:45   Signal: BUY_DOWN
2026-07-06 13:52:45   Token: DOWN
2026-07-06 13:52:45   Elapsed: 166s | Remaining: 134s | Bin: 1
2026-07-06 13:52:45   --- UP ---
2026-07-06 13:52:45     Price:   LAST=0.3200  BID=0.3000  ASK=0.3100
2026-07-06 13:52:45     VWAP 60s: 0.3383  |  Deviation: -5.42%
2026-07-06 13:52:45     Z-Score 5s: -0.83  |  Momentum 90s: -33.33%
2026-07-06 13:52:45     Trades: 486  |  Volume: 14435
2026-07-06 13:52:45     Buy Vol: 13787  |  Sell Vol: 647
2026-07-06 13:52:45   --- DOWN ---
2026-07-06 13:52:45     Price:   LAST=0.6900  BID=0.6900  ASK=0.7000
2026-07-06 13:52:45     VWAP 60s: 0.6456  |  Deviation: +6.88%
2026-07-06 13:52:45     Z-Score 5s: +0.72  |  Momentum 90s: +29.78%
2026-07-06 13:52:45     Trades: 590  |  Volume: 12106
2026-07-06 13:52:45     Buy Vol: 11764  |  Sell Vol: 343
2026-07-06 13:52:45   Win Rate: 0.7%
2026-07-06 13:52:45   Config: min_price=0.6, max_price=0.9, min_elapsed=60s, dev_range=0.1%-100%, no_entry_cutoff=30s
2026-07-06 13:52:45   BTC Chainlink: $62,946.62 (anchor: $62,965.67)
2026-07-06 13:52:45   BTC Deviation: $-19.05 (-0.0303%)
2026-07-06 13:52:45 ============================================================
2026-07-06 13:52:45 MAIN ENTRY FAILED: Could not get price
2026-07-06 13:52:46 ============================================================
2026-07-06 13:52:46 TRADE SIGNAL TRIGGERED
2026-07-06 13:52:46   Time: 2026-07-06T13:52:46.025284
2026-07-06 13:52:46   Market: btc-updown-5m-1783320600
2026-07-06 13:52:46   Signal: BUY_DOWN
2026-07-06 13:52:46   Token: DOWN
2026-07-06 13:52:46   Elapsed: 166s | Remaining: 134s | Bin: 1
2026-07-06 13:52:46   --- UP ---
2026-07-06 13:52:46     Price:   LAST=0.3200  BID=0.3000  ASK=0.3100
2026-07-06 13:52:46     VWAP 60s: 0.3362  |  Deviation: -4.81%
2026-07-06 13:52:46     Z-Score 5s: -0.80  |  Momentum 90s: -33.50%
2026-07-06 13:52:46     Trades: 486  |  Volume: 14435
2026-07-06 13:52:46     Buy Vol: 13787  |  Sell Vol: 647
2026-07-06 13:52:46   --- DOWN ---
2026-07-06 13:52:46     Price:   LAST=0.7000  BID=0.6900  ASK=0.7000
2026-07-06 13:52:46     VWAP 60s: 0.6481  |  Deviation: +8.01%
2026-07-06 13:52:46     Z-Score 5s: +1.17  |  Momentum 90s: +31.58%
2026-07-06 13:52:46     Trades: 595  |  Volume: 12122
2026-07-06 13:52:46     Buy Vol: 11774  |  Sell Vol: 348
2026-07-06 13:52:46   Win Rate: 0.7%
2026-07-06 13:52:46   Config: min_price=0.6, max_price=0.9, min_elapsed=60s, dev_range=0.1%-100%, no_entry_cutoff=30s
2026-07-06 13:52:46   BTC Chainlink: $62,946.62 (anchor: $62,965.67)
2026-07-06 13:52:46   BTC Deviation: $-19.05 (-0.0303%)
2026-07-06 13:52:46 ============================================================
2026-07-06 13:52:46 MAIN ENTRY FAILED: Could not get price
2026-07-06 13:52:46 ============================================================
2026-07-06 13:52:46 TRADE SIGNAL TRIGGERED
2026-07-06 13:52:46   Time: 2026-07-06T13:52:46.279735
2026-07-06 13:52:46   Market: btc-updown-5m-1783320600
2026-07-06 13:52:46   Signal: BUY_DOWN
2026-07-06 13:52:46   Token: DOWN
2026-07-06 13:52:46   Elapsed: 166s | Remaining: 134s | Bin: 1
2026-07-06 13:52:46   --- UP ---
2026-07-06 13:52:46     Price:   LAST=0.3100  BID=0.3000  ASK=0.3100
2026-07-06 13:52:46     VWAP 60s: 0.3356  |  Deviation: -7.62%
2026-07-06 13:52:46     Z-Score 5s: -1.70  |  Momentum 90s: -35.77%
2026-07-06 13:52:46     Trades: 487  |  Volume: 14551
2026-07-06 13:52:46     Buy Vol: 13904  |  Sell Vol: 647
2026-07-06 13:52:46   --- DOWN ---
2026-07-06 13:52:46     Price:   LAST=0.7000  BID=0.6900  ASK=0.7000
2026-07-06 13:52:46     VWAP 60s: 0.6489  |  Deviation: +7.88%
2026-07-06 13:52:46     Z-Score 5s: +1.23  |  Momentum 90s: +32.58%
2026-07-06 13:52:46     Trades: 595  |  Volume: 12122
2026-07-06 13:52:46     Buy Vol: 11774  |  Sell Vol: 348
2026-07-06 13:52:46   Win Rate: 0.7%
2026-07-06 13:52:46   Config: min_price=0.6, max_price=0.9, min_elapsed=60s, dev_range=0.1%-100%, no_entry_cutoff=30s
2026-07-06 13:52:46   BTC Chainlink: $62,947.37 (anchor: $62,965.67)
2026-07-06 13:52:46   BTC Deviation: $-18.30 (-0.0291%)
2026-07-06 13:52:46 ============================================================
2026-07-06 13:52:46 MAIN ENTRY FAILED: Could not get price
2026-07-06 13:52:46 ============================================================
2026-07-06 13:52:46 TRADE SIGNAL TRIGGERED
2026-07-06 13:52:46   Time: 2026-07-06T13:52:46.536461
2026-07-06 13:52:46   Market: btc-updown-5m-1783320600
2026-07-06 13:52:46   Signal: BUY_DOWN
2026-07-06 13:52:46   Token: DOWN
2026-07-06 13:52:46   Elapsed: 167s | Remaining: 133s | Bin: 1
2026-07-06 13:52:46   --- UP ---
2026-07-06 13:52:46     Price:   LAST=0.3100  BID=0.3000  ASK=0.3100
2026-07-06 13:52:46     VWAP 60s: 0.3355  |  Deviation: -7.59%
2026-07-06 13:52:46     Z-Score 5s: -1.91  |  Momentum 90s: -35.89%
2026-07-06 13:52:46     Trades: 487  |  Volume: 14551
2026-07-06 13:52:46     Buy Vol: 13904  |  Sell Vol: 647
2026-07-06 13:52:46   --- DOWN ---
2026-07-06 13:52:46     Price:   LAST=0.7000  BID=0.6900  ASK=0.7000
2026-07-06 13:52:46     VWAP 60s: 0.6491  |  Deviation: +7.85%
2026-07-06 13:52:46     Z-Score 5s: +1.38  |  Momentum 90s: +33.33%
2026-07-06 13:52:46     Trades: 596  |  Volume: 12123
2026-07-06 13:52:46     Buy Vol: 11776  |  Sell Vol: 348
2026-07-06 13:52:46   Win Rate: 0.7%
2026-07-06 13:52:46   Config: min_price=0.6, max_price=0.9, min_elapsed=60s, dev_range=0.1%-100%, no_entry_cutoff=30s
2026-07-06 13:52:46   BTC Chainlink: $62,947.37 (anchor: $62,965.67)
2026-07-06 13:52:46   BTC Deviation: $-18.30 (-0.0291%)
2026-07-06 13:52:46 ============================================================
2026-07-06 13:52:46 MAIN ENTRY FAILED: Could not get price
2026-07-06 13:52:46 ============================================================
2026-07-06 13:52:46 TRADE SIGNAL TRIGGERED
2026-07-06 13:52:46   Time: 2026-07-06T13:52:46.789804
2026-07-06 13:52:46   Market: btc-updown-5m-1783320600
2026-07-06 13:52:46   Signal: BUY_DOWN
2026-07-06 13:52:46   Token: DOWN
2026-07-06 13:52:46   Elapsed: 167s | Remaining: 133s | Bin: 1
2026-07-06 13:52:46   --- UP ---
2026-07-06 13:52:46     Price:   LAST=0.3100  BID=0.3000  ASK=0.3100
2026-07-06 13:52:46     VWAP 60s: 0.3355  |  Deviation: -7.59%
2026-07-06 13:52:46     Z-Score 5s: -1.93  |  Momentum 90s: -36.00%
2026-07-06 13:52:46     Trades: 487  |  Volume: 14551
2026-07-06 13:52:46     Buy Vol: 13904  |  Sell Vol: 647
2026-07-06 13:52:46   --- DOWN ---
2026-07-06 13:52:46     Price:   LAST=0.7000  BID=0.6900  ASK=0.7000
2026-07-06 13:52:46     VWAP 60s: 0.6495  |  Deviation: +7.78%
2026-07-06 13:52:46     Z-Score 5s: +1.38  |  Momentum 90s: +33.59%
2026-07-06 13:52:46     Trades: 596  |  Volume: 12123
2026-07-06 13:52:46     Buy Vol: 11776  |  Sell Vol: 348
2026-07-06 13:52:46   Win Rate: 0.7%
2026-07-06 13:52:46   Config: min_price=0.6, max_price=0.9, min_elapsed=60s, dev_range=0.1%-100%, no_entry_cutoff=30s
2026-07-06 13:52:46   BTC Chainlink: $62,947.37 (anchor: $62,965.67)
2026-07-06 13:52:46   BTC Deviation: $-18.30 (-0.0291%)
2026-07-06 13:52:46 ============================================================
2026-07-06 13:52:46 MAIN ENTRY FAILED: Could not get price
2026-07-06 13:52:47 ============================================================
2026-07-06 13:52:47 TRADE SIGNAL TRIGGERED
2026-07-06 13:52:47   Time: 2026-07-06T13:52:47.045436
2026-07-06 13:52:47   Market: btc-updown-5m-1783320600
2026-07-06 13:52:47   Signal: BUY_DOWN
2026-07-06 13:52:47   Token: DOWN
2026-07-06 13:52:47   Elapsed: 167s | Remaining: 133s | Bin: 1
2026-07-06 13:52:47   --- UP ---
2026-07-06 13:52:47     Price:   LAST=0.3100  BID=0.2900  ASK=0.3000
2026-07-06 13:52:47     VWAP 60s: 0.3354  |  Deviation: -7.56%
2026-07-06 13:52:47     Z-Score 5s: -1.93  |  Momentum 90s: -36.00%
2026-07-06 13:52:47     Trades: 487  |  Volume: 14551
2026-07-06 13:52:47     Buy Vol: 13904  |  Sell Vol: 647
2026-07-06 13:52:47   --- DOWN ---
2026-07-06 13:52:47     Price:   LAST=0.7100  BID=0.7000  ASK=0.7100
2026-07-06 13:52:47     VWAP 60s: 0.6496  |  Deviation: +9.30%
2026-07-06 13:52:47     Z-Score 5s: +2.35  |  Momentum 90s: +35.89%
2026-07-06 13:52:47     Trades: 599  |  Volume: 12139
2026-07-06 13:52:47     Buy Vol: 11780  |  Sell Vol: 359
2026-07-06 13:52:47   Win Rate: 0.7%
2026-07-06 13:52:47   Config: min_price=0.6, max_price=0.9, min_elapsed=60s, dev_range=0.1%-100%, no_entry_cutoff=30s
2026-07-06 13:52:47   BTC Chainlink: $62,947.37 (anchor: $62,965.67)
2026-07-06 13:52:47   BTC Deviation: $-18.30 (-0.0291%)
2026-07-06 13:52:47 ============================================================
2026-07-06 13:52:47 MAIN ENTRY FAILED: Could not get price
2026-07-06 13:52:47 ============================================================
2026-07-06 13:52:47 TRADE SIGNAL TRIGGERED
2026-07-06 13:52:47   Time: 2026-07-06T13:52:47.299738
2026-07-06 13:52:47   Market: btc-updown-5m-1783320600
2026-07-06 13:52:47   Signal: BUY_DOWN
2026-07-06 13:52:47   Token: DOWN
2026-07-06 13:52:47   Elapsed: 167s | Remaining: 133s | Bin: 1
2026-07-06 13:52:47   --- UP ---
2026-07-06 13:52:47     Price:   LAST=0.3000  BID=0.2700  ASK=0.2900
2026-07-06 13:52:47     VWAP 60s: 0.3353  |  Deviation: -10.53%
2026-07-06 13:52:47     Z-Score 5s: -2.12  |  Momentum 90s: -38.18%
2026-07-06 13:52:47     Trades: 489  |  Volume: 14558
2026-07-06 13:52:47     Buy Vol: 13911  |  Sell Vol: 647
2026-07-06 13:52:47   --- DOWN ---
2026-07-06 13:52:47     Price:   LAST=0.7100  BID=0.7100  ASK=0.7300
2026-07-06 13:52:47     VWAP 60s: 0.6496  |  Deviation: +9.30%
2026-07-06 13:52:47     Z-Score 5s: +2.35  |  Momentum 90s: +36.02%
2026-07-06 13:52:47     Trades: 599  |  Volume: 12139
2026-07-06 13:52:47     Buy Vol: 11780  |  Sell Vol: 359
2026-07-06 13:52:47   Win Rate: 0.7%
2026-07-06 13:52:47   Config: min_price=0.6, max_price=0.9, min_elapsed=60s, dev_range=0.1%-100%, no_entry_cutoff=30s
2026-07-06 13:52:47   BTC Chainlink: $62,947.37 (anchor: $62,965.67)
2026-07-06 13:52:47   BTC Deviation: $-18.30 (-0.0291%)
2026-07-06 13:52:47 ============================================================
2026-07-06 13:52:47 MAIN ENTRY FAILED: Could not get price
2026-07-06 13:52:47 ============================================================
2026-07-06 13:52:47 TRADE SIGNAL TRIGGERED
2026-07-06 13:52:47   Time: 2026-07-06T13:52:47.554521
2026-07-06 13:52:47   Market: btc-updown-5m-1783320600
2026-07-06 13:52:47   Signal: BUY_DOWN
2026-07-06 13:52:47   Token: DOWN
2026-07-06 13:52:47   Elapsed: 168s | Remaining: 132s | Bin: 1
2026-07-06 13:52:47   --- UP ---
2026-07-06 13:52:47     Price:   LAST=0.3000  BID=0.2700  ASK=0.2800
2026-07-06 13:52:47     VWAP 60s: 0.3353  |  Deviation: -10.53%
2026-07-06 13:52:47     Z-Score 5s: -2.06  |  Momentum 90s: -38.26%
2026-07-06 13:52:47     Trades: 489  |  Volume: 14558
2026-07-06 13:52:47     Buy Vol: 13911  |  Sell Vol: 647
2026-07-06 13:52:47   --- DOWN ---
2026-07-06 13:52:47     Price:   LAST=0.7300  BID=0.7200  ASK=0.7300
2026-07-06 13:52:47     VWAP 60s: 0.6527  |  Deviation: +11.84%
2026-07-06 13:52:47     Z-Score 5s: +2.51  |  Momentum 90s: +40.00%
2026-07-06 13:52:47     Trades: 602  |  Volume: 12382
2026-07-06 13:52:47     Buy Vol: 12024  |  Sell Vol: 359
2026-07-06 13:52:47   Win Rate: 0.7%
2026-07-06 13:52:47   Config: min_price=0.6, max_price=0.9, min_elapsed=60s, dev_range=0.1%-100%, no_entry_cutoff=30s
2026-07-06 13:52:47   BTC Chainlink: $62,947.28 (anchor: $62,965.67)
2026-07-06 13:52:47   BTC Deviation: $-18.38 (-0.0292%)
2026-07-06 13:52:47 ============================================================
2026-07-06 13:52:47 MAIN ENTRY FAILED: Could not get price
2026-07-06 13:52:47 ============================================================
2026-07-06 13:52:47 TRADE SIGNAL TRIGGERED
2026-07-06 13:52:47   Time: 2026-07-06T13:52:47.817403
2026-07-06 13:52:47   Market: btc-updown-5m-1783320600
2026-07-06 13:52:47   Signal: BUY_DOWN
2026-07-06 13:52:47   Token: DOWN
2026-07-06 13:52:47   Elapsed: 168s | Remaining: 132s | Bin: 1
2026-07-06 13:52:47   --- UP ---
2026-07-06 13:52:47     Price:   LAST=0.2800  BID=0.2700  ASK=0.2800
2026-07-06 13:52:47     VWAP 60s: 0.3336  |  Deviation: -16.07%
2026-07-06 13:52:47     Z-Score 5s: -1.54  |  Momentum 90s: -42.42%
2026-07-06 13:52:47     Trades: 494  |  Volume: 14732
2026-07-06 13:52:47     Buy Vol: 14076  |  Sell Vol: 655
2026-07-06 13:52:47   --- DOWN ---
2026-07-06 13:52:47     Price:   LAST=0.7300  BID=0.7200  ASK=0.7300
2026-07-06 13:52:47     VWAP 60s: 0.6527  |  Deviation: +11.84%
2026-07-06 13:52:47     Z-Score 5s: +2.51  |  Momentum 90s: +40.00%
2026-07-06 13:52:47     Trades: 602  |  Volume: 12382
2026-07-06 13:52:47     Buy Vol: 12024  |  Sell Vol: 359
2026-07-06 13:52:47   Win Rate: 0.7%
2026-07-06 13:52:47   Config: min_price=0.6, max_price=0.9, min_elapsed=60s, dev_range=0.1%-100%, no_entry_cutoff=30s
2026-07-06 13:52:47   BTC Chainlink: $62,947.28 (anchor: $62,965.67)
2026-07-06 13:52:47   BTC Deviation: $-18.38 (-0.0292%)
2026-07-06 13:52:47 ============================================================
2026-07-06 13:52:47 MAIN ENTRY FAILED: Could not get price
2026-07-06 13:52:48 ============================================================
2026-07-06 13:52:48 TRADE SIGNAL TRIGGERED
2026-07-06 13:52:48   Time: 2026-07-06T13:52:48.074717
2026-07-06 13:52:48   Market: btc-updown-5m-1783320600
2026-07-06 13:52:48   Signal: BUY_DOWN
2026-07-06 13:52:48   Token: DOWN
2026-07-06 13:52:48   Elapsed: 168s | Remaining: 132s | Bin: 1
2026-07-06 13:52:48   --- UP ---
2026-07-06 13:52:48     Price:   LAST=0.2600  BID=0.2500  ASK=0.2600
2026-07-06 13:52:48     VWAP 60s: 0.3336  |  Deviation: -22.05%
2026-07-06 13:52:48     Z-Score 5s: -2.10  |  Momentum 90s: -46.69%
2026-07-06 13:52:48     Trades: 495  |  Volume: 14737
2026-07-06 13:52:48     Buy Vol: 14082  |  Sell Vol: 655
2026-07-06 13:52:48   --- DOWN ---
2026-07-06 13:52:48     Price:   LAST=0.7400  BID=0.7400  ASK=0.7500
2026-07-06 13:52:48     VWAP 60s: 0.6563  |  Deviation: +12.75%
2026-07-06 13:52:48     Z-Score 5s: +2.45  |  Momentum 90s: +42.31%
2026-07-06 13:52:48     Trades: 604  |  Volume: 12612
2026-07-06 13:52:48     Buy Vol: 12253  |  Sell Vol: 359
2026-07-06 13:52:48   Win Rate: 0.7%
2026-07-06 13:52:48   Config: min_price=0.6, max_price=0.9, min_elapsed=60s, dev_range=0.1%-100%, no_entry_cutoff=30s
2026-07-06 13:52:48   BTC Chainlink: $62,947.28 (anchor: $62,965.67)
2026-07-06 13:52:48   BTC Deviation: $-18.38 (-0.0292%)
2026-07-06 13:52:48 ============================================================
2026-07-06 13:52:48 MAIN ENTRY FAILED: Could not get price
2026-07-06 13:52:48 ============================================================
2026-07-06 13:52:48 TRADE SIGNAL TRIGGERED
2026-07-06 13:52:48   Time: 2026-07-06T13:52:48.330741
2026-07-06 13:52:48   Market: btc-updown-5m-1783320600
2026-07-06 13:52:48   Signal: BUY_DOWN
2026-07-06 13:52:48   Token: DOWN
2026-07-06 13:52:48   Elapsed: 168s | Remaining: 132s | Bin: 1
2026-07-06 13:52:48   --- UP ---
2026-07-06 13:52:48     Price:   LAST=0.2500  BID=0.2500  ASK=0.2600
2026-07-06 13:52:48     VWAP 60s: 0.3335  |  Deviation: -25.03%
2026-07-06 13:52:48     Z-Score 5s: -2.12  |  Momentum 90s: -48.98%
2026-07-06 13:52:48     Trades: 496  |  Volume: 14745
2026-07-06 13:52:48     Buy Vol: 14082  |  Sell Vol: 663
2026-07-06 13:52:48   --- DOWN ---
2026-07-06 13:52:48     Price:   LAST=0.7400  BID=0.7400  ASK=0.7500
2026-07-06 13:52:48     VWAP 60s: 0.6563  |  Deviation: +12.75%
2026-07-06 13:52:48     Z-Score 5s: +2.45  |  Momentum 90s: +42.70%
2026-07-06 13:52:48     Trades: 604  |  Volume: 12612
2026-07-06 13:52:48     Buy Vol: 12253  |  Sell Vol: 359
2026-07-06 13:52:48   Win Rate: 0.7%
2026-07-06 13:52:48   Config: min_price=0.6, max_price=0.9, min_elapsed=60s, dev_range=0.1%-100%, no_entry_cutoff=30s
2026-07-06 13:52:48   BTC Chainlink: $62,947.28 (anchor: $62,965.67)
2026-07-06 13:52:48   BTC Deviation: $-18.38 (-0.0292%)
2026-07-06 13:52:48 ============================================================
2026-07-06 13:52:48 MAIN ENTRY FAILED: Could not get price
2026-07-06 13:52:48 ============================================================
2026-07-06 13:52:48 TRADE SIGNAL TRIGGERED
2026-07-06 13:52:48   Time: 2026-07-06T13:52:48.582484
2026-07-06 13:52:48   Market: btc-updown-5m-1783320600
2026-07-06 13:52:48   Signal: BUY_DOWN
2026-07-06 13:52:48   Token: DOWN
2026-07-06 13:52:48   Elapsed: 169s | Remaining: 131s | Bin: 1
2026-07-06 13:52:48   --- UP ---
2026-07-06 13:52:48     Price:   LAST=0.2600  BID=0.2500  ASK=0.2600
2026-07-06 13:52:48     VWAP 60s: 0.3334  |  Deviation: -22.01%
2026-07-06 13:52:48     Z-Score 5s: -1.52  |  Momentum 90s: -47.13%
2026-07-06 13:52:48     Trades: 497  |  Volume: 14750
2026-07-06 13:52:48     Buy Vol: 14087  |  Sell Vol: 663
2026-07-06 13:52:48   --- DOWN ---
2026-07-06 13:52:48     Price:   LAST=0.7400  BID=0.7400  ASK=0.7500
2026-07-06 13:52:48     VWAP 60s: 0.6563  |  Deviation: +12.75%
2026-07-06 13:52:48     Z-Score 5s: +2.32  |  Momentum 90s: +43.69%
2026-07-06 13:52:48     Trades: 604  |  Volume: 12612
2026-07-06 13:52:48     Buy Vol: 12253  |  Sell Vol: 359
2026-07-06 13:52:48   Win Rate: 0.7%
2026-07-06 13:52:48   Config: min_price=0.6, max_price=0.9, min_elapsed=60s, dev_range=0.1%-100%, no_entry_cutoff=30s
2026-07-06 13:52:48   BTC Chainlink: $62,947.20 (anchor: $62,965.67)
2026-07-06 13:52:48   BTC Deviation: $-18.47 (-0.0293%)
2026-07-06 13:52:48 ============================================================
2026-07-06 13:52:48 MAIN ENTRY FAILED: Could not get price
2026-07-06 13:52:48 ============================================================
2026-07-06 13:52:48 TRADE SIGNAL TRIGGERED
2026-07-06 13:52:48   Time: 2026-07-06T13:52:48.833803
2026-07-06 13:52:48   Market: btc-updown-5m-1783320600
2026-07-06 13:52:48   Signal: BUY_DOWN
2026-07-06 13:52:48   Token: DOWN
2026-07-06 13:52:48   Elapsed: 169s | Remaining: 131s | Bin: 1
2026-07-06 13:52:48   --- UP ---
2026-07-06 13:52:48     Price:   LAST=0.2600  BID=0.2500  ASK=0.2600
2026-07-06 13:52:48     VWAP 60s: 0.3334  |  Deviation: -22.01%
2026-07-06 13:52:48     Z-Score 5s: -1.47  |  Momentum 90s: -47.25%
2026-07-06 13:52:48     Trades: 497  |  Volume: 14750
2026-07-06 13:52:48     Buy Vol: 14087  |  Sell Vol: 663
2026-07-06 13:52:48   --- DOWN ---
2026-07-06 13:52:48     Price:   LAST=0.7400  BID=0.7400  ASK=0.7500
2026-07-06 13:52:48     VWAP 60s: 0.6568  |  Deviation: +12.67%
2026-07-06 13:52:48     Z-Score 5s: +1.90  |  Momentum 90s: +44.29%
2026-07-06 13:52:48     Trades: 605  |  Volume: 12644
2026-07-06 13:52:48     Buy Vol: 12253  |  Sell Vol: 390
2026-07-06 13:52:48   Win Rate: 0.7%
2026-07-06 13:52:48   Config: min_price=0.6, max_price=0.9, min_elapsed=60s, dev_range=0.1%-100%, no_entry_cutoff=30s
2026-07-06 13:52:48   BTC Chainlink: $62,947.20 (anchor: $62,965.67)
2026-07-06 13:52:48   BTC Deviation: $-18.47 (-0.0293%)
2026-07-06 13:52:48 ============================================================
2026-07-06 13:52:48 MAIN ENTRY FAILED: Could not get price
2026-07-06 13:52:49 ============================================================
2026-07-06 13:52:49 TRADE SIGNAL TRIGGERED
2026-07-06 13:52:49   Time: 2026-07-06T13:52:49.089477
2026-07-06 13:52:49   Market: btc-updown-5m-1783320600
2026-07-06 13:52:49   Signal: BUY_DOWN
2026-07-06 13:52:49   Token: DOWN
2026-07-06 13:52:49   Elapsed: 169s | Remaining: 131s | Bin: 1
2026-07-06 13:52:49   --- UP ---
2026-07-06 13:52:49     Price:   LAST=0.2600  BID=0.2500  ASK=0.2600
2026-07-06 13:52:49     VWAP 60s: 0.3334  |  Deviation: -22.01%
2026-07-06 13:52:49     Z-Score 5s: -1.47  |  Momentum 90s: -47.70%
2026-07-06 13:52:49     Trades: 497  |  Volume: 14750
2026-07-06 13:52:49     Buy Vol: 14087  |  Sell Vol: 663
2026-07-06 13:52:49   --- DOWN ---
2026-07-06 13:52:49     Price:   LAST=0.7400  BID=0.7400  ASK=0.7500
2026-07-06 13:52:49     VWAP 60s: 0.6568  |  Deviation: +12.67%
2026-07-06 13:52:49     Z-Score 5s: +1.79  |  Momentum 90s: +44.29%
2026-07-06 13:52:49     Trades: 605  |  Volume: 12644
2026-07-06 13:52:49     Buy Vol: 12253  |  Sell Vol: 390
2026-07-06 13:52:49   Win Rate: 0.7%
2026-07-06 13:52:49   Config: min_price=0.6, max_price=0.9, min_elapsed=60s, dev_range=0.1%-100%, no_entry_cutoff=30s
2026-07-06 13:52:49   BTC Chainlink: $62,947.20 (anchor: $62,965.67)
2026-07-06 13:52:49   BTC Deviation: $-18.47 (-0.0293%)
2026-07-06 13:52:49 ============================================================
2026-07-06 13:52:49 MAIN ENTRY FAILED: Could not get price
2026-07-06 13:52:49 ============================================================
2026-07-06 13:52:49 TRADE SIGNAL TRIGGERED
2026-07-06 13:52:49   Time: 2026-07-06T13:52:49.344495
2026-07-06 13:52:49   Market: btc-updown-5m-1783320600
2026-07-06 13:52:49   Signal: BUY_DOWN
2026-07-06 13:52:49   Token: DOWN
2026-07-06 13:52:49   Elapsed: 169s | Remaining: 131s | Bin: 1
2026-07-06 13:52:49   --- UP ---
2026-07-06 13:52:49     Price:   LAST=0.2600  BID=0.2500  ASK=0.2600
2026-07-06 13:52:49     VWAP 60s: 0.3296  |  Deviation: -21.12%
2026-07-06 13:52:49     Z-Score 5s: -1.36  |  Momentum 90s: -48.00%
2026-07-06 13:52:49     Trades: 498  |  Volume: 14958
2026-07-06 13:52:49     Buy Vol: 14295  |  Sell Vol: 663
2026-07-06 13:52:49   --- DOWN ---
2026-07-06 13:52:49     Price:   LAST=0.7400  BID=0.7400  ASK=0.7500
2026-07-06 13:52:49     VWAP 60s: 0.6568  |  Deviation: +12.67%
2026-07-06 13:52:49     Z-Score 5s: +1.79  |  Momentum 90s: +44.63%
2026-07-06 13:52:49     Trades: 605  |  Volume: 12644
2026-07-06 13:52:49     Buy Vol: 12253  |  Sell Vol: 390
2026-07-06 13:52:49   Win Rate: 0.7%
2026-07-06 13:52:49   Config: min_price=0.6, max_price=0.9, min_elapsed=60s, dev_range=0.1%-100%, no_entry_cutoff=30s
2026-07-06 13:52:49   BTC Chainlink: $62,947.20 (anchor: $62,965.67)
2026-07-06 13:52:49   BTC Deviation: $-18.47 (-0.0293%)
2026-07-06 13:52:49 ============================================================
2026-07-06 13:52:49 MAIN ENTRY FAILED: Could not get price
2026-07-06 13:52:49 ============================================================
2026-07-06 13:52:49 TRADE SIGNAL TRIGGERED
2026-07-06 13:52:49   Time: 2026-07-06T13:52:49.597441
2026-07-06 13:52:49   Market: btc-updown-5m-1783320600
2026-07-06 13:52:49   Signal: BUY_DOWN
2026-07-06 13:52:49   Token: DOWN
2026-07-06 13:52:49   Elapsed: 170s | Remaining: 130s | Bin: 1
2026-07-06 13:52:49   --- UP ---
2026-07-06 13:52:49     Price:   LAST=0.2700  BID=0.2600  ASK=0.2700
2026-07-06 13:52:49     VWAP 60s: 0.3254  |  Deviation: -17.02%
2026-07-06 13:52:49     Z-Score 5s: -0.78  |  Momentum 90s: -46.53%
2026-07-06 13:52:49     Trades: 500  |  Volume: 14983
2026-07-06 13:52:49     Buy Vol: 14319  |  Sell Vol: 663
2026-07-06 13:52:49   --- DOWN ---
2026-07-06 13:52:49     Price:   LAST=0.7400  BID=0.7300  ASK=0.7400
2026-07-06 13:52:49     VWAP 60s: 0.6568  |  Deviation: +12.67%
2026-07-06 13:52:49     Z-Score 5s: +1.79  |  Momentum 90s: +44.53%
2026-07-06 13:52:49     Trades: 605  |  Volume: 12644
2026-07-06 13:52:49     Buy Vol: 12253  |  Sell Vol: 390
2026-07-06 13:52:49   Win Rate: 0.7%
2026-07-06 13:52:49   Config: min_price=0.6, max_price=0.9, min_elapsed=60s, dev_range=0.1%-100%, no_entry_cutoff=30s
2026-07-06 13:52:49   BTC Chainlink: $62,947.19 (anchor: $62,965.67)
2026-07-06 13:52:49   BTC Deviation: $-18.47 (-0.0293%)
2026-07-06 13:52:49 ============================================================
2026-07-06 13:52:49 MAIN ENTRY FAILED: Could not get price
2026-07-06 13:52:49 ============================================================
2026-07-06 13:52:49 TRADE SIGNAL TRIGGERED
2026-07-06 13:52:49   Time: 2026-07-06T13:52:49.853969
2026-07-06 13:52:49   Market: btc-updown-5m-1783320600
2026-07-06 13:52:49   Signal: BUY_DOWN
2026-07-06 13:52:49   Token: DOWN
2026-07-06 13:52:49   Elapsed: 170s | Remaining: 130s | Bin: 1
2026-07-06 13:52:49   --- UP ---
2026-07-06 13:52:49     Price:   LAST=0.2700  BID=0.2600  ASK=0.2700
2026-07-06 13:52:49     VWAP 60s: 0.3250  |  Deviation: -16.93%
2026-07-06 13:52:49     Z-Score 5s: -0.72  |  Momentum 90s: -46.53%
2026-07-06 13:52:49     Trades: 502  |  Volume: 14999
2026-07-06 13:52:49     Buy Vol: 14336  |  Sell Vol: 663
2026-07-06 13:52:49   --- DOWN ---
2026-07-06 13:52:49     Price:   LAST=0.7400  BID=0.7300  ASK=0.7400
2026-07-06 13:52:49     VWAP 60s: 0.6568  |  Deviation: +12.67%
2026-07-06 13:52:49     Z-Score 5s: +1.74  |  Momentum 90s: +44.53%
2026-07-06 13:52:49     Trades: 605  |  Volume: 12644
2026-07-06 13:52:49     Buy Vol: 12253  |  Sell Vol: 390
2026-07-06 13:52:49   Win Rate: 0.7%
2026-07-06 13:52:49   Config: min_price=0.6, max_price=0.9, min_elapsed=60s, dev_range=0.1%-100%, no_entry_cutoff=30s
2026-07-06 13:52:49   BTC Chainlink: $62,947.19 (anchor: $62,965.67)
2026-07-06 13:52:49   BTC Deviation: $-18.47 (-0.0293%)
2026-07-06 13:52:49 ============================================================
2026-07-06 13:52:49 MAIN ENTRY FAILED: Could not get price
2026-07-06 13:52:50 ============================================================
2026-07-06 13:52:50 TRADE SIGNAL TRIGGERED
2026-07-06 13:52:50   Time: 2026-07-06T13:52:50.106764
2026-07-06 13:52:50   Market: btc-updown-5m-1783320600
2026-07-06 13:52:50   Signal: BUY_DOWN
2026-07-06 13:52:50   Token: DOWN
2026-07-06 13:52:50   Elapsed: 170s | Remaining: 130s | Bin: 1
2026-07-06 13:52:50   --- UP ---
2026-07-06 13:52:50     Price:   LAST=0.2700  BID=0.2600  ASK=0.2700
2026-07-06 13:52:50     VWAP 60s: 0.3198  |  Deviation: -15.58%
2026-07-06 13:52:50     Z-Score 5s: -0.58  |  Momentum 90s: -46.53%
2026-07-06 13:52:50     Trades: 504  |  Volume: 15015
2026-07-06 13:52:50     Buy Vol: 14352  |  Sell Vol: 663
2026-07-06 13:52:50   --- DOWN ---
2026-07-06 13:52:50     Price:   LAST=0.7400  BID=0.7300  ASK=0.7400
2026-07-06 13:52:50     VWAP 60s: 0.6569  |  Deviation: +12.66%
2026-07-06 13:52:50     Z-Score 5s: +1.74  |  Momentum 90s: +45.57%
2026-07-06 13:52:50     Trades: 605  |  Volume: 12644
2026-07-06 13:52:50     Buy Vol: 12253  |  Sell Vol: 390
2026-07-06 13:52:50   Win Rate: 0.7%
2026-07-06 13:52:50   Config: min_price=0.6, max_price=0.9, min_elapsed=60s, dev_range=0.1%-100%, no_entry_cutoff=30s
2026-07-06 13:52:50   BTC Chainlink: $62,947.19 (anchor: $62,965.67)
2026-07-06 13:52:50   BTC Deviation: $-18.47 (-0.0293%)
2026-07-06 13:52:50 ============================================================
2026-07-06 13:52:50 MAIN ENTRY FAILED: Could not get price
2026-07-06 13:52:50 ============================================================
2026-07-06 13:52:50 TRADE SIGNAL TRIGGERED
2026-07-06 13:52:50   Time: 2026-07-06T13:52:50.361824
2026-07-06 13:52:50   Market: btc-updown-5m-1783320600
2026-07-06 13:52:50   Signal: BUY_DOWN
2026-07-06 13:52:50   Token: DOWN
2026-07-06 13:52:50   Elapsed: 170s | Remaining: 130s | Bin: 1
2026-07-06 13:52:50   --- UP ---
2026-07-06 13:52:50     Price:   LAST=0.2700  BID=0.2600  ASK=0.2700
2026-07-06 13:52:50     VWAP 60s: 0.3196  |  Deviation: -15.51%
2026-07-06 13:52:50     Z-Score 5s: -0.54  |  Momentum 90s: -47.06%
2026-07-06 13:52:50     Trades: 507  |  Volume: 15048
2026-07-06 13:52:50     Buy Vol: 14385  |  Sell Vol: 663
2026-07-06 13:52:50   --- DOWN ---
2026-07-06 13:52:50     Price:   LAST=0.7400  BID=0.7300  ASK=0.7400
2026-07-06 13:52:50     VWAP 60s: 0.6569  |  Deviation: +12.65%
2026-07-06 13:52:50     Z-Score 5s: +1.68  |  Momentum 90s: +46.25%
2026-07-06 13:52:50     Trades: 605  |  Volume: 12644
2026-07-06 13:52:50     Buy Vol: 12253  |  Sell Vol: 390
2026-07-06 13:52:50   Win Rate: 0.7%
2026-07-06 13:52:50   Config: min_price=0.6, max_price=0.9, min_elapsed=60s, dev_range=0.1%-100%, no_entry_cutoff=30s
2026-07-06 13:52:50   BTC Chainlink: $62,947.19 (anchor: $62,965.67)
2026-07-06 13:52:50   BTC Deviation: $-18.47 (-0.0293%)
2026-07-06 13:52:50 ============================================================
2026-07-06 13:52:50 MAIN ENTRY FAILED: Could not get price
2026-07-06 13:52:50 ============================================================
2026-07-06 13:52:50 TRADE SIGNAL TRIGGERED
2026-07-06 13:52:50   Time: 2026-07-06T13:52:50.613357
2026-07-06 13:52:50   Market: btc-updown-5m-1783320600
2026-07-06 13:52:50   Signal: BUY_DOWN
2026-07-06 13:52:50   Token: DOWN
2026-07-06 13:52:50   Elapsed: 171s | Remaining: 129s | Bin: 1
2026-07-06 13:52:50   --- UP ---
2026-07-06 13:52:50     Price:   LAST=0.2700  BID=0.2600  ASK=0.2700
2026-07-06 13:52:50     VWAP 60s: 0.3193  |  Deviation: -15.45%
2026-07-06 13:52:50     Z-Score 5s: -0.30  |  Momentum 90s: -47.47%
2026-07-06 13:52:50     Trades: 507  |  Volume: 15048
2026-07-06 13:52:50     Buy Vol: 14385  |  Sell Vol: 663
2026-07-06 13:52:50   --- DOWN ---
2026-07-06 13:52:50     Price:   LAST=0.7400  BID=0.7300  ASK=0.7400
2026-07-06 13:52:50     VWAP 60s: 0.6575  |  Deviation: +12.55%
2026-07-06 13:52:50     Z-Score 5s: +1.41  |  Momentum 90s: +48.99%
2026-07-06 13:52:50     Trades: 606  |  Volume: 12654
2026-07-06 13:52:50     Buy Vol: 12264  |  Sell Vol: 390
2026-07-06 13:52:50   Win Rate: 0.7%
2026-07-06 13:52:50   Config: min_price=0.6, max_price=0.9, min_elapsed=60s, dev_range=0.1%-100%, no_entry_cutoff=30s
2026-07-06 13:52:50   BTC Chainlink: $62,947.19 (anchor: $62,965.67)
2026-07-06 13:52:50   BTC Deviation: $-18.47 (-0.0293%)
2026-07-06 13:52:50 ============================================================
2026-07-06 13:52:50 MAIN ENTRY FAILED: Could not get price
2026-07-06 13:52:50 ============================================================
2026-07-06 13:52:50 TRADE SIGNAL TRIGGERED
2026-07-06 13:52:50   Time: 2026-07-06T13:52:50.866436
2026-07-06 13:52:50   Market: btc-updown-5m-1783320600
2026-07-06 13:52:50   Signal: BUY_DOWN
2026-07-06 13:52:50   Token: DOWN
2026-07-06 13:52:50   Elapsed: 171s | Remaining: 129s | Bin: 1
2026-07-06 13:52:50   --- UP ---
2026-07-06 13:52:50     Price:   LAST=0.2700  BID=0.2700  ASK=0.2800
2026-07-06 13:52:50     VWAP 60s: 0.3176  |  Deviation: -15.00%
2026-07-06 13:52:50     Z-Score 5s: -0.29  |  Momentum 90s: -47.47%
2026-07-06 13:52:50     Trades: 508  |  Volume: 15254
2026-07-06 13:52:50     Buy Vol: 14590  |  Sell Vol: 663
2026-07-06 13:52:50   --- DOWN ---
2026-07-06 13:52:50     Price:   LAST=0.7400  BID=0.7200  ASK=0.7300
2026-07-06 13:52:50     VWAP 60s: 0.6577  |  Deviation: +12.51%
2026-07-06 13:52:50     Z-Score 5s: +1.22  |  Momentum 90s: +48.99%
2026-07-06 13:52:50     Trades: 606  |  Volume: 12654
2026-07-06 13:52:50     Buy Vol: 12264  |  Sell Vol: 390
2026-07-06 13:52:50   Win Rate: 0.7%
2026-07-06 13:52:50   Config: min_price=0.6, max_price=0.9, min_elapsed=60s, dev_range=0.1%-100%, no_entry_cutoff=30s
2026-07-06 13:52:50   BTC Chainlink: $62,946.03 (anchor: $62,965.67)
2026-07-06 13:52:50   BTC Deviation: $-19.64 (-0.0312%)
2026-07-06 13:52:50 ============================================================
2026-07-06 13:52:50 MAIN ENTRY FAILED: Could not get price
2026-07-06 13:52:51 ============================================================
2026-07-06 13:52:51 TRADE SIGNAL TRIGGERED
2026-07-06 13:52:51   Time: 2026-07-06T13:52:51.119063
2026-07-06 13:52:51   Market: btc-updown-5m-1783320600
2026-07-06 13:52:51   Signal: BUY_DOWN
2026-07-06 13:52:51   Token: DOWN
2026-07-06 13:52:51   Elapsed: 171s | Remaining: 129s | Bin: 1
2026-07-06 13:52:51   --- UP ---
2026-07-06 13:52:51     Price:   LAST=0.2600  BID=0.2400  ASK=0.2500
2026-07-06 13:52:51     VWAP 60s: 0.3172  |  Deviation: -18.04%
2026-07-06 13:52:51     Z-Score 5s: -0.96  |  Momentum 90s: -49.51%
2026-07-06 13:52:51     Trades: 509  |  Volume: 15264
2026-07-06 13:52:51     Buy Vol: 14600  |  Sell Vol: 663
2026-07-06 13:52:51   --- DOWN ---
2026-07-06 13:52:51     Price:   LAST=0.7500  BID=0.7500  ASK=0.7600
2026-07-06 13:52:51     VWAP 60s: 0.6617  |  Deviation: +13.34%
2026-07-06 13:52:51     Z-Score 5s: +1.39  |  Momentum 90s: +53.06%
2026-07-06 13:52:51     Trades: 607  |  Volume: 12880
2026-07-06 13:52:51     Buy Vol: 12490  |  Sell Vol: 390
2026-07-06 13:52:51   Win Rate: 0.8%
2026-07-06 13:52:51   Config: min_price=0.6, max_price=0.9, min_elapsed=60s, dev_range=0.1%-100%, no_entry_cutoff=30s
2026-07-06 13:52:51   BTC Chainlink: $62,946.03 (anchor: $62,965.67)
2026-07-06 13:52:51   BTC Deviation: $-19.64 (-0.0312%)
2026-07-06 13:52:51 ============================================================
2026-07-06 13:52:52 MAIN ENTRY FAILED: PolyApiException[status_code=400, error_message={'error': 'invalid order version, please use the latest clob-client'}]
2026-07-06 13:52:52 TRAP ENTRY FAILED: PolyApiException[status_code=400, error_message={'error': 'invalid order version, please use the latest clob-client'}]
2026-07-06 13:52:53 ============================================================
2026-07-06 13:52:53 TRADE SIGNAL TRIGGERED
2026-07-06 13:52:53   Time: 2026-07-06T13:52:53.349652
2026-07-06 13:52:53   Market: btc-updown-5m-1783320600
2026-07-06 13:52:53   Signal: BUY_DOWN
2026-07-06 13:52:53   Token: DOWN
2026-07-06 13:52:53   Elapsed: 173s | Remaining: 127s | Bin: 1
2026-07-06 13:52:53   --- UP ---
2026-07-06 13:52:53     Price:   LAST=0.2800  BID=0.2700  ASK=0.2800
2026-07-06 13:52:53     VWAP 60s: 0.3084  |  Deviation: -9.22%
2026-07-06 13:52:53     Z-Score 5s: +1.72  |  Momentum 90s: -46.15%
2026-07-06 13:52:53     Trades: 531  |  Volume: 15600
2026-07-06 13:52:53     Buy Vol: 14936  |  Sell Vol: 663
2026-07-06 13:52:53   --- DOWN ---
2026-07-06 13:52:53     Price:   LAST=0.7400  BID=0.7200  ASK=0.7300
2026-07-06 13:52:53     VWAP 60s: 0.6643  |  Deviation: +11.40%
2026-07-06 13:52:53     Z-Score 5s: -0.73  |  Momentum 90s: +52.58%
2026-07-06 13:52:53     Trades: 609  |  Volume: 12970
2026-07-06 13:52:53     Buy Vol: 12490  |  Sell Vol: 480
2026-07-06 13:52:53   Win Rate: 0.7%
2026-07-06 13:52:53   Config: min_price=0.6, max_price=0.9, min_elapsed=60s, dev_range=0.1%-100%, no_entry_cutoff=30s
2026-07-06 13:52:53   BTC Chainlink: $62,945.11 (anchor: $62,965.67)
2026-07-06 13:52:53   BTC Deviation: $-20.55 (-0.0326%)
2026-07-06 13:52:53 ============================================================
2026-07-06 13:52:53 MAIN ENTRY FAILED: Could not get price
2026-07-06 13:52:53 ============================================================
2026-07-06 13:52:53 TRADE SIGNAL TRIGGERED
2026-07-06 13:52:53   Time: 2026-07-06T13:52:53.600775
2026-07-06 13:52:53   Market: btc-updown-5m-1783320600
2026-07-06 13:52:53   Signal: BUY_DOWN
2026-07-06 13:52:53   Token: DOWN
2026-07-06 13:52:53   Elapsed: 174s | Remaining: 126s | Bin: 1
2026-07-06 13:52:53   --- UP ---
2026-07-06 13:52:53     Price:   LAST=0.2800  BID=0.2700  ASK=0.2800
2026-07-06 13:52:53     VWAP 60s: 0.3079  |  Deviation: -9.06%
2026-07-06 13:52:53     Z-Score 5s: +1.69  |  Momentum 90s: -46.15%
2026-07-06 13:52:53     Trades: 531  |  Volume: 15600
2026-07-06 13:52:53     Buy Vol: 14936  |  Sell Vol: 663
2026-07-06 13:52:53   --- DOWN ---
2026-07-06 13:52:53     Price:   LAST=0.7400  BID=0.7200  ASK=0.7300
2026-07-06 13:52:53     VWAP 60s: 0.6643  |  Deviation: +11.40%
2026-07-06 13:52:53     Z-Score 5s: -0.73  |  Momentum 90s: +52.58%
2026-07-06 13:52:53     Trades: 609  |  Volume: 12970
2026-07-06 13:52:53     Buy Vol: 12490  |  Sell Vol: 480
2026-07-06 13:52:53   Win Rate: 0.7%
2026-07-06 13:52:53   Config: min_price=0.6, max_price=0.9, min_elapsed=60s, dev_range=0.1%-100%, no_entry_cutoff=30s
2026-07-06 13:52:53   BTC Chainlink: $62,945.11 (anchor: $62,965.67)
2026-07-06 13:52:53   BTC Deviation: $-20.55 (-0.0326%)
2026-07-06 13:52:53 ============================================================
2026-07-06 13:52:53 MAIN ENTRY FAILED: Could not get price
2026-07-06 13:52:53 ============================================================
2026-07-06 13:52:53 TRADE SIGNAL TRIGGERED
2026-07-06 13:52:53   Time: 2026-07-06T13:52:53.854164
2026-07-06 13:52:53   Market: btc-updown-5m-1783320600
2026-07-06 13:52:53   Signal: BUY_DOWN
2026-07-06 13:52:53   Token: DOWN
2026-07-06 13:52:53   Elapsed: 174s | Remaining: 126s | Bin: 1
2026-07-06 13:52:53   --- UP ---
2026-07-06 13:52:53     Price:   LAST=0.2800  BID=0.2700  ASK=0.2800
2026-07-06 13:52:53     VWAP 60s: 0.3079  |  Deviation: -9.06%
2026-07-06 13:52:53     Z-Score 5s: +1.60  |  Momentum 90s: -46.15%
2026-07-06 13:52:53     Trades: 532  |  Volume: 15605
2026-07-06 13:52:53     Buy Vol: 14941  |  Sell Vol: 663
2026-07-06 13:52:53   --- DOWN ---
2026-07-06 13:52:53     Price:   LAST=0.7400  BID=0.7200  ASK=0.7300
2026-07-06 13:52:53     VWAP 60s: 0.6644  |  Deviation: +11.37%
2026-07-06 13:52:53     Z-Score 5s: -0.87  |  Momentum 90s: +52.58%
2026-07-06 13:52:53     Trades: 609  |  Volume: 12970
2026-07-06 13:52:53     Buy Vol: 12490  |  Sell Vol: 480
2026-07-06 13:52:53   Win Rate: 0.7%
2026-07-06 13:52:53   Config: min_price=0.6, max_price=0.9, min_elapsed=60s, dev_range=0.1%-100%, no_entry_cutoff=30s
2026-07-06 13:52:53   BTC Chainlink: $62,945.11 (anchor: $62,965.67)
2026-07-06 13:52:53   BTC Deviation: $-20.55 (-0.0326%)
2026-07-06 13:52:53 ============================================================
2026-07-06 13:52:53 MAIN ENTRY FAILED: Could not get price
2026-07-06 13:52:54 ============================================================
2026-07-06 13:52:54 TRADE SIGNAL TRIGGERED
2026-07-06 13:52:54   Time: 2026-07-06T13:52:54.111623
2026-07-06 13:52:54   Market: btc-updown-5m-1783320600
2026-07-06 13:52:54   Signal: BUY_DOWN
2026-07-06 13:52:54   Token: DOWN
2026-07-06 13:52:54   Elapsed: 174s | Remaining: 126s | Bin: 1
2026-07-06 13:52:54   --- UP ---
2026-07-06 13:52:54     Price:   LAST=0.2900  BID=0.2800  ASK=0.2900
2026-07-06 13:52:54     VWAP 60s: 0.3061  |  Deviation: -5.25%
2026-07-06 13:52:54     Z-Score 5s: +2.31  |  Momentum 90s: -44.23%
2026-07-06 13:52:54     Trades: 536  |  Volume: 16017
2026-07-06 13:52:54     Buy Vol: 15354  |  Sell Vol: 663
2026-07-06 13:52:54   --- DOWN ---
2026-07-06 13:52:54     Price:   LAST=0.7400  BID=0.7100  ASK=0.7200
2026-07-06 13:52:54     VWAP 60s: 0.6645  |  Deviation: +11.36%
2026-07-06 13:52:54     Z-Score 5s: -0.87  |  Momentum 90s: +52.58%
2026-07-06 13:52:54     Trades: 609  |  Volume: 12970
2026-07-06 13:52:54     Buy Vol: 12490  |  Sell Vol: 480
2026-07-06 13:52:54   Win Rate: 0.7%
2026-07-06 13:52:54   Config: min_price=0.6, max_price=0.9, min_elapsed=60s, dev_range=0.1%-100%, no_entry_cutoff=30s
2026-07-06 13:52:54   BTC Chainlink: $62,945.11 (anchor: $62,965.67)
2026-07-06 13:52:54   BTC Deviation: $-20.55 (-0.0326%)
2026-07-06 13:52:54 ============================================================
2026-07-06 13:52:54 MAIN ENTRY FAILED: Could not get price
2026-07-06 13:52:54 ============================================================
2026-07-06 13:52:54 TRADE SIGNAL TRIGGERED
2026-07-06 13:52:54   Time: 2026-07-06T13:52:54.366443
2026-07-06 13:52:54   Market: btc-updown-5m-1783320600
2026-07-06 13:52:54   Signal: BUY_DOWN
2026-07-06 13:52:54   Token: DOWN
2026-07-06 13:52:54   Elapsed: 174s | Remaining: 126s | Bin: 1
2026-07-06 13:52:54   --- UP ---
2026-07-06 13:52:54     Price:   LAST=0.2900  BID=0.2800  ASK=0.2900
2026-07-06 13:52:54     VWAP 60s: 0.3060  |  Deviation: -5.24%
2026-07-06 13:52:54     Z-Score 5s: +2.11  |  Momentum 90s: -44.23%
2026-07-06 13:52:54     Trades: 537  |  Volume: 16023
2026-07-06 13:52:54     Buy Vol: 15359  |  Sell Vol: 663
2026-07-06 13:52:54   --- DOWN ---
2026-07-06 13:52:54     Price:   LAST=0.7400  BID=0.7100  ASK=0.7200
2026-07-06 13:52:54     VWAP 60s: 0.6645  |  Deviation: +11.36%
2026-07-06 13:52:54     Z-Score 5s: -0.87  |  Momentum 90s: +52.05%
2026-07-06 13:52:54     Trades: 609  |  Volume: 12970
2026-07-06 13:52:54     Buy Vol: 12490  |  Sell Vol: 480
2026-07-06 13:52:54   Win Rate: 0.7%
2026-07-06 13:52:54   Config: min_price=0.6, max_price=0.9, min_elapsed=60s, dev_range=0.1%-100%, no_entry_cutoff=30s
2026-07-06 13:52:54   BTC Chainlink: $62,945.11 (anchor: $62,965.67)
2026-07-06 13:52:54   BTC Deviation: $-20.55 (-0.0326%)
2026-07-06 13:52:54 ============================================================
2026-07-06 13:52:54 MAIN ENTRY FAILED: Could not get price
2026-07-06 13:52:54 ============================================================
2026-07-06 13:52:54 TRADE SIGNAL TRIGGERED
2026-07-06 13:52:54   Time: 2026-07-06T13:52:54.617071
2026-07-06 13:52:54   Market: btc-updown-5m-1783320600
2026-07-06 13:52:54   Signal: BUY_DOWN
2026-07-06 13:52:54   Token: DOWN
2026-07-06 13:52:54   Elapsed: 175s | Remaining: 125s | Bin: 1
2026-07-06 13:52:54   --- UP ---
2026-07-06 13:52:54     Price:   LAST=0.2900  BID=0.2800  ASK=0.2900
2026-07-06 13:52:54     VWAP 60s: 0.3052  |  Deviation: -5.00%
2026-07-06 13:52:54     Z-Score 5s: +1.93  |  Momentum 90s: -44.23%
2026-07-06 13:52:54     Trades: 538  |  Volume: 16364
2026-07-06 13:52:54     Buy Vol: 15701  |  Sell Vol: 663
2026-07-06 13:52:54   --- DOWN ---
2026-07-06 13:52:54     Price:   LAST=0.7400  BID=0.7100  ASK=0.7200
2026-07-06 13:52:54     VWAP 60s: 0.6645  |  Deviation: +11.36%
2026-07-06 13:52:54     Z-Score 5s: -0.87  |  Momentum 90s: +52.05%
2026-07-06 13:52:54     Trades: 609  |  Volume: 12970
2026-07-06 13:52:54     Buy Vol: 12490  |  Sell Vol: 480
2026-07-06 13:52:54   Win Rate: 0.7%
2026-07-06 13:52:54   Config: min_price=0.6, max_price=0.9, min_elapsed=60s, dev_range=0.1%-100%, no_entry_cutoff=30s
2026-07-06 13:52:54   BTC Chainlink: $62,947.18 (anchor: $62,965.67)
2026-07-06 13:52:54   BTC Deviation: $-18.49 (-0.0294%)
2026-07-06 13:52:54 ============================================================
2026-07-06 13:52:54 MAIN ENTRY FAILED: Could not get price
2026-07-06 13:52:54 ============================================================
2026-07-06 13:52:54 TRADE SIGNAL TRIGGERED
2026-07-06 13:52:54   Time: 2026-07-06T13:52:54.873211
2026-07-06 13:52:54   Market: btc-updown-5m-1783320600
2026-07-06 13:52:54   Signal: BUY_DOWN
2026-07-06 13:52:54   Token: DOWN
2026-07-06 13:52:54   Elapsed: 175s | Remaining: 125s | Bin: 1
2026-07-06 13:52:54   --- UP ---
2026-07-06 13:52:54     Price:   LAST=0.2900  BID=0.2800  ASK=0.2900
2026-07-06 13:52:54     VWAP 60s: 0.3051  |  Deviation: -4.95%
2026-07-06 13:52:54     Z-Score 5s: +1.77  |  Momentum 90s: -44.23%
2026-07-06 13:52:54     Trades: 539  |  Volume: 16370
2026-07-06 13:52:54     Buy Vol: 15707  |  Sell Vol: 663
2026-07-06 13:52:54   --- DOWN ---
2026-07-06 13:52:54     Price:   LAST=0.7400  BID=0.7100  ASK=0.7200
2026-07-06 13:52:54     VWAP 60s: 0.6645  |  Deviation: +11.35%
2026-07-06 13:52:54     Z-Score 5s: -0.87  |  Momentum 90s: +52.05%
2026-07-06 13:52:54     Trades: 609  |  Volume: 12970
2026-07-06 13:52:54     Buy Vol: 12490  |  Sell Vol: 480
2026-07-06 13:52:54   Win Rate: 0.7%
2026-07-06 13:52:54   Config: min_price=0.6, max_price=0.9, min_elapsed=60s, dev_range=0.1%-100%, no_entry_cutoff=30s
2026-07-06 13:52:54   BTC Chainlink: $62,947.18 (anchor: $62,965.67)
2026-07-06 13:52:54   BTC Deviation: $-18.49 (-0.0294%)
2026-07-06 13:52:54 ============================================================
2026-07-06 13:52:54 MAIN ENTRY FAILED: Could not get price
2026-07-06 13:52:55 ============================================================
2026-07-06 13:52:55 TRADE SIGNAL TRIGGERED
2026-07-06 13:52:55   Time: 2026-07-06T13:52:55.126127
2026-07-06 13:52:55   Market: btc-updown-5m-1783320600
2026-07-06 13:52:55   Signal: BUY_DOWN
2026-07-06 13:52:55   Token: DOWN
2026-07-06 13:52:55   Elapsed: 175s | Remaining: 125s | Bin: 1
2026-07-06 13:52:55   --- UP ---
2026-07-06 13:52:55     Price:   LAST=0.2900  BID=0.2800  ASK=0.2900
2026-07-06 13:52:55     VWAP 60s: 0.3049  |  Deviation: -4.89%
2026-07-06 13:52:55     Z-Score 5s: +1.63  |  Momentum 90s: -44.23%
2026-07-06 13:52:55     Trades: 540  |  Volume: 16456
2026-07-06 13:52:55     Buy Vol: 15793  |  Sell Vol: 663
2026-07-06 13:52:55   --- DOWN ---
2026-07-06 13:52:55     Price:   LAST=0.7400  BID=0.7100  ASK=0.7200
2026-07-06 13:52:55     VWAP 60s: 0.6645  |  Deviation: +11.35%
2026-07-06 13:52:55     Z-Score 5s: -0.87  |  Momentum 90s: +51.02%
2026-07-06 13:52:55     Trades: 609  |  Volume: 12970
2026-07-06 13:52:55     Buy Vol: 12490  |  Sell Vol: 480
2026-07-06 13:52:55   Win Rate: 0.7%
2026-07-06 13:52:55   Config: min_price=0.6, max_price=0.9, min_elapsed=60s, dev_range=0.1%-100%, no_entry_cutoff=30s
2026-07-06 13:52:55   BTC Chainlink: $62,947.18 (anchor: $62,965.67)
2026-07-06 13:52:55   BTC Deviation: $-18.49 (-0.0294%)
2026-07-06 13:52:55 ============================================================
2026-07-06 13:52:55 MAIN ENTRY FAILED: Could not get price
2026-07-06 13:52:55 ============================================================
2026-07-06 13:52:55 TRADE SIGNAL TRIGGERED
2026-07-06 13:52:55   Time: 2026-07-06T13:52:55.377833
2026-07-06 13:52:55   Market: btc-updown-5m-1783320600
2026-07-06 13:52:55   Signal: BUY_DOWN
2026-07-06 13:52:55   Token: DOWN
2026-07-06 13:52:55   Elapsed: 175s | Remaining: 125s | Bin: 1
2026-07-06 13:52:55   --- UP ---
2026-07-06 13:52:55     Price:   LAST=0.2900  BID=0.2900  ASK=0.3000
2026-07-06 13:52:55     VWAP 60s: 0.3043  |  Deviation: -4.69%
2026-07-06 13:52:55     Z-Score 5s: +1.55  |  Momentum 90s: -44.23%
2026-07-06 13:52:55     Trades: 540  |  Volume: 16456
2026-07-06 13:52:55     Buy Vol: 15793  |  Sell Vol: 663
2026-07-06 13:52:55   --- DOWN ---
2026-07-06 13:52:55     Price:   LAST=0.7400  BID=0.7000  ASK=0.7100
2026-07-06 13:52:55     VWAP 60s: 0.6647  |  Deviation: +11.33%
2026-07-06 13:52:55     Z-Score 5s: -1.15  |  Momentum 90s: +51.02%
2026-07-06 13:52:55     Trades: 609  |  Volume: 12970
2026-07-06 13:52:55     Buy Vol: 12490  |  Sell Vol: 480
2026-07-06 13:52:55   Win Rate: 0.7%
2026-07-06 13:52:55   Config: min_price=0.6, max_price=0.9, min_elapsed=60s, dev_range=0.1%-100%, no_entry_cutoff=30s
2026-07-06 13:52:55   BTC Chainlink: $62,947.18 (anchor: $62,965.67)
2026-07-06 13:52:55   BTC Deviation: $-18.49 (-0.0294%)
2026-07-06 13:52:55 ============================================================
2026-07-06 13:52:55 MAIN ENTRY FAILED: Could not get price
2026-07-06 13:52:55 ============================================================
2026-07-06 13:52:55 TRADE SIGNAL TRIGGERED
2026-07-06 13:52:55   Time: 2026-07-06T13:52:55.635144
2026-07-06 13:52:55   Market: btc-updown-5m-1783320600
2026-07-06 13:52:55   Signal: BUY_DOWN
2026-07-06 13:52:55   Token: DOWN
2026-07-06 13:52:55   Elapsed: 176s | Remaining: 124s | Bin: 1
2026-07-06 13:52:55   --- UP ---
2026-07-06 13:52:55     Price:   LAST=0.2900  BID=0.2900  ASK=0.3000
2026-07-06 13:52:55     VWAP 60s: 0.3042  |  Deviation: -4.67%
2026-07-06 13:52:55     Z-Score 5s: +1.48  |  Momentum 90s: -44.23%
2026-07-06 13:52:55     Trades: 541  |  Volume: 16487
2026-07-06 13:52:55     Buy Vol: 15824  |  Sell Vol: 663
2026-07-06 13:52:55   --- DOWN ---
2026-07-06 13:52:55     Price:   LAST=0.7100  BID=0.7000  ASK=0.7100
2026-07-06 13:52:55     VWAP 60s: 0.6649  |  Deviation: +6.79%
2026-07-06 13:52:55     Z-Score 5s: -1.45  |  Momentum 90s: +44.90%
2026-07-06 13:52:55     Trades: 610  |  Volume: 12977
2026-07-06 13:52:55     Buy Vol: 12497  |  Sell Vol: 480
2026-07-06 13:52:55   Win Rate: 0.7%
2026-07-06 13:52:55   Config: min_price=0.6, max_price=0.9, min_elapsed=60s, dev_range=0.1%-100%, no_entry_cutoff=30s
2026-07-06 13:52:55   BTC Chainlink: $62,947.18 (anchor: $62,965.67)
2026-07-06 13:52:55   BTC Deviation: $-18.49 (-0.0294%)
2026-07-06 13:52:55 ============================================================
2026-07-06 13:52:55 MAIN ENTRY FAILED: Could not get price
2026-07-06 13:52:55 ============================================================
2026-07-06 13:52:55 TRADE SIGNAL TRIGGERED
2026-07-06 13:52:55   Time: 2026-07-06T13:52:55.886883
2026-07-06 13:52:55   Market: btc-updown-5m-1783320600
2026-07-06 13:52:55   Signal: BUY_DOWN
2026-07-06 13:52:55   Token: DOWN
2026-07-06 13:52:55   Elapsed: 176s | Remaining: 124s | Bin: 1
2026-07-06 13:52:55   --- UP ---
2026-07-06 13:52:55     Price:   LAST=0.3000  BID=0.2900  ASK=0.3000
2026-07-06 13:52:55     VWAP 60s: 0.3042  |  Deviation: -1.38%
2026-07-06 13:52:55     Z-Score 5s: +2.05  |  Momentum 90s: -42.31%
2026-07-06 13:52:55     Trades: 542  |  Volume: 16499
2026-07-06 13:52:55     Buy Vol: 15835  |  Sell Vol: 663
2026-07-06 13:52:55   --- DOWN ---
2026-07-06 13:52:55     Price:   LAST=0.7100  BID=0.7000  ASK=0.7100
2026-07-06 13:52:55     VWAP 60s: 0.6651  |  Deviation: +6.75%
2026-07-06 13:52:55     Z-Score 5s: -1.07  |  Momentum 90s: +44.90%
2026-07-06 13:52:55     Trades: 611  |  Volume: 13001
2026-07-06 13:52:55     Buy Vol: 12520  |  Sell Vol: 480
2026-07-06 13:52:55   Win Rate: 0.7%
2026-07-06 13:52:55   Config: min_price=0.6, max_price=0.9, min_elapsed=60s, dev_range=0.1%-100%, no_entry_cutoff=30s
2026-07-06 13:52:55   BTC Chainlink: $62,947.18 (anchor: $62,965.67)
2026-07-06 13:52:55   BTC Deviation: $-18.49 (-0.0294%)
2026-07-06 13:52:55 ============================================================
2026-07-06 13:52:55 MAIN ENTRY FAILED: Could not get price
2026-07-06 13:52:56 ============================================================
2026-07-06 13:52:56 TRADE SIGNAL TRIGGERED
2026-07-06 13:52:56   Time: 2026-07-06T13:52:56.139356
2026-07-06 13:52:56   Market: btc-updown-5m-1783320600
2026-07-06 13:52:56   Signal: BUY_DOWN
2026-07-06 13:52:56   Token: DOWN
2026-07-06 13:52:56   Elapsed: 176s | Remaining: 124s | Bin: 1
2026-07-06 13:52:56   --- UP ---
2026-07-06 13:52:56     Price:   LAST=0.3100  BID=0.3100  ASK=0.3200
2026-07-06 13:52:56     VWAP 60s: 0.3031  |  Deviation: +2.27%
2026-07-06 13:52:56     Z-Score 5s: +2.44  |  Momentum 90s: -40.38%
2026-07-06 13:52:56     Trades: 543  |  Volume: 16746
2026-07-06 13:52:56     Buy Vol: 16083  |  Sell Vol: 663
2026-07-06 13:52:56   --- DOWN ---
2026-07-06 13:52:56     Price:   LAST=0.7100  BID=0.6800  ASK=0.6900
2026-07-06 13:52:56     VWAP 60s: 0.6659  |  Deviation: +6.62%
2026-07-06 13:52:56     Z-Score 5s: -0.85  |  Momentum 90s: +44.90%
2026-07-06 13:52:56     Trades: 611  |  Volume: 13001
2026-07-06 13:52:56     Buy Vol: 12520  |  Sell Vol: 480
2026-07-06 13:52:56   Win Rate: 0.7%
2026-07-06 13:52:56   Config: min_price=0.6, max_price=0.9, min_elapsed=60s, dev_range=0.1%-100%, no_entry_cutoff=30s
2026-07-06 13:52:56   BTC Chainlink: $62,947.18 (anchor: $62,965.67)
2026-07-06 13:52:56   BTC Deviation: $-18.49 (-0.0294%)
2026-07-06 13:52:56 ============================================================
2026-07-06 13:52:56 MAIN ENTRY FAILED: Could not get price
2026-07-06 13:52:56 ============================================================
2026-07-06 13:52:56 TRADE SIGNAL TRIGGERED
2026-07-06 13:52:56   Time: 2026-07-06T13:52:56.395754
2026-07-06 13:52:56   Market: btc-updown-5m-1783320600
2026-07-06 13:52:56   Signal: BUY_DOWN
2026-07-06 13:52:56   Token: DOWN
2026-07-06 13:52:56   Elapsed: 176s | Remaining: 124s | Bin: 1
2026-07-06 13:52:56   --- UP ---
2026-07-06 13:52:56     Price:   LAST=0.3100  BID=0.3100  ASK=0.3200
2026-07-06 13:52:56     VWAP 60s: 0.3031  |  Deviation: +2.27%
2026-07-06 13:52:56     Z-Score 5s: +2.51  |  Momentum 90s: -40.38%
2026-07-06 13:52:56     Trades: 543  |  Volume: 16746
2026-07-06 13:52:56     Buy Vol: 16083  |  Sell Vol: 663
2026-07-06 13:52:56   --- DOWN ---
2026-07-06 13:52:56     Price:   LAST=0.6900  BID=0.6800  ASK=0.6900
2026-07-06 13:52:56     VWAP 60s: 0.6659  |  Deviation: +3.61%
2026-07-06 13:52:56     Z-Score 5s: -1.22  |  Momentum 90s: +40.82%
2026-07-06 13:52:56     Trades: 612  |  Volume: 13008
2026-07-06 13:52:56     Buy Vol: 12528  |  Sell Vol: 480
2026-07-06 13:52:56   Win Rate: 0.7%
2026-07-06 13:52:56   Config: min_price=0.6, max_price=0.9, min_elapsed=60s, dev_range=0.1%-100%, no_entry_cutoff=30s
2026-07-06 13:52:56   BTC Chainlink: $62,947.18 (anchor: $62,965.67)
2026-07-06 13:52:56   BTC Deviation: $-18.49 (-0.0294%)
2026-07-06 13:52:56 ============================================================
2026-07-06 13:52:56 MAIN ENTRY FAILED: Could not get price
2026-07-06 13:52:56 ============================================================
2026-07-06 13:52:56 TRADE SIGNAL TRIGGERED
2026-07-06 13:52:56   Time: 2026-07-06T13:52:56.648193
2026-07-06 13:52:56   Market: btc-updown-5m-1783320600
2026-07-06 13:52:56   Signal: BUY_DOWN
2026-07-06 13:52:56   Token: DOWN
2026-07-06 13:52:56   Elapsed: 177s | Remaining: 123s | Bin: 1
2026-07-06 13:52:56   --- UP ---
2026-07-06 13:52:56     Price:   LAST=0.3100  BID=0.3100  ASK=0.3200
2026-07-06 13:52:56     VWAP 60s: 0.3008  |  Deviation: +3.05%
2026-07-06 13:52:56     Z-Score 5s: +2.51  |  Momentum 90s: -40.38%
2026-07-06 13:52:56     Trades: 543  |  Volume: 16746
2026-07-06 13:52:56     Buy Vol: 16083  |  Sell Vol: 663
2026-07-06 13:52:56   --- DOWN ---
2026-07-06 13:52:56     Price:   LAST=0.6900  BID=0.6800  ASK=0.6900
2026-07-06 13:52:56     VWAP 60s: 0.6659  |  Deviation: +3.61%
2026-07-06 13:52:56     Z-Score 5s: -1.00  |  Momentum 90s: +40.82%
2026-07-06 13:52:56     Trades: 613  |  Volume: 13010
2026-07-06 13:52:56     Buy Vol: 12530  |  Sell Vol: 480
2026-07-06 13:52:56   Win Rate: 0.7%
2026-07-06 13:52:56   Config: min_price=0.6, max_price=0.9, min_elapsed=60s, dev_range=0.1%-100%, no_entry_cutoff=30s
2026-07-06 13:52:56   BTC Chainlink: $62,947.20 (anchor: $62,965.67)
2026-07-06 13:52:56   BTC Deviation: $-18.47 (-0.0293%)
2026-07-06 13:52:56 ============================================================
2026-07-06 13:52:56 MAIN ENTRY FAILED: Could not get price
2026-07-06 13:52:56 ============================================================
2026-07-06 13:52:56 TRADE SIGNAL TRIGGERED
2026-07-06 13:52:56   Time: 2026-07-06T13:52:56.900051
2026-07-06 13:52:56   Market: btc-updown-5m-1783320600
2026-07-06 13:52:56   Signal: BUY_DOWN
2026-07-06 13:52:56   Token: DOWN
2026-07-06 13:52:56   Elapsed: 177s | Remaining: 123s | Bin: 1
2026-07-06 13:52:56   --- UP ---
2026-07-06 13:52:56     Price:   LAST=0.3100  BID=0.3100  ASK=0.3200
2026-07-06 13:52:56     VWAP 60s: 0.3008  |  Deviation: +3.05%
2026-07-06 13:52:56     Z-Score 5s: +2.51  |  Momentum 90s: -40.38%
2026-07-06 13:52:56     Trades: 543  |  Volume: 16746
2026-07-06 13:52:56     Buy Vol: 16083  |  Sell Vol: 663
2026-07-06 13:52:56   --- DOWN ---
2026-07-06 13:52:56     Price:   LAST=0.6900  BID=0.6800  ASK=0.6900
2026-07-06 13:52:56     VWAP 60s: 0.6662  |  Deviation: +3.57%
2026-07-06 13:52:56     Z-Score 5s: -0.63  |  Momentum 90s: +40.82%
2026-07-06 13:52:56     Trades: 616  |  Volume: 13023
2026-07-06 13:52:56     Buy Vol: 12540  |  Sell Vol: 484
2026-07-06 13:52:56   Win Rate: 0.7%
2026-07-06 13:52:56   Config: min_price=0.6, max_price=0.9, min_elapsed=60s, dev_range=0.1%-100%, no_entry_cutoff=30s
2026-07-06 13:52:56   BTC Chainlink: $62,947.20 (anchor: $62,965.67)
2026-07-06 13:52:56   BTC Deviation: $-18.47 (-0.0293%)
2026-07-06 13:52:56 ============================================================
2026-07-06 13:52:56 MAIN ENTRY FAILED: Could not get price
2026-07-06 13:52:57 ============================================================
2026-07-06 13:52:57 TRADE SIGNAL TRIGGERED
2026-07-06 13:52:57   Time: 2026-07-06T13:52:57.152587
2026-07-06 13:52:57   Market: btc-updown-5m-1783320600
2026-07-06 13:52:57   Signal: BUY_DOWN
2026-07-06 13:52:57   Token: DOWN
2026-07-06 13:52:57   Elapsed: 177s | Remaining: 123s | Bin: 1
2026-07-06 13:52:57   --- UP ---
2026-07-06 13:52:57     Price:   LAST=0.3200  BID=0.3100  ASK=0.3200
2026-07-06 13:52:57     VWAP 60s: 0.3008  |  Deviation: +6.38%
2026-07-06 13:52:57     Z-Score 5s: +2.79  |  Momentum 90s: -38.46%
2026-07-06 13:52:57     Trades: 544  |  Volume: 16749
2026-07-06 13:52:57     Buy Vol: 16086  |  Sell Vol: 663
2026-07-06 13:52:57   --- DOWN ---
2026-07-06 13:52:57     Price:   LAST=0.6900  BID=0.6800  ASK=0.6900
2026-07-06 13:52:57     VWAP 60s: 0.6663  |  Deviation: +3.55%
2026-07-06 13:52:57     Z-Score 5s: -0.35  |  Momentum 90s: +40.82%
2026-07-06 13:52:57     Trades: 617  |  Volume: 13033
2026-07-06 13:52:57     Buy Vol: 12550  |  Sell Vol: 484
2026-07-06 13:52:57   Win Rate: 0.7%
2026-07-06 13:52:57   Config: min_price=0.6, max_price=0.9, min_elapsed=60s, dev_range=0.1%-100%, no_entry_cutoff=30s
2026-07-06 13:52:57   BTC Chainlink: $62,947.20 (anchor: $62,965.67)
2026-07-06 13:52:57   BTC Deviation: $-18.47 (-0.0293%)
2026-07-06 13:52:57 ============================================================
2026-07-06 13:52:57 MAIN ENTRY FAILED: Could not get price
2026-07-06 13:52:57 ============================================================
2026-07-06 13:52:57 TRADE SIGNAL TRIGGERED
2026-07-06 13:52:57   Time: 2026-07-06T13:52:57.404239
2026-07-06 13:52:57   Market: btc-updown-5m-1783320600
2026-07-06 13:52:57   Signal: BUY_DOWN
2026-07-06 13:52:57   Token: DOWN
2026-07-06 13:52:57   Elapsed: 177s | Remaining: 123s | Bin: 1
2026-07-06 13:52:57   --- UP ---
2026-07-06 13:52:57     Price:   LAST=0.3200  BID=0.3200  ASK=0.3300
2026-07-06 13:52:57     VWAP 60s: 0.3012  |  Deviation: +6.24%
2026-07-06 13:52:57     Z-Score 5s: +2.14  |  Momentum 90s: -38.46%
2026-07-06 13:52:57     Trades: 546  |  Volume: 16890
2026-07-06 13:52:57     Buy Vol: 16226  |  Sell Vol: 663
2026-07-06 13:52:57   --- DOWN ---
2026-07-06 13:52:57     Price:   LAST=0.6900  BID=0.6700  ASK=0.6800
2026-07-06 13:52:57     VWAP 60s: 0.6672  |  Deviation: +3.42%
2026-07-06 13:52:57     Z-Score 5s: -0.33  |  Momentum 90s: +41.30%
2026-07-06 13:52:57     Trades: 618  |  Volume: 13040
2026-07-06 13:52:57     Buy Vol: 12556  |  Sell Vol: 484
2026-07-06 13:52:57   Win Rate: 0.7%
2026-07-06 13:52:57   Config: min_price=0.6, max_price=0.9, min_elapsed=60s, dev_range=0.1%-100%, no_entry_cutoff=30s
2026-07-06 13:52:57   BTC Chainlink: $62,947.20 (anchor: $62,965.67)
2026-07-06 13:52:57   BTC Deviation: $-18.47 (-0.0293%)
2026-07-06 13:52:57 ============================================================
2026-07-06 13:52:57 MAIN ENTRY FAILED: Could not get price
2026-07-06 13:52:57 ============================================================
2026-07-06 13:52:57 TRADE SIGNAL TRIGGERED
2026-07-06 13:52:57   Time: 2026-07-06T13:52:57.659757
2026-07-06 13:52:57   Market: btc-updown-5m-1783320600
2026-07-06 13:52:57   Signal: BUY_DOWN
2026-07-06 13:52:57   Token: DOWN
2026-07-06 13:52:57   Elapsed: 178s | Remaining: 122s | Bin: 1
2026-07-06 13:52:57   --- UP ---
2026-07-06 13:52:57     Price:   LAST=0.3200  BID=0.3200  ASK=0.3300
2026-07-06 13:52:57     VWAP 60s: 0.3009  |  Deviation: +6.34%
2026-07-06 13:52:57     Z-Score 5s: +1.98  |  Momentum 90s: -38.46%
2026-07-06 13:52:57     Trades: 546  |  Volume: 16890
2026-07-06 13:52:57     Buy Vol: 16226  |  Sell Vol: 663
2026-07-06 13:52:57   --- DOWN ---
2026-07-06 13:52:57     Price:   LAST=0.6800  BID=0.6700  ASK=0.6800
2026-07-06 13:52:57     VWAP 60s: 0.6676  |  Deviation: +1.86%
2026-07-06 13:52:57     Z-Score 5s: -1.04  |  Momentum 90s: +39.25%
2026-07-06 13:52:57     Trades: 620  |  Volume: 13247
2026-07-06 13:52:57     Buy Vol: 12764  |  Sell Vol: 484
2026-07-06 13:52:57   Win Rate: 0.7%
2026-07-06 13:52:57   Config: min_price=0.6, max_price=0.9, min_elapsed=60s, dev_range=0.1%-100%, no_entry_cutoff=30s
2026-07-06 13:52:57   BTC Chainlink: $62,947.20 (anchor: $62,965.67)
2026-07-06 13:52:57   BTC Deviation: $-18.47 (-0.0293%)
2026-07-06 13:52:57 ============================================================
2026-07-06 13:52:57 MAIN ENTRY FAILED: Could not get price
2026-07-06 13:52:57 ============================================================
2026-07-06 13:52:57 TRADE SIGNAL TRIGGERED
2026-07-06 13:52:57   Time: 2026-07-06T13:52:57.910613
2026-07-06 13:52:57   Market: btc-updown-5m-1783320600
2026-07-06 13:52:57   Signal: BUY_DOWN
2026-07-06 13:52:57   Token: DOWN
2026-07-06 13:52:57   Elapsed: 178s | Remaining: 122s | Bin: 1
2026-07-06 13:52:57   --- UP ---
2026-07-06 13:52:57     Price:   LAST=0.3200  BID=0.3200  ASK=0.3300
2026-07-06 13:52:57     VWAP 60s: 0.3009  |  Deviation: +6.34%
2026-07-06 13:52:57     Z-Score 5s: +1.85  |  Momentum 90s: -38.06%
2026-07-06 13:52:57     Trades: 546  |  Volume: 16890
2026-07-06 13:52:57     Buy Vol: 16226  |  Sell Vol: 663
2026-07-06 13:52:57   --- DOWN ---
2026-07-06 13:52:57     Price:   LAST=0.6800  BID=0.6700  ASK=0.6800
2026-07-06 13:52:57     VWAP 60s: 0.6676  |  Deviation: +1.86%
2026-07-06 13:52:57     Z-Score 5s: -1.04  |  Momentum 90s: +39.25%
2026-07-06 13:52:57     Trades: 620  |  Volume: 13247
2026-07-06 13:52:57     Buy Vol: 12764  |  Sell Vol: 484
2026-07-06 13:52:57   Win Rate: 0.7%
2026-07-06 13:52:57   Config: min_price=0.6, max_price=0.9, min_elapsed=60s, dev_range=0.1%-100%, no_entry_cutoff=30s
2026-07-06 13:52:57   BTC Chainlink: $62,947.20 (anchor: $62,965.67)
2026-07-06 13:52:57   BTC Deviation: $-18.47 (-0.0293%)
2026-07-06 13:52:57 ============================================================
2026-07-06 13:52:57 MAIN ENTRY FAILED: Could not get price
2026-07-06 13:52:58 ============================================================
2026-07-06 13:52:58 TRADE SIGNAL TRIGGERED
2026-07-06 13:52:58   Time: 2026-07-06T13:52:58.161684
2026-07-06 13:52:58   Market: btc-updown-5m-1783320600
2026-07-06 13:52:58   Signal: BUY_DOWN
2026-07-06 13:52:58   Token: DOWN
2026-07-06 13:52:58   Elapsed: 178s | Remaining: 122s | Bin: 1
2026-07-06 13:52:58   --- UP ---
2026-07-06 13:52:58     Price:   LAST=0.3200  BID=0.3200  ASK=0.3300
2026-07-06 13:52:58     VWAP 60s: 0.3008  |  Deviation: +6.37%
2026-07-06 13:52:58     Z-Score 5s: +1.70  |  Momentum 90s: -38.06%
2026-07-06 13:52:58     Trades: 546  |  Volume: 16890
2026-07-06 13:52:58     Buy Vol: 16226  |  Sell Vol: 663
2026-07-06 13:52:58   --- DOWN ---
2026-07-06 13:52:58     Price:   LAST=0.6800  BID=0.6700  ASK=0.6800
2026-07-06 13:52:58     VWAP 60s: 0.6680  |  Deviation: +1.80%
2026-07-06 13:52:58     Z-Score 5s: -1.04  |  Momentum 90s: +39.25%
2026-07-06 13:52:58     Trades: 620  |  Volume: 13247
2026-07-06 13:52:58     Buy Vol: 12764  |  Sell Vol: 484
2026-07-06 13:52:58   Win Rate: 0.7%
2026-07-06 13:52:58   Config: min_price=0.6, max_price=0.9, min_elapsed=60s, dev_range=0.1%-100%, no_entry_cutoff=30s
2026-07-06 13:52:58   BTC Chainlink: $62,947.20 (anchor: $62,965.67)
2026-07-06 13:52:58   BTC Deviation: $-18.47 (-0.0293%)
2026-07-06 13:52:58 ============================================================
2026-07-06 13:52:58 MAIN ENTRY FAILED: Could not get price
2026-07-06 13:53:01 ============================================================
2026-07-06 13:53:01 TRADE SIGNAL TRIGGERED
2026-07-06 13:53:01   Time: 2026-07-06T13:53:01.215928
2026-07-06 13:53:01   Market: btc-updown-5m-1783320600
2026-07-06 13:53:01   Signal: BUY_DOWN
2026-07-06 13:53:01   Token: DOWN
2026-07-06 13:53:01   Elapsed: 181s | Remaining: 119s | Bin: 2
2026-07-06 13:53:01   --- UP ---
2026-07-06 13:53:01     Price:   LAST=0.3400  BID=0.3300  ASK=0.3400
2026-07-06 13:53:01     VWAP 60s: 0.3024  |  Deviation: +12.45%
2026-07-06 13:53:01     Z-Score 5s: +0.34  |  Momentum 90s: -29.79%
2026-07-06 13:53:01     Trades: 553  |  Volume: 17199
2026-07-06 13:53:01     Buy Vol: 16522  |  Sell Vol: 677
2026-07-06 13:53:01   --- DOWN ---
2026-07-06 13:53:01     Price:   LAST=0.6700  BID=0.6600  ASK=0.6700
2026-07-06 13:53:01     VWAP 60s: 0.6682  |  Deviation: +0.27%
2026-07-06 13:53:01     Z-Score 5s: +0.22  |  Momentum 90s: +29.75%
2026-07-06 13:53:01     Trades: 651  |  Volume: 14065
2026-07-06 13:53:01     Buy Vol: 13581  |  Sell Vol: 484
2026-07-06 13:53:01   Win Rate: 0.7%
2026-07-06 13:53:01   Config: min_price=0.6, max_price=0.9, min_elapsed=60s, dev_range=0.1%-100%, no_entry_cutoff=30s
2026-07-06 13:53:01   BTC Chainlink: $62,947.31 (anchor: $62,965.67)
2026-07-06 13:53:01   BTC Deviation: $-18.35 (-0.0291%)
2026-07-06 13:53:01 ============================================================
2026-07-06 13:53:01 MAIN ENTRY FAILED: Could not get price
2026-07-06 13:53:01 ============================================================
2026-07-06 13:53:01 TRADE SIGNAL TRIGGERED
2026-07-06 13:53:01   Time: 2026-07-06T13:53:01.469134
2026-07-06 13:53:01   Market: btc-updown-5m-1783320600
2026-07-06 13:53:01   Signal: BUY_DOWN
2026-07-06 13:53:01   Token: DOWN
2026-07-06 13:53:01   Elapsed: 181s | Remaining: 119s | Bin: 2
2026-07-06 13:53:01   --- UP ---
2026-07-06 13:53:01     Price:   LAST=0.3400  BID=0.3200  ASK=0.3300
2026-07-06 13:53:01     VWAP 60s: 0.3024  |  Deviation: +12.45%
2026-07-06 13:53:01     Z-Score 5s: +0.34  |  Momentum 90s: -29.79%
2026-07-06 13:53:01     Trades: 553  |  Volume: 17199
2026-07-06 13:53:01     Buy Vol: 16522  |  Sell Vol: 677
2026-07-06 13:53:01   --- DOWN ---
2026-07-06 13:53:01     Price:   LAST=0.6800  BID=0.6700  ASK=0.6800
2026-07-06 13:53:01     VWAP 60s: 0.6682  |  Deviation: +1.76%
2026-07-06 13:53:01     Z-Score 5s: +1.09  |  Momentum 90s: +31.27%
2026-07-06 13:53:01     Trades: 656  |  Volume: 14105
2026-07-06 13:53:01     Buy Vol: 13621  |  Sell Vol: 484
2026-07-06 13:53:01   Win Rate: 0.7%
2026-07-06 13:53:01   Config: min_price=0.6, max_price=0.9, min_elapsed=60s, dev_range=0.1%-100%, no_entry_cutoff=30s
2026-07-06 13:53:01   BTC Chainlink: $62,947.31 (anchor: $62,965.67)
2026-07-06 13:53:01   BTC Deviation: $-18.35 (-0.0291%)
2026-07-06 13:53:01 ============================================================
2026-07-06 13:53:01 MAIN ENTRY FAILED: Could not get price
2026-07-06 13:53:01 ============================================================
2026-07-06 13:53:01 TRADE SIGNAL TRIGGERED
2026-07-06 13:53:01   Time: 2026-07-06T13:53:01.725297
2026-07-06 13:53:01   Market: btc-updown-5m-1783320600
2026-07-06 13:53:01   Signal: BUY_DOWN
2026-07-06 13:53:01   Token: DOWN
2026-07-06 13:53:01   Elapsed: 182s | Remaining: 118s | Bin: 2
2026-07-06 13:53:01   --- UP ---
2026-07-06 13:53:01     Price:   LAST=0.3300  BID=0.3200  ASK=0.3300
2026-07-06 13:53:01     VWAP 60s: 0.3024  |  Deviation: +9.14%
2026-07-06 13:53:01     Z-Score 5s: -0.48  |  Momentum 90s: -31.64%
2026-07-06 13:53:01     Trades: 554  |  Volume: 17203
2026-07-06 13:53:01     Buy Vol: 16525  |  Sell Vol: 677
2026-07-06 13:53:01   --- DOWN ---
2026-07-06 13:53:01     Price:   LAST=0.6800  BID=0.6700  ASK=0.6800
2026-07-06 13:53:01     VWAP 60s: 0.6684  |  Deviation: +1.74%
2026-07-06 13:53:01     Z-Score 5s: +1.15  |  Momentum 90s: +31.05%
2026-07-06 13:53:01     Trades: 660  |  Volume: 14164
2026-07-06 13:53:01     Buy Vol: 13680  |  Sell Vol: 484
2026-07-06 13:53:01   Win Rate: 0.7%
2026-07-06 13:53:01   Config: min_price=0.6, max_price=0.9, min_elapsed=60s, dev_range=0.1%-100%, no_entry_cutoff=30s
2026-07-06 13:53:01   BTC Chainlink: $62,947.34 (anchor: $62,965.67)
2026-07-06 13:53:01   BTC Deviation: $-18.33 (-0.0291%)
2026-07-06 13:53:01 ============================================================
2026-07-06 13:53:01 MAIN ENTRY FAILED: Could not get price
2026-07-06 13:53:01 ============================================================
2026-07-06 13:53:01 TRADE SIGNAL TRIGGERED
2026-07-06 13:53:01   Time: 2026-07-06T13:53:01.976918
2026-07-06 13:53:01   Market: btc-updown-5m-1783320600
2026-07-06 13:53:01   Signal: BUY_DOWN
2026-07-06 13:53:01   Token: DOWN
2026-07-06 13:53:01   Elapsed: 182s | Remaining: 118s | Bin: 2
2026-07-06 13:53:01   --- UP ---
2026-07-06 13:53:01     Price:   LAST=0.3300  BID=0.3200  ASK=0.3300
2026-07-06 13:53:01     VWAP 60s: 0.3024  |  Deviation: +9.14%
2026-07-06 13:53:01     Z-Score 5s: -0.66  |  Momentum 90s: -31.64%
2026-07-06 13:53:01     Trades: 554  |  Volume: 17203
2026-07-06 13:53:01     Buy Vol: 16525  |  Sell Vol: 677
2026-07-06 13:53:01   --- DOWN ---
2026-07-06 13:53:01     Price:   LAST=0.6800  BID=0.6700  ASK=0.6800
2026-07-06 13:53:01     VWAP 60s: 0.6684  |  Deviation: +1.73%
2026-07-06 13:53:01     Z-Score 5s: +1.25  |  Momentum 90s: +31.05%
2026-07-06 13:53:01     Trades: 661  |  Volume: 14170
2026-07-06 13:53:01     Buy Vol: 13687  |  Sell Vol: 484
2026-07-06 13:53:01   Win Rate: 0.7%
2026-07-06 13:53:01   Config: min_price=0.6, max_price=0.9, min_elapsed=60s, dev_range=0.1%-100%, no_entry_cutoff=30s
2026-07-06 13:53:01   BTC Chainlink: $62,947.34 (anchor: $62,965.67)
2026-07-06 13:53:01   BTC Deviation: $-18.33 (-0.0291%)
2026-07-06 13:53:01 ============================================================
2026-07-06 13:53:01 MAIN ENTRY FAILED: Could not get price
2026-07-06 13:53:11 ============================================================
2026-07-06 13:53:11 TRADE SIGNAL TRIGGERED
2026-07-06 13:53:11   Time: 2026-07-06T13:53:11.152362
2026-07-06 13:53:11   Market: btc-updown-5m-1783320600
2026-07-06 13:53:11   Signal: BUY_DOWN
2026-07-06 13:53:11   Token: DOWN
2026-07-06 13:53:11   Elapsed: 191s | Remaining: 109s | Bin: 2
2026-07-06 13:53:11   --- UP ---
2026-07-06 13:53:11     Price:   LAST=0.4000  BID=0.3000  ASK=0.3100
2026-07-06 13:53:11     VWAP 60s: 0.3180  |  Deviation: +25.80%
2026-07-06 13:53:11     Z-Score 5s: -0.66  |  Momentum 90s: -19.35%
2026-07-06 13:53:11     Trades: 617  |  Volume: 19085
2026-07-06 13:53:11     Buy Vol: 18081  |  Sell Vol: 1004
2026-07-06 13:53:11   --- DOWN ---
2026-07-06 13:53:11     Price:   LAST=0.7000  BID=0.6900  ASK=0.7000
2026-07-06 13:53:11     VWAP 60s: 0.6589  |  Deviation: +6.23%
2026-07-06 13:53:11     Z-Score 5s: +1.85  |  Momentum 90s: +36.11%
2026-07-06 13:53:11     Trades: 729  |  Volume: 16173
2026-07-06 13:53:11     Buy Vol: 15583  |  Sell Vol: 590
2026-07-06 13:53:11   Win Rate: 0.7%
2026-07-06 13:53:11   Config: min_price=0.6, max_price=0.9, min_elapsed=60s, dev_range=0.1%-100%, no_entry_cutoff=30s
2026-07-06 13:53:11   BTC Chainlink: $62,955.25 (anchor: $62,965.67)
2026-07-06 13:53:11   BTC Deviation: $-10.42 (-0.0165%)
2026-07-06 13:53:11 ============================================================
2026-07-06 13:53:11 MAIN ENTRY FAILED: Could not get price
2026-07-06 13:53:11 ============================================================
2026-07-06 13:53:11 TRADE SIGNAL TRIGGERED
2026-07-06 13:53:11   Time: 2026-07-06T13:53:11.406791
2026-07-06 13:53:11   Market: btc-updown-5m-1783320600
2026-07-06 13:53:11   Signal: BUY_DOWN
2026-07-06 13:53:11   Token: DOWN
2026-07-06 13:53:11   Elapsed: 191s | Remaining: 109s | Bin: 2
2026-07-06 13:53:11   --- UP ---
2026-07-06 13:53:11     Price:   LAST=0.3100  BID=0.3000  ASK=0.3100
2026-07-06 13:53:11     VWAP 60s: 0.3178  |  Deviation: -2.46%
2026-07-06 13:53:11     Z-Score 5s: -3.33  |  Momentum 90s: -37.79%
2026-07-06 13:53:11     Trades: 619  |  Volume: 19107
2026-07-06 13:53:11     Buy Vol: 18103  |  Sell Vol: 1004
2026-07-06 13:53:11   --- DOWN ---
2026-07-06 13:53:11     Price:   LAST=0.7000  BID=0.6900  ASK=0.7000
2026-07-06 13:53:11     VWAP 60s: 0.6594  |  Deviation: +6.15%
2026-07-06 13:53:11     Z-Score 5s: +1.02  |  Momentum 90s: +36.11%
2026-07-06 13:53:11     Trades: 736  |  Volume: 16216
2026-07-06 13:53:11     Buy Vol: 15626  |  Sell Vol: 590
2026-07-06 13:53:11   Win Rate: 0.7%
2026-07-06 13:53:11   Config: min_price=0.6, max_price=0.9, min_elapsed=60s, dev_range=0.1%-100%, no_entry_cutoff=30s
2026-07-06 13:53:11   BTC Chainlink: $62,955.25 (anchor: $62,965.67)
2026-07-06 13:53:11   BTC Deviation: $-10.42 (-0.0165%)
2026-07-06 13:53:11 ============================================================
2026-07-06 13:53:11 MAIN ENTRY FAILED: Could not get price
2026-07-06 13:53:11 ============================================================
2026-07-06 13:53:11 TRADE SIGNAL TRIGGERED
2026-07-06 13:53:11   Time: 2026-07-06T13:53:11.659144
2026-07-06 13:53:11   Market: btc-updown-5m-1783320600
2026-07-06 13:53:11   Signal: BUY_DOWN
2026-07-06 13:53:11   Token: DOWN
2026-07-06 13:53:11   Elapsed: 192s | Remaining: 108s | Bin: 2
2026-07-06 13:53:11   --- UP ---
2026-07-06 13:53:11     Price:   LAST=0.3100  BID=0.3000  ASK=0.3100
2026-07-06 13:53:11     VWAP 60s: 0.3177  |  Deviation: -2.42%
2026-07-06 13:53:11     Z-Score 5s: -2.76  |  Momentum 90s: -37.90%
2026-07-06 13:53:11     Trades: 620  |  Volume: 19110
2026-07-06 13:53:11     Buy Vol: 18106  |  Sell Vol: 1004
2026-07-06 13:53:11   --- DOWN ---
2026-07-06 13:53:11     Price:   LAST=0.7000  BID=0.6900  ASK=0.7000
2026-07-06 13:53:11     VWAP 60s: 0.6600  |  Deviation: +6.07%
2026-07-06 13:53:11     Z-Score 5s: +0.88  |  Momentum 90s: +36.11%
2026-07-06 13:53:11     Trades: 737  |  Volume: 16217
2026-07-06 13:53:11     Buy Vol: 15627  |  Sell Vol: 590
2026-07-06 13:53:11   Win Rate: 0.7%
2026-07-06 13:53:11   Config: min_price=0.6, max_price=0.9, min_elapsed=60s, dev_range=0.1%-100%, no_entry_cutoff=30s
2026-07-06 13:53:11   BTC Chainlink: $62,955.25 (anchor: $62,965.67)
2026-07-06 13:53:11   BTC Deviation: $-10.42 (-0.0165%)
2026-07-06 13:53:11 ============================================================
2026-07-06 13:53:11 MAIN ENTRY FAILED: Could not get price
2026-07-06 13:53:11 ============================================================
2026-07-06 13:53:11 TRADE SIGNAL TRIGGERED
2026-07-06 13:53:11   Time: 2026-07-06T13:53:11.910968
2026-07-06 13:53:11   Market: btc-updown-5m-1783320600
2026-07-06 13:53:11   Signal: BUY_DOWN
2026-07-06 13:53:11   Token: DOWN
2026-07-06 13:53:11   Elapsed: 192s | Remaining: 108s | Bin: 2
2026-07-06 13:53:11   --- UP ---
2026-07-06 13:53:11     Price:   LAST=0.3100  BID=0.3000  ASK=0.3100
2026-07-06 13:53:11     VWAP 60s: 0.3177  |  Deviation: -2.42%
2026-07-06 13:53:11     Z-Score 5s: -1.97  |  Momentum 90s: -38.10%
2026-07-06 13:53:11     Trades: 622  |  Volume: 19120
2026-07-06 13:53:11     Buy Vol: 18112  |  Sell Vol: 1009
2026-07-06 13:53:11   --- DOWN ---
2026-07-06 13:53:11     Price:   LAST=0.7000  BID=0.6900  ASK=0.7000
2026-07-06 13:53:11     VWAP 60s: 0.6602  |  Deviation: +6.03%
2026-07-06 13:53:11     Z-Score 5s: +0.83  |  Momentum 90s: +37.64%
2026-07-06 13:53:11     Trades: 737  |  Volume: 16217
2026-07-06 13:53:11     Buy Vol: 15627  |  Sell Vol: 590
2026-07-06 13:53:11   Win Rate: 0.7%
2026-07-06 13:53:11   Config: min_price=0.6, max_price=0.9, min_elapsed=60s, dev_range=0.1%-100%, no_entry_cutoff=30s
2026-07-06 13:53:11   BTC Chainlink: $62,955.25 (anchor: $62,965.67)
2026-07-06 13:53:11   BTC Deviation: $-10.42 (-0.0165%)
2026-07-06 13:53:11 ============================================================
2026-07-06 13:53:11 MAIN ENTRY FAILED: Could not get price
2026-07-06 13:53:12 ============================================================
2026-07-06 13:53:12 TRADE SIGNAL TRIGGERED
2026-07-06 13:53:12   Time: 2026-07-06T13:53:12.163849
2026-07-06 13:53:12   Market: btc-updown-5m-1783320600
2026-07-06 13:53:12   Signal: BUY_DOWN
2026-07-06 13:53:12   Token: DOWN
2026-07-06 13:53:12   Elapsed: 192s | Remaining: 108s | Bin: 2
2026-07-06 13:53:12   --- UP ---
2026-07-06 13:53:12     Price:   LAST=0.3100  BID=0.3000  ASK=0.3100
2026-07-06 13:53:12     VWAP 60s: 0.3177  |  Deviation: -2.42%
2026-07-06 13:53:12     Z-Score 5s: -1.88  |  Momentum 90s: -38.10%
2026-07-06 13:53:12     Trades: 622  |  Volume: 19120
2026-07-06 13:53:12     Buy Vol: 18112  |  Sell Vol: 1009
2026-07-06 13:53:12   --- DOWN ---
2026-07-06 13:53:12     Price:   LAST=0.7000  BID=0.6900  ASK=0.7000
2026-07-06 13:53:12     VWAP 60s: 0.6604  |  Deviation: +5.99%
2026-07-06 13:53:12     Z-Score 5s: +0.80  |  Momentum 90s: +38.81%
2026-07-06 13:53:12     Trades: 738  |  Volume: 16234
2026-07-06 13:53:12     Buy Vol: 15645  |  Sell Vol: 590
2026-07-06 13:53:12   Win Rate: 0.7%
2026-07-06 13:53:12   Config: min_price=0.6, max_price=0.9, min_elapsed=60s, dev_range=0.1%-100%, no_entry_cutoff=30s
2026-07-06 13:53:12   BTC Chainlink: $62,955.25 (anchor: $62,965.67)
2026-07-06 13:53:12   BTC Deviation: $-10.42 (-0.0165%)
2026-07-06 13:53:12 ============================================================
2026-07-06 13:53:12 MAIN ENTRY FAILED: Could not get price
2026-07-06 13:53:12 ============================================================
2026-07-06 13:53:12 TRADE SIGNAL TRIGGERED
2026-07-06 13:53:12   Time: 2026-07-06T13:53:12.415323
2026-07-06 13:53:12   Market: btc-updown-5m-1783320600
2026-07-06 13:53:12   Signal: BUY_DOWN
2026-07-06 13:53:12   Token: DOWN
2026-07-06 13:53:12   Elapsed: 192s | Remaining: 108s | Bin: 2
2026-07-06 13:53:12   --- UP ---
2026-07-06 13:53:12     Price:   LAST=0.3100  BID=0.3000  ASK=0.3100
2026-07-06 13:53:12     VWAP 60s: 0.3177  |  Deviation: -2.42%
2026-07-06 13:53:12     Z-Score 5s: -1.68  |  Momentum 90s: -38.61%
2026-07-06 13:53:12     Trades: 623  |  Volume: 19127
2026-07-06 13:53:12     Buy Vol: 18118  |  Sell Vol: 1009
2026-07-06 13:53:12   --- DOWN ---
2026-07-06 13:53:12     Price:   LAST=0.7000  BID=0.6900  ASK=0.7000
2026-07-06 13:53:12     VWAP 60s: 0.6626  |  Deviation: +5.65%
2026-07-06 13:53:12     Z-Score 5s: +0.74  |  Momentum 90s: +39.30%
2026-07-06 13:53:12     Trades: 740  |  Volume: 16259
2026-07-06 13:53:12     Buy Vol: 15670  |  Sell Vol: 590
2026-07-06 13:53:12   Win Rate: 0.7%
2026-07-06 13:53:12   Config: min_price=0.6, max_price=0.9, min_elapsed=60s, dev_range=0.1%-100%, no_entry_cutoff=30s
2026-07-06 13:53:12   BTC Chainlink: $62,956.22 (anchor: $62,965.67)
2026-07-06 13:53:12   BTC Deviation: $-9.45 (-0.0150%)
2026-07-06 13:53:12 ============================================================
2026-07-06 13:53:12 MAIN ENTRY FAILED: Could not get price
2026-07-06 13:53:12 ============================================================
2026-07-06 13:53:12 TRADE SIGNAL TRIGGERED
2026-07-06 13:53:12   Time: 2026-07-06T13:53:12.667492
2026-07-06 13:53:12   Market: btc-updown-5m-1783320600
2026-07-06 13:53:12   Signal: BUY_DOWN
2026-07-06 13:53:12   Token: DOWN
2026-07-06 13:53:12   Elapsed: 193s | Remaining: 107s | Bin: 2
2026-07-06 13:53:12   --- UP ---
2026-07-06 13:53:12     Price:   LAST=0.3100  BID=0.3000  ASK=0.3100
2026-07-06 13:53:12     VWAP 60s: 0.3176  |  Deviation: -2.39%
2026-07-06 13:53:12     Z-Score 5s: -1.63  |  Momentum 90s: -38.86%
2026-07-06 13:53:12     Trades: 623  |  Volume: 19127
2026-07-06 13:53:12     Buy Vol: 18118  |  Sell Vol: 1009
2026-07-06 13:53:12   --- DOWN ---
2026-07-06 13:53:12     Price:   LAST=0.7000  BID=0.6900  ASK=0.7000
2026-07-06 13:53:12     VWAP 60s: 0.6629  |  Deviation: +5.60%
2026-07-06 13:53:12     Z-Score 5s: +0.69  |  Momentum 90s: +39.60%
2026-07-06 13:53:12     Trades: 742  |  Volume: 16304
2026-07-06 13:53:12     Buy Vol: 15714  |  Sell Vol: 590
2026-07-06 13:53:12   Win Rate: 0.7%
2026-07-06 13:53:12   Config: min_price=0.6, max_price=0.9, min_elapsed=60s, dev_range=0.1%-100%, no_entry_cutoff=30s
2026-07-06 13:53:12   BTC Chainlink: $62,956.22 (anchor: $62,965.67)
2026-07-06 13:53:12   BTC Deviation: $-9.45 (-0.0150%)
2026-07-06 13:53:12 ============================================================
2026-07-06 13:53:12 MAIN ENTRY FAILED: Could not get price
2026-07-06 13:53:12 ============================================================
2026-07-06 13:53:12 TRADE SIGNAL TRIGGERED
2026-07-06 13:53:12   Time: 2026-07-06T13:53:12.919816
2026-07-06 13:53:12   Market: btc-updown-5m-1783320600
2026-07-06 13:53:12   Signal: BUY_DOWN
2026-07-06 13:53:12   Token: DOWN
2026-07-06 13:53:12   Elapsed: 193s | Remaining: 107s | Bin: 2
2026-07-06 13:53:12   --- UP ---
2026-07-06 13:53:12     Price:   LAST=0.3100  BID=0.3000  ASK=0.3100
2026-07-06 13:53:12     VWAP 60s: 0.3176  |  Deviation: -2.39%
2026-07-06 13:53:12     Z-Score 5s: -1.14  |  Momentum 90s: -39.22%
2026-07-06 13:53:12     Trades: 623  |  Volume: 19127
2026-07-06 13:53:12     Buy Vol: 18118  |  Sell Vol: 1009
2026-07-06 13:53:12   --- DOWN ---
2026-07-06 13:53:12     Price:   LAST=0.7000  BID=0.6900  ASK=0.7000
2026-07-06 13:53:12     VWAP 60s: 0.6631  |  Deviation: +5.57%
2026-07-06 13:53:12     Z-Score 5s: +0.65  |  Momentum 90s: +40.94%
2026-07-06 13:53:12     Trades: 744  |  Volume: 16308
2026-07-06 13:53:12     Buy Vol: 15718  |  Sell Vol: 590
2026-07-06 13:53:12   Win Rate: 0.7%
2026-07-06 13:53:12   Config: min_price=0.6, max_price=0.9, min_elapsed=60s, dev_range=0.1%-100%, no_entry_cutoff=30s
2026-07-06 13:53:12   BTC Chainlink: $62,956.22 (anchor: $62,965.67)
2026-07-06 13:53:12   BTC Deviation: $-9.45 (-0.0150%)
2026-07-06 13:53:12 ============================================================
2026-07-06 13:53:12 MAIN ENTRY FAILED: Could not get price
2026-07-06 13:53:13 ============================================================
2026-07-06 13:53:13 TRADE SIGNAL TRIGGERED
2026-07-06 13:53:13   Time: 2026-07-06T13:53:13.175741
2026-07-06 13:53:13   Market: btc-updown-5m-1783320600
2026-07-06 13:53:13   Signal: BUY_DOWN
2026-07-06 13:53:13   Token: DOWN
2026-07-06 13:53:13   Elapsed: 193s | Remaining: 107s | Bin: 2
2026-07-06 13:53:13   --- UP ---
2026-07-06 13:53:13     Price:   LAST=0.3100  BID=0.3000  ASK=0.3100
2026-07-06 13:53:13     VWAP 60s: 0.3176  |  Deviation: -2.39%
2026-07-06 13:53:13     Z-Score 5s: -1.07  |  Momentum 90s: -39.22%
2026-07-06 13:53:13     Trades: 623  |  Volume: 19127
2026-07-06 13:53:13     Buy Vol: 18118  |  Sell Vol: 1009
2026-07-06 13:53:13   --- DOWN ---
2026-07-06 13:53:13     Price:   LAST=0.7000  BID=0.6900  ASK=0.7000
2026-07-06 13:53:13     VWAP 60s: 0.6632  |  Deviation: +5.54%
2026-07-06 13:53:13     Z-Score 5s: +0.64  |  Momentum 90s: +41.89%
2026-07-06 13:53:13     Trades: 745  |  Volume: 16310
2026-07-06 13:53:13     Buy Vol: 15720  |  Sell Vol: 590
2026-07-06 13:53:13   Win Rate: 0.7%
2026-07-06 13:53:13   Config: min_price=0.6, max_price=0.9, min_elapsed=60s, dev_range=0.1%-100%, no_entry_cutoff=30s
2026-07-06 13:53:13   BTC Chainlink: $62,956.22 (anchor: $62,965.67)
2026-07-06 13:53:13   BTC Deviation: $-9.45 (-0.0150%)
2026-07-06 13:53:13 ============================================================
2026-07-06 13:53:13 MAIN ENTRY FAILED: Could not get price
2026-07-06 13:53:13 ============================================================
2026-07-06 13:53:13 TRADE SIGNAL TRIGGERED
2026-07-06 13:53:13   Time: 2026-07-06T13:53:13.427087
2026-07-06 13:53:13   Market: btc-updown-5m-1783320600
2026-07-06 13:53:13   Signal: BUY_DOWN
2026-07-06 13:53:13   Token: DOWN
2026-07-06 13:53:13   Elapsed: 193s | Remaining: 107s | Bin: 2
2026-07-06 13:53:13   --- UP ---
2026-07-06 13:53:13     Price:   LAST=0.3100  BID=0.2900  ASK=0.3000
2026-07-06 13:53:13     VWAP 60s: 0.3176  |  Deviation: -2.38%
2026-07-06 13:53:13     Z-Score 5s: -1.00  |  Momentum 90s: -39.36%
2026-07-06 13:53:13     Trades: 624  |  Volume: 19130
2026-07-06 13:53:13     Buy Vol: 18121  |  Sell Vol: 1009
2026-07-06 13:53:13   --- DOWN ---
2026-07-06 13:53:13     Price:   LAST=0.7000  BID=0.7000  ASK=0.7100
2026-07-06 13:53:13     VWAP 60s: 0.6643  |  Deviation: +5.37%
2026-07-06 13:53:13     Z-Score 5s: +0.59  |  Momentum 90s: +42.86%
2026-07-06 13:53:13     Trades: 748  |  Volume: 16415
2026-07-06 13:53:13     Buy Vol: 15825  |  Sell Vol: 590
2026-07-06 13:53:13   Win Rate: 0.7%
2026-07-06 13:53:13   Config: min_price=0.6, max_price=0.9, min_elapsed=60s, dev_range=0.1%-100%, no_entry_cutoff=30s
2026-07-06 13:53:13   BTC Chainlink: $62,952.56 (anchor: $62,965.67)
2026-07-06 13:53:13   BTC Deviation: $-13.11 (-0.0208%)
2026-07-06 13:53:13 ============================================================
2026-07-06 13:53:13 MAIN ENTRY FAILED: Could not get price
2026-07-06 13:53:13 ============================================================
2026-07-06 13:53:13 TRADE SIGNAL TRIGGERED
2026-07-06 13:53:13   Time: 2026-07-06T13:53:13.687227
2026-07-06 13:53:13   Market: btc-updown-5m-1783320600
2026-07-06 13:53:13   Signal: BUY_DOWN
2026-07-06 13:53:13   Token: DOWN
2026-07-06 13:53:13   Elapsed: 194s | Remaining: 106s | Bin: 2
2026-07-06 13:53:13   --- UP ---
2026-07-06 13:53:13     Price:   LAST=0.3100  BID=0.2900  ASK=0.3000
2026-07-06 13:53:13     VWAP 60s: 0.3176  |  Deviation: -2.38%
2026-07-06 13:53:13     Z-Score 5s: -0.86  |  Momentum 90s: -39.89%
2026-07-06 13:53:13     Trades: 624  |  Volume: 19130
2026-07-06 13:53:13     Buy Vol: 18121  |  Sell Vol: 1009
2026-07-06 13:53:13   --- DOWN ---
2026-07-06 13:53:13     Price:   LAST=0.7000  BID=0.7000  ASK=0.7100
2026-07-06 13:53:13     VWAP 60s: 0.6649  |  Deviation: +5.28%
2026-07-06 13:53:13     Z-Score 5s: +0.58  |  Momentum 90s: +42.86%
2026-07-06 13:53:13     Trades: 749  |  Volume: 16420
2026-07-06 13:53:13     Buy Vol: 15825  |  Sell Vol: 595
2026-07-06 13:53:13   Win Rate: 0.7%
2026-07-06 13:53:13   Config: min_price=0.6, max_price=0.9, min_elapsed=60s, dev_range=0.1%-100%, no_entry_cutoff=30s
2026-07-06 13:53:13   BTC Chainlink: $62,952.56 (anchor: $62,965.67)
2026-07-06 13:53:13   BTC Deviation: $-13.11 (-0.0208%)
2026-07-06 13:53:13 ============================================================
2026-07-06 13:53:13 MAIN ENTRY FAILED: Could not get price
2026-07-06 13:53:13 ============================================================
2026-07-06 13:53:13 TRADE SIGNAL TRIGGERED
2026-07-06 13:53:13   Time: 2026-07-06T13:53:13.938666
2026-07-06 13:53:13   Market: btc-updown-5m-1783320600
2026-07-06 13:53:13   Signal: BUY_DOWN
2026-07-06 13:53:13   Token: DOWN
2026-07-06 13:53:13   Elapsed: 194s | Remaining: 106s | Bin: 2
2026-07-06 13:53:13   --- UP ---
2026-07-06 13:53:13     Price:   LAST=0.3100  BID=0.2900  ASK=0.3000
2026-07-06 13:53:13     VWAP 60s: 0.3175  |  Deviation: -2.37%
2026-07-06 13:53:13     Z-Score 5s: -0.86  |  Momentum 90s: -39.89%
2026-07-06 13:53:13     Trades: 624  |  Volume: 19130
2026-07-06 13:53:13     Buy Vol: 18121  |  Sell Vol: 1009
2026-07-06 13:53:13   --- DOWN ---
2026-07-06 13:53:13     Price:   LAST=0.7100  BID=0.7000  ASK=0.7100
2026-07-06 13:53:13     VWAP 60s: 0.6712  |  Deviation: +5.78%
2026-07-06 13:53:13     Z-Score 5s: +0.80  |  Momentum 90s: +44.48%
2026-07-06 13:53:13     Trades: 750  |  Volume: 16423
2026-07-06 13:53:13     Buy Vol: 15828  |  Sell Vol: 595
2026-07-06 13:53:13   Win Rate: 0.7%
2026-07-06 13:53:13   Config: min_price=0.6, max_price=0.9, min_elapsed=60s, dev_range=0.1%-100%, no_entry_cutoff=30s
2026-07-06 13:53:13   BTC Chainlink: $62,952.56 (anchor: $62,965.67)
2026-07-06 13:53:13   BTC Deviation: $-13.11 (-0.0208%)
2026-07-06 13:53:13 ============================================================
2026-07-06 13:53:13 MAIN ENTRY FAILED: Could not get price
2026-07-06 13:53:14 ============================================================
2026-07-06 13:53:14 TRADE SIGNAL TRIGGERED
2026-07-06 13:53:14   Time: 2026-07-06T13:53:14.192832
2026-07-06 13:53:14   Market: btc-updown-5m-1783320600
2026-07-06 13:53:14   Signal: BUY_DOWN
2026-07-06 13:53:14   Token: DOWN
2026-07-06 13:53:14   Elapsed: 194s | Remaining: 106s | Bin: 2
2026-07-06 13:53:14   --- UP ---
2026-07-06 13:53:14     Price:   LAST=0.3000  BID=0.2800  ASK=0.2900
2026-07-06 13:53:14     VWAP 60s: 0.3174  |  Deviation: -5.49%
2026-07-06 13:53:14     Z-Score 5s: -0.84  |  Momentum 90s: -41.83%
2026-07-06 13:53:14     Trades: 625  |  Volume: 19150
2026-07-06 13:53:14     Buy Vol: 18141  |  Sell Vol: 1009
2026-07-06 13:53:14   --- DOWN ---
2026-07-06 13:53:14     Price:   LAST=0.7100  BID=0.7100  ASK=0.7200
2026-07-06 13:53:14     VWAP 60s: 0.6713  |  Deviation: +5.76%
2026-07-06 13:53:14     Z-Score 5s: +0.75  |  Momentum 90s: +44.48%
2026-07-06 13:53:14     Trades: 751  |  Volume: 16431
2026-07-06 13:53:14     Buy Vol: 15836  |  Sell Vol: 595
2026-07-06 13:53:14   Win Rate: 0.7%
2026-07-06 13:53:14   Config: min_price=0.6, max_price=0.9, min_elapsed=60s, dev_range=0.1%-100%, no_entry_cutoff=30s
2026-07-06 13:53:14   BTC Chainlink: $62,952.56 (anchor: $62,965.67)
2026-07-06 13:53:14   BTC Deviation: $-13.11 (-0.0208%)
2026-07-06 13:53:14 ============================================================
2026-07-06 13:53:14 MAIN ENTRY FAILED: Could not get price
2026-07-06 13:53:14 ============================================================
2026-07-06 13:53:14 TRADE SIGNAL TRIGGERED
2026-07-06 13:53:14   Time: 2026-07-06T13:53:14.444077
2026-07-06 13:53:14   Market: btc-updown-5m-1783320600
2026-07-06 13:53:14   Signal: BUY_DOWN
2026-07-06 13:53:14   Token: DOWN
2026-07-06 13:53:14   Elapsed: 194s | Remaining: 106s | Bin: 2
2026-07-06 13:53:14   --- UP ---
2026-07-06 13:53:14     Price:   LAST=0.2900  BID=0.2800  ASK=0.2900
2026-07-06 13:53:14     VWAP 60s: 0.3168  |  Deviation: -8.45%
2026-07-06 13:53:14     Z-Score 5s: -0.92  |  Momentum 90s: -41.50%
2026-07-06 13:53:14     Trades: 626  |  Volume: 19371
2026-07-06 13:53:14     Buy Vol: 18362  |  Sell Vol: 1009
2026-07-06 13:53:14   --- DOWN ---
2026-07-06 13:53:14     Price:   LAST=0.7100  BID=0.7100  ASK=0.7200
2026-07-06 13:53:14     VWAP 60s: 0.6714  |  Deviation: +5.74%
2026-07-06 13:53:14     Z-Score 5s: +0.71  |  Momentum 90s: +33.74%
2026-07-06 13:53:14     Trades: 752  |  Volume: 16442
2026-07-06 13:53:14     Buy Vol: 15847  |  Sell Vol: 595
2026-07-06 13:53:14   Win Rate: 0.7%
2026-07-06 13:53:14   Config: min_price=0.6, max_price=0.9, min_elapsed=60s, dev_range=0.1%-100%, no_entry_cutoff=30s
2026-07-06 13:53:14   BTC Chainlink: $62,951.64 (anchor: $62,965.67)
2026-07-06 13:53:14   BTC Deviation: $-14.03 (-0.0223%)
2026-07-06 13:53:14 ============================================================
2026-07-06 13:53:14 MAIN ENTRY FAILED: Could not get price
2026-07-06 13:53:14 ============================================================
2026-07-06 13:53:14 TRADE SIGNAL TRIGGERED
2026-07-06 13:53:14   Time: 2026-07-06T13:53:14.706411
2026-07-06 13:53:14   Market: btc-updown-5m-1783320600
2026-07-06 13:53:14   Signal: BUY_DOWN
2026-07-06 13:53:14   Token: DOWN
2026-07-06 13:53:14   Elapsed: 195s | Remaining: 105s | Bin: 2
2026-07-06 13:53:14   --- UP ---
2026-07-06 13:53:14     Price:   LAST=0.2900  BID=0.2800  ASK=0.2900
2026-07-06 13:53:14     VWAP 60s: 0.3168  |  Deviation: -8.45%
2026-07-06 13:53:14     Z-Score 5s: -0.84  |  Momentum 90s: -39.58%
2026-07-06 13:53:14     Trades: 626  |  Volume: 19371
2026-07-06 13:53:14     Buy Vol: 18362  |  Sell Vol: 1009
2026-07-06 13:53:14   --- DOWN ---
2026-07-06 13:53:14     Price:   LAST=0.7100  BID=0.7100  ASK=0.7200
2026-07-06 13:53:14     VWAP 60s: 0.6714  |  Deviation: +5.74%
2026-07-06 13:53:14     Z-Score 5s: +0.70  |  Momentum 90s: +30.35%
2026-07-06 13:53:14     Trades: 752  |  Volume: 16442
2026-07-06 13:53:14     Buy Vol: 15847  |  Sell Vol: 595
2026-07-06 13:53:14   Win Rate: 0.7%
2026-07-06 13:53:14   Config: min_price=0.6, max_price=0.9, min_elapsed=60s, dev_range=0.1%-100%, no_entry_cutoff=30s
2026-07-06 13:53:14   BTC Chainlink: $62,951.64 (anchor: $62,965.67)
2026-07-06 13:53:14   BTC Deviation: $-14.03 (-0.0223%)
2026-07-06 13:53:14 ============================================================
2026-07-06 13:53:14 MAIN ENTRY FAILED: Could not get price
2026-07-06 13:53:14 ============================================================
2026-07-06 13:53:14 TRADE SIGNAL TRIGGERED
2026-07-06 13:53:14   Time: 2026-07-06T13:53:14.964144
2026-07-06 13:53:14   Market: btc-updown-5m-1783320600
2026-07-06 13:53:14   Signal: BUY_DOWN
2026-07-06 13:53:14   Token: DOWN
2026-07-06 13:53:14   Elapsed: 195s | Remaining: 105s | Bin: 2
2026-07-06 13:53:14   --- UP ---
2026-07-06 13:53:14     Price:   LAST=0.2900  BID=0.2800  ASK=0.2900
2026-07-06 13:53:14     VWAP 60s: 0.3167  |  Deviation: -8.44%
2026-07-06 13:53:14     Z-Score 5s: -1.66  |  Momentum 90s: -35.14%
2026-07-06 13:53:14     Trades: 627  |  Volume: 19383
2026-07-06 13:53:14     Buy Vol: 18375  |  Sell Vol: 1009
2026-07-06 13:53:14   --- DOWN ---
2026-07-06 13:53:14     Price:   LAST=0.7100  BID=0.7100  ASK=0.7200
2026-07-06 13:53:14     VWAP 60s: 0.6715  |  Deviation: +5.74%
2026-07-06 13:53:14     Z-Score 5s: +0.70  |  Momentum 90s: +27.52%
2026-07-06 13:53:14     Trades: 752  |  Volume: 16442
2026-07-06 13:53:14     Buy Vol: 15847  |  Sell Vol: 595
2026-07-06 13:53:14   Win Rate: 0.7%
2026-07-06 13:53:14   Config: min_price=0.6, max_price=0.9, min_elapsed=60s, dev_range=0.1%-100%, no_entry_cutoff=30s
2026-07-06 13:53:14   BTC Chainlink: $62,951.64 (anchor: $62,965.67)
2026-07-06 13:53:14   BTC Deviation: $-14.03 (-0.0223%)
2026-07-06 13:53:14 ============================================================
2026-07-06 13:53:14 MAIN ENTRY FAILED: Could not get price
2026-07-06 13:53:15 ============================================================
2026-07-06 13:53:15 TRADE SIGNAL TRIGGERED
2026-07-06 13:53:15   Time: 2026-07-06T13:53:15.216769
2026-07-06 13:53:15   Market: btc-updown-5m-1783320600
2026-07-06 13:53:15   Signal: BUY_DOWN
2026-07-06 13:53:15   Token: DOWN
2026-07-06 13:53:15   Elapsed: 195s | Remaining: 105s | Bin: 2
2026-07-06 13:53:15   --- UP ---
2026-07-06 13:53:15     Price:   LAST=0.2900  BID=0.2500  ASK=0.2600
2026-07-06 13:53:15     VWAP 60s: 0.3162  |  Deviation: -8.27%
2026-07-06 13:53:15     Z-Score 5s: -1.66  |  Momentum 90s: -35.14%
2026-07-06 13:53:15     Trades: 627  |  Volume: 19383
2026-07-06 13:53:15     Buy Vol: 18375  |  Sell Vol: 1009
2026-07-06 13:53:15   --- DOWN ---
2026-07-06 13:53:15     Price:   LAST=0.7500  BID=0.7400  ASK=0.7500
2026-07-06 13:53:15     VWAP 60s: 0.6726  |  Deviation: +11.51%
2026-07-06 13:53:15     Z-Score 5s: +1.61  |  Momentum 90s: +33.49%
2026-07-06 13:53:15     Trades: 760  |  Volume: 16544
2026-07-06 13:53:15     Buy Vol: 15949  |  Sell Vol: 595
2026-07-06 13:53:15   Win Rate: 0.8%
2026-07-06 13:53:15   Config: min_price=0.6, max_price=0.9, min_elapsed=60s, dev_range=0.1%-100%, no_entry_cutoff=30s
2026-07-06 13:53:15   BTC Chainlink: $62,951.64 (anchor: $62,965.67)
2026-07-06 13:53:15   BTC Deviation: $-14.03 (-0.0223%)
2026-07-06 13:53:15 ============================================================
2026-07-06 13:53:15 MAIN ENTRY FAILED: Could not get price
2026-07-06 13:53:15 ============================================================
2026-07-06 13:53:15 TRADE SIGNAL TRIGGERED
2026-07-06 13:53:15   Time: 2026-07-06T13:53:15.470093
2026-07-06 13:53:15   Market: btc-updown-5m-1783320600
2026-07-06 13:53:15   Signal: BUY_DOWN
2026-07-06 13:53:15   Token: DOWN
2026-07-06 13:53:15   Elapsed: 195s | Remaining: 105s | Bin: 2
2026-07-06 13:53:15   --- UP ---
2026-07-06 13:53:15     Price:   LAST=0.2600  BID=0.2500  ASK=0.2600
2026-07-06 13:53:15     VWAP 60s: 0.3057  |  Deviation: -14.96%
2026-07-06 13:53:15     Z-Score 5s: -1.96  |  Momentum 90s: -41.11%
2026-07-06 13:53:15     Trades: 629  |  Volume: 19423
2026-07-06 13:53:15     Buy Vol: 18415  |  Sell Vol: 1009
2026-07-06 13:53:15   --- DOWN ---
2026-07-06 13:53:15     Price:   LAST=0.7500  BID=0.7400  ASK=0.7500
2026-07-06 13:53:15     VWAP 60s: 0.6726  |  Deviation: +11.50%
2026-07-06 13:53:15     Z-Score 5s: +1.54  |  Momentum 90s: +32.62%
2026-07-06 13:53:15     Trades: 761  |  Volume: 16549
2026-07-06 13:53:15     Buy Vol: 15954  |  Sell Vol: 595
2026-07-06 13:53:15   Win Rate: 0.8%
2026-07-06 13:53:15   Config: min_price=0.6, max_price=0.9, min_elapsed=60s, dev_range=0.1%-100%, no_entry_cutoff=30s
2026-07-06 13:53:15   BTC Chainlink: $62,951.64 (anchor: $62,965.67)
2026-07-06 13:53:15   BTC Deviation: $-14.03 (-0.0223%)
2026-07-06 13:53:15 ============================================================
2026-07-06 13:53:15 MAIN ENTRY FAILED: Could not get price
2026-07-06 13:53:15 ============================================================
2026-07-06 13:53:15 TRADE SIGNAL TRIGGERED
2026-07-06 13:53:15   Time: 2026-07-06T13:53:15.728094
2026-07-06 13:53:15   Market: btc-updown-5m-1783320600
2026-07-06 13:53:15   Signal: BUY_DOWN
2026-07-06 13:53:15   Token: DOWN
2026-07-06 13:53:15   Elapsed: 196s | Remaining: 104s | Bin: 2
2026-07-06 13:53:15   --- UP ---
2026-07-06 13:53:15     Price:   LAST=0.2600  BID=0.2500  ASK=0.2600
2026-07-06 13:53:15     VWAP 60s: 0.3056  |  Deviation: -14.93%
2026-07-06 13:53:15     Z-Score 5s: -1.64  |  Momentum 90s: -38.72%
2026-07-06 13:53:15     Trades: 630  |  Volume: 19432
2026-07-06 13:53:15     Buy Vol: 18424  |  Sell Vol: 1009
2026-07-06 13:53:15   --- DOWN ---
2026-07-06 13:53:15     Price:   LAST=0.7500  BID=0.7400  ASK=0.7500
2026-07-06 13:53:15     VWAP 60s: 0.6728  |  Deviation: +11.48%
2026-07-06 13:53:15     Z-Score 5s: +1.61  |  Momentum 90s: +32.17%
2026-07-06 13:53:15     Trades: 762  |  Volume: 16561
2026-07-06 13:53:15     Buy Vol: 15966  |  Sell Vol: 595
2026-07-06 13:53:15   Win Rate: 0.8%
2026-07-06 13:53:15   Config: min_price=0.6, max_price=0.9, min_elapsed=60s, dev_range=0.1%-100%, no_entry_cutoff=30s
2026-07-06 13:53:15   BTC Chainlink: $62,951.64 (anchor: $62,965.67)
2026-07-06 13:53:15   BTC Deviation: $-14.03 (-0.0223%)
2026-07-06 13:53:15 ============================================================
2026-07-06 13:53:15 MAIN ENTRY FAILED: Could not get price
2026-07-06 13:53:15 ============================================================
2026-07-06 13:53:15 TRADE SIGNAL TRIGGERED
2026-07-06 13:53:15   Time: 2026-07-06T13:53:15.989026
2026-07-06 13:53:15   Market: btc-updown-5m-1783320600
2026-07-06 13:53:15   Signal: BUY_DOWN
2026-07-06 13:53:15   Token: DOWN
2026-07-06 13:53:15   Elapsed: 196s | Remaining: 104s | Bin: 2
2026-07-06 13:53:15   --- UP ---
2026-07-06 13:53:15     Price:   LAST=0.2600  BID=0.2500  ASK=0.2600
2026-07-06 13:53:15     VWAP 60s: 0.3055  |  Deviation: -14.89%
2026-07-06 13:53:15     Z-Score 5s: -1.44  |  Momentum 90s: -37.64%
2026-07-06 13:53:15     Trades: 631  |  Volume: 19461
2026-07-06 13:53:15     Buy Vol: 18453  |  Sell Vol: 1009
2026-07-06 13:53:15   --- DOWN ---
2026-07-06 13:53:15     Price:   LAST=0.7500  BID=0.7400  ASK=0.7500
2026-07-06 13:53:15     VWAP 60s: 0.6728  |  Deviation: +11.48%
2026-07-06 13:53:15     Z-Score 5s: +1.90  |  Momentum 90s: +31.28%
2026-07-06 13:53:15     Trades: 762  |  Volume: 16561
2026-07-06 13:53:15     Buy Vol: 15966  |  Sell Vol: 595
2026-07-06 13:53:15   Win Rate: 0.8%
2026-07-06 13:53:15   Config: min_price=0.6, max_price=0.9, min_elapsed=60s, dev_range=0.1%-100%, no_entry_cutoff=30s
2026-07-06 13:53:15   BTC Chainlink: $62,951.64 (anchor: $62,965.67)
2026-07-06 13:53:15   BTC Deviation: $-14.03 (-0.0223%)
2026-07-06 13:53:15 ============================================================
2026-07-06 13:53:15 MAIN ENTRY FAILED: Could not get price
2026-07-06 13:53:16 ============================================================
2026-07-06 13:53:16 TRADE SIGNAL TRIGGERED
2026-07-06 13:53:16   Time: 2026-07-06T13:53:16.240307
2026-07-06 13:53:16   Market: btc-updown-5m-1783320600
2026-07-06 13:53:16   Signal: BUY_DOWN
2026-07-06 13:53:16   Token: DOWN
2026-07-06 13:53:16   Elapsed: 196s | Remaining: 104s | Bin: 2
2026-07-06 13:53:16   --- UP ---
2026-07-06 13:53:16     Price:   LAST=0.2700  BID=0.2600  ASK=0.2700
2026-07-06 13:53:16     VWAP 60s: 0.3041  |  Deviation: -11.20%
2026-07-06 13:53:16     Z-Score 5s: -0.92  |  Momentum 90s: -33.13%
2026-07-06 13:53:16     Trades: 632  |  Volume: 19681
2026-07-06 13:53:16     Buy Vol: 18673  |  Sell Vol: 1009
2026-07-06 13:53:16   --- DOWN ---
2026-07-06 13:53:16     Price:   LAST=0.7400  BID=0.7300  ASK=0.7400
2026-07-06 13:53:16     VWAP 60s: 0.6728  |  Deviation: +9.99%
2026-07-06 13:53:16     Z-Score 5s: +1.16  |  Momentum 90s: +25.92%
2026-07-06 13:53:16     Trades: 763  |  Volume: 16562
2026-07-06 13:53:16     Buy Vol: 15967  |  Sell Vol: 595
2026-07-06 13:53:16   Win Rate: 0.7%
2026-07-06 13:53:16   Config: min_price=0.6, max_price=0.9, min_elapsed=60s, dev_range=0.1%-100%, no_entry_cutoff=30s
2026-07-06 13:53:16   BTC Chainlink: $62,951.55 (anchor: $62,965.67)
2026-07-06 13:53:16   BTC Deviation: $-14.12 (-0.0224%)
2026-07-06 13:53:16 ============================================================
2026-07-06 13:53:16 MAIN ENTRY FAILED: Could not get price
2026-07-06 13:53:16 ============================================================
2026-07-06 13:53:16 TRADE SIGNAL TRIGGERED
2026-07-06 13:53:16   Time: 2026-07-06T13:53:16.494041
2026-07-06 13:53:16   Market: btc-updown-5m-1783320600
2026-07-06 13:53:16   Signal: BUY_DOWN
2026-07-06 13:53:16   Token: DOWN
2026-07-06 13:53:16   Elapsed: 196s | Remaining: 104s | Bin: 2
2026-07-06 13:53:16   --- UP ---
2026-07-06 13:53:16     Price:   LAST=0.2700  BID=0.2600  ASK=0.2700
2026-07-06 13:53:16     VWAP 60s: 0.3041  |  Deviation: -11.20%
2026-07-06 13:53:16     Z-Score 5s: -0.78  |  Momentum 90s: -33.13%
2026-07-06 13:53:16     Trades: 632  |  Volume: 19681
2026-07-06 13:53:16     Buy Vol: 18673  |  Sell Vol: 1009
2026-07-06 13:53:16   --- DOWN ---
2026-07-06 13:53:16     Price:   LAST=0.7400  BID=0.7300  ASK=0.7400
2026-07-06 13:53:16     VWAP 60s: 0.6728  |  Deviation: +9.99%
2026-07-06 13:53:16     Z-Score 5s: +1.05  |  Momentum 90s: +25.14%
2026-07-06 13:53:16     Trades: 763  |  Volume: 16562
2026-07-06 13:53:16     Buy Vol: 15967  |  Sell Vol: 595
2026-07-06 13:53:16   Win Rate: 0.7%
2026-07-06 13:53:16   Config: min_price=0.6, max_price=0.9, min_elapsed=60s, dev_range=0.1%-100%, no_entry_cutoff=30s
2026-07-06 13:53:16   BTC Chainlink: $62,951.55 (anchor: $62,965.67)
2026-07-06 13:53:16   BTC Deviation: $-14.12 (-0.0224%)
2026-07-06 13:53:16 ============================================================
2026-07-06 13:53:16 MAIN ENTRY FAILED: Could not get price
2026-07-06 13:53:16 ============================================================
2026-07-06 13:53:16 TRADE SIGNAL TRIGGERED
2026-07-06 13:53:16   Time: 2026-07-06T13:53:16.745290
2026-07-06 13:53:16   Market: btc-updown-5m-1783320600
2026-07-06 13:53:16   Signal: BUY_DOWN
2026-07-06 13:53:16   Token: DOWN
2026-07-06 13:53:16   Elapsed: 197s | Remaining: 103s | Bin: 2
2026-07-06 13:53:16   --- UP ---
2026-07-06 13:53:16     Price:   LAST=0.2700  BID=0.2600  ASK=0.2700
2026-07-06 13:53:16     VWAP 60s: 0.3039  |  Deviation: -11.15%
2026-07-06 13:53:16     Z-Score 5s: -0.53  |  Momentum 90s: -31.82%
2026-07-06 13:53:16     Trades: 635  |  Volume: 19720
2026-07-06 13:53:16     Buy Vol: 18711  |  Sell Vol: 1009
2026-07-06 13:53:16   --- DOWN ---
2026-07-06 13:53:16     Price:   LAST=0.7400  BID=0.7300  ASK=0.7400
2026-07-06 13:53:16     VWAP 60s: 0.6728  |  Deviation: +9.99%
2026-07-06 13:53:16     Z-Score 5s: +1.01  |  Momentum 90s: +25.14%
2026-07-06 13:53:16     Trades: 763  |  Volume: 16562
2026-07-06 13:53:16     Buy Vol: 15967  |  Sell Vol: 595
2026-07-06 13:53:16   Win Rate: 0.7%
2026-07-06 13:53:16   Config: min_price=0.6, max_price=0.9, min_elapsed=60s, dev_range=0.1%-100%, no_entry_cutoff=30s
2026-07-06 13:53:16   BTC Chainlink: $62,951.55 (anchor: $62,965.67)
2026-07-06 13:53:16   BTC Deviation: $-14.12 (-0.0224%)
2026-07-06 13:53:16 ============================================================
2026-07-06 13:53:16 MAIN ENTRY FAILED: Could not get price
2026-07-06 13:53:16 ============================================================
2026-07-06 13:53:16 TRADE SIGNAL TRIGGERED
2026-07-06 13:53:16   Time: 2026-07-06T13:53:16.996735
2026-07-06 13:53:16   Market: btc-updown-5m-1783320600
2026-07-06 13:53:16   Signal: BUY_DOWN
2026-07-06 13:53:16   Token: DOWN
2026-07-06 13:53:16   Elapsed: 197s | Remaining: 103s | Bin: 2
2026-07-06 13:53:16   --- UP ---
2026-07-06 13:53:16     Price:   LAST=0.2700  BID=0.2600  ASK=0.2700
2026-07-06 13:53:16     VWAP 60s: 0.3035  |  Deviation: -11.04%
2026-07-06 13:53:16     Z-Score 5s: -0.37  |  Momentum 90s: -31.82%
2026-07-06 13:53:16     Trades: 640  |  Volume: 19784
2026-07-06 13:53:16     Buy Vol: 18775  |  Sell Vol: 1009
2026-07-06 13:53:16   --- DOWN ---
2026-07-06 13:53:16     Price:   LAST=0.7400  BID=0.7300  ASK=0.7400
2026-07-06 13:53:16     VWAP 60s: 0.6728  |  Deviation: +9.99%
2026-07-06 13:53:16     Z-Score 5s: +0.94  |  Momentum 90s: +24.70%
2026-07-06 13:53:16     Trades: 764  |  Volume: 16564
2026-07-06 13:53:16     Buy Vol: 15969  |  Sell Vol: 595
2026-07-06 13:53:16   Win Rate: 0.7%
2026-07-06 13:53:16   Config: min_price=0.6, max_price=0.9, min_elapsed=60s, dev_range=0.1%-100%, no_entry_cutoff=30s
2026-07-06 13:53:16   BTC Chainlink: $62,951.55 (anchor: $62,965.67)
2026-07-06 13:53:16   BTC Deviation: $-14.12 (-0.0224%)
2026-07-06 13:53:16 ============================================================
2026-07-06 13:53:16 MAIN ENTRY FAILED: Could not get price
2026-07-06 13:53:17 ============================================================
2026-07-06 13:53:17 TRADE SIGNAL TRIGGERED
2026-07-06 13:53:17   Time: 2026-07-06T13:53:17.251976
2026-07-06 13:53:17   Market: btc-updown-5m-1783320600
2026-07-06 13:53:17   Signal: BUY_DOWN
2026-07-06 13:53:17   Token: DOWN
2026-07-06 13:53:17   Elapsed: 197s | Remaining: 103s | Bin: 2
2026-07-06 13:53:17   --- UP ---
2026-07-06 13:53:17     Price:   LAST=0.2700  BID=0.2600  ASK=0.2700
2026-07-06 13:53:17     VWAP 60s: 0.3035  |  Deviation: -11.04%
2026-07-06 13:53:17     Z-Score 5s: -0.37  |  Momentum 90s: -30.90%
2026-07-06 13:53:17     Trades: 640  |  Volume: 19784
2026-07-06 13:53:17     Buy Vol: 18775  |  Sell Vol: 1009
2026-07-06 13:53:17   --- DOWN ---
2026-07-06 13:53:17     Price:   LAST=0.7400  BID=0.7300  ASK=0.7400
2026-07-06 13:53:17     VWAP 60s: 0.6738  |  Deviation: +9.83%
2026-07-06 13:53:17     Z-Score 5s: +0.74  |  Momentum 90s: +23.18%
2026-07-06 13:53:17     Trades: 769  |  Volume: 16646
2026-07-06 13:53:17     Buy Vol: 16051  |  Sell Vol: 595
2026-07-06 13:53:17   Win Rate: 0.7%
2026-07-06 13:53:17   Config: min_price=0.6, max_price=0.9, min_elapsed=60s, dev_range=0.1%-100%, no_entry_cutoff=30s
2026-07-06 13:53:17   BTC Chainlink: $62,949.26 (anchor: $62,965.67)
2026-07-06 13:53:17   BTC Deviation: $-16.40 (-0.0261%)
2026-07-06 13:53:17 ============================================================
2026-07-06 13:53:17 MAIN ENTRY FAILED: Could not get price
2026-07-06 13:53:17 ============================================================
2026-07-06 13:53:17 TRADE SIGNAL TRIGGERED
2026-07-06 13:53:17   Time: 2026-07-06T13:53:17.504088
2026-07-06 13:53:17   Market: btc-updown-5m-1783320600
2026-07-06 13:53:17   Signal: BUY_DOWN
2026-07-06 13:53:17   Token: DOWN
2026-07-06 13:53:17   Elapsed: 198s | Remaining: 102s | Bin: 2
2026-07-06 13:53:17   --- UP ---
2026-07-06 13:53:17     Price:   LAST=0.2700  BID=0.2500  ASK=0.2600
2026-07-06 13:53:17     VWAP 60s: 0.3035  |  Deviation: -11.04%
2026-07-06 13:53:17     Z-Score 5s: -0.28  |  Momentum 90s: -28.79%
2026-07-06 13:53:17     Trades: 640  |  Volume: 19784
2026-07-06 13:53:17     Buy Vol: 18775  |  Sell Vol: 1009
2026-07-06 13:53:17   --- DOWN ---
2026-07-06 13:53:17     Price:   LAST=0.7400  BID=0.7400  ASK=0.7500
2026-07-06 13:53:17     VWAP 60s: 0.6759  |  Deviation: +9.49%
2026-07-06 13:53:17     Z-Score 5s: +0.64  |  Momentum 90s: +18.13%
2026-07-06 13:53:17     Trades: 773  |  Volume: 16666
2026-07-06 13:53:17     Buy Vol: 16071  |  Sell Vol: 595
2026-07-06 13:53:17   Win Rate: 0.7%
2026-07-06 13:53:17   Config: min_price=0.6, max_price=0.9, min_elapsed=60s, dev_range=0.1%-100%, no_entry_cutoff=30s
2026-07-06 13:53:17   BTC Chainlink: $62,949.26 (anchor: $62,965.67)
2026-07-06 13:53:17   BTC Deviation: $-16.40 (-0.0261%)
2026-07-06 13:53:17 ============================================================
2026-07-06 13:53:17 MAIN ENTRY FAILED: Could not get price
2026-07-06 13:53:17 ============================================================
2026-07-06 13:53:17 TRADE SIGNAL TRIGGERED
2026-07-06 13:53:17   Time: 2026-07-06T13:53:17.756955
2026-07-06 13:53:17   Market: btc-updown-5m-1783320600
2026-07-06 13:53:17   Signal: BUY_DOWN
2026-07-06 13:53:17   Token: DOWN
2026-07-06 13:53:17   Elapsed: 198s | Remaining: 102s | Bin: 2
2026-07-06 13:53:17   --- UP ---
2026-07-06 13:53:17     Price:   LAST=0.2600  BID=0.2400  ASK=0.2500
2026-07-06 13:53:17     VWAP 60s: 0.3024  |  Deviation: -14.01%
2026-07-06 13:53:17     Z-Score 5s: -0.87  |  Momentum 90s: -29.09%
2026-07-06 13:53:17     Trades: 642  |  Volume: 20003
2026-07-06 13:53:17     Buy Vol: 18995  |  Sell Vol: 1009
2026-07-06 13:53:17   --- DOWN ---
2026-07-06 13:53:17     Price:   LAST=0.7600  BID=0.7500  ASK=0.7600
2026-07-06 13:53:17     VWAP 60s: 0.6769  |  Deviation: +12.28%
2026-07-06 13:53:17     Z-Score 5s: +1.37  |  Momentum 90s: +17.88%
2026-07-06 13:53:17     Trades: 778  |  Volume: 16736
2026-07-06 13:53:17     Buy Vol: 16141  |  Sell Vol: 595
2026-07-06 13:53:17   Win Rate: 0.8%
2026-07-06 13:53:17   Config: min_price=0.6, max_price=0.9, min_elapsed=60s, dev_range=0.1%-100%, no_entry_cutoff=30s
2026-07-06 13:53:17   BTC Chainlink: $62,949.26 (anchor: $62,965.67)
2026-07-06 13:53:17   BTC Deviation: $-16.40 (-0.0261%)
2026-07-06 13:53:17 ============================================================
2026-07-06 13:53:18 MAIN ENTRY FAILED: PolyApiException[status_code=400, error_message={'error': 'invalid order version, please use the latest clob-client'}]
2026-07-06 13:53:18 TRAP ENTRY FAILED: PolyApiException[status_code=400, error_message={'error': 'invalid order version, please use the latest clob-client'}]
2026-07-06 13:53:19 ============================================================
2026-07-06 13:53:19 TRADE SIGNAL TRIGGERED
2026-07-06 13:53:19   Time: 2026-07-06T13:53:19.658099
2026-07-06 13:53:19   Market: btc-updown-5m-1783320600
2026-07-06 13:53:19   Signal: BUY_DOWN
2026-07-06 13:53:19   Token: DOWN
2026-07-06 13:53:19   Elapsed: 200s | Remaining: 100s | Bin: 2
2026-07-06 13:53:19   --- UP ---
2026-07-06 13:53:19     Price:   LAST=0.2400  BID=0.2300  ASK=0.2400
2026-07-06 13:53:19     VWAP 60s: 0.3000  |  Deviation: -20.01%
2026-07-06 13:53:19     Z-Score 5s: -1.31  |  Momentum 90s: -44.19%
2026-07-06 13:53:19     Trades: 651  |  Volume: 20304
2026-07-06 13:53:19     Buy Vol: 19281  |  Sell Vol: 1023
2026-07-06 13:53:19   --- DOWN ---
2026-07-06 13:53:19     Price:   LAST=0.7700  BID=0.7600  ASK=0.7700
2026-07-06 13:53:19     VWAP 60s: 0.6779  |  Deviation: +13.58%
2026-07-06 13:53:19     Z-Score 5s: +1.61  |  Momentum 90s: +33.71%
2026-07-06 13:53:19     Trades: 785  |  Volume: 16773
2026-07-06 13:53:19     Buy Vol: 16178  |  Sell Vol: 595
2026-07-06 13:53:19   Win Rate: 0.8%
2026-07-06 13:53:19   Config: min_price=0.6, max_price=0.9, min_elapsed=60s, dev_range=0.1%-100%, no_entry_cutoff=30s
2026-07-06 13:53:19   BTC Chainlink: $62,948.23 (anchor: $62,965.67)
2026-07-06 13:53:19   BTC Deviation: $-17.44 (-0.0277%)
2026-07-06 13:53:19 ============================================================
2026-07-06 13:53:20 MAIN ENTRY FAILED: PolyApiException[status_code=400, error_message={'error': 'invalid order version, please use the latest clob-client'}]
2026-07-06 13:53:20 TRAP ENTRY FAILED: PolyApiException[status_code=400, error_message={'error': 'invalid order version, please use the latest clob-client'}]
2026-07-06 13:53:21 ============================================================
2026-07-06 13:53:21 TRADE SIGNAL TRIGGERED
2026-07-06 13:53:21   Time: 2026-07-06T13:53:21.024830
2026-07-06 13:53:21   Market: btc-updown-5m-1783320600
2026-07-06 13:53:21   Signal: BUY_DOWN
2026-07-06 13:53:21   Token: DOWN
2026-07-06 13:53:21   Elapsed: 201s | Remaining: 99s | Bin: 2
2026-07-06 13:53:21   --- UP ---
2026-07-06 13:53:21     Price:   LAST=0.1600  BID=0.1400  ASK=0.1500
2026-07-06 13:53:21     VWAP 60s: 0.2983  |  Deviation: -46.36%
2026-07-06 13:53:21     Z-Score 5s: -3.49  |  Momentum 90s: -63.76%
2026-07-06 13:53:21     Trades: 660  |  Volume: 20425
2026-07-06 13:53:21     Buy Vol: 19401  |  Sell Vol: 1023
2026-07-06 13:53:21   --- DOWN ---
2026-07-06 13:53:21     Price:   LAST=0.8500  BID=0.8500  ASK=0.8600
2026-07-06 13:53:21     VWAP 60s: 0.6857  |  Deviation: +23.96%
2026-07-06 13:53:21     Z-Score 5s: +1.63  |  Momentum 90s: +51.22%
2026-07-06 13:53:21     Trades: 801  |  Volume: 17170
2026-07-06 13:53:21     Buy Vol: 16544  |  Sell Vol: 626
2026-07-06 13:53:21   Win Rate: 0.8%
2026-07-06 13:53:21   Config: min_price=0.6, max_price=0.9, min_elapsed=60s, dev_range=0.1%-100%, no_entry_cutoff=30s
2026-07-06 13:53:21   BTC Chainlink: $62,948.20 (anchor: $62,965.67)
2026-07-06 13:53:21   BTC Deviation: $-17.47 (-0.0277%)
2026-07-06 13:53:21 ============================================================
2026-07-06 13:53:21 MAIN ENTRY FAILED: PolyApiException[status_code=400, error_message={'error': 'invalid order version, please use the latest clob-client'}]
2026-07-06 13:53:21 TRAP ENTRY FAILED: PolyApiException[status_code=400, error_message={'error': 'invalid order version, please use the latest clob-client'}]
2026-07-06 13:53:22 ============================================================
2026-07-06 13:53:22 TRADE SIGNAL TRIGGERED
2026-07-06 13:53:22   Time: 2026-07-06T13:53:22.416141
2026-07-06 13:53:22   Market: btc-updown-5m-1783320600
2026-07-06 13:53:22   Signal: BUY_DOWN
2026-07-06 13:53:22   Token: DOWN
2026-07-06 13:53:22   Elapsed: 202s | Remaining: 98s | Bin: 2
2026-07-06 13:53:22   --- UP ---
2026-07-06 13:53:22     Price:   LAST=0.1600  BID=0.1500  ASK=0.1600
2026-07-06 13:53:22     VWAP 60s: 0.2868  |  Deviation: -44.22%
2026-07-06 13:53:22     Z-Score 5s: -0.69  |  Momentum 90s: -64.36%
2026-07-06 13:53:22     Trades: 675  |  Volume: 21192
2026-07-06 13:53:22     Buy Vol: 20150  |  Sell Vol: 1042
2026-07-06 13:53:22   --- DOWN ---
2026-07-06 13:53:22     Price:   LAST=0.8600  BID=0.8400  ASK=0.8500
2026-07-06 13:53:22     VWAP 60s: 0.6866  |  Deviation: +25.25%
2026-07-06 13:53:22     Z-Score 5s: +1.05  |  Momentum 90s: +53.99%
2026-07-06 13:53:22     Trades: 810  |  Volume: 17227
2026-07-06 13:53:22     Buy Vol: 16582  |  Sell Vol: 645
2026-07-06 13:53:22   Win Rate: 0.8%
2026-07-06 13:53:22   Config: min_price=0.6, max_price=0.9, min_elapsed=60s, dev_range=0.1%-100%, no_entry_cutoff=30s
2026-07-06 13:53:22   BTC Chainlink: $62,942.34 (anchor: $62,965.67)
2026-07-06 13:53:22   BTC Deviation: $-23.33 (-0.0370%)
2026-07-06 13:53:22 ============================================================
2026-07-06 13:53:23 MAIN ENTRY FAILED: PolyApiException[status_code=400, error_message={'error': 'invalid order version, please use the latest clob-client'}]
2026-07-06 13:53:23 TRAP ENTRY FAILED: PolyApiException[status_code=400, error_message={'error': 'invalid order version, please use the latest clob-client'}]
2026-07-06 13:53:23 ============================================================
2026-07-06 13:53:23 TRADE SIGNAL TRIGGERED
2026-07-06 13:53:23   Time: 2026-07-06T13:53:23.721180
2026-07-06 13:53:23   Market: btc-updown-5m-1783320600
2026-07-06 13:53:23   Signal: BUY_DOWN
2026-07-06 13:53:23   Token: DOWN
2026-07-06 13:53:23   Elapsed: 204s | Remaining: 96s | Bin: 2
2026-07-06 13:53:23   --- UP ---
2026-07-06 13:53:23     Price:   LAST=0.1600  BID=0.1500  ASK=0.1600
2026-07-06 13:53:23     VWAP 60s: 0.2820  |  Deviation: -43.26%
2026-07-06 13:53:23     Z-Score 5s: -0.28  |  Momentum 90s: -64.31%
2026-07-06 13:53:23     Trades: 684  |  Volume: 21547
2026-07-06 13:53:23     Buy Vol: 20505  |  Sell Vol: 1042
2026-07-06 13:53:23   --- DOWN ---
2026-07-06 13:53:23     Price:   LAST=0.8500  BID=0.8400  ASK=0.8500
2026-07-06 13:53:23     VWAP 60s: 0.6937  |  Deviation: +22.53%
2026-07-06 13:53:23     Z-Score 5s: +0.39  |  Momentum 90s: +51.79%
2026-07-06 13:53:23     Trades: 823  |  Volume: 17534
2026-07-06 13:53:23     Buy Vol: 16888  |  Sell Vol: 646
2026-07-06 13:53:23   Win Rate: 0.8%
2026-07-06 13:53:23   Config: min_price=0.6, max_price=0.9, min_elapsed=60s, dev_range=0.1%-100%, no_entry_cutoff=30s
2026-07-06 13:53:23   BTC Chainlink: $62,940.04 (anchor: $62,965.67)
2026-07-06 13:53:23   BTC Deviation: $-25.63 (-0.0407%)
2026-07-06 13:53:23 ============================================================
2026-07-06 13:53:24 MAIN ENTRY FAILED: PolyApiException[status_code=400, error_message={'error': 'invalid order version, please use the latest clob-client'}]
2026-07-06 13:53:24 TRAP ENTRY FAILED: PolyApiException[status_code=400, error_message={'error': 'invalid order version, please use the latest clob-client'}]
2026-07-06 13:53:25 ============================================================
2026-07-06 13:53:25 TRADE SIGNAL TRIGGERED
2026-07-06 13:53:25   Time: 2026-07-06T13:53:25.046638
2026-07-06 13:53:25   Market: btc-updown-5m-1783320600
2026-07-06 13:53:25   Signal: BUY_DOWN
2026-07-06 13:53:25   Token: DOWN
2026-07-06 13:53:25   Elapsed: 205s | Remaining: 95s | Bin: 2
2026-07-06 13:53:25   --- UP ---
2026-07-06 13:53:25     Price:   LAST=0.1700  BID=0.1500  ASK=0.1600
2026-07-06 13:53:25     VWAP 60s: 0.2791  |  Deviation: -39.09%
2026-07-06 13:53:25     Z-Score 5s: +0.48  |  Momentum 90s: -62.22%
2026-07-06 13:53:25     Trades: 691  |  Volume: 21802
2026-07-06 13:53:25     Buy Vol: 20758  |  Sell Vol: 1044
2026-07-06 13:53:25   --- DOWN ---
2026-07-06 13:53:25     Price:   LAST=0.8500  BID=0.8400  ASK=0.8500
2026-07-06 13:53:25     VWAP 60s: 0.6979  |  Deviation: +21.79%
2026-07-06 13:53:25     Z-Score 5s: +0.12  |  Momentum 90s: +51.79%
2026-07-06 13:53:25     Trades: 830  |  Volume: 17763
2026-07-06 13:53:25     Buy Vol: 17117  |  Sell Vol: 646
2026-07-06 13:53:25   Win Rate: 0.8%
2026-07-06 13:53:25   Config: min_price=0.6, max_price=0.9, min_elapsed=60s, dev_range=0.1%-100%, no_entry_cutoff=30s
2026-07-06 13:53:25   BTC Chainlink: $62,938.61 (anchor: $62,965.67)
2026-07-06 13:53:25   BTC Deviation: $-27.06 (-0.0430%)
2026-07-06 13:53:25 ============================================================
2026-07-06 13:53:25 MAIN ENTRY FAILED: PolyApiException[status_code=400, error_message={'error': 'invalid order version, please use the latest clob-client'}]
2026-07-06 13:53:25 TRAP ENTRY FAILED: PolyApiException[status_code=400, error_message={'error': 'invalid order version, please use the latest clob-client'}]
2026-07-06 13:53:26 ============================================================
2026-07-06 13:53:26 TRADE SIGNAL TRIGGERED
2026-07-06 13:53:26   Time: 2026-07-06T13:53:26.400523
2026-07-06 13:53:26   Market: btc-updown-5m-1783320600
2026-07-06 13:53:26   Signal: BUY_DOWN
2026-07-06 13:53:26   Token: DOWN
2026-07-06 13:53:26   Elapsed: 206s | Remaining: 94s | Bin: 2
2026-07-06 13:53:26   --- UP ---
2026-07-06 13:53:26     Price:   LAST=0.1600  BID=0.1600  ASK=0.1700
2026-07-06 13:53:26     VWAP 60s: 0.2785  |  Deviation: -42.54%
2026-07-06 13:53:26     Z-Score 5s: +0.92  |  Momentum 90s: -63.99%
2026-07-06 13:53:26     Trades: 698  |  Volume: 21890
2026-07-06 13:53:26     Buy Vol: 20846  |  Sell Vol: 1044
2026-07-06 13:53:26   --- DOWN ---
2026-07-06 13:53:26     Price:   LAST=0.8400  BID=0.8300  ASK=0.8400
2026-07-06 13:53:26     VWAP 60s: 0.6975  |  Deviation: +20.42%
2026-07-06 13:53:26     Z-Score 5s: -1.24  |  Momentum 90s: +48.82%
2026-07-06 13:53:26     Trades: 840  |  Volume: 17821
2026-07-06 13:53:26     Buy Vol: 17168  |  Sell Vol: 653
2026-07-06 13:53:26   Win Rate: 0.8%
2026-07-06 13:53:26   Config: min_price=0.6, max_price=0.9, min_elapsed=60s, dev_range=0.1%-100%, no_entry_cutoff=30s
2026-07-06 13:53:26   BTC Chainlink: $62,938.21 (anchor: $62,965.67)
2026-07-06 13:53:26   BTC Deviation: $-27.46 (-0.0436%)
2026-07-06 13:53:26 ============================================================
2026-07-06 13:53:27 MAIN ENTRY FAILED: PolyApiException[status_code=400, error_message={'error': 'invalid order version, please use the latest clob-client'}]
2026-07-06 13:53:27 TRAP ENTRY FAILED: PolyApiException[status_code=400, error_message={'error': 'invalid order version, please use the latest clob-client'}]
2026-07-06 13:53:27 ============================================================
2026-07-06 13:53:27 TRADE SIGNAL TRIGGERED
2026-07-06 13:53:27   Time: 2026-07-06T13:53:27.796083
2026-07-06 13:53:27   Market: btc-updown-5m-1783320600
2026-07-06 13:53:27   Signal: BUY_DOWN
2026-07-06 13:53:27   Token: DOWN
2026-07-06 13:53:27   Elapsed: 208s | Remaining: 92s | Bin: 2
2026-07-06 13:53:27   --- UP ---
2026-07-06 13:53:27     Price:   LAST=0.1700  BID=0.1600  ASK=0.1700
2026-07-06 13:53:27     VWAP 60s: 0.2836  |  Deviation: -40.06%
2026-07-06 13:53:27     Z-Score 5s: +1.24  |  Momentum 90s: -60.47%
2026-07-06 13:53:27     Trades: 703  |  Volume: 22114
2026-07-06 13:53:27     Buy Vol: 21070  |  Sell Vol: 1044
2026-07-06 13:53:27   --- DOWN ---
2026-07-06 13:53:27     Price:   LAST=0.8400  BID=0.8300  ASK=0.8400
2026-07-06 13:53:27     VWAP 60s: 0.6967  |  Deviation: +20.57%
2026-07-06 13:53:27     Z-Score 5s: -0.74  |  Momentum 90s: +44.47%
2026-07-06 13:53:27     Trades: 849  |  Volume: 17886
2026-07-06 13:53:27     Buy Vol: 17223  |  Sell Vol: 663
2026-07-06 13:53:27   Win Rate: 0.8%
2026-07-06 13:53:27   Config: min_price=0.6, max_price=0.9, min_elapsed=60s, dev_range=0.1%-100%, no_entry_cutoff=30s
2026-07-06 13:53:27   BTC Chainlink: $62,938.10 (anchor: $62,965.67)
2026-07-06 13:53:27   BTC Deviation: $-27.57 (-0.0438%)
2026-07-06 13:53:27 ============================================================
2026-07-06 13:53:28 MAIN ENTRY FAILED: PolyApiException[status_code=400, error_message={'error': 'invalid order version, please use the latest clob-client'}]
2026-07-06 13:53:28 TRAP ENTRY FAILED: PolyApiException[status_code=400, error_message={'error': 'invalid order version, please use the latest clob-client'}]
2026-07-06 13:53:29 ============================================================
2026-07-06 13:53:29 TRADE SIGNAL TRIGGERED
2026-07-06 13:53:29   Time: 2026-07-06T13:53:29.173848
2026-07-06 13:53:29   Market: btc-updown-5m-1783320600
2026-07-06 13:53:29   Signal: BUY_DOWN
2026-07-06 13:53:29   Token: DOWN
2026-07-06 13:53:29   Elapsed: 209s | Remaining: 91s | Bin: 2
2026-07-06 13:53:29   --- UP ---
2026-07-06 13:53:29     Price:   LAST=0.1800  BID=0.1700  ASK=0.1800
2026-07-06 13:53:29     VWAP 60s: 0.2830  |  Deviation: -36.40%
2026-07-06 13:53:29     Z-Score 5s: +1.63  |  Momentum 90s: -56.63%
2026-07-06 13:53:29     Trades: 707  |  Volume: 22360
2026-07-06 13:53:29     Buy Vol: 21309  |  Sell Vol: 1051
2026-07-06 13:53:29   --- DOWN ---
2026-07-06 13:53:29     Price:   LAST=0.8300  BID=0.8200  ASK=0.8300
2026-07-06 13:53:29     VWAP 60s: 0.7001  |  Deviation: +18.55%
2026-07-06 13:53:29     Z-Score 5s: -1.42  |  Momentum 90s: +38.91%
2026-07-06 13:53:29     Trades: 854  |  Volume: 18179
2026-07-06 13:53:29     Buy Vol: 17516  |  Sell Vol: 663
2026-07-06 13:53:29   Win Rate: 0.8%
2026-07-06 13:53:29   Config: min_price=0.6, max_price=0.9, min_elapsed=60s, dev_range=0.1%-100%, no_entry_cutoff=30s
2026-07-06 13:53:29   BTC Chainlink: $62,937.49 (anchor: $62,965.67)
2026-07-06 13:53:29   BTC Deviation: $-28.18 (-0.0447%)
2026-07-06 13:53:29 ============================================================
2026-07-06 13:53:29 MAIN ENTRY FAILED: PolyApiException[status_code=400, error_message={'error': 'invalid order version, please use the latest clob-client'}]
2026-07-06 13:53:29 TRAP ENTRY FAILED: PolyApiException[status_code=400, error_message={'error': 'invalid order version, please use the latest clob-client'}]
2026-07-06 13:53:30 ============================================================
2026-07-06 13:53:30 TRADE SIGNAL TRIGGERED
2026-07-06 13:53:30   Time: 2026-07-06T13:53:30.425515
2026-07-06 13:53:30   Market: btc-updown-5m-1783320600
2026-07-06 13:53:30   Signal: BUY_DOWN
2026-07-06 13:53:30   Token: DOWN
2026-07-06 13:53:30   Elapsed: 210s | Remaining: 90s | Bin: 2
2026-07-06 13:53:30   --- UP ---
2026-07-06 13:53:30     Price:   LAST=0.1800  BID=0.1700  ASK=0.1800
2026-07-06 13:53:30     VWAP 60s: 0.2813  |  Deviation: -36.02%
2026-07-06 13:53:30     Z-Score 5s: +1.26  |  Momentum 90s: -56.10%
2026-07-06 13:53:30     Trades: 713  |  Volume: 22612
2026-07-06 13:53:30     Buy Vol: 21557  |  Sell Vol: 1055
2026-07-06 13:53:30   --- DOWN ---
2026-07-06 13:53:30     Price:   LAST=0.8300  BID=0.8200  ASK=0.8300
2026-07-06 13:53:30     VWAP 60s: 0.7031  |  Deviation: +18.04%
2026-07-06 13:53:30     Z-Score 5s: -1.19  |  Momentum 90s: +38.33%
2026-07-06 13:53:30     Trades: 864  |  Volume: 18366
2026-07-06 13:53:30     Buy Vol: 17703  |  Sell Vol: 663
2026-07-06 13:53:30   Win Rate: 0.8%
2026-07-06 13:53:30   Config: min_price=0.6, max_price=0.9, min_elapsed=60s, dev_range=0.1%-100%, no_entry_cutoff=30s
2026-07-06 13:53:30   BTC Chainlink: $62,937.40 (anchor: $62,965.67)
2026-07-06 13:53:30   BTC Deviation: $-28.27 (-0.0449%)
2026-07-06 13:53:30 ============================================================
2026-07-06 13:53:31 MAIN ENTRY FAILED: PolyApiException[status_code=400, error_message={'error': 'invalid order version, please use the latest clob-client'}]
2026-07-06 13:53:31 TRAP ENTRY FAILED: PolyApiException[status_code=400, error_message={'error': 'invalid order version, please use the latest clob-client'}]
2026-07-06 13:53:31 ============================================================
2026-07-06 13:53:31 TRADE SIGNAL TRIGGERED
2026-07-06 13:53:31   Time: 2026-07-06T13:53:31.821420
2026-07-06 13:53:31   Market: btc-updown-5m-1783320600
2026-07-06 13:53:31   Signal: BUY_DOWN
2026-07-06 13:53:31   Token: DOWN
2026-07-06 13:53:31   Elapsed: 212s | Remaining: 88s | Bin: 2
2026-07-06 13:53:31   --- UP ---
2026-07-06 13:53:31     Price:   LAST=0.1600  BID=0.1500  ASK=0.1600
2026-07-06 13:53:31     VWAP 60s: 0.2791  |  Deviation: -42.67%
2026-07-06 13:53:31     Z-Score 5s: -0.74  |  Momentum 90s: -56.16%
2026-07-06 13:53:31     Trades: 722  |  Volume: 22952
2026-07-06 13:53:31     Buy Vol: 21896  |  Sell Vol: 1055
2026-07-06 13:53:31   --- DOWN ---
2026-07-06 13:53:31     Price:   LAST=0.8600  BID=0.8400  ASK=0.8500
2026-07-06 13:53:31     VWAP 60s: 0.7086  |  Deviation: +21.36%
2026-07-06 13:53:31     Z-Score 5s: +2.07  |  Momentum 90s: +34.17%
2026-07-06 13:53:31     Trades: 879  |  Volume: 18707
2026-07-06 13:53:31     Buy Vol: 18044  |  Sell Vol: 663
2026-07-06 13:53:31   Win Rate: 0.8%
2026-07-06 13:53:31   Config: min_price=0.6, max_price=0.9, min_elapsed=60s, dev_range=0.1%-100%, no_entry_cutoff=30s
2026-07-06 13:53:31   BTC Chainlink: $62,937.37 (anchor: $62,965.67)
2026-07-06 13:53:31   BTC Deviation: $-28.29 (-0.0449%)
2026-07-06 13:53:31 ============================================================
2026-07-06 13:53:32 MAIN ENTRY FAILED: PolyApiException[status_code=400, error_message={'error': 'invalid order version, please use the latest clob-client'}]
2026-07-06 13:53:32 TRAP ENTRY FAILED: PolyApiException[status_code=400, error_message={'error': 'invalid order version, please use the latest clob-client'}]
2026-07-06 13:53:33 ============================================================
2026-07-06 13:53:33 TRADE SIGNAL TRIGGERED
2026-07-06 13:53:33   Time: 2026-07-06T13:53:33.172483
2026-07-06 13:53:33   Market: btc-updown-5m-1783320600
2026-07-06 13:53:33   Signal: BUY_DOWN
2026-07-06 13:53:33   Token: DOWN
2026-07-06 13:53:33   Elapsed: 213s | Remaining: 87s | Bin: 2
2026-07-06 13:53:33   --- UP ---
2026-07-06 13:53:33     Price:   LAST=0.1700  BID=0.1600  ASK=0.1700
2026-07-06 13:53:33     VWAP 60s: 0.2766  |  Deviation: -38.54%
2026-07-06 13:53:33     Z-Score 5s: +0.15  |  Momentum 90s: -51.43%
2026-07-06 13:53:33     Trades: 724  |  Volume: 23202
2026-07-06 13:53:33     Buy Vol: 22144  |  Sell Vol: 1058
2026-07-06 13:53:33   --- DOWN ---
2026-07-06 13:53:33     Price:   LAST=0.8300  BID=0.8300  ASK=0.8400
2026-07-06 13:53:33     VWAP 60s: 0.7072  |  Deviation: +17.36%
2026-07-06 13:53:33     Z-Score 5s: -0.57  |  Momentum 90s: +28.02%
2026-07-06 13:53:33     Trades: 887  |  Volume: 18743
2026-07-06 13:53:33     Buy Vol: 18080  |  Sell Vol: 663
2026-07-06 13:53:33   Win Rate: 0.8%
2026-07-06 13:53:33   Config: min_price=0.6, max_price=0.9, min_elapsed=60s, dev_range=0.1%-100%, no_entry_cutoff=30s
2026-07-06 13:53:33   BTC Chainlink: $62,937.37 (anchor: $62,965.67)
2026-07-06 13:53:33   BTC Deviation: $-28.29 (-0.0449%)
2026-07-06 13:53:33 ============================================================
2026-07-06 13:53:33 MAIN ENTRY FAILED: PolyApiException[status_code=400, error_message={'error': 'invalid order version, please use the latest clob-client'}]
2026-07-06 13:53:33 TRAP ENTRY FAILED: PolyApiException[status_code=400, error_message={'error': 'invalid order version, please use the latest clob-client'}]
2026-07-06 13:53:34 ============================================================
2026-07-06 13:53:34 TRADE SIGNAL TRIGGERED
2026-07-06 13:53:34   Time: 2026-07-06T13:53:34.475970
2026-07-06 13:53:34   Market: btc-updown-5m-1783320600
2026-07-06 13:53:34   Signal: BUY_DOWN
2026-07-06 13:53:34   Token: DOWN
2026-07-06 13:53:34   Elapsed: 214s | Remaining: 86s | Bin: 2
2026-07-06 13:53:34   --- UP ---
2026-07-06 13:53:34     Price:   LAST=0.1800  BID=0.1500  ASK=0.1600
2026-07-06 13:53:34     VWAP 60s: 0.2729  |  Deviation: -34.04%
2026-07-06 13:53:34     Z-Score 5s: +1.23  |  Momentum 90s: -48.86%
2026-07-06 13:53:34     Trades: 730  |  Volume: 23597
2026-07-06 13:53:34     Buy Vol: 22535  |  Sell Vol: 1062
2026-07-06 13:53:34   --- DOWN ---
2026-07-06 13:53:34     Price:   LAST=0.8500  BID=0.8400  ASK=0.8500
2026-07-06 13:53:34     VWAP 60s: 0.7129  |  Deviation: +19.23%
2026-07-06 13:53:34     Z-Score 5s: +0.98  |  Momentum 90s: +29.77%
2026-07-06 13:53:34     Trades: 894  |  Volume: 19076
2026-07-06 13:53:34     Buy Vol: 18408  |  Sell Vol: 668
2026-07-06 13:53:34   Win Rate: 0.8%
2026-07-06 13:53:34   Config: min_price=0.6, max_price=0.9, min_elapsed=60s, dev_range=0.1%-100%, no_entry_cutoff=30s
2026-07-06 13:53:34   BTC Chainlink: $62,936.93 (anchor: $62,965.67)
2026-07-06 13:53:34   BTC Deviation: $-28.74 (-0.0456%)
2026-07-06 13:53:34 ============================================================
2026-07-06 13:53:35 MAIN ENTRY FAILED: PolyApiException[status_code=400, error_message={'error': 'invalid order version, please use the latest clob-client'}]
2026-07-06 13:53:35 TRAP ENTRY FAILED: PolyApiException[status_code=400, error_message={'error': 'invalid order version, please use the latest clob-client'}]
2026-07-06 13:53:35 ============================================================
2026-07-06 13:53:35 TRADE SIGNAL TRIGGERED
2026-07-06 13:53:35   Time: 2026-07-06T13:53:35.813310
2026-07-06 13:53:35   Market: btc-updown-5m-1783320600
2026-07-06 13:53:35   Signal: BUY_DOWN
2026-07-06 13:53:35   Token: DOWN
2026-07-06 13:53:35   Elapsed: 216s | Remaining: 84s | Bin: 2
2026-07-06 13:53:35   --- UP ---
2026-07-06 13:53:35     Price:   LAST=0.1700  BID=0.1700  ASK=0.1800
2026-07-06 13:53:35     VWAP 60s: 0.2706  |  Deviation: -37.18%
2026-07-06 13:53:35     Z-Score 5s: +0.49  |  Momentum 90s: -52.78%
2026-07-06 13:53:35     Trades: 735  |  Volume: 23831
2026-07-06 13:53:35     Buy Vol: 22769  |  Sell Vol: 1062
2026-07-06 13:53:35   --- DOWN ---
2026-07-06 13:53:35     Price:   LAST=0.8300  BID=0.8200  ASK=0.8300
2026-07-06 13:53:35     VWAP 60s: 0.7159  |  Deviation: +15.94%
2026-07-06 13:53:35     Z-Score 5s: -0.72  |  Momentum 90s: +27.69%
2026-07-06 13:53:35     Trades: 907  |  Volume: 19284
2026-07-06 13:53:35     Buy Vol: 18605  |  Sell Vol: 679
2026-07-06 13:53:35   Win Rate: 0.8%
2026-07-06 13:53:35   Config: min_price=0.6, max_price=0.9, min_elapsed=60s, dev_range=0.1%-100%, no_entry_cutoff=30s
2026-07-06 13:53:35   BTC Chainlink: $62,935.98 (anchor: $62,965.67)
2026-07-06 13:53:35   BTC Deviation: $-29.69 (-0.0472%)
2026-07-06 13:53:35 ============================================================
2026-07-06 13:53:36 MAIN ENTRY FAILED: PolyApiException[status_code=400, error_message={'error': 'invalid order version, please use the latest clob-client'}]
2026-07-06 13:53:36 TRAP ENTRY FAILED: PolyApiException[status_code=400, error_message={'error': 'invalid order version, please use the latest clob-client'}]
2026-07-06 13:53:37 ============================================================
2026-07-06 13:53:37 TRADE SIGNAL TRIGGERED
2026-07-06 13:53:37   Time: 2026-07-06T13:53:37.325859
2026-07-06 13:53:37   Market: btc-updown-5m-1783320600
2026-07-06 13:53:37   Signal: BUY_DOWN
2026-07-06 13:53:37   Token: DOWN
2026-07-06 13:53:37   Elapsed: 217s | Remaining: 83s | Bin: 2
2026-07-06 13:53:37   --- UP ---
2026-07-06 13:53:37     Price:   LAST=0.1600  BID=0.1500  ASK=0.1600
2026-07-06 13:53:37     VWAP 60s: 0.2649  |  Deviation: -39.61%
2026-07-06 13:53:37     Z-Score 5s: -1.03  |  Momentum 90s: -57.52%
2026-07-06 13:53:37     Trades: 739  |  Volume: 24314
2026-07-06 13:53:37     Buy Vol: 23008  |  Sell Vol: 1307
2026-07-06 13:53:37   --- DOWN ---
2026-07-06 13:53:37     Price:   LAST=0.8500  BID=0.8400  ASK=0.8500
2026-07-06 13:53:37     VWAP 60s: 0.7188  |  Deviation: +18.26%
2026-07-06 13:53:37     Z-Score 5s: +1.54  |  Momentum 90s: +31.93%
2026-07-06 13:53:37     Trades: 913  |  Volume: 19396
2026-07-06 13:53:37     Buy Vol: 18713  |  Sell Vol: 683
2026-07-06 13:53:37   Win Rate: 0.8%
2026-07-06 13:53:37   Config: min_price=0.6, max_price=0.9, min_elapsed=60s, dev_range=0.1%-100%, no_entry_cutoff=30s
2026-07-06 13:53:37   BTC Chainlink: $62,935.09 (anchor: $62,965.67)
2026-07-06 13:53:37   BTC Deviation: $-30.57 (-0.0486%)
2026-07-06 13:53:37 ============================================================
2026-07-06 13:53:38 MAIN ENTRY FAILED: PolyApiException[status_code=400, error_message={'error': 'invalid order version, please use the latest clob-client'}]
2026-07-06 13:53:38 TRAP ENTRY FAILED: PolyApiException[status_code=400, error_message={'error': 'invalid order version, please use the latest clob-client'}]
2026-07-06 13:53:38 ============================================================
2026-07-06 13:53:38 TRADE SIGNAL TRIGGERED
2026-07-06 13:53:38   Time: 2026-07-06T13:53:38.625262
2026-07-06 13:53:38   Market: btc-updown-5m-1783320600
2026-07-06 13:53:38   Signal: BUY_DOWN
2026-07-06 13:53:38   Token: DOWN
2026-07-06 13:53:38   Elapsed: 219s | Remaining: 81s | Bin: 2
2026-07-06 13:53:38   --- UP ---
2026-07-06 13:53:38     Price:   LAST=0.1600  BID=0.1500  ASK=0.1600
2026-07-06 13:53:38     VWAP 60s: 0.2625  |  Deviation: -39.04%
2026-07-06 13:53:38     Z-Score 5s: -0.49  |  Momentum 90s: -59.45%
2026-07-06 13:53:38     Trades: 746  |  Volume: 24491
2026-07-06 13:53:38     Buy Vol: 23086  |  Sell Vol: 1404
2026-07-06 13:53:38   --- DOWN ---
2026-07-06 13:53:38     Price:   LAST=0.8500  BID=0.8400  ASK=0.8500
2026-07-06 13:53:38     VWAP 60s: 0.7195  |  Deviation: +18.14%
2026-07-06 13:53:38     Z-Score 5s: +1.05  |  Momentum 90s: +38.82%
2026-07-06 13:53:38     Trades: 918  |  Volume: 19412
2026-07-06 13:53:38     Buy Vol: 18724  |  Sell Vol: 688
2026-07-06 13:53:38   Win Rate: 0.8%
2026-07-06 13:53:38   Config: min_price=0.6, max_price=0.9, min_elapsed=60s, dev_range=0.1%-100%, no_entry_cutoff=30s
2026-07-06 13:53:38   BTC Chainlink: $62,935.00 (anchor: $62,965.67)
2026-07-06 13:53:38   BTC Deviation: $-30.66 (-0.0487%)
2026-07-06 13:53:38 ============================================================
2026-07-06 13:53:39 MAIN ENTRY FAILED: PolyApiException[status_code=400, error_message={'error': 'invalid order version, please use the latest clob-client'}]
2026-07-06 13:53:39 TRAP ENTRY FAILED: PolyApiException[status_code=400, error_message={'error': 'invalid order version, please use the latest clob-client'}]
2026-07-06 13:53:40 ============================================================
2026-07-06 13:53:40 TRADE SIGNAL TRIGGERED
2026-07-06 13:53:40   Time: 2026-07-06T13:53:40.149386
2026-07-06 13:53:40   Market: btc-updown-5m-1783320600
2026-07-06 13:53:40   Signal: BUY_DOWN
2026-07-06 13:53:40   Token: DOWN
2026-07-06 13:53:40   Elapsed: 220s | Remaining: 80s | Bin: 2
2026-07-06 13:53:40   --- UP ---
2026-07-06 13:53:40     Price:   LAST=0.1200  BID=0.1100  ASK=0.1200
2026-07-06 13:53:40     VWAP 60s: 0.2508  |  Deviation: -52.16%
2026-07-06 13:53:40     Z-Score 5s: -3.29  |  Momentum 90s: -71.13%
2026-07-06 13:53:40     Trades: 748  |  Volume: 25405
2026-07-06 13:53:40     Buy Vol: 23153  |  Sell Vol: 2253
2026-07-06 13:53:40   --- DOWN ---
2026-07-06 13:53:40     Price:   LAST=0.8900  BID=0.8800  ASK=0.8900
2026-07-06 13:53:40     VWAP 60s: 0.7231  |  Deviation: +23.08%
2026-07-06 13:53:40     Z-Score 5s: +2.26  |  Momentum 90s: +49.97%
2026-07-06 13:53:40     Trades: 924  |  Volume: 19433
2026-07-06 13:53:40     Buy Vol: 18742  |  Sell Vol: 692
2026-07-06 13:53:40   Win Rate: 0.8%
2026-07-06 13:53:40   Config: min_price=0.6, max_price=0.9, min_elapsed=60s, dev_range=0.1%-100%, no_entry_cutoff=30s
2026-07-06 13:53:40   BTC Chainlink: $62,934.84 (anchor: $62,965.67)
2026-07-06 13:53:40   BTC Deviation: $-30.83 (-0.0490%)
2026-07-06 13:53:40 ============================================================
2026-07-06 13:53:41 MAIN ENTRY FAILED: PolyApiException[status_code=400, error_message={'error': 'invalid order version, please use the latest clob-client'}]
2026-07-06 13:53:41 TRAP ENTRY FAILED: PolyApiException[status_code=400, error_message={'error': 'invalid order version, please use the latest clob-client'}]
2026-07-06 13:53:41 ============================================================
2026-07-06 13:53:41 TRADE SIGNAL TRIGGERED
2026-07-06 13:53:41   Time: 2026-07-06T13:53:41.527625
2026-07-06 13:53:41   Market: btc-updown-5m-1783320600
2026-07-06 13:53:41   Signal: BUY_DOWN
2026-07-06 13:53:41   Token: DOWN
2026-07-06 13:53:41   Elapsed: 222s | Remaining: 78s | Bin: 2
2026-07-06 13:53:41   --- UP ---
2026-07-06 13:53:41     Price:   LAST=0.1400  BID=0.1300  ASK=0.1400
2026-07-06 13:53:41     VWAP 60s: 0.2452  |  Deviation: -42.90%
2026-07-06 13:53:41     Z-Score 5s: -0.77  |  Momentum 90s: -66.52%
2026-07-06 13:53:41     Trades: 754  |  Volume: 25744
2026-07-06 13:53:41     Buy Vol: 23492  |  Sell Vol: 2253
2026-07-06 13:53:41   --- DOWN ---
2026-07-06 13:53:41     Price:   LAST=0.8700  BID=0.8600  ASK=0.8700
2026-07-06 13:53:41     VWAP 60s: 0.7248  |  Deviation: +20.03%
2026-07-06 13:53:41     Z-Score 5s: +0.53  |  Momentum 90s: +47.38%
2026-07-06 13:53:41     Trades: 929  |  Volume: 19503
2026-07-06 13:53:41     Buy Vol: 18811  |  Sell Vol: 692
2026-07-06 13:53:41   Win Rate: 0.8%
2026-07-06 13:53:41   Config: min_price=0.6, max_price=0.9, min_elapsed=60s, dev_range=0.1%-100%, no_entry_cutoff=30s
2026-07-06 13:53:41   BTC Chainlink: $62,934.69 (anchor: $62,965.67)
2026-07-06 13:53:41   BTC Deviation: $-30.98 (-0.0492%)
2026-07-06 13:53:41 ============================================================
2026-07-06 13:53:42 MAIN ENTRY FAILED: PolyApiException[status_code=400, error_message={'error': 'invalid order version, please use the latest clob-client'}]
2026-07-06 13:53:42 TRAP ENTRY FAILED: PolyApiException[status_code=400, error_message={'error': 'invalid order version, please use the latest clob-client'}]
2026-07-06 13:53:42 ============================================================
2026-07-06 13:53:42 TRADE SIGNAL TRIGGERED
2026-07-06 13:53:42   Time: 2026-07-06T13:53:42.938839
2026-07-06 13:53:42   Market: btc-updown-5m-1783320600
2026-07-06 13:53:42   Signal: BUY_DOWN
2026-07-06 13:53:42   Token: DOWN
2026-07-06 13:53:42   Elapsed: 223s | Remaining: 77s | Bin: 2
2026-07-06 13:53:42   --- UP ---
2026-07-06 13:53:42     Price:   LAST=0.1500  BID=0.1400  ASK=0.1500
2026-07-06 13:53:42     VWAP 60s: 0.2414  |  Deviation: -37.87%
2026-07-06 13:53:42     Z-Score 5s: +0.61  |  Momentum 90s: -63.16%
2026-07-06 13:53:42     Trades: 762  |  Volume: 26034
2026-07-06 13:53:42     Buy Vol: 23775  |  Sell Vol: 2259
2026-07-06 13:53:42   --- DOWN ---
2026-07-06 13:53:42     Price:   LAST=0.8600  BID=0.8500  ASK=0.8600
2026-07-06 13:53:42     VWAP 60s: 0.7272  |  Deviation: +18.27%
2026-07-06 13:53:42     Z-Score 5s: -0.33  |  Momentum 90s: +44.54%
2026-07-06 13:53:42     Trades: 935  |  Volume: 19577
2026-07-06 13:53:42     Buy Vol: 18885  |  Sell Vol: 692
2026-07-06 13:53:42   Win Rate: 0.8%
2026-07-06 13:53:42   Config: min_price=0.6, max_price=0.9, min_elapsed=60s, dev_range=0.1%-100%, no_entry_cutoff=30s
2026-07-06 13:53:42   BTC Chainlink: $62,934.62 (anchor: $62,965.67)
2026-07-06 13:53:42   BTC Deviation: $-31.05 (-0.0493%)
2026-07-06 13:53:42 ============================================================
2026-07-06 13:53:43 MAIN ENTRY FAILED: PolyApiException[status_code=400, error_message={'error': 'invalid order version, please use the latest clob-client'}]
2026-07-06 13:53:43 TRAP ENTRY FAILED: PolyApiException[status_code=400, error_message={'error': 'invalid order version, please use the latest clob-client'}]
2026-07-06 13:53:44 ============================================================
2026-07-06 13:53:44 TRADE SIGNAL TRIGGERED
2026-07-06 13:53:44   Time: 2026-07-06T13:53:44.199451
2026-07-06 13:53:44   Market: btc-updown-5m-1783320600
2026-07-06 13:53:44   Signal: BUY_DOWN
2026-07-06 13:53:44   Token: DOWN
2026-07-06 13:53:44   Elapsed: 224s | Remaining: 76s | Bin: 2
2026-07-06 13:53:44   --- UP ---
2026-07-06 13:53:44     Price:   LAST=0.1400  BID=0.1300  ASK=0.1400
2026-07-06 13:53:44     VWAP 60s: 0.2403  |  Deviation: -41.75%
2026-07-06 13:53:44     Z-Score 5s: +0.08  |  Momentum 90s: -64.10%
2026-07-06 13:53:44     Trades: 764  |  Volume: 26069
2026-07-06 13:53:44     Buy Vol: 23810  |  Sell Vol: 2259
2026-07-06 13:53:44   --- DOWN ---
2026-07-06 13:53:44     Price:   LAST=0.8600  BID=0.8600  ASK=0.8700
2026-07-06 13:53:44     VWAP 60s: 0.7291  |  Deviation: +17.96%
2026-07-06 13:53:44     Z-Score 5s: -0.77  |  Momentum 90s: +42.65%
2026-07-06 13:53:44     Trades: 939  |  Volume: 19649
2026-07-06 13:53:44     Buy Vol: 18947  |  Sell Vol: 702
2026-07-06 13:53:44   Win Rate: 0.8%
2026-07-06 13:53:44   Config: min_price=0.6, max_price=0.9, min_elapsed=60s, dev_range=0.1%-100%, no_entry_cutoff=30s
2026-07-06 13:53:44   BTC Chainlink: $62,933.79 (anchor: $62,965.67)
2026-07-06 13:53:44   BTC Deviation: $-31.88 (-0.0506%)
2026-07-06 13:53:44 ============================================================
2026-07-06 13:53:45 MAIN ENTRY FAILED: PolyApiException[status_code=400, error_message={'error': 'invalid order version, please use the latest clob-client'}]
2026-07-06 13:53:45 TRAP ENTRY FAILED: PolyApiException[status_code=400, error_message={'error': 'invalid order version, please use the latest clob-client'}]
2026-07-06 13:53:45 ============================================================
2026-07-06 13:53:45 TRADE SIGNAL TRIGGERED
2026-07-06 13:53:45   Time: 2026-07-06T13:53:45.797126
2026-07-06 13:53:45   Market: btc-updown-5m-1783320600
2026-07-06 13:53:45   Signal: BUY_DOWN
2026-07-06 13:53:45   Token: DOWN
2026-07-06 13:53:45   Elapsed: 226s | Remaining: 74s | Bin: 2
2026-07-06 13:53:45   --- UP ---
2026-07-06 13:53:45     Price:   LAST=0.1400  BID=0.1300  ASK=0.1400
2026-07-06 13:53:45     VWAP 60s: 0.2361  |  Deviation: -40.70%
2026-07-06 13:53:45     Z-Score 5s: +0.00  |  Momentum 90s: -64.82%
2026-07-06 13:53:45     Trades: 768  |  Volume: 26447
2026-07-06 13:53:45     Buy Vol: 24189  |  Sell Vol: 2259
2026-07-06 13:53:45   --- DOWN ---
2026-07-06 13:53:45     Price:   LAST=0.8700  BID=0.8600  ASK=0.8700
2026-07-06 13:53:45     VWAP 60s: 0.7303  |  Deviation: +19.12%
2026-07-06 13:53:45     Z-Score 5s: +0.69  |  Momentum 90s: +40.32%
2026-07-06 13:53:45     Trades: 943  |  Volume: 19712
2026-07-06 13:53:45     Buy Vol: 19010  |  Sell Vol: 702
2026-07-06 13:53:45   Win Rate: 0.8%
2026-07-06 13:53:45   Config: min_price=0.6, max_price=0.9, min_elapsed=60s, dev_range=0.1%-100%, no_entry_cutoff=30s
2026-07-06 13:53:45   BTC Chainlink: $62,933.67 (anchor: $62,965.67)
2026-07-06 13:53:45   BTC Deviation: $-32.00 (-0.0508%)
2026-07-06 13:53:45 ============================================================
2026-07-06 13:53:46 MAIN ENTRY FAILED: PolyApiException[status_code=400, error_message={'error': 'invalid order version, please use the latest clob-client'}]
2026-07-06 13:53:46 TRAP ENTRY FAILED: PolyApiException[status_code=400, error_message={'error': 'invalid order version, please use the latest clob-client'}]
2026-07-06 13:53:47 ============================================================
2026-07-06 13:53:47 TRADE SIGNAL TRIGGERED
2026-07-06 13:53:47   Time: 2026-07-06T13:53:47.151711
2026-07-06 13:53:47   Market: btc-updown-5m-1783320600
2026-07-06 13:53:47   Signal: BUY_DOWN
2026-07-06 13:53:47   Token: DOWN
2026-07-06 13:53:47   Elapsed: 227s | Remaining: 73s | Bin: 2
2026-07-06 13:53:47   --- UP ---
2026-07-06 13:53:47     Price:   LAST=0.1400  BID=0.1400  ASK=0.1500
2026-07-06 13:53:47     VWAP 60s: 0.2342  |  Deviation: -40.23%
2026-07-06 13:53:47     Z-Score 5s: -0.41  |  Momentum 90s: -65.00%
2026-07-06 13:53:47     Trades: 771  |  Volume: 26604
2026-07-06 13:53:47     Buy Vol: 24289  |  Sell Vol: 2315
2026-07-06 13:53:47   --- DOWN ---
2026-07-06 13:53:47     Price:   LAST=0.8600  BID=0.8500  ASK=0.8600
2026-07-06 13:53:47     VWAP 60s: 0.7330  |  Deviation: +17.33%
2026-07-06 13:53:47     Z-Score 5s: -0.92  |  Momentum 90s: +40.98%
2026-07-06 13:53:47     Trades: 951  |  Volume: 19850
2026-07-06 13:53:47     Buy Vol: 19149  |  Sell Vol: 702
2026-07-06 13:53:47   Win Rate: 0.8%
2026-07-06 13:53:47   Config: min_price=0.6, max_price=0.9, min_elapsed=60s, dev_range=0.1%-100%, no_entry_cutoff=30s
2026-07-06 13:53:47   BTC Chainlink: $62,933.66 (anchor: $62,965.67)
2026-07-06 13:53:47   BTC Deviation: $-32.00 (-0.0508%)
2026-07-06 13:53:47 ============================================================
2026-07-06 13:53:47 MAIN ENTRY FAILED: PolyApiException[status_code=400, error_message={'error': 'invalid order version, please use the latest clob-client'}]
2026-07-06 13:53:47 TRAP ENTRY FAILED: PolyApiException[status_code=400, error_message={'error': 'invalid order version, please use the latest clob-client'}]
2026-07-06 13:53:48 ============================================================
2026-07-06 13:53:48 TRADE SIGNAL TRIGGERED
2026-07-06 13:53:48   Time: 2026-07-06T13:53:48.490174
2026-07-06 13:53:48   Market: btc-updown-5m-1783320600
2026-07-06 13:53:48   Signal: BUY_DOWN
2026-07-06 13:53:48   Token: DOWN
2026-07-06 13:53:48   Elapsed: 228s | Remaining: 72s | Bin: 2
2026-07-06 13:53:48   --- UP ---
2026-07-06 13:53:48     Price:   LAST=0.1500  BID=0.1400  ASK=0.1500
2026-07-06 13:53:48     VWAP 60s: 0.2328  |  Deviation: -35.58%
2026-07-06 13:53:48     Z-Score 5s: +0.66  |  Momentum 90s: -61.54%
2026-07-06 13:53:48     Trades: 773  |  Volume: 26704
2026-07-06 13:53:48     Buy Vol: 24389  |  Sell Vol: 2315
2026-07-06 13:53:48   --- DOWN ---
2026-07-06 13:53:48     Price:   LAST=0.8500  BID=0.8500  ASK=0.8600
2026-07-06 13:53:48     VWAP 60s: 0.7345  |  Deviation: +15.72%
2026-07-06 13:53:48     Z-Score 5s: -1.81  |  Momentum 90s: +37.10%
2026-07-06 13:53:48     Trades: 957  |  Volume: 19927
2026-07-06 13:53:48     Buy Vol: 19215  |  Sell Vol: 712
2026-07-06 13:53:48   Win Rate: 0.8%
2026-07-06 13:53:48   Config: min_price=0.6, max_price=0.9, min_elapsed=60s, dev_range=0.1%-100%, no_entry_cutoff=30s
2026-07-06 13:53:48   BTC Chainlink: $62,933.64 (anchor: $62,965.67)
2026-07-06 13:53:48   BTC Deviation: $-32.03 (-0.0509%)
2026-07-06 13:53:48 ============================================================
2026-07-06 13:53:49 MAIN ENTRY FAILED: PolyApiException[status_code=None, error_message=Request exception!]
2026-07-06 13:53:49 TRAP ENTRY FAILED: PolyApiException[status_code=None, error_message=Request exception!]
2026-07-06 13:53:49 ============================================================
2026-07-06 13:53:49 TRADE SIGNAL TRIGGERED
2026-07-06 13:53:49   Time: 2026-07-06T13:53:49.622970
2026-07-06 13:53:49   Market: btc-updown-5m-1783320600
2026-07-06 13:53:49   Signal: BUY_DOWN
2026-07-06 13:53:49   Token: DOWN
2026-07-06 13:53:49   Elapsed: 230s | Remaining: 70s | Bin: 2
2026-07-06 13:53:49   --- UP ---
2026-07-06 13:53:49     Price:   LAST=0.1500  BID=0.1500  ASK=0.1600
2026-07-06 13:53:49     VWAP 60s: 0.2314  |  Deviation: -35.18%
2026-07-06 13:53:49     Z-Score 5s: +0.74  |  Momentum 90s: -60.53%
2026-07-06 13:53:49     Trades: 776  |  Volume: 26819
2026-07-06 13:53:49     Buy Vol: 24503  |  Sell Vol: 2315
2026-07-06 13:53:49   --- DOWN ---
2026-07-06 13:53:49     Price:   LAST=0.8500  BID=0.8400  ASK=0.8500
2026-07-06 13:53:49     VWAP 60s: 0.7350  |  Deviation: +15.64%
2026-07-06 13:53:49     Z-Score 5s: -1.30  |  Momentum 90s: +35.09%
2026-07-06 13:53:49     Trades: 962  |  Volume: 19959
2026-07-06 13:53:49     Buy Vol: 19247  |  Sell Vol: 712
2026-07-06 13:53:49   Win Rate: 0.8%
2026-07-06 13:53:49   Config: min_price=0.6, max_price=0.9, min_elapsed=60s, dev_range=0.1%-100%, no_entry_cutoff=30s
2026-07-06 13:53:49   BTC Chainlink: $62,933.64 (anchor: $62,965.67)
2026-07-06 13:53:49   BTC Deviation: $-32.03 (-0.0509%)
2026-07-06 13:53:49 ============================================================
2026-07-06 13:53:50 MAIN ENTRY FAILED: PolyApiException[status_code=400, error_message={'error': 'invalid order version, please use the latest clob-client'}]
2026-07-06 13:53:50 TRAP ENTRY FAILED: PolyApiException[status_code=400, error_message={'error': 'invalid order version, please use the latest clob-client'}]
2026-07-06 13:53:51 ============================================================
2026-07-06 13:53:51 TRADE SIGNAL TRIGGERED
2026-07-06 13:53:51   Time: 2026-07-06T13:53:51.361468
2026-07-06 13:53:51   Market: btc-updown-5m-1783320600
2026-07-06 13:53:51   Signal: BUY_DOWN
2026-07-06 13:53:51   Token: DOWN
2026-07-06 13:53:51   Elapsed: 231s | Remaining: 69s | Bin: 2
2026-07-06 13:53:51   --- UP ---
2026-07-06 13:53:51     Price:   LAST=0.1500  BID=0.1400  ASK=0.1500
2026-07-06 13:53:51     VWAP 60s: 0.2297  |  Deviation: -34.71%
2026-07-06 13:53:51     Z-Score 5s: +0.00  |  Momentum 90s: -54.82%
2026-07-06 13:53:51     Trades: 780  |  Volume: 26930
2026-07-06 13:53:51     Buy Vol: 24615  |  Sell Vol: 2315
2026-07-06 13:53:51   --- DOWN ---
2026-07-06 13:53:51     Price:   LAST=0.8600  BID=0.8500  ASK=0.8600
2026-07-06 13:53:51     VWAP 60s: 0.7361  |  Deviation: +16.83%
2026-07-06 13:53:51     Z-Score 5s: +0.39  |  Momentum 90s: +24.64%
2026-07-06 13:53:51     Trades: 968  |  Volume: 20055
2026-07-06 13:53:51     Buy Vol: 19343  |  Sell Vol: 712
2026-07-06 13:53:51   Win Rate: 0.8%
2026-07-06 13:53:51   Config: min_price=0.6, max_price=0.9, min_elapsed=60s, dev_range=0.1%-100%, no_entry_cutoff=30s
2026-07-06 13:53:51   BTC Chainlink: $62,933.70 (anchor: $62,965.67)
2026-07-06 13:53:51   BTC Deviation: $-31.96 (-0.0508%)
2026-07-06 13:53:51 ============================================================
2026-07-06 13:53:52 MAIN ENTRY FAILED: PolyApiException[status_code=400, error_message={'error': 'invalid order version, please use the latest clob-client'}]
2026-07-06 13:53:52 TRAP ENTRY FAILED: PolyApiException[status_code=400, error_message={'error': 'invalid order version, please use the latest clob-client'}]
2026-07-06 13:53:52 ============================================================
2026-07-06 13:53:52 TRADE SIGNAL TRIGGERED
2026-07-06 13:53:52   Time: 2026-07-06T13:53:52.712082
2026-07-06 13:53:52   Market: btc-updown-5m-1783320600
2026-07-06 13:53:52   Signal: BUY_DOWN
2026-07-06 13:53:52   Token: DOWN
2026-07-06 13:53:52   Elapsed: 233s | Remaining: 67s | Bin: 2
2026-07-06 13:53:52   --- UP ---
2026-07-06 13:53:52     Price:   LAST=0.1500  BID=0.1200  ASK=0.1300
2026-07-06 13:53:52     VWAP 60s: 0.2293  |  Deviation: -34.59%
2026-07-06 13:53:52     Z-Score 5s: +0.00  |  Momentum 90s: -46.77%
2026-07-06 13:53:52     Trades: 780  |  Volume: 26930
2026-07-06 13:53:52     Buy Vol: 24615  |  Sell Vol: 2315
2026-07-06 13:53:52   --- DOWN ---
2026-07-06 13:53:52     Price:   LAST=0.8800  BID=0.8700  ASK=0.8800
2026-07-06 13:53:52     VWAP 60s: 0.7379  |  Deviation: +19.25%
2026-07-06 13:53:52     Z-Score 5s: +1.78  |  Momentum 90s: +23.01%
2026-07-06 13:53:52     Trades: 976  |  Volume: 20157
2026-07-06 13:53:52     Buy Vol: 19444  |  Sell Vol: 712
2026-07-06 13:53:52   Win Rate: 0.8%
2026-07-06 13:53:52   Config: min_price=0.6, max_price=0.9, min_elapsed=60s, dev_range=0.1%-100%, no_entry_cutoff=30s
2026-07-06 13:53:52   BTC Chainlink: $62,933.74 (anchor: $62,965.67)
2026-07-06 13:53:52   BTC Deviation: $-31.93 (-0.0507%)
2026-07-06 13:53:52 ============================================================
2026-07-06 13:53:53 MAIN ENTRY FAILED: PolyApiException[status_code=None, error_message=Request exception!]
2026-07-06 13:53:53 TRAP ENTRY FAILED: PolyApiException[status_code=None, error_message=Request exception!]
2026-07-06 13:53:53 ============================================================
2026-07-06 13:53:53 TRADE SIGNAL TRIGGERED
2026-07-06 13:53:53   Time: 2026-07-06T13:53:53.829460
2026-07-06 13:53:53   Market: btc-updown-5m-1783320600
2026-07-06 13:53:53   Signal: BUY_DOWN
2026-07-06 13:53:53   Token: DOWN
2026-07-06 13:53:53   Elapsed: 234s | Remaining: 66s | Bin: 2
2026-07-06 13:53:53   --- UP ---
2026-07-06 13:53:53     Price:   LAST=0.1300  BID=0.1200  ASK=0.1300
2026-07-06 13:53:53     VWAP 60s: 0.2277  |  Deviation: -42.90%
2026-07-06 13:53:53     Z-Score 5s: -1.38  |  Momentum 90s: -52.51%
2026-07-06 13:53:53     Trades: 782  |  Volume: 27058
2026-07-06 13:53:53     Buy Vol: 24743  |  Sell Vol: 2315
2026-07-06 13:53:53   --- DOWN ---
2026-07-06 13:53:53     Price:   LAST=0.8800  BID=0.8700  ASK=0.8800
2026-07-06 13:53:53     VWAP 60s: 0.7384  |  Deviation: +19.18%
2026-07-06 13:53:53     Z-Score 5s: +1.10  |  Momentum 90s: +20.00%
2026-07-06 13:53:53     Trades: 981  |  Volume: 20180
2026-07-06 13:53:53     Buy Vol: 19468  |  Sell Vol: 712
2026-07-06 13:53:53   Win Rate: 0.8%
2026-07-06 13:53:53   Config: min_price=0.6, max_price=0.9, min_elapsed=60s, dev_range=0.1%-100%, no_entry_cutoff=30s
2026-07-06 13:53:53   BTC Chainlink: $62,933.82 (anchor: $62,965.67)
2026-07-06 13:53:53   BTC Deviation: $-31.85 (-0.0506%)
2026-07-06 13:53:53 ============================================================
2026-07-06 13:53:54 MAIN ENTRY FAILED: PolyApiException[status_code=400, error_message={'error': 'invalid order version, please use the latest clob-client'}]
2026-07-06 13:53:54 TRAP ENTRY FAILED: PolyApiException[status_code=400, error_message={'error': 'invalid order version, please use the latest clob-client'}]
2026-07-06 13:53:55 ============================================================
2026-07-06 13:53:55 TRADE SIGNAL TRIGGERED
2026-07-06 13:53:55   Time: 2026-07-06T13:53:55.488370
2026-07-06 13:53:55   Market: btc-updown-5m-1783320600
2026-07-06 13:53:55   Signal: BUY_DOWN
2026-07-06 13:53:55   Token: DOWN
2026-07-06 13:53:55   Elapsed: 235s | Remaining: 65s | Bin: 2
2026-07-06 13:53:55   --- UP ---
2026-07-06 13:53:55     Price:   LAST=0.1400  BID=0.1300  ASK=0.1400
2026-07-06 13:53:55     VWAP 60s: 0.2218  |  Deviation: -36.88%
2026-07-06 13:53:55     Z-Score 5s: +0.47  |  Momentum 90s: -41.94%
2026-07-06 13:53:55     Trades: 788  |  Volume: 27150
2026-07-06 13:53:55     Buy Vol: 24835  |  Sell Vol: 2315
2026-07-06 13:53:55   --- DOWN ---
2026-07-06 13:53:55     Price:   LAST=0.8800  BID=0.8600  ASK=0.8700
2026-07-06 13:53:55     VWAP 60s: 0.7401  |  Deviation: +18.91%
2026-07-06 13:53:55     Z-Score 5s: +0.64  |  Momentum 90s: +12.04%
2026-07-06 13:53:55     Trades: 986  |  Volume: 20265
2026-07-06 13:53:55     Buy Vol: 19553  |  Sell Vol: 712
2026-07-06 13:53:55   Win Rate: 0.8%
2026-07-06 13:53:55   Config: min_price=0.6, max_price=0.9, min_elapsed=60s, dev_range=0.1%-100%, no_entry_cutoff=30s
2026-07-06 13:53:55   BTC Chainlink: $62,933.76 (anchor: $62,965.67)
2026-07-06 13:53:55   BTC Deviation: $-31.90 (-0.0507%)
2026-07-06 13:53:55 ============================================================
2026-07-06 13:53:56 MAIN ENTRY FAILED: PolyApiException[status_code=400, error_message={'error': 'invalid order version, please use the latest clob-client'}]
2026-07-06 13:53:56 TRAP ENTRY FAILED: PolyApiException[status_code=400, error_message={'error': 'invalid order version, please use the latest clob-client'}]
2026-07-06 13:53:56 ============================================================
2026-07-06 13:53:56 TRADE SIGNAL TRIGGERED
2026-07-06 13:53:56   Time: 2026-07-06T13:53:56.839923
2026-07-06 13:53:56   Market: btc-updown-5m-1783320600
2026-07-06 13:53:56   Signal: BUY_DOWN
2026-07-06 13:53:56   Token: DOWN
2026-07-06 13:53:56   Elapsed: 237s | Remaining: 63s | Bin: 2
2026-07-06 13:53:56   --- UP ---
2026-07-06 13:53:56     Price:   LAST=0.1200  BID=0.1100  ASK=0.1200
2026-07-06 13:53:56     VWAP 60s: 0.2195  |  Deviation: -45.32%
2026-07-06 13:53:56     Z-Score 5s: -1.90  |  Momentum 90s: -31.10%
2026-07-06 13:53:56     Trades: 790  |  Volume: 27166
2026-07-06 13:53:56     Buy Vol: 24846  |  Sell Vol: 2320
2026-07-06 13:53:56   --- DOWN ---
2026-07-06 13:53:56     Price:   LAST=0.8800  BID=0.8800  ASK=0.8900
2026-07-06 13:53:56     VWAP 60s: 0.7449  |  Deviation: +18.14%
2026-07-06 13:53:56     Z-Score 5s: +0.47  |  Momentum 90s: +5.94%
2026-07-06 13:53:56     Trades: 990  |  Volume: 20518
2026-07-06 13:53:56     Buy Vol: 19783  |  Sell Vol: 735
2026-07-06 13:53:56   Win Rate: 0.8%
2026-07-06 13:53:56   Config: min_price=0.6, max_price=0.9, min_elapsed=60s, dev_range=0.1%-100%, no_entry_cutoff=30s
2026-07-06 13:53:56   BTC Chainlink: $62,933.77 (anchor: $62,965.67)
2026-07-06 13:53:56   BTC Deviation: $-31.90 (-0.0507%)
2026-07-06 13:53:56 ============================================================
2026-07-06 13:53:57 MAIN ENTRY FAILED: PolyApiException[status_code=400, error_message={'error': 'invalid order version, please use the latest clob-client'}]
2026-07-06 13:53:57 TRAP ENTRY FAILED: PolyApiException[status_code=400, error_message={'error': 'invalid order version, please use the latest clob-client'}]
2026-07-06 13:53:58 ============================================================
2026-07-06 13:53:58 TRADE SIGNAL TRIGGERED
2026-07-06 13:53:58   Time: 2026-07-06T13:53:58.108809
2026-07-06 13:53:58   Market: btc-updown-5m-1783320600
2026-07-06 13:53:58   Signal: BUY_DOWN
2026-07-06 13:53:58   Token: DOWN
2026-07-06 13:53:58   Elapsed: 238s | Remaining: 62s | Bin: 2
2026-07-06 13:53:58   --- UP ---
2026-07-06 13:53:58     Price:   LAST=0.1200  BID=0.1000  ASK=0.1100
2026-07-06 13:53:58     VWAP 60s: 0.2168  |  Deviation: -44.64%
2026-07-06 13:53:58     Z-Score 5s: -1.22  |  Momentum 90s: -29.89%
2026-07-06 13:53:58     Trades: 793  |  Volume: 27303
2026-07-06 13:53:58     Buy Vol: 24983  |  Sell Vol: 2320
2026-07-06 13:53:58   --- DOWN ---
2026-07-06 13:53:58     Price:   LAST=0.9000  BID=0.8900  ASK=0.9000
2026-07-06 13:53:58     VWAP 60s: 0.7491  |  Deviation: +20.14%
2026-07-06 13:53:58     Z-Score 5s: +2.25  |  Momentum 90s: +7.28%
2026-07-06 13:53:58     Trades: 998  |  Volume: 20634
2026-07-06 13:53:58     Buy Vol: 19853  |  Sell Vol: 782
2026-07-06 13:53:58   Win Rate: 0.9%
2026-07-06 13:53:58   Config: min_price=0.6, max_price=0.9, min_elapsed=60s, dev_range=0.1%-100%, no_entry_cutoff=30s
2026-07-06 13:53:58   BTC Chainlink: $62,933.74 (anchor: $62,965.67)
2026-07-06 13:53:58   BTC Deviation: $-31.93 (-0.0507%)
2026-07-06 13:53:58 ============================================================
2026-07-06 13:53:59 MAIN ENTRY FAILED: PolyApiException[status_code=400, error_message={'error': 'invalid order version, please use the latest clob-client'}]
2026-07-06 13:53:59 TRAP ENTRY FAILED: PolyApiException[status_code=400, error_message={'error': 'invalid order version, please use the latest clob-client'}]
2026-07-06 13:56:12 ============================================================
2026-07-06 13:56:12 TRADE SIGNAL TRIGGERED
2026-07-06 13:56:12   Time: 2026-07-06T13:56:12.688957
2026-07-06 13:56:12   Market: btc-updown-5m-1783320900
2026-07-06 13:56:12   Signal: BUY_DOWN
2026-07-06 13:56:12   Token: DOWN
2026-07-06 13:56:12   Elapsed: 73s | Remaining: 227s | Bin: 0
2026-07-06 13:56:12   --- UP ---
2026-07-06 13:56:12     Price:   LAST=0.4300  BID=0.4000  ASK=0.4100
2026-07-06 13:56:12     VWAP 60s: 0.5139  |  Deviation: -16.33%
2026-07-06 13:56:12     Z-Score 5s: -1.46  |  Momentum 90s: N/A
2026-07-06 13:56:12     Trades: 126  |  Volume: 3104
2026-07-06 13:56:12     Buy Vol: 3079  |  Sell Vol: 25
2026-07-06 13:56:12   --- DOWN ---
2026-07-06 13:56:12     Price:   LAST=0.6000  BID=0.5900  ASK=0.6000
2026-07-06 13:56:12     VWAP 60s: 0.4867  |  Deviation: +23.29%
2026-07-06 13:56:12     Z-Score 5s: +1.32  |  Momentum 90s: N/A
2026-07-06 13:56:12     Trades: 155  |  Volume: 4745
2026-07-06 13:56:12     Buy Vol: 4629  |  Sell Vol: 116
2026-07-06 13:56:12   Win Rate: 0.6%
2026-07-06 13:56:12   Config: min_price=0.6, max_price=0.9, min_elapsed=60s, dev_range=0.1%-100%, no_entry_cutoff=30s
2026-07-06 13:56:12   BTC Chainlink: $62,921.41 (anchor: $62,922.00)
2026-07-06 13:56:12   BTC Deviation: $-0.59 (-0.0009%)
2026-07-06 13:56:12 ============================================================
2026-07-06 13:56:12 MAIN ENTRY FAILED: Could not get price
2026-07-06 13:56:12 ============================================================
2026-07-06 13:56:12 TRADE SIGNAL TRIGGERED
2026-07-06 13:56:12   Time: 2026-07-06T13:56:12.934147
2026-07-06 13:56:12   Market: btc-updown-5m-1783320900
2026-07-06 13:56:12   Signal: BUY_DOWN
2026-07-06 13:56:12   Token: DOWN
2026-07-06 13:56:12   Elapsed: 73s | Remaining: 227s | Bin: 0
2026-07-06 13:56:12   --- UP ---
2026-07-06 13:56:12     Price:   LAST=0.3800  BID=0.3700  ASK=0.3800
2026-07-06 13:56:12     VWAP 60s: 0.5137  |  Deviation: -26.03%
2026-07-06 13:56:12     Z-Score 5s: -2.42  |  Momentum 90s: N/A
2026-07-06 13:56:12     Trades: 127  |  Volume: 3109
2026-07-06 13:56:12     Buy Vol: 3084  |  Sell Vol: 25
2026-07-06 13:56:12   --- DOWN ---
2026-07-06 13:56:12     Price:   LAST=0.6200  BID=0.6200  ASK=0.6300
2026-07-06 13:56:12     VWAP 60s: 0.4899  |  Deviation: +26.57%
2026-07-06 13:56:12     Z-Score 5s: +1.29  |  Momentum 90s: N/A
2026-07-06 13:56:12     Trades: 162  |  Volume: 4865
2026-07-06 13:56:12     Buy Vol: 4749  |  Sell Vol: 116
2026-07-06 13:56:12   Win Rate: 0.6%
2026-07-06 13:56:12   Config: min_price=0.6, max_price=0.9, min_elapsed=60s, dev_range=0.1%-100%, no_entry_cutoff=30s
2026-07-06 13:56:12   BTC Chainlink: $62,921.18 (anchor: $62,922.00)
2026-07-06 13:56:12   BTC Deviation: $-0.82 (-0.0013%)
2026-07-06 13:56:12 ============================================================
2026-07-06 13:56:12 MAIN ENTRY FAILED: Could not get price
2026-07-06 13:56:13 ============================================================
2026-07-06 13:56:13 TRADE SIGNAL TRIGGERED
2026-07-06 13:56:13   Time: 2026-07-06T13:56:13.184749
2026-07-06 13:56:13   Market: btc-updown-5m-1783320900
2026-07-06 13:56:13   Signal: BUY_DOWN
2026-07-06 13:56:13   Token: DOWN
2026-07-06 13:56:13   Elapsed: 73s | Remaining: 227s | Bin: 0
2026-07-06 13:56:13   --- UP ---
2026-07-06 13:56:13     Price:   LAST=0.3800  BID=0.3700  ASK=0.3800
2026-07-06 13:56:13     VWAP 60s: 0.5133  |  Deviation: -25.97%
2026-07-06 13:56:13     Z-Score 5s: -1.74  |  Momentum 90s: N/A
2026-07-06 13:56:13     Trades: 128  |  Volume: 3119
2026-07-06 13:56:13     Buy Vol: 3094  |  Sell Vol: 25
2026-07-06 13:56:13   --- DOWN ---
2026-07-06 13:56:13     Price:   LAST=0.6300  BID=0.6200  ASK=0.6300
2026-07-06 13:56:13     VWAP 60s: 0.4903  |  Deviation: +28.49%
2026-07-06 13:56:13     Z-Score 5s: +1.37  |  Momentum 90s: N/A
2026-07-06 13:56:13     Trades: 165  |  Volume: 4880
2026-07-06 13:56:13     Buy Vol: 4764  |  Sell Vol: 116
2026-07-06 13:56:13   Win Rate: 0.6%
2026-07-06 13:56:13   Config: min_price=0.6, max_price=0.9, min_elapsed=60s, dev_range=0.1%-100%, no_entry_cutoff=30s
2026-07-06 13:56:13   BTC Chainlink: $62,921.18 (anchor: $62,922.00)
2026-07-06 13:56:13   BTC Deviation: $-0.82 (-0.0013%)
2026-07-06 13:56:13 ============================================================
2026-07-06 13:56:13 MAIN ENTRY FAILED: Could not get price
2026-07-06 13:56:13 ============================================================
2026-07-06 13:56:13 TRADE SIGNAL TRIGGERED
2026-07-06 13:56:13   Time: 2026-07-06T13:56:13.441270
2026-07-06 13:56:13   Market: btc-updown-5m-1783320900
2026-07-06 13:56:13   Signal: BUY_DOWN
2026-07-06 13:56:13   Token: DOWN
2026-07-06 13:56:13   Elapsed: 73s | Remaining: 227s | Bin: 0
2026-07-06 13:56:13   --- UP ---
2026-07-06 13:56:13     Price:   LAST=0.3800  BID=0.3700  ASK=0.3800
2026-07-06 13:56:13     VWAP 60s: 0.5116  |  Deviation: -25.72%
2026-07-06 13:56:13     Z-Score 5s: -1.12  |  Momentum 90s: N/A
2026-07-06 13:56:13     Trades: 131  |  Volume: 3160
2026-07-06 13:56:13     Buy Vol: 3135  |  Sell Vol: 25
2026-07-06 13:56:13   --- DOWN ---
2026-07-06 13:56:13     Price:   LAST=0.6300  BID=0.6200  ASK=0.6300
2026-07-06 13:56:13     VWAP 60s: 0.4903  |  Deviation: +28.49%
2026-07-06 13:56:13     Z-Score 5s: +1.38  |  Momentum 90s: N/A
2026-07-06 13:56:13     Trades: 165  |  Volume: 4880
2026-07-06 13:56:13     Buy Vol: 4764  |  Sell Vol: 116
2026-07-06 13:56:13   Win Rate: 0.6%
2026-07-06 13:56:13   Config: min_price=0.6, max_price=0.9, min_elapsed=60s, dev_range=0.1%-100%, no_entry_cutoff=30s
2026-07-06 13:56:13   BTC Chainlink: $62,921.18 (anchor: $62,922.00)
2026-07-06 13:56:13   BTC Deviation: $-0.82 (-0.0013%)
2026-07-06 13:56:13 ============================================================
2026-07-06 13:56:13 MAIN ENTRY FAILED: Could not get price
2026-07-06 13:56:13 ============================================================
2026-07-06 13:56:13 TRADE SIGNAL TRIGGERED
2026-07-06 13:56:13   Time: 2026-07-06T13:56:13.699232
2026-07-06 13:56:13   Market: btc-updown-5m-1783320900
2026-07-06 13:56:13   Signal: BUY_DOWN
2026-07-06 13:56:13   Token: DOWN
2026-07-06 13:56:13   Elapsed: 74s | Remaining: 226s | Bin: 0
2026-07-06 13:56:13   --- UP ---
2026-07-06 13:56:13     Price:   LAST=0.3800  BID=0.3700  ASK=0.3800
2026-07-06 13:56:13     VWAP 60s: 0.5109  |  Deviation: -25.63%
2026-07-06 13:56:13     Z-Score 5s: -0.96  |  Momentum 90s: N/A
2026-07-06 13:56:13     Trades: 133  |  Volume: 3175
2026-07-06 13:56:13     Buy Vol: 3150  |  Sell Vol: 25
2026-07-06 13:56:13   --- DOWN ---
2026-07-06 13:56:13     Price:   LAST=0.6300  BID=0.6200  ASK=0.6300
2026-07-06 13:56:13     VWAP 60s: 0.4903  |  Deviation: +28.49%
2026-07-06 13:56:13     Z-Score 5s: +1.38  |  Momentum 90s: N/A
2026-07-06 13:56:13     Trades: 165  |  Volume: 4880
2026-07-06 13:56:13     Buy Vol: 4764  |  Sell Vol: 116
2026-07-06 13:56:13   Win Rate: 0.6%
2026-07-06 13:56:13   Config: min_price=0.6, max_price=0.9, min_elapsed=60s, dev_range=0.1%-100%, no_entry_cutoff=30s
2026-07-06 13:56:13   BTC Chainlink: $62,921.18 (anchor: $62,922.00)
2026-07-06 13:56:13   BTC Deviation: $-0.82 (-0.0013%)
2026-07-06 13:56:13 ============================================================
2026-07-06 13:56:13 MAIN ENTRY FAILED: Could not get price
2026-07-06 13:56:13 ============================================================
2026-07-06 13:56:13 TRADE SIGNAL TRIGGERED
2026-07-06 13:56:13   Time: 2026-07-06T13:56:13.960842
2026-07-06 13:56:13   Market: btc-updown-5m-1783320900
2026-07-06 13:56:13   Signal: BUY_DOWN
2026-07-06 13:56:13   Token: DOWN
2026-07-06 13:56:13   Elapsed: 74s | Remaining: 226s | Bin: 0
2026-07-06 13:56:13   --- UP ---
2026-07-06 13:56:13     Price:   LAST=0.3800  BID=0.3700  ASK=0.3800
2026-07-06 13:56:13     VWAP 60s: 0.5064  |  Deviation: -24.96%
2026-07-06 13:56:13     Z-Score 5s: -0.81  |  Momentum 90s: N/A
2026-07-06 13:56:13     Trades: 136  |  Volume: 3289
2026-07-06 13:56:13     Buy Vol: 3264  |  Sell Vol: 25
2026-07-06 13:56:13   --- DOWN ---
2026-07-06 13:56:13     Price:   LAST=0.6300  BID=0.6200  ASK=0.6300
2026-07-06 13:56:13     VWAP 60s: 0.4903  |  Deviation: +28.49%
2026-07-06 13:56:13     Z-Score 5s: +1.60  |  Momentum 90s: N/A
2026-07-06 13:56:13     Trades: 165  |  Volume: 4880
2026-07-06 13:56:13     Buy Vol: 4764  |  Sell Vol: 116
2026-07-06 13:56:13   Win Rate: 0.6%
2026-07-06 13:56:13   Config: min_price=0.6, max_price=0.9, min_elapsed=60s, dev_range=0.1%-100%, no_entry_cutoff=30s
2026-07-06 13:56:13   BTC Chainlink: $62,921.18 (anchor: $62,922.00)
2026-07-06 13:56:13   BTC Deviation: $-0.82 (-0.0013%)
2026-07-06 13:56:13 ============================================================
2026-07-06 13:56:13 MAIN ENTRY FAILED: Could not get price
2026-07-06 13:56:14 ============================================================
2026-07-06 13:56:14 TRADE SIGNAL TRIGGERED
2026-07-06 13:56:14   Time: 2026-07-06T13:56:14.215958
2026-07-06 13:56:14   Market: btc-updown-5m-1783320900
2026-07-06 13:56:14   Signal: BUY_DOWN
2026-07-06 13:56:14   Token: DOWN
2026-07-06 13:56:14   Elapsed: 74s | Remaining: 226s | Bin: 0
2026-07-06 13:56:14   --- UP ---
2026-07-06 13:56:14     Price:   LAST=0.3800  BID=0.3700  ASK=0.3800
2026-07-06 13:56:14     VWAP 60s: 0.4985  |  Deviation: -23.77%
2026-07-06 13:56:14     Z-Score 5s: -0.69  |  Momentum 90s: N/A
2026-07-06 13:56:14     Trades: 140  |  Volume: 3509
2026-07-06 13:56:14     Buy Vol: 3484  |  Sell Vol: 25
2026-07-06 13:56:14   --- DOWN ---
2026-07-06 13:56:14     Price:   LAST=0.6300  BID=0.6200  ASK=0.6300
2026-07-06 13:56:14     VWAP 60s: 0.4903  |  Deviation: +28.49%
2026-07-06 13:56:14     Z-Score 5s: +1.60  |  Momentum 90s: N/A
2026-07-06 13:56:14     Trades: 165  |  Volume: 4880
2026-07-06 13:56:14     Buy Vol: 4764  |  Sell Vol: 116
2026-07-06 13:56:14   Win Rate: 0.6%
2026-07-06 13:56:14   Config: min_price=0.6, max_price=0.9, min_elapsed=60s, dev_range=0.1%-100%, no_entry_cutoff=30s
2026-07-06 13:56:14   BTC Chainlink: $62,921.18 (anchor: $62,922.00)
2026-07-06 13:56:14   BTC Deviation: $-0.82 (-0.0013%)
2026-07-06 13:56:14 ============================================================
2026-07-06 13:56:14 MAIN ENTRY FAILED: Could not get price
2026-07-06 13:56:14 ============================================================
2026-07-06 13:56:14 TRADE SIGNAL TRIGGERED
2026-07-06 13:56:14   Time: 2026-07-06T13:56:14.472527
2026-07-06 13:56:14   Market: btc-updown-5m-1783320900
2026-07-06 13:56:14   Signal: BUY_DOWN
2026-07-06 13:56:14   Token: DOWN
2026-07-06 13:56:14   Elapsed: 74s | Remaining: 226s | Bin: 0
2026-07-06 13:56:14   --- UP ---
2026-07-06 13:56:14     Price:   LAST=0.3800  BID=0.3700  ASK=0.3800
2026-07-06 13:56:14     VWAP 60s: 0.4985  |  Deviation: -23.77%
2026-07-06 13:56:14     Z-Score 5s: -0.69  |  Momentum 90s: N/A
2026-07-06 13:56:14     Trades: 140  |  Volume: 3509
2026-07-06 13:56:14     Buy Vol: 3484  |  Sell Vol: 25
2026-07-06 13:56:14   --- DOWN ---
2026-07-06 13:56:14     Price:   LAST=0.6300  BID=0.6200  ASK=0.6300
2026-07-06 13:56:14     VWAP 60s: 0.4903  |  Deviation: +28.49%
2026-07-06 13:56:14     Z-Score 5s: +1.60  |  Momentum 90s: N/A
2026-07-06 13:56:14     Trades: 165  |  Volume: 4880
2026-07-06 13:56:14     Buy Vol: 4764  |  Sell Vol: 116
2026-07-06 13:56:14   Win Rate: 0.6%
2026-07-06 13:56:14   Config: min_price=0.6, max_price=0.9, min_elapsed=60s, dev_range=0.1%-100%, no_entry_cutoff=30s
2026-07-06 13:56:14   BTC Chainlink: $62,921.18 (anchor: $62,922.00)
2026-07-06 13:56:14   BTC Deviation: $-0.82 (-0.0013%)
2026-07-06 13:56:14 ============================================================
2026-07-06 13:56:14 MAIN ENTRY FAILED: Could not get price
2026-07-06 13:56:14 ============================================================
2026-07-06 13:56:14 TRADE SIGNAL TRIGGERED
2026-07-06 13:56:14   Time: 2026-07-06T13:56:14.736006
2026-07-06 13:56:14   Market: btc-updown-5m-1783320900
2026-07-06 13:56:14   Signal: BUY_DOWN
2026-07-06 13:56:14   Token: DOWN
2026-07-06 13:56:14   Elapsed: 75s | Remaining: 225s | Bin: 0
2026-07-06 13:56:14   --- UP ---
2026-07-06 13:56:14     Price:   LAST=0.3800  BID=0.3700  ASK=0.3800
2026-07-06 13:56:14     VWAP 60s: 0.4978  |  Deviation: -23.67%
2026-07-06 13:56:14     Z-Score 5s: -0.64  |  Momentum 90s: N/A
2026-07-06 13:56:14     Trades: 142  |  Volume: 3528
2026-07-06 13:56:14     Buy Vol: 3503  |  Sell Vol: 25
2026-07-06 13:56:14   --- DOWN ---
2026-07-06 13:56:14     Price:   LAST=0.6300  BID=0.6200  ASK=0.6300
2026-07-06 13:56:14     VWAP 60s: 0.4903  |  Deviation: +28.49%
2026-07-06 13:56:14     Z-Score 5s: +1.53  |  Momentum 90s: N/A
2026-07-06 13:56:14     Trades: 165  |  Volume: 4880
2026-07-06 13:56:14     Buy Vol: 4764  |  Sell Vol: 116
2026-07-06 13:56:14   Win Rate: 0.6%
2026-07-06 13:56:14   Config: min_price=0.6, max_price=0.9, min_elapsed=60s, dev_range=0.1%-100%, no_entry_cutoff=30s
2026-07-06 13:56:14   BTC Chainlink: $62,920.88 (anchor: $62,922.00)
2026-07-06 13:56:14   BTC Deviation: $-1.12 (-0.0018%)
2026-07-06 13:56:14 ============================================================
2026-07-06 13:56:14 MAIN ENTRY FAILED: Could not get price
2026-07-06 13:56:14 ============================================================
2026-07-06 13:56:14 TRADE SIGNAL TRIGGERED
2026-07-06 13:56:14   Time: 2026-07-06T13:56:14.987392
2026-07-06 13:56:14   Market: btc-updown-5m-1783320900
2026-07-06 13:56:14   Signal: BUY_DOWN
2026-07-06 13:56:14   Token: DOWN
2026-07-06 13:56:14   Elapsed: 75s | Remaining: 225s | Bin: 0
2026-07-06 13:56:14   --- UP ---
2026-07-06 13:56:14     Price:   LAST=0.3800  BID=0.3700  ASK=0.3800
2026-07-06 13:56:14     VWAP 60s: 0.4975  |  Deviation: -23.62%
2026-07-06 13:56:14     Z-Score 5s: -0.63  |  Momentum 90s: N/A
2026-07-06 13:56:14     Trades: 143  |  Volume: 3538
2026-07-06 13:56:14     Buy Vol: 3513  |  Sell Vol: 25
2026-07-06 13:56:14   --- DOWN ---
2026-07-06 13:56:14     Price:   LAST=0.6300  BID=0.6200  ASK=0.6300
2026-07-06 13:56:14     VWAP 60s: 0.4903  |  Deviation: +28.49%
2026-07-06 13:56:14     Z-Score 5s: +1.41  |  Momentum 90s: N/A
2026-07-06 13:56:14     Trades: 165  |  Volume: 4880
2026-07-06 13:56:14     Buy Vol: 4764  |  Sell Vol: 116
2026-07-06 13:56:14   Win Rate: 0.6%
2026-07-06 13:56:14   Config: min_price=0.6, max_price=0.9, min_elapsed=60s, dev_range=0.1%-100%, no_entry_cutoff=30s
2026-07-06 13:56:14   BTC Chainlink: $62,920.88 (anchor: $62,922.00)
2026-07-06 13:56:14   BTC Deviation: $-1.12 (-0.0018%)
2026-07-06 13:56:14 ============================================================
2026-07-06 13:56:14 MAIN ENTRY FAILED: Could not get price
2026-07-06 13:56:15 ============================================================
2026-07-06 13:56:15 TRADE SIGNAL TRIGGERED
2026-07-06 13:56:15   Time: 2026-07-06T13:56:15.250854
2026-07-06 13:56:15   Market: btc-updown-5m-1783320900
2026-07-06 13:56:15   Signal: BUY_DOWN
2026-07-06 13:56:15   Token: DOWN
2026-07-06 13:56:15   Elapsed: 75s | Remaining: 225s | Bin: 0
2026-07-06 13:56:15   --- UP ---
2026-07-06 13:56:15     Price:   LAST=0.4000  BID=0.3900  ASK=0.4000
2026-07-06 13:56:15     VWAP 60s: 0.4955  |  Deviation: -19.27%
2026-07-06 13:56:15     Z-Score 5s: +0.26  |  Momentum 90s: N/A
2026-07-06 13:56:15     Trades: 149  |  Volume: 3608
2026-07-06 13:56:15     Buy Vol: 3583  |  Sell Vol: 25
2026-07-06 13:56:15   --- DOWN ---
2026-07-06 13:56:15     Price:   LAST=0.6300  BID=0.6000  ASK=0.6100
2026-07-06 13:56:15     VWAP 60s: 0.4903  |  Deviation: +28.49%
2026-07-06 13:56:15     Z-Score 5s: +1.39  |  Momentum 90s: N/A
2026-07-06 13:56:15     Trades: 165  |  Volume: 4880
2026-07-06 13:56:15     Buy Vol: 4764  |  Sell Vol: 116
2026-07-06 13:56:15   Win Rate: 0.6%
2026-07-06 13:56:15   Config: min_price=0.6, max_price=0.9, min_elapsed=60s, dev_range=0.1%-100%, no_entry_cutoff=30s
2026-07-06 13:56:15   BTC Chainlink: $62,920.88 (anchor: $62,922.00)
2026-07-06 13:56:15   BTC Deviation: $-1.12 (-0.0018%)
2026-07-06 13:56:15 ============================================================
2026-07-06 13:56:15 MAIN ENTRY FAILED: Could not get price
2026-07-06 13:56:15 ============================================================
2026-07-06 13:56:15 TRADE SIGNAL TRIGGERED
2026-07-06 13:56:15   Time: 2026-07-06T13:56:15.510781
2026-07-06 13:56:15   Market: btc-updown-5m-1783320900
2026-07-06 13:56:15   Signal: BUY_DOWN
2026-07-06 13:56:15   Token: DOWN
2026-07-06 13:56:15   Elapsed: 76s | Remaining: 224s | Bin: 0
2026-07-06 13:56:15   --- UP ---
2026-07-06 13:56:15     Price:   LAST=0.4000  BID=0.3900  ASK=0.4000
2026-07-06 13:56:15     VWAP 60s: 0.4951  |  Deviation: -19.21%
2026-07-06 13:56:15     Z-Score 5s: +0.41  |  Momentum 90s: N/A
2026-07-06 13:56:15     Trades: 151  |  Volume: 3622
2026-07-06 13:56:15     Buy Vol: 3597  |  Sell Vol: 25
2026-07-06 13:56:15   --- DOWN ---
2026-07-06 13:56:15     Price:   LAST=0.6100  BID=0.6000  ASK=0.6100
2026-07-06 13:56:15     VWAP 60s: 0.4904  |  Deviation: +24.38%
2026-07-06 13:56:15     Z-Score 5s: +0.53  |  Momentum 90s: N/A
2026-07-06 13:56:15     Trades: 166  |  Volume: 4885
2026-07-06 13:56:15     Buy Vol: 4769  |  Sell Vol: 116
2026-07-06 13:56:15   Win Rate: 0.6%
2026-07-06 13:56:15   Config: min_price=0.6, max_price=0.9, min_elapsed=60s, dev_range=0.1%-100%, no_entry_cutoff=30s
2026-07-06 13:56:15   BTC Chainlink: $62,920.36 (anchor: $62,922.00)
2026-07-06 13:56:15   BTC Deviation: $-1.64 (-0.0026%)
2026-07-06 13:56:15 ============================================================
2026-07-06 13:56:15 MAIN ENTRY FAILED: Could not get price
2026-07-06 13:56:15 ============================================================
2026-07-06 13:56:15 TRADE SIGNAL TRIGGERED
2026-07-06 13:56:15   Time: 2026-07-06T13:56:15.763495
2026-07-06 13:56:15   Market: btc-updown-5m-1783320900
2026-07-06 13:56:15   Signal: BUY_DOWN
2026-07-06 13:56:15   Token: DOWN
2026-07-06 13:56:15   Elapsed: 76s | Remaining: 224s | Bin: 0
2026-07-06 13:56:15   --- UP ---
2026-07-06 13:56:15     Price:   LAST=0.4000  BID=0.3900  ASK=0.4000
2026-07-06 13:56:15     VWAP 60s: 0.4945  |  Deviation: -19.11%
2026-07-06 13:56:15     Z-Score 5s: +0.71  |  Momentum 90s: N/A
2026-07-06 13:56:15     Trades: 154  |  Volume: 3646
2026-07-06 13:56:15     Buy Vol: 3621  |  Sell Vol: 25
2026-07-06 13:56:15   --- DOWN ---
2026-07-06 13:56:15     Price:   LAST=0.6100  BID=0.6000  ASK=0.6100
2026-07-06 13:56:15     VWAP 60s: 0.4907  |  Deviation: +24.31%
2026-07-06 13:56:15     Z-Score 5s: +0.45  |  Momentum 90s: N/A
2026-07-06 13:56:15     Trades: 168  |  Volume: 4897
2026-07-06 13:56:15     Buy Vol: 4780  |  Sell Vol: 116
2026-07-06 13:56:15   Win Rate: 0.6%
2026-07-06 13:56:15   Config: min_price=0.6, max_price=0.9, min_elapsed=60s, dev_range=0.1%-100%, no_entry_cutoff=30s
2026-07-06 13:56:15   BTC Chainlink: $62,920.36 (anchor: $62,922.00)
2026-07-06 13:56:15   BTC Deviation: $-1.64 (-0.0026%)
2026-07-06 13:56:15 ============================================================
2026-07-06 13:56:15 MAIN ENTRY FAILED: Could not get price
2026-07-06 13:56:16 ============================================================
2026-07-06 13:56:16 TRADE SIGNAL TRIGGERED
2026-07-06 13:56:16   Time: 2026-07-06T13:56:16.027270
2026-07-06 13:56:16   Market: btc-updown-5m-1783320900
2026-07-06 13:56:16   Signal: BUY_DOWN
2026-07-06 13:56:16   Token: DOWN
2026-07-06 13:56:16   Elapsed: 76s | Remaining: 224s | Bin: 0
2026-07-06 13:56:16   --- UP ---
2026-07-06 13:56:16     Price:   LAST=0.4000  BID=0.3900  ASK=0.4000
2026-07-06 13:56:16     VWAP 60s: 0.4945  |  Deviation: -19.11%
2026-07-06 13:56:16     Z-Score 5s: +1.05  |  Momentum 90s: N/A
2026-07-06 13:56:16     Trades: 154  |  Volume: 3646
2026-07-06 13:56:16     Buy Vol: 3621  |  Sell Vol: 25
2026-07-06 13:56:16   --- DOWN ---
2026-07-06 13:56:16     Price:   LAST=0.6100  BID=0.6000  ASK=0.6100
2026-07-06 13:56:16     VWAP 60s: 0.4907  |  Deviation: +24.31%
2026-07-06 13:56:16     Z-Score 5s: +0.40  |  Momentum 90s: N/A
2026-07-06 13:56:16     Trades: 168  |  Volume: 4897
2026-07-06 13:56:16     Buy Vol: 4780  |  Sell Vol: 116
2026-07-06 13:56:16   Win Rate: 0.6%
2026-07-06 13:56:16   Config: min_price=0.6, max_price=0.9, min_elapsed=60s, dev_range=0.1%-100%, no_entry_cutoff=30s
2026-07-06 13:56:16   BTC Chainlink: $62,920.36 (anchor: $62,922.00)
2026-07-06 13:56:16   BTC Deviation: $-1.64 (-0.0026%)
2026-07-06 13:56:16 ============================================================
2026-07-06 13:56:16 MAIN ENTRY FAILED: Could not get price
2026-07-06 13:56:35 ============================================================
2026-07-06 13:56:35 TRADE SIGNAL TRIGGERED
2026-07-06 13:56:35   Time: 2026-07-06T13:56:35.885199
2026-07-06 13:56:35   Market: btc-updown-5m-1783320900
2026-07-06 13:56:35   Signal: BUY_UP
2026-07-06 13:56:35   Token: UP
2026-07-06 13:56:35   Elapsed: 96s | Remaining: 204s | Bin: 0
2026-07-06 13:56:35   --- UP ---
2026-07-06 13:56:35     Price:   LAST=0.6300  BID=0.6200  ASK=0.6300
2026-07-06 13:56:35     VWAP 60s: 0.4865  |  Deviation: +29.49%
2026-07-06 13:56:35     Z-Score 5s: +1.23  |  Momentum 90s: N/A
2026-07-06 13:56:35     Trades: 236  |  Volume: 5752
2026-07-06 13:56:35     Buy Vol: 5684  |  Sell Vol: 69
2026-07-06 13:56:35   --- DOWN ---
2026-07-06 13:56:35     Price:   LAST=0.3800  BID=0.3700  ASK=0.3800
2026-07-06 13:56:35     VWAP 60s: 0.4987  |  Deviation: -23.81%
2026-07-06 13:56:35     Z-Score 5s: -2.79  |  Momentum 90s: N/A
2026-07-06 13:56:35     Trades: 249  |  Volume: 6544
2026-07-06 13:56:35     Buy Vol: 6079  |  Sell Vol: 465
2026-07-06 13:56:35   Win Rate: 0.6%
2026-07-06 13:56:35   Config: min_price=0.6, max_price=0.9, min_elapsed=60s, dev_range=0.1%-100%, no_entry_cutoff=30s
2026-07-06 13:56:35   BTC Chainlink: $62,925.41 (anchor: $62,922.00)
2026-07-06 13:56:35   BTC Deviation: $+3.41 (+0.0054%)
2026-07-06 13:56:35 ============================================================
2026-07-06 13:56:35 MAIN ENTRY FAILED: Could not get price
2026-07-06 13:56:36 ============================================================
2026-07-06 13:56:36 TRADE SIGNAL TRIGGERED
2026-07-06 13:56:36   Time: 2026-07-06T13:56:36.138748
2026-07-06 13:56:36   Market: btc-updown-5m-1783320900
2026-07-06 13:56:36   Signal: BUY_UP
2026-07-06 13:56:36   Token: UP
2026-07-06 13:56:36   Elapsed: 96s | Remaining: 204s | Bin: 0
2026-07-06 13:56:36   --- UP ---
2026-07-06 13:56:36     Price:   LAST=0.6300  BID=0.6300  ASK=0.6400
2026-07-06 13:56:36     VWAP 60s: 0.4887  |  Deviation: +28.91%
2026-07-06 13:56:36     Z-Score 5s: +0.82  |  Momentum 90s: N/A
2026-07-06 13:56:36     Trades: 247  |  Volume: 5830
2026-07-06 13:56:36     Buy Vol: 5762  |  Sell Vol: 69
2026-07-06 13:56:36   --- DOWN ---
2026-07-06 13:56:36     Price:   LAST=0.3800  BID=0.3600  ASK=0.3700
2026-07-06 13:56:36     VWAP 60s: 0.4987  |  Deviation: -23.81%
2026-07-06 13:56:36     Z-Score 5s: -2.77  |  Momentum 90s: N/A
2026-07-06 13:56:36     Trades: 249  |  Volume: 6544
2026-07-06 13:56:36     Buy Vol: 6079  |  Sell Vol: 465
2026-07-06 13:56:36   Win Rate: 0.6%
2026-07-06 13:56:36   Config: min_price=0.6, max_price=0.9, min_elapsed=60s, dev_range=0.1%-100%, no_entry_cutoff=30s
2026-07-06 13:56:36   BTC Chainlink: $62,925.41 (anchor: $62,922.00)
2026-07-06 13:56:36   BTC Deviation: $+3.41 (+0.0054%)
2026-07-06 13:56:36 ============================================================
2026-07-06 13:56:36 MAIN ENTRY FAILED: Could not get price
2026-07-06 13:56:36 ============================================================
2026-07-06 13:56:36 TRADE SIGNAL TRIGGERED
2026-07-06 13:56:36   Time: 2026-07-06T13:56:36.389525
2026-07-06 13:56:36   Market: btc-updown-5m-1783320900
2026-07-06 13:56:36   Signal: BUY_UP
2026-07-06 13:56:36   Token: UP
2026-07-06 13:56:36   Elapsed: 96s | Remaining: 204s | Bin: 0
2026-07-06 13:56:36   --- UP ---
2026-07-06 13:56:36     Price:   LAST=0.6400  BID=0.6300  ASK=0.6400
2026-07-06 13:56:36     VWAP 60s: 0.4896  |  Deviation: +30.72%
2026-07-06 13:56:36     Z-Score 5s: +0.88  |  Momentum 90s: N/A
2026-07-06 13:56:36     Trades: 252  |  Volume: 5874
2026-07-06 13:56:36     Buy Vol: 5803  |  Sell Vol: 71
2026-07-06 13:56:36   --- DOWN ---
2026-07-06 13:56:36     Price:   LAST=0.3800  BID=0.3600  ASK=0.3700
2026-07-06 13:56:36     VWAP 60s: 0.4987  |  Deviation: -23.81%
2026-07-06 13:56:36     Z-Score 5s: -2.72  |  Momentum 90s: N/A
2026-07-06 13:56:36     Trades: 249  |  Volume: 6544
2026-07-06 13:56:36     Buy Vol: 6079  |  Sell Vol: 465
2026-07-06 13:56:36   Win Rate: 0.6%
2026-07-06 13:56:36   Config: min_price=0.6, max_price=0.9, min_elapsed=60s, dev_range=0.1%-100%, no_entry_cutoff=30s
2026-07-06 13:56:36   BTC Chainlink: $62,925.41 (anchor: $62,922.00)
2026-07-06 13:56:36   BTC Deviation: $+3.41 (+0.0054%)
2026-07-06 13:56:36 ============================================================
2026-07-06 13:56:36 MAIN ENTRY FAILED: Could not get price
2026-07-06 13:56:36 ============================================================
2026-07-06 13:56:36 TRADE SIGNAL TRIGGERED
2026-07-06 13:56:36   Time: 2026-07-06T13:56:36.644322
2026-07-06 13:56:36   Market: btc-updown-5m-1783320900
2026-07-06 13:56:36   Signal: BUY_UP
2026-07-06 13:56:36   Token: UP
2026-07-06 13:56:36   Elapsed: 97s | Remaining: 203s | Bin: 0
2026-07-06 13:56:36   --- UP ---
2026-07-06 13:56:36     Price:   LAST=0.6400  BID=0.6300  ASK=0.6400
2026-07-06 13:56:36     VWAP 60s: 0.4926  |  Deviation: +29.92%
2026-07-06 13:56:36     Z-Score 5s: +0.82  |  Momentum 90s: N/A
2026-07-06 13:56:36     Trades: 255  |  Volume: 5979
2026-07-06 13:56:36     Buy Vol: 5908  |  Sell Vol: 71
2026-07-06 13:56:36   --- DOWN ---
2026-07-06 13:56:36     Price:   LAST=0.3800  BID=0.3600  ASK=0.3700
2026-07-06 13:56:36     VWAP 60s: 0.4988  |  Deviation: -23.81%
2026-07-06 13:56:36     Z-Score 5s: -2.65  |  Momentum 90s: N/A
2026-07-06 13:56:36     Trades: 249  |  Volume: 6544
2026-07-06 13:56:36     Buy Vol: 6079  |  Sell Vol: 465
2026-07-06 13:56:36   Win Rate: 0.6%
2026-07-06 13:56:36   Config: min_price=0.6, max_price=0.9, min_elapsed=60s, dev_range=0.1%-100%, no_entry_cutoff=30s
2026-07-06 13:56:36   BTC Chainlink: $62,925.41 (anchor: $62,922.00)
2026-07-06 13:56:36   BTC Deviation: $+3.41 (+0.0054%)
2026-07-06 13:56:36 ============================================================
2026-07-06 13:56:36 MAIN ENTRY FAILED: Could not get price
2026-07-06 13:56:36 ============================================================
2026-07-06 13:56:36 TRADE SIGNAL TRIGGERED
2026-07-06 13:56:36   Time: 2026-07-06T13:56:36.896944
2026-07-06 13:56:36   Market: btc-updown-5m-1783320900
2026-07-06 13:56:36   Signal: BUY_UP
2026-07-06 13:56:36   Token: UP
2026-07-06 13:56:36   Elapsed: 97s | Remaining: 203s | Bin: 0
2026-07-06 13:56:36   --- UP ---
2026-07-06 13:56:36     Price:   LAST=0.6400  BID=0.6300  ASK=0.6400
2026-07-06 13:56:36     VWAP 60s: 0.4931  |  Deviation: +29.80%
2026-07-06 13:56:36     Z-Score 5s: +0.77  |  Momentum 90s: N/A
2026-07-06 13:56:36     Trades: 258  |  Volume: 5995
2026-07-06 13:56:36     Buy Vol: 5924  |  Sell Vol: 71
2026-07-06 13:56:36   --- DOWN ---
2026-07-06 13:56:36     Price:   LAST=0.3700  BID=0.3600  ASK=0.3700
2026-07-06 13:56:36     VWAP 60s: 0.4987  |  Deviation: -25.81%
2026-07-06 13:56:36     Z-Score 5s: -2.41  |  Momentum 90s: N/A
2026-07-06 13:56:36     Trades: 250  |  Volume: 6547
2026-07-06 13:56:36     Buy Vol: 6082  |  Sell Vol: 465
2026-07-06 13:56:36   Win Rate: 0.6%
2026-07-06 13:56:36   Config: min_price=0.6, max_price=0.9, min_elapsed=60s, dev_range=0.1%-100%, no_entry_cutoff=30s
2026-07-06 13:56:36   BTC Chainlink: $62,925.41 (anchor: $62,922.00)
2026-07-06 13:56:36   BTC Deviation: $+3.41 (+0.0054%)
2026-07-06 13:56:36 ============================================================
2026-07-06 13:56:36 MAIN ENTRY FAILED: Could not get price
2026-07-06 13:56:37 ============================================================
2026-07-06 13:56:37 TRADE SIGNAL TRIGGERED
2026-07-06 13:56:37   Time: 2026-07-06T13:56:37.149820
2026-07-06 13:56:37   Market: btc-updown-5m-1783320900
2026-07-06 13:56:37   Signal: BUY_UP
2026-07-06 13:56:37   Token: UP
2026-07-06 13:56:37   Elapsed: 97s | Remaining: 203s | Bin: 0
2026-07-06 13:56:37   --- UP ---
2026-07-06 13:56:37     Price:   LAST=0.6400  BID=0.6600  ASK=0.6700
2026-07-06 13:56:37     VWAP 60s: 0.4929  |  Deviation: +29.84%
2026-07-06 13:56:37     Z-Score 5s: +0.71  |  Momentum 90s: N/A
2026-07-06 13:56:37     Trades: 261  |  Volume: 6000
2026-07-06 13:56:37     Buy Vol: 5929  |  Sell Vol: 71
2026-07-06 13:56:37   --- DOWN ---
2026-07-06 13:56:37     Price:   LAST=0.3700  BID=0.3300  ASK=0.3400
2026-07-06 13:56:37     VWAP 60s: 0.4985  |  Deviation: -25.78%
2026-07-06 13:56:37     Z-Score 5s: -2.03  |  Momentum 90s: N/A
2026-07-06 13:56:37     Trades: 251  |  Volume: 6555
2026-07-06 13:56:37     Buy Vol: 6090  |  Sell Vol: 465
2026-07-06 13:56:37   Win Rate: 0.6%
2026-07-06 13:56:37   Config: min_price=0.6, max_price=0.9, min_elapsed=60s, dev_range=0.1%-100%, no_entry_cutoff=30s
2026-07-06 13:56:37   BTC Chainlink: $62,925.62 (anchor: $62,922.00)
2026-07-06 13:56:37   BTC Deviation: $+3.62 (+0.0057%)
2026-07-06 13:56:37 ============================================================
2026-07-06 13:56:37 MAIN ENTRY FAILED: Could not get price
2026-07-06 13:56:37 ============================================================
2026-07-06 13:56:37 TRADE SIGNAL TRIGGERED
2026-07-06 13:56:37   Time: 2026-07-06T13:56:37.404540
2026-07-06 13:56:37   Market: btc-updown-5m-1783320900
2026-07-06 13:56:37   Signal: BUY_UP
2026-07-06 13:56:37   Token: UP
2026-07-06 13:56:37   Elapsed: 97s | Remaining: 203s | Bin: 0
2026-07-06 13:56:37   --- UP ---
2026-07-06 13:56:37     Price:   LAST=0.6700  BID=0.6600  ASK=0.6700
2026-07-06 13:56:37     VWAP 60s: 0.5006  |  Deviation: +33.84%
2026-07-06 13:56:37     Z-Score 5s: +1.28  |  Momentum 90s: N/A
2026-07-06 13:56:37     Trades: 263  |  Volume: 6291
2026-07-06 13:56:37     Buy Vol: 6220  |  Sell Vol: 71
2026-07-06 13:56:37   --- DOWN ---
2026-07-06 13:56:37     Price:   LAST=0.3700  BID=0.3300  ASK=0.3400
2026-07-06 13:56:37     VWAP 60s: 0.4985  |  Deviation: -25.78%
2026-07-06 13:56:37     Z-Score 5s: -1.75  |  Momentum 90s: N/A
2026-07-06 13:56:37     Trades: 251  |  Volume: 6555
2026-07-06 13:56:37     Buy Vol: 6090  |  Sell Vol: 465
2026-07-06 13:56:37   Win Rate: 0.7%
2026-07-06 13:56:37   Config: min_price=0.6, max_price=0.9, min_elapsed=60s, dev_range=0.1%-100%, no_entry_cutoff=30s
2026-07-06 13:56:37   BTC Chainlink: $62,925.62 (anchor: $62,922.00)
2026-07-06 13:56:37   BTC Deviation: $+3.62 (+0.0057%)
2026-07-06 13:56:37 ============================================================
2026-07-06 13:56:37 MAIN ENTRY FAILED: Could not get price
2026-07-06 13:56:37 ============================================================
2026-07-06 13:56:37 TRADE SIGNAL TRIGGERED
2026-07-06 13:56:37   Time: 2026-07-06T13:56:37.658017
2026-07-06 13:56:37   Market: btc-updown-5m-1783320900
2026-07-06 13:56:37   Signal: BUY_UP
2026-07-06 13:56:37   Token: UP
2026-07-06 13:56:37   Elapsed: 98s | Remaining: 202s | Bin: 0
2026-07-06 13:56:37   --- UP ---
2026-07-06 13:56:37     Price:   LAST=0.6700  BID=0.6600  ASK=0.6700
2026-07-06 13:56:37     VWAP 60s: 0.5006  |  Deviation: +33.84%
2026-07-06 13:56:37     Z-Score 5s: +1.28  |  Momentum 90s: N/A
2026-07-06 13:56:37     Trades: 263  |  Volume: 6291
2026-07-06 13:56:37     Buy Vol: 6220  |  Sell Vol: 71
2026-07-06 13:56:37   --- DOWN ---
2026-07-06 13:56:37     Price:   LAST=0.3700  BID=0.3300  ASK=0.3400
2026-07-06 13:56:37     VWAP 60s: 0.4985  |  Deviation: -25.78%
2026-07-06 13:56:37     Z-Score 5s: -1.63  |  Momentum 90s: N/A
2026-07-06 13:56:37     Trades: 251  |  Volume: 6555
2026-07-06 13:56:37     Buy Vol: 6090  |  Sell Vol: 465
2026-07-06 13:56:37   Win Rate: 0.7%
2026-07-06 13:56:37   Config: min_price=0.6, max_price=0.9, min_elapsed=60s, dev_range=0.1%-100%, no_entry_cutoff=30s
2026-07-06 13:56:37   BTC Chainlink: $62,930.15 (anchor: $62,922.00)
2026-07-06 13:56:37   BTC Deviation: $+8.15 (+0.0129%)
2026-07-06 13:56:37 ============================================================
2026-07-06 13:56:37 MAIN ENTRY FAILED: Could not get price
2026-07-06 13:56:37 ============================================================
2026-07-06 13:56:37 TRADE SIGNAL TRIGGERED
2026-07-06 13:56:37   Time: 2026-07-06T13:56:37.912261
2026-07-06 13:56:37   Market: btc-updown-5m-1783320900
2026-07-06 13:56:37   Signal: BUY_UP
2026-07-06 13:56:37   Token: UP
2026-07-06 13:56:37   Elapsed: 98s | Remaining: 202s | Bin: 0
2026-07-06 13:56:37   --- UP ---
2026-07-06 13:56:37     Price:   LAST=0.6700  BID=0.6600  ASK=0.6700
2026-07-06 13:56:37     VWAP 60s: 0.4993  |  Deviation: +34.18%
2026-07-06 13:56:37     Z-Score 5s: +1.28  |  Momentum 90s: N/A
2026-07-06 13:56:37     Trades: 263  |  Volume: 6291
2026-07-06 13:56:37     Buy Vol: 6220  |  Sell Vol: 71
2026-07-06 13:56:37   --- DOWN ---
2026-07-06 13:56:37     Price:   LAST=0.3400  BID=0.3300  ASK=0.3400
2026-07-06 13:56:37     VWAP 60s: 0.4981  |  Deviation: -31.75%
2026-07-06 13:56:37     Z-Score 5s: -1.68  |  Momentum 90s: N/A
2026-07-06 13:56:37     Trades: 253  |  Volume: 6568
2026-07-06 13:56:37     Buy Vol: 6103  |  Sell Vol: 465
2026-07-06 13:56:37   Win Rate: 0.7%
2026-07-06 13:56:37   Config: min_price=0.6, max_price=0.9, min_elapsed=60s, dev_range=0.1%-100%, no_entry_cutoff=30s
2026-07-06 13:56:37   BTC Chainlink: $62,930.15 (anchor: $62,922.00)
2026-07-06 13:56:37   BTC Deviation: $+8.15 (+0.0129%)
2026-07-06 13:56:37 ============================================================
2026-07-06 13:56:37 MAIN ENTRY FAILED: Could not get price
2026-07-06 13:56:38 ============================================================
2026-07-06 13:56:38 TRADE SIGNAL TRIGGERED
2026-07-06 13:56:38   Time: 2026-07-06T13:56:38.169631
2026-07-06 13:56:38   Market: btc-updown-5m-1783320900
2026-07-06 13:56:38   Signal: BUY_UP
2026-07-06 13:56:38   Token: UP
2026-07-06 13:56:38   Elapsed: 98s | Remaining: 202s | Bin: 0
2026-07-06 13:56:38   --- UP ---
2026-07-06 13:56:38     Price:   LAST=0.6700  BID=0.6600  ASK=0.6700
2026-07-06 13:56:38     VWAP 60s: 0.4992  |  Deviation: +34.20%
2026-07-06 13:56:38     Z-Score 5s: +1.28  |  Momentum 90s: N/A
2026-07-06 13:56:38     Trades: 263  |  Volume: 6291
2026-07-06 13:56:38     Buy Vol: 6220  |  Sell Vol: 71
2026-07-06 13:56:38   --- DOWN ---
2026-07-06 13:56:38     Price:   LAST=0.3400  BID=0.3300  ASK=0.3400
2026-07-06 13:56:38     VWAP 60s: 0.4947  |  Deviation: -31.27%
2026-07-06 13:56:38     Z-Score 5s: -1.48  |  Momentum 90s: N/A
2026-07-06 13:56:38     Trades: 254  |  Volume: 6685
2026-07-06 13:56:38     Buy Vol: 6221  |  Sell Vol: 465
2026-07-06 13:56:38   Win Rate: 0.7%
2026-07-06 13:56:38   Config: min_price=0.6, max_price=0.9, min_elapsed=60s, dev_range=0.1%-100%, no_entry_cutoff=30s
2026-07-06 13:56:38   BTC Chainlink: $62,931.54 (anchor: $62,922.00)
2026-07-06 13:56:38   BTC Deviation: $+9.54 (+0.0152%)
2026-07-06 13:56:38 ============================================================
2026-07-06 13:56:38 MAIN ENTRY FAILED: Could not get price
2026-07-06 13:56:38 ============================================================
2026-07-06 13:56:38 TRADE SIGNAL TRIGGERED
2026-07-06 13:56:38   Time: 2026-07-06T13:56:38.423021
2026-07-06 13:56:38   Market: btc-updown-5m-1783320900
2026-07-06 13:56:38   Signal: BUY_UP
2026-07-06 13:56:38   Token: UP
2026-07-06 13:56:38   Elapsed: 98s | Remaining: 202s | Bin: 0
2026-07-06 13:56:38   --- UP ---
2026-07-06 13:56:38     Price:   LAST=0.6700  BID=0.6600  ASK=0.6700
2026-07-06 13:56:38     VWAP 60s: 0.4980  |  Deviation: +34.54%
2026-07-06 13:56:38     Z-Score 5s: +1.28  |  Momentum 90s: N/A
2026-07-06 13:56:38     Trades: 263  |  Volume: 6291
2026-07-06 13:56:38     Buy Vol: 6220  |  Sell Vol: 71
2026-07-06 13:56:38   --- DOWN ---
2026-07-06 13:56:38     Price:   LAST=0.3400  BID=0.3300  ASK=0.3400
2026-07-06 13:56:38     VWAP 60s: 0.4946  |  Deviation: -31.25%
2026-07-06 13:56:38     Z-Score 5s: -1.32  |  Momentum 90s: N/A
2026-07-06 13:56:38     Trades: 255  |  Volume: 6690
2026-07-06 13:56:38     Buy Vol: 6226  |  Sell Vol: 465
2026-07-06 13:56:38   Win Rate: 0.7%
2026-07-06 13:56:38   Config: min_price=0.6, max_price=0.9, min_elapsed=60s, dev_range=0.1%-100%, no_entry_cutoff=30s
2026-07-06 13:56:38   BTC Chainlink: $62,931.54 (anchor: $62,922.00)
2026-07-06 13:56:38   BTC Deviation: $+9.54 (+0.0152%)
2026-07-06 13:56:38 ============================================================
2026-07-06 13:56:38 MAIN ENTRY FAILED: Could not get price
2026-07-06 13:56:38 ============================================================
2026-07-06 13:56:38 TRADE SIGNAL TRIGGERED
2026-07-06 13:56:38   Time: 2026-07-06T13:56:38.675604
2026-07-06 13:56:38   Market: btc-updown-5m-1783320900
2026-07-06 13:56:38   Signal: BUY_UP
2026-07-06 13:56:38   Token: UP
2026-07-06 13:56:38   Elapsed: 99s | Remaining: 201s | Bin: 0
2026-07-06 13:56:38   --- UP ---
2026-07-06 13:56:38     Price:   LAST=0.6700  BID=0.6600  ASK=0.6700
2026-07-06 13:56:38     VWAP 60s: 0.4981  |  Deviation: +34.52%
2026-07-06 13:56:38     Z-Score 5s: +1.25  |  Momentum 90s: N/A
2026-07-06 13:56:38     Trades: 264  |  Volume: 6292
2026-07-06 13:56:38     Buy Vol: 6221  |  Sell Vol: 71
2026-07-06 13:56:38   --- DOWN ---
2026-07-06 13:56:38     Price:   LAST=0.3400  BID=0.3300  ASK=0.3400
2026-07-06 13:56:38     VWAP 60s: 0.4946  |  Deviation: -31.25%
2026-07-06 13:56:38     Z-Score 5s: -1.21  |  Momentum 90s: N/A
2026-07-06 13:56:38     Trades: 255  |  Volume: 6690
2026-07-06 13:56:38     Buy Vol: 6226  |  Sell Vol: 465
2026-07-06 13:56:38   Win Rate: 0.7%
2026-07-06 13:56:38   Config: min_price=0.6, max_price=0.9, min_elapsed=60s, dev_range=0.1%-100%, no_entry_cutoff=30s
2026-07-06 13:56:38   BTC Chainlink: $62,931.54 (anchor: $62,922.00)
2026-07-06 13:56:38   BTC Deviation: $+9.54 (+0.0152%)
2026-07-06 13:56:38 ============================================================
2026-07-06 13:56:38 MAIN ENTRY FAILED: Could not get price
2026-07-06 13:56:38 ============================================================
2026-07-06 13:56:38 TRADE SIGNAL TRIGGERED
2026-07-06 13:56:38   Time: 2026-07-06T13:56:38.929550
2026-07-06 13:56:38   Market: btc-updown-5m-1783320900
2026-07-06 13:56:38   Signal: BUY_UP
2026-07-06 13:56:38   Token: UP
2026-07-06 13:56:38   Elapsed: 99s | Remaining: 201s | Bin: 0
2026-07-06 13:56:38   --- UP ---
2026-07-06 13:56:38     Price:   LAST=0.6600  BID=0.6600  ASK=0.6700
2026-07-06 13:56:38     VWAP 60s: 0.4983  |  Deviation: +32.45%
2026-07-06 13:56:38     Z-Score 5s: +0.96  |  Momentum 90s: N/A
2026-07-06 13:56:38     Trades: 267  |  Volume: 6300
2026-07-06 13:56:38     Buy Vol: 6221  |  Sell Vol: 78
2026-07-06 13:56:38   --- DOWN ---
2026-07-06 13:56:38     Price:   LAST=0.3400  BID=0.3300  ASK=0.3400
2026-07-06 13:56:38     VWAP 60s: 0.4949  |  Deviation: -31.29%
2026-07-06 13:56:38     Z-Score 5s: -1.03  |  Momentum 90s: N/A
2026-07-06 13:56:38     Trades: 255  |  Volume: 6690
2026-07-06 13:56:38     Buy Vol: 6226  |  Sell Vol: 465
2026-07-06 13:56:38   Win Rate: 0.7%
2026-07-06 13:56:38   Config: min_price=0.6, max_price=0.9, min_elapsed=60s, dev_range=0.1%-100%, no_entry_cutoff=30s
2026-07-06 13:56:38   BTC Chainlink: $62,931.54 (anchor: $62,922.00)
2026-07-06 13:56:38   BTC Deviation: $+9.54 (+0.0152%)
2026-07-06 13:56:38 ============================================================
2026-07-06 13:56:38 MAIN ENTRY FAILED: Could not get price
2026-07-06 13:56:39 ============================================================
2026-07-06 13:56:39 TRADE SIGNAL TRIGGERED
2026-07-06 13:56:39   Time: 2026-07-06T13:56:39.182001
2026-07-06 13:56:39   Market: btc-updown-5m-1783320900
2026-07-06 13:56:39   Signal: BUY_UP
2026-07-06 13:56:39   Token: UP
2026-07-06 13:56:39   Elapsed: 99s | Remaining: 201s | Bin: 0
2026-07-06 13:56:39   --- UP ---
2026-07-06 13:56:39     Price:   LAST=0.6600  BID=0.6400  ASK=0.6500
2026-07-06 13:56:39     VWAP 60s: 0.4983  |  Deviation: +32.44%
2026-07-06 13:56:39     Z-Score 5s: +0.94  |  Momentum 90s: N/A
2026-07-06 13:56:39     Trades: 268  |  Volume: 6301
2026-07-06 13:56:39     Buy Vol: 6223  |  Sell Vol: 78
2026-07-06 13:56:39   --- DOWN ---
2026-07-06 13:56:39     Price:   LAST=0.3400  BID=0.3500  ASK=0.3600
2026-07-06 13:56:39     VWAP 60s: 0.4919  |  Deviation: -30.88%
2026-07-06 13:56:39     Z-Score 5s: -0.84  |  Momentum 90s: N/A
2026-07-06 13:56:39     Trades: 256  |  Volume: 6795
2026-07-06 13:56:39     Buy Vol: 6330  |  Sell Vol: 465
2026-07-06 13:56:39   Win Rate: 0.7%
2026-07-06 13:56:39   Config: min_price=0.6, max_price=0.9, min_elapsed=60s, dev_range=0.1%-100%, no_entry_cutoff=30s
2026-07-06 13:56:39   BTC Chainlink: $62,931.54 (anchor: $62,922.00)
2026-07-06 13:56:39   BTC Deviation: $+9.54 (+0.0152%)
2026-07-06 13:56:39 ============================================================
2026-07-06 13:56:39 MAIN ENTRY FAILED: Could not get price
2026-07-06 13:56:39 ============================================================
2026-07-06 13:56:39 TRADE SIGNAL TRIGGERED
2026-07-06 13:56:39   Time: 2026-07-06T13:56:39.433383
2026-07-06 13:56:39   Market: btc-updown-5m-1783320900
2026-07-06 13:56:39   Signal: BUY_UP
2026-07-06 13:56:39   Token: UP
2026-07-06 13:56:39   Elapsed: 99s | Remaining: 201s | Bin: 0
2026-07-06 13:56:39   --- UP ---
2026-07-06 13:56:39     Price:   LAST=0.6500  BID=0.6400  ASK=0.6500
2026-07-06 13:56:39     VWAP 60s: 0.4971  |  Deviation: +30.76%
2026-07-06 13:56:39     Z-Score 5s: +0.69  |  Momentum 90s: N/A
2026-07-06 13:56:39     Trades: 269  |  Volume: 6304
2026-07-06 13:56:39     Buy Vol: 6226  |  Sell Vol: 78
2026-07-06 13:56:39   --- DOWN ---
2026-07-06 13:56:39     Price:   LAST=0.3400  BID=0.3500  ASK=0.3600
2026-07-06 13:56:39     VWAP 60s: 0.4919  |  Deviation: -30.88%
2026-07-06 13:56:39     Z-Score 5s: -0.84  |  Momentum 90s: N/A
2026-07-06 13:56:39     Trades: 256  |  Volume: 6795
2026-07-06 13:56:39     Buy Vol: 6330  |  Sell Vol: 465
2026-07-06 13:56:39   Win Rate: 0.7%
2026-07-06 13:56:39   Config: min_price=0.6, max_price=0.9, min_elapsed=60s, dev_range=0.1%-100%, no_entry_cutoff=30s
2026-07-06 13:56:39   BTC Chainlink: $62,931.54 (anchor: $62,922.00)
2026-07-06 13:56:39   BTC Deviation: $+9.54 (+0.0152%)
2026-07-06 13:56:39 ============================================================
2026-07-06 13:56:39 MAIN ENTRY FAILED: Could not get price
2026-07-06 13:56:39 ============================================================
2026-07-06 13:56:39 TRADE SIGNAL TRIGGERED
2026-07-06 13:56:39   Time: 2026-07-06T13:56:39.685437
2026-07-06 13:56:39   Market: btc-updown-5m-1783320900
2026-07-06 13:56:39   Signal: BUY_UP
2026-07-06 13:56:39   Token: UP
2026-07-06 13:56:39   Elapsed: 100s | Remaining: 200s | Bin: 0
2026-07-06 13:56:39   --- UP ---
2026-07-06 13:56:39     Price:   LAST=0.6500  BID=0.6400  ASK=0.6500
2026-07-06 13:56:39     VWAP 60s: 0.4971  |  Deviation: +30.76%
2026-07-06 13:56:39     Z-Score 5s: +0.69  |  Momentum 90s: N/A
2026-07-06 13:56:39     Trades: 269  |  Volume: 6304
2026-07-06 13:56:39     Buy Vol: 6226  |  Sell Vol: 78
2026-07-06 13:56:39   --- DOWN ---
2026-07-06 13:56:39     Price:   LAST=0.3600  BID=0.3500  ASK=0.3600
2026-07-06 13:56:39     VWAP 60s: 0.4906  |  Deviation: -26.61%
2026-07-06 13:56:39     Z-Score 5s: -0.34  |  Momentum 90s: N/A
2026-07-06 13:56:39     Trades: 257  |  Volume: 6851
2026-07-06 13:56:39     Buy Vol: 6386  |  Sell Vol: 465
2026-07-06 13:56:39   Win Rate: 0.7%
2026-07-06 13:56:39   Config: min_price=0.6, max_price=0.9, min_elapsed=60s, dev_range=0.1%-100%, no_entry_cutoff=30s
2026-07-06 13:56:39   BTC Chainlink: $62,933.09 (anchor: $62,922.00)
2026-07-06 13:56:39   BTC Deviation: $+11.09 (+0.0176%)
2026-07-06 13:56:39 ============================================================
2026-07-06 13:56:39 MAIN ENTRY FAILED: Could not get price
2026-07-06 13:56:39 ============================================================
2026-07-06 13:56:39 TRADE SIGNAL TRIGGERED
2026-07-06 13:56:39   Time: 2026-07-06T13:56:39.938847
2026-07-06 13:56:39   Market: btc-updown-5m-1783320900
2026-07-06 13:56:39   Signal: BUY_UP
2026-07-06 13:56:39   Token: UP
2026-07-06 13:56:39   Elapsed: 100s | Remaining: 200s | Bin: 0
2026-07-06 13:56:39   --- UP ---
2026-07-06 13:56:39     Price:   LAST=0.6500  BID=0.6400  ASK=0.6500
2026-07-06 13:56:39     VWAP 60s: 0.4973  |  Deviation: +30.71%
2026-07-06 13:56:39     Z-Score 5s: +0.68  |  Momentum 90s: N/A
2026-07-06 13:56:39     Trades: 270  |  Volume: 6309
2026-07-06 13:56:39     Buy Vol: 6231  |  Sell Vol: 78
2026-07-06 13:56:39   --- DOWN ---
2026-07-06 13:56:39     Price:   LAST=0.3600  BID=0.3500  ASK=0.3600
2026-07-06 13:56:39     VWAP 60s: 0.4906  |  Deviation: -26.61%
2026-07-06 13:56:39     Z-Score 5s: -0.21  |  Momentum 90s: N/A
2026-07-06 13:56:39     Trades: 257  |  Volume: 6851
2026-07-06 13:56:39     Buy Vol: 6386  |  Sell Vol: 465
2026-07-06 13:56:39   Win Rate: 0.7%
2026-07-06 13:56:39   Config: min_price=0.6, max_price=0.9, min_elapsed=60s, dev_range=0.1%-100%, no_entry_cutoff=30s
2026-07-06 13:56:39   BTC Chainlink: $62,933.09 (anchor: $62,922.00)
2026-07-06 13:56:39   BTC Deviation: $+11.09 (+0.0176%)
2026-07-06 13:56:39 ============================================================
2026-07-06 13:56:39 MAIN ENTRY FAILED: Could not get price
2026-07-06 13:56:40 ============================================================
2026-07-06 13:56:40 TRADE SIGNAL TRIGGERED
2026-07-06 13:56:40   Time: 2026-07-06T13:56:40.190474
2026-07-06 13:56:40   Market: btc-updown-5m-1783320900
2026-07-06 13:56:40   Signal: BUY_UP
2026-07-06 13:56:40   Token: UP
2026-07-06 13:56:40   Elapsed: 100s | Remaining: 200s | Bin: 0
2026-07-06 13:56:40   --- UP ---
2026-07-06 13:56:40     Price:   LAST=0.6500  BID=0.6400  ASK=0.6500
2026-07-06 13:56:40     VWAP 60s: 0.4973  |  Deviation: +30.71%
2026-07-06 13:56:40     Z-Score 5s: +0.68  |  Momentum 90s: N/A
2026-07-06 13:56:40     Trades: 270  |  Volume: 6309
2026-07-06 13:56:40     Buy Vol: 6231  |  Sell Vol: 78
2026-07-06 13:56:40   --- DOWN ---
2026-07-06 13:56:40     Price:   LAST=0.3600  BID=0.3500  ASK=0.3600
2026-07-06 13:56:40     VWAP 60s: 0.4906  |  Deviation: -26.61%
2026-07-06 13:56:40     Z-Score 5s: -0.21  |  Momentum 90s: N/A
2026-07-06 13:56:40     Trades: 257  |  Volume: 6851
2026-07-06 13:56:40     Buy Vol: 6386  |  Sell Vol: 465
2026-07-06 13:56:40   Win Rate: 0.7%
2026-07-06 13:56:40   Config: min_price=0.6, max_price=0.9, min_elapsed=60s, dev_range=0.1%-100%, no_entry_cutoff=30s
2026-07-06 13:56:40   BTC Chainlink: $62,933.09 (anchor: $62,922.00)
2026-07-06 13:56:40   BTC Deviation: $+11.09 (+0.0176%)
2026-07-06 13:56:40 ============================================================
2026-07-06 13:56:40 MAIN ENTRY FAILED: Could not get price
2026-07-06 13:56:40 ============================================================
2026-07-06 13:56:40 TRADE SIGNAL TRIGGERED
2026-07-06 13:56:40   Time: 2026-07-06T13:56:40.442508
2026-07-06 13:56:40   Market: btc-updown-5m-1783320900
2026-07-06 13:56:40   Signal: BUY_UP
2026-07-06 13:56:40   Token: UP
2026-07-06 13:56:40   Elapsed: 100s | Remaining: 200s | Bin: 0
2026-07-06 13:56:40   --- UP ---
2026-07-06 13:56:40     Price:   LAST=0.6500  BID=0.6400  ASK=0.6500
2026-07-06 13:56:40     VWAP 60s: 0.4974  |  Deviation: +30.69%
2026-07-06 13:56:40     Z-Score 5s: +0.67  |  Momentum 90s: N/A
2026-07-06 13:56:40     Trades: 271  |  Volume: 6314
2026-07-06 13:56:40     Buy Vol: 6236  |  Sell Vol: 78
2026-07-06 13:56:40   --- DOWN ---
2026-07-06 13:56:40     Price:   LAST=0.3500  BID=0.3500  ASK=0.3600
2026-07-06 13:56:40     VWAP 60s: 0.4908  |  Deviation: -28.69%
2026-07-06 13:56:40     Z-Score 5s: -0.40  |  Momentum 90s: N/A
2026-07-06 13:56:40     Trades: 258  |  Volume: 6856
2026-07-06 13:56:40     Buy Vol: 6386  |  Sell Vol: 470
2026-07-06 13:56:40   Win Rate: 0.7%
2026-07-06 13:56:40   Config: min_price=0.6, max_price=0.9, min_elapsed=60s, dev_range=0.1%-100%, no_entry_cutoff=30s
2026-07-06 13:56:40   BTC Chainlink: $62,933.09 (anchor: $62,922.00)
2026-07-06 13:56:40   BTC Deviation: $+11.09 (+0.0176%)
2026-07-06 13:56:40 ============================================================
2026-07-06 13:56:40 MAIN ENTRY FAILED: Could not get price
2026-07-06 13:56:40 ============================================================
2026-07-06 13:56:40 TRADE SIGNAL TRIGGERED
2026-07-06 13:56:40   Time: 2026-07-06T13:56:40.694054
2026-07-06 13:56:40   Market: btc-updown-5m-1783320900
2026-07-06 13:56:40   Signal: BUY_UP
2026-07-06 13:56:40   Token: UP
2026-07-06 13:56:40   Elapsed: 101s | Remaining: 199s | Bin: 0
2026-07-06 13:56:40   --- UP ---
2026-07-06 13:56:40     Price:   LAST=0.6500  BID=0.6400  ASK=0.6500
2026-07-06 13:56:40     VWAP 60s: 0.4974  |  Deviation: +30.69%
2026-07-06 13:56:40     Z-Score 5s: +0.76  |  Momentum 90s: N/A
2026-07-06 13:56:40     Trades: 271  |  Volume: 6314
2026-07-06 13:56:40     Buy Vol: 6236  |  Sell Vol: 78
2026-07-06 13:56:40   --- DOWN ---
2026-07-06 13:56:40     Price:   LAST=0.3600  BID=0.3500  ASK=0.3600
2026-07-06 13:56:40     VWAP 60s: 0.4902  |  Deviation: -26.55%
2026-07-06 13:56:40     Z-Score 5s: +0.19  |  Momentum 90s: N/A
2026-07-06 13:56:40     Trades: 259  |  Volume: 6883
2026-07-06 13:56:40     Buy Vol: 6414  |  Sell Vol: 470
2026-07-06 13:56:40   Win Rate: 0.7%
2026-07-06 13:56:40   Config: min_price=0.6, max_price=0.9, min_elapsed=60s, dev_range=0.1%-100%, no_entry_cutoff=30s
2026-07-06 13:56:40   BTC Chainlink: $62,933.19 (anchor: $62,922.00)
2026-07-06 13:56:40   BTC Deviation: $+11.19 (+0.0178%)
2026-07-06 13:56:40 ============================================================
2026-07-06 13:56:40 MAIN ENTRY FAILED: Could not get price
2026-07-06 13:56:40 ============================================================
2026-07-06 13:56:40 TRADE SIGNAL TRIGGERED
2026-07-06 13:56:40   Time: 2026-07-06T13:56:40.950190
2026-07-06 13:56:40   Market: btc-updown-5m-1783320900
2026-07-06 13:56:40   Signal: BUY_UP
2026-07-06 13:56:40   Token: UP
2026-07-06 13:56:40   Elapsed: 101s | Remaining: 199s | Bin: 0
2026-07-06 13:56:40   --- UP ---
2026-07-06 13:56:40     Price:   LAST=0.6500  BID=0.6400  ASK=0.6500
2026-07-06 13:56:40     VWAP 60s: 0.4973  |  Deviation: +30.71%
2026-07-06 13:56:40     Z-Score 5s: +0.57  |  Momentum 90s: N/A
2026-07-06 13:56:40     Trades: 271  |  Volume: 6314
2026-07-06 13:56:40     Buy Vol: 6236  |  Sell Vol: 78
2026-07-06 13:56:40   --- DOWN ---
2026-07-06 13:56:40     Price:   LAST=0.3600  BID=0.3500  ASK=0.3600
2026-07-06 13:56:40     VWAP 60s: 0.4902  |  Deviation: -26.55%
2026-07-06 13:56:40     Z-Score 5s: +0.70  |  Momentum 90s: N/A
2026-07-06 13:56:40     Trades: 259  |  Volume: 6883
2026-07-06 13:56:40     Buy Vol: 6414  |  Sell Vol: 470
2026-07-06 13:56:40   Win Rate: 0.7%
2026-07-06 13:56:40   Config: min_price=0.6, max_price=0.9, min_elapsed=60s, dev_range=0.1%-100%, no_entry_cutoff=30s
2026-07-06 13:56:40   BTC Chainlink: $62,933.19 (anchor: $62,922.00)
2026-07-06 13:56:40   BTC Deviation: $+11.19 (+0.0178%)
2026-07-06 13:56:40 ============================================================
2026-07-06 13:56:40 MAIN ENTRY FAILED: Could not get price
2026-07-06 13:56:41 ============================================================
2026-07-06 13:56:41 TRADE SIGNAL TRIGGERED
2026-07-06 13:56:41   Time: 2026-07-06T13:56:41.204063
2026-07-06 13:56:41   Market: btc-updown-5m-1783320900
2026-07-06 13:56:41   Signal: BUY_UP
2026-07-06 13:56:41   Token: UP
2026-07-06 13:56:41   Elapsed: 101s | Remaining: 199s | Bin: 0
2026-07-06 13:56:41   --- UP ---
2026-07-06 13:56:41     Price:   LAST=0.6500  BID=0.6400  ASK=0.6500
2026-07-06 13:56:41     VWAP 60s: 0.4973  |  Deviation: +30.71%
2026-07-06 13:56:41     Z-Score 5s: +0.13  |  Momentum 90s: N/A
2026-07-06 13:56:41     Trades: 271  |  Volume: 6314
2026-07-06 13:56:41     Buy Vol: 6236  |  Sell Vol: 78
2026-07-06 13:56:41   --- DOWN ---
2026-07-06 13:56:41     Price:   LAST=0.3600  BID=0.3500  ASK=0.3600
2026-07-06 13:56:41     VWAP 60s: 0.4900  |  Deviation: -26.54%
2026-07-06 13:56:41     Z-Score 5s: +0.65  |  Momentum 90s: N/A
2026-07-06 13:56:41     Trades: 260  |  Volume: 6889
2026-07-06 13:56:41     Buy Vol: 6419  |  Sell Vol: 470
2026-07-06 13:56:41   Win Rate: 0.7%
2026-07-06 13:56:41   Config: min_price=0.6, max_price=0.9, min_elapsed=60s, dev_range=0.1%-100%, no_entry_cutoff=30s
2026-07-06 13:56:41   BTC Chainlink: $62,933.19 (anchor: $62,922.00)
2026-07-06 13:56:41   BTC Deviation: $+11.19 (+0.0178%)
2026-07-06 13:56:41 ============================================================
2026-07-06 13:56:41 MAIN ENTRY FAILED: Could not get price
2026-07-06 13:56:41 ============================================================
2026-07-06 13:56:41 TRADE SIGNAL TRIGGERED
2026-07-06 13:56:41   Time: 2026-07-06T13:56:41.457448
2026-07-06 13:56:41   Market: btc-updown-5m-1783320900
2026-07-06 13:56:41   Signal: BUY_UP
2026-07-06 13:56:41   Token: UP
2026-07-06 13:56:41   Elapsed: 101s | Remaining: 199s | Bin: 0
2026-07-06 13:56:41   --- UP ---
2026-07-06 13:56:41     Price:   LAST=0.6300  BID=0.6300  ASK=0.6400
2026-07-06 13:56:41     VWAP 60s: 0.4973  |  Deviation: +26.70%
2026-07-06 13:56:41     Z-Score 5s: -1.65  |  Momentum 90s: N/A
2026-07-06 13:56:41     Trades: 272  |  Volume: 6318
2026-07-06 13:56:41     Buy Vol: 6236  |  Sell Vol: 82
2026-07-06 13:56:41   --- DOWN ---
2026-07-06 13:56:41     Price:   LAST=0.3700  BID=0.3600  ASK=0.3700
2026-07-06 13:56:41     VWAP 60s: 0.4851  |  Deviation: -23.73%
2026-07-06 13:56:41     Z-Score 5s: +1.17  |  Momentum 90s: N/A
2026-07-06 13:56:41     Trades: 263  |  Volume: 7143
2026-07-06 13:56:41     Buy Vol: 6673  |  Sell Vol: 470
2026-07-06 13:56:41   Win Rate: 0.6%
2026-07-06 13:56:41   Config: min_price=0.6, max_price=0.9, min_elapsed=60s, dev_range=0.1%-100%, no_entry_cutoff=30s
2026-07-06 13:56:41   BTC Chainlink: $62,933.19 (anchor: $62,922.00)
2026-07-06 13:56:41   BTC Deviation: $+11.19 (+0.0178%)
2026-07-06 13:56:41 ============================================================
2026-07-06 13:56:41 MAIN ENTRY FAILED: Could not get price
2026-07-06 13:56:41 ============================================================
2026-07-06 13:56:41 TRADE SIGNAL TRIGGERED
2026-07-06 13:56:41   Time: 2026-07-06T13:56:41.712039
2026-07-06 13:56:41   Market: btc-updown-5m-1783320900
2026-07-06 13:56:41   Signal: BUY_UP
2026-07-06 13:56:41   Token: UP
2026-07-06 13:56:41   Elapsed: 102s | Remaining: 198s | Bin: 0
2026-07-06 13:56:41   --- UP ---
2026-07-06 13:56:41     Price:   LAST=0.6300  BID=0.6200  ASK=0.6300
2026-07-06 13:56:41     VWAP 60s: 0.4972  |  Deviation: +26.70%
2026-07-06 13:56:41     Z-Score 5s: -1.71  |  Momentum 90s: N/A
2026-07-06 13:56:41     Trades: 272  |  Volume: 6318
2026-07-06 13:56:41     Buy Vol: 6236  |  Sell Vol: 82
2026-07-06 13:56:41   --- DOWN ---
2026-07-06 13:56:41     Price:   LAST=0.3700  BID=0.3700  ASK=0.3800
2026-07-06 13:56:41     VWAP 60s: 0.4843  |  Deviation: -23.60%
2026-07-06 13:56:41     Z-Score 5s: +1.01  |  Momentum 90s: N/A
2026-07-06 13:56:41     Trades: 266  |  Volume: 7182
2026-07-06 13:56:41     Buy Vol: 6712  |  Sell Vol: 470
2026-07-06 13:56:41   Win Rate: 0.6%
2026-07-06 13:56:41   Config: min_price=0.6, max_price=0.9, min_elapsed=60s, dev_range=0.1%-100%, no_entry_cutoff=30s
2026-07-06 13:56:41   BTC Chainlink: $62,933.19 (anchor: $62,922.00)
2026-07-06 13:56:41   BTC Deviation: $+11.19 (+0.0178%)
2026-07-06 13:56:41 ============================================================
2026-07-06 13:56:41 MAIN ENTRY FAILED: Could not get price
2026-07-06 13:56:41 ============================================================
2026-07-06 13:56:41 TRADE SIGNAL TRIGGERED
2026-07-06 13:56:41   Time: 2026-07-06T13:56:41.973504
2026-07-06 13:56:41   Market: btc-updown-5m-1783320900
2026-07-06 13:56:41   Signal: BUY_UP
2026-07-06 13:56:41   Token: UP
2026-07-06 13:56:41   Elapsed: 102s | Remaining: 198s | Bin: 0
2026-07-06 13:56:41   --- UP ---
2026-07-06 13:56:41     Price:   LAST=0.6300  BID=0.6200  ASK=0.6300
2026-07-06 13:56:41     VWAP 60s: 0.4972  |  Deviation: +26.72%
2026-07-06 13:56:41     Z-Score 5s: -1.95  |  Momentum 90s: N/A
2026-07-06 13:56:41     Trades: 272  |  Volume: 6318
2026-07-06 13:56:41     Buy Vol: 6236  |  Sell Vol: 82
2026-07-06 13:56:41   --- DOWN ---
2026-07-06 13:56:41     Price:   LAST=0.3800  BID=0.3700  ASK=0.3800
2026-07-06 13:56:41     VWAP 60s: 0.4838  |  Deviation: -21.45%
2026-07-06 13:56:41     Z-Score 5s: +1.43  |  Momentum 90s: N/A
2026-07-06 13:56:41     Trades: 268  |  Volume: 7208
2026-07-06 13:56:41     Buy Vol: 6738  |  Sell Vol: 470
2026-07-06 13:56:41   Win Rate: 0.6%
2026-07-06 13:56:41   Config: min_price=0.6, max_price=0.9, min_elapsed=60s, dev_range=0.1%-100%, no_entry_cutoff=30s
2026-07-06 13:56:41   BTC Chainlink: $62,933.77 (anchor: $62,922.00)
2026-07-06 13:56:41   BTC Deviation: $+11.77 (+0.0187%)
2026-07-06 13:56:41 ============================================================
2026-07-06 13:56:41 MAIN ENTRY FAILED: Could not get price
2026-07-06 13:56:42 ============================================================
2026-07-06 13:56:42 TRADE SIGNAL TRIGGERED
2026-07-06 13:56:42   Time: 2026-07-06T13:56:42.226782
2026-07-06 13:56:42   Market: btc-updown-5m-1783320900
2026-07-06 13:56:42   Signal: BUY_UP
2026-07-06 13:56:42   Token: UP
2026-07-06 13:56:42   Elapsed: 102s | Remaining: 198s | Bin: 0
2026-07-06 13:56:42   --- UP ---
2026-07-06 13:56:42     Price:   LAST=0.6300  BID=0.6200  ASK=0.6300
2026-07-06 13:56:42     VWAP 60s: 0.4980  |  Deviation: +26.52%
2026-07-06 13:56:42     Z-Score 5s: -1.67  |  Momentum 90s: N/A
2026-07-06 13:56:42     Trades: 273  |  Volume: 6348
2026-07-06 13:56:42     Buy Vol: 6266  |  Sell Vol: 82
2026-07-06 13:56:42   --- DOWN ---
2026-07-06 13:56:42     Price:   LAST=0.3800  BID=0.3700  ASK=0.3800
2026-07-06 13:56:42     VWAP 60s: 0.4835  |  Deviation: -21.41%
2026-07-06 13:56:42     Z-Score 5s: +1.46  |  Momentum 90s: N/A
2026-07-06 13:56:42     Trades: 268  |  Volume: 7208
2026-07-06 13:56:42     Buy Vol: 6738  |  Sell Vol: 470
2026-07-06 13:56:42   Win Rate: 0.6%
2026-07-06 13:56:42   Config: min_price=0.6, max_price=0.9, min_elapsed=60s, dev_range=0.1%-100%, no_entry_cutoff=30s
2026-07-06 13:56:42   BTC Chainlink: $62,933.77 (anchor: $62,922.00)
2026-07-06 13:56:42   BTC Deviation: $+11.77 (+0.0187%)
2026-07-06 13:56:42 ============================================================
2026-07-06 13:56:42 MAIN ENTRY FAILED: Could not get price
2026-07-06 13:56:42 ============================================================
2026-07-06 13:56:42 TRADE SIGNAL TRIGGERED
2026-07-06 13:56:42   Time: 2026-07-06T13:56:42.481036
2026-07-06 13:56:42   Market: btc-updown-5m-1783320900
2026-07-06 13:56:42   Signal: BUY_UP
2026-07-06 13:56:42   Token: UP
2026-07-06 13:56:42   Elapsed: 102s | Remaining: 198s | Bin: 0
2026-07-06 13:56:42   --- UP ---
2026-07-06 13:56:42     Price:   LAST=0.6300  BID=0.5800  ASK=0.5900
2026-07-06 13:56:42     VWAP 60s: 0.4984  |  Deviation: +26.41%
2026-07-06 13:56:42     Z-Score 5s: -1.41  |  Momentum 90s: N/A
2026-07-06 13:56:42     Trades: 274  |  Volume: 6362
2026-07-06 13:56:42     Buy Vol: 6281  |  Sell Vol: 82
2026-07-06 13:56:42   --- DOWN ---
2026-07-06 13:56:42     Price:   LAST=0.4200  BID=0.4100  ASK=0.4200
2026-07-06 13:56:42     VWAP 60s: 0.4776  |  Deviation: -12.06%
2026-07-06 13:56:42     Z-Score 5s: +2.25  |  Momentum 90s: N/A
2026-07-06 13:56:42     Trades: 276  |  Volume: 7598
2026-07-06 13:56:42     Buy Vol: 7128  |  Sell Vol: 470
2026-07-06 13:56:42   Win Rate: 0.6%
2026-07-06 13:56:42   Config: min_price=0.6, max_price=0.9, min_elapsed=60s, dev_range=0.1%-100%, no_entry_cutoff=30s
2026-07-06 13:56:42   BTC Chainlink: $62,933.77 (anchor: $62,922.00)
2026-07-06 13:56:42   BTC Deviation: $+11.77 (+0.0187%)
2026-07-06 13:56:42 ============================================================
2026-07-06 13:56:42 MAIN ENTRY FAILED: Could not get price
2026-07-06 13:56:42 ============================================================
2026-07-06 13:56:42 TRADE SIGNAL TRIGGERED
2026-07-06 13:56:42   Time: 2026-07-06T13:56:42.741135
2026-07-06 13:56:42   Market: btc-updown-5m-1783320900
2026-07-06 13:56:42   Signal: BUY_UP
2026-07-06 13:56:42   Token: UP
2026-07-06 13:56:42   Elapsed: 103s | Remaining: 197s | Bin: 0
2026-07-06 13:56:42   --- UP ---
2026-07-06 13:56:42     Price:   LAST=0.6300  BID=0.5800  ASK=0.5900
2026-07-06 13:56:42     VWAP 60s: 0.4982  |  Deviation: +26.45%
2026-07-06 13:56:42     Z-Score 5s: -1.41  |  Momentum 90s: N/A
2026-07-06 13:56:42     Trades: 274  |  Volume: 6362
2026-07-06 13:56:42     Buy Vol: 6281  |  Sell Vol: 82
2026-07-06 13:56:42   --- DOWN ---
2026-07-06 13:56:42     Price:   LAST=0.4200  BID=0.4100  ASK=0.4200
2026-07-06 13:56:42     VWAP 60s: 0.4776  |  Deviation: -12.06%
2026-07-06 13:56:42     Z-Score 5s: +2.24  |  Momentum 90s: N/A
2026-07-06 13:56:42     Trades: 276  |  Volume: 7598
2026-07-06 13:56:42     Buy Vol: 7128  |  Sell Vol: 470
2026-07-06 13:56:42   Win Rate: 0.6%
2026-07-06 13:56:42   Config: min_price=0.6, max_price=0.9, min_elapsed=60s, dev_range=0.1%-100%, no_entry_cutoff=30s
2026-07-06 13:56:42   BTC Chainlink: $62,933.93 (anchor: $62,922.00)
2026-07-06 13:56:42   BTC Deviation: $+11.93 (+0.0190%)
2026-07-06 13:56:42 ============================================================
2026-07-06 13:56:42 MAIN ENTRY FAILED: Could not get price
2026-07-06 13:56:42 ============================================================
2026-07-06 13:56:42 TRADE SIGNAL TRIGGERED
2026-07-06 13:56:42   Time: 2026-07-06T13:56:42.993611
2026-07-06 13:56:42   Market: btc-updown-5m-1783320900
2026-07-06 13:56:42   Signal: BUY_UP
2026-07-06 13:56:42   Token: UP
2026-07-06 13:56:42   Elapsed: 103s | Remaining: 197s | Bin: 0
2026-07-06 13:56:42   --- UP ---
2026-07-06 13:56:42     Price:   LAST=0.6300  BID=0.5800  ASK=0.5900
2026-07-06 13:56:42     VWAP 60s: 0.4982  |  Deviation: +26.45%
2026-07-06 13:56:42     Z-Score 5s: -1.41  |  Momentum 90s: N/A
2026-07-06 13:56:42     Trades: 274  |  Volume: 6362
2026-07-06 13:56:42     Buy Vol: 6281  |  Sell Vol: 82
2026-07-06 13:56:42   --- DOWN ---
2026-07-06 13:56:42     Price:   LAST=0.4200  BID=0.4100  ASK=0.4200
2026-07-06 13:56:42     VWAP 60s: 0.4776  |  Deviation: -12.06%
2026-07-06 13:56:42     Z-Score 5s: +2.24  |  Momentum 90s: N/A
2026-07-06 13:56:42     Trades: 276  |  Volume: 7598
2026-07-06 13:56:42     Buy Vol: 7128  |  Sell Vol: 470
2026-07-06 13:56:42   Win Rate: 0.6%
2026-07-06 13:56:42   Config: min_price=0.6, max_price=0.9, min_elapsed=60s, dev_range=0.1%-100%, no_entry_cutoff=30s
2026-07-06 13:56:42   BTC Chainlink: $62,933.93 (anchor: $62,922.00)
2026-07-06 13:56:42   BTC Deviation: $+11.93 (+0.0190%)
2026-07-06 13:56:42 ============================================================
2026-07-06 13:56:42 MAIN ENTRY FAILED: Could not get price
2026-07-06 13:56:50 ============================================================
2026-07-06 13:56:50 TRADE SIGNAL TRIGGERED
2026-07-06 13:56:50   Time: 2026-07-06T13:56:50.129345
2026-07-06 13:56:50   Market: btc-updown-5m-1783320900
2026-07-06 13:56:50   Signal: BUY_UP
2026-07-06 13:56:50   Token: UP
2026-07-06 13:56:50   Elapsed: 110s | Remaining: 190s | Bin: 0
2026-07-06 13:56:50   --- UP ---
2026-07-06 13:56:50     Price:   LAST=0.6000  BID=0.6000  ASK=0.6100
2026-07-06 13:56:50     VWAP 60s: 0.5161  |  Deviation: +16.26%
2026-07-06 13:56:50     Z-Score 5s: +2.04  |  Momentum 90s: +15.38%
2026-07-06 13:56:50     Trades: 320  |  Volume: 7839
2026-07-06 13:56:50     Buy Vol: 7758  |  Sell Vol: 82
2026-07-06 13:56:50   --- DOWN ---
2026-07-06 13:56:50     Price:   LAST=0.4000  BID=0.3900  ASK=0.4000
2026-07-06 13:56:50     VWAP 60s: 0.4727  |  Deviation: -15.39%
2026-07-06 13:56:50     Z-Score 5s: -1.95  |  Momentum 90s: -18.37%
2026-07-06 13:56:50     Trades: 297  |  Volume: 8003
2026-07-06 13:56:50     Buy Vol: 7499  |  Sell Vol: 504
2026-07-06 13:56:50   Win Rate: 0.6%
2026-07-06 13:56:50   Config: min_price=0.6, max_price=0.9, min_elapsed=60s, dev_range=0.1%-100%, no_entry_cutoff=30s
2026-07-06 13:56:50   BTC Chainlink: $62,929.68 (anchor: $62,922.00)
2026-07-06 13:56:50   BTC Deviation: $+7.68 (+0.0122%)
2026-07-06 13:56:50 ============================================================
2026-07-06 13:56:50 MAIN ENTRY FAILED: Could not get price
2026-07-06 13:56:50 ============================================================
2026-07-06 13:56:50 TRADE SIGNAL TRIGGERED
2026-07-06 13:56:50   Time: 2026-07-06T13:56:50.381562
2026-07-06 13:56:50   Market: btc-updown-5m-1783320900
2026-07-06 13:56:50   Signal: BUY_UP
2026-07-06 13:56:50   Token: UP
2026-07-06 13:56:50   Elapsed: 110s | Remaining: 190s | Bin: 0
2026-07-06 13:56:50   --- UP ---
2026-07-06 13:56:50     Price:   LAST=0.6000  BID=0.6000  ASK=0.6100
2026-07-06 13:56:50     VWAP 60s: 0.5163  |  Deviation: +16.21%
2026-07-06 13:56:50     Z-Score 5s: +1.94  |  Momentum 90s: +15.38%
2026-07-06 13:56:50     Trades: 320  |  Volume: 7839
2026-07-06 13:56:50     Buy Vol: 7758  |  Sell Vol: 82
2026-07-06 13:56:50   --- DOWN ---
2026-07-06 13:56:50     Price:   LAST=0.4000  BID=0.3900  ASK=0.4000
2026-07-06 13:56:50     VWAP 60s: 0.4727  |  Deviation: -15.39%
2026-07-06 13:56:50     Z-Score 5s: -1.95  |  Momentum 90s: -18.55%
2026-07-06 13:56:50     Trades: 297  |  Volume: 8003
2026-07-06 13:56:50     Buy Vol: 7499  |  Sell Vol: 504
2026-07-06 13:56:50   Win Rate: 0.6%
2026-07-06 13:56:50   Config: min_price=0.6, max_price=0.9, min_elapsed=60s, dev_range=0.1%-100%, no_entry_cutoff=30s
2026-07-06 13:56:50   BTC Chainlink: $62,929.68 (anchor: $62,922.00)
2026-07-06 13:56:50   BTC Deviation: $+7.68 (+0.0122%)
2026-07-06 13:56:50 ============================================================
2026-07-06 13:56:50 MAIN ENTRY FAILED: Could not get price
2026-07-06 13:56:50 ============================================================
2026-07-06 13:56:50 TRADE SIGNAL TRIGGERED
2026-07-06 13:56:50   Time: 2026-07-06T13:56:50.638296
2026-07-06 13:56:50   Market: btc-updown-5m-1783320900
2026-07-06 13:56:50   Signal: BUY_UP
2026-07-06 13:56:50   Token: UP
2026-07-06 13:56:50   Elapsed: 111s | Remaining: 189s | Bin: 0
2026-07-06 13:56:50   --- UP ---
2026-07-06 13:56:50     Price:   LAST=0.6000  BID=0.6000  ASK=0.6100
2026-07-06 13:56:50     VWAP 60s: 0.5163  |  Deviation: +16.21%
2026-07-06 13:56:50     Z-Score 5s: +1.93  |  Momentum 90s: +15.79%
2026-07-06 13:56:50     Trades: 320  |  Volume: 7839
2026-07-06 13:56:50     Buy Vol: 7758  |  Sell Vol: 82
2026-07-06 13:56:50   --- DOWN ---
2026-07-06 13:56:50     Price:   LAST=0.4000  BID=0.3900  ASK=0.4000
2026-07-06 13:56:50     VWAP 60s: 0.4727  |  Deviation: -15.39%
2026-07-06 13:56:50     Z-Score 5s: -1.95  |  Momentum 90s: -18.58%
2026-07-06 13:56:50     Trades: 297  |  Volume: 8003
2026-07-06 13:56:50     Buy Vol: 7499  |  Sell Vol: 504
2026-07-06 13:56:50   Win Rate: 0.6%
2026-07-06 13:56:50   Config: min_price=0.6, max_price=0.9, min_elapsed=60s, dev_range=0.1%-100%, no_entry_cutoff=30s
2026-07-06 13:56:50   BTC Chainlink: $62,929.77 (anchor: $62,922.00)
2026-07-06 13:56:50   BTC Deviation: $+7.77 (+0.0123%)
2026-07-06 13:56:50 ============================================================
2026-07-06 13:56:50 MAIN ENTRY FAILED: Could not get price
2026-07-06 13:56:50 ============================================================
2026-07-06 13:56:50 TRADE SIGNAL TRIGGERED
2026-07-06 13:56:50   Time: 2026-07-06T13:56:50.889270
2026-07-06 13:56:50   Market: btc-updown-5m-1783320900
2026-07-06 13:56:50   Signal: BUY_UP
2026-07-06 13:56:50   Token: UP
2026-07-06 13:56:50   Elapsed: 111s | Remaining: 189s | Bin: 0
2026-07-06 13:56:50   --- UP ---
2026-07-06 13:56:50     Price:   LAST=0.6000  BID=0.6000  ASK=0.6100
2026-07-06 13:56:50     VWAP 60s: 0.5163  |  Deviation: +16.21%
2026-07-06 13:56:50     Z-Score 5s: +1.72  |  Momentum 90s: +15.79%
2026-07-06 13:56:50     Trades: 320  |  Volume: 7839
2026-07-06 13:56:50     Buy Vol: 7758  |  Sell Vol: 82
2026-07-06 13:56:50   --- DOWN ---
2026-07-06 13:56:50     Price:   LAST=0.4000  BID=0.3900  ASK=0.4000
2026-07-06 13:56:50     VWAP 60s: 0.4727  |  Deviation: -15.39%
2026-07-06 13:56:50     Z-Score 5s: -1.95  |  Momentum 90s: -18.74%
2026-07-06 13:56:50     Trades: 297  |  Volume: 8003
2026-07-06 13:56:50     Buy Vol: 7499  |  Sell Vol: 504
2026-07-06 13:56:50   Win Rate: 0.6%
2026-07-06 13:56:50   Config: min_price=0.6, max_price=0.9, min_elapsed=60s, dev_range=0.1%-100%, no_entry_cutoff=30s
2026-07-06 13:56:50   BTC Chainlink: $62,929.77 (anchor: $62,922.00)
2026-07-06 13:56:50   BTC Deviation: $+7.77 (+0.0123%)
2026-07-06 13:56:50 ============================================================
2026-07-06 13:56:50 MAIN ENTRY FAILED: Could not get price
2026-07-06 13:56:51 ============================================================
2026-07-06 13:56:51 TRADE SIGNAL TRIGGERED
2026-07-06 13:56:51   Time: 2026-07-06T13:56:51.147772
2026-07-06 13:56:51   Market: btc-updown-5m-1783320900
2026-07-06 13:56:51   Signal: BUY_UP
2026-07-06 13:56:51   Token: UP
2026-07-06 13:56:51   Elapsed: 111s | Remaining: 189s | Bin: 0
2026-07-06 13:56:51   --- UP ---
2026-07-06 13:56:51     Price:   LAST=0.6100  BID=0.6000  ASK=0.6100
2026-07-06 13:56:51     VWAP 60s: 0.5164  |  Deviation: +18.13%
2026-07-06 13:56:51     Z-Score 5s: +1.99  |  Momentum 90s: +17.93%
2026-07-06 13:56:51     Trades: 321  |  Volume: 7844
2026-07-06 13:56:51     Buy Vol: 7763  |  Sell Vol: 82
2026-07-06 13:56:51   --- DOWN ---
2026-07-06 13:56:51     Price:   LAST=0.4000  BID=0.3900  ASK=0.4000
2026-07-06 13:56:51     VWAP 60s: 0.4728  |  Deviation: -15.39%
2026-07-06 13:56:51     Z-Score 5s: -2.39  |  Momentum 90s: -18.74%
2026-07-06 13:56:51     Trades: 297  |  Volume: 8003
2026-07-06 13:56:51     Buy Vol: 7499  |  Sell Vol: 504
2026-07-06 13:56:51   Win Rate: 0.6%
2026-07-06 13:56:51   Config: min_price=0.6, max_price=0.9, min_elapsed=60s, dev_range=0.1%-100%, no_entry_cutoff=30s
2026-07-06 13:56:51   BTC Chainlink: $62,929.77 (anchor: $62,922.00)
2026-07-06 13:56:51   BTC Deviation: $+7.77 (+0.0123%)
2026-07-06 13:56:51 ============================================================
2026-07-06 13:56:51 MAIN ENTRY FAILED: Could not get price
2026-07-06 13:56:51 ============================================================
2026-07-06 13:56:51 TRADE SIGNAL TRIGGERED
2026-07-06 13:56:51   Time: 2026-07-06T13:56:51.411593
2026-07-06 13:56:51   Market: btc-updown-5m-1783320900
2026-07-06 13:56:51   Signal: BUY_UP
2026-07-06 13:56:51   Token: UP
2026-07-06 13:56:51   Elapsed: 111s | Remaining: 189s | Bin: 0
2026-07-06 13:56:51   --- UP ---
2026-07-06 13:56:51     Price:   LAST=0.6100  BID=0.6000  ASK=0.6100
2026-07-06 13:56:51     VWAP 60s: 0.5165  |  Deviation: +18.10%
2026-07-06 13:56:51     Z-Score 5s: +1.65  |  Momentum 90s: +17.93%
2026-07-06 13:56:51     Trades: 322  |  Volume: 7850
2026-07-06 13:56:51     Buy Vol: 7769  |  Sell Vol: 82
2026-07-06 13:56:51   --- DOWN ---
2026-07-06 13:56:51     Price:   LAST=0.4000  BID=0.3900  ASK=0.4000
2026-07-06 13:56:51     VWAP 60s: 0.4727  |  Deviation: -15.38%
2026-07-06 13:56:51     Z-Score 5s: -1.83  |  Momentum 90s: -18.74%
2026-07-06 13:56:51     Trades: 298  |  Volume: 8008
2026-07-06 13:56:51     Buy Vol: 7505  |  Sell Vol: 504
2026-07-06 13:56:51   Win Rate: 0.6%
2026-07-06 13:56:51   Config: min_price=0.6, max_price=0.9, min_elapsed=60s, dev_range=0.1%-100%, no_entry_cutoff=30s
2026-07-06 13:56:51   BTC Chainlink: $62,929.65 (anchor: $62,922.00)
2026-07-06 13:56:51   BTC Deviation: $+7.65 (+0.0122%)
2026-07-06 13:56:51 ============================================================
2026-07-06 13:56:51 MAIN ENTRY FAILED: Could not get price
2026-07-06 13:56:51 ============================================================
2026-07-06 13:56:51 TRADE SIGNAL TRIGGERED
2026-07-06 13:56:51   Time: 2026-07-06T13:56:51.667347
2026-07-06 13:56:51   Market: btc-updown-5m-1783320900
2026-07-06 13:56:51   Signal: BUY_UP
2026-07-06 13:56:51   Token: UP
2026-07-06 13:56:51   Elapsed: 112s | Remaining: 188s | Bin: 0
2026-07-06 13:56:51   --- UP ---
2026-07-06 13:56:51     Price:   LAST=0.6100  BID=0.6000  ASK=0.6100
2026-07-06 13:56:51     VWAP 60s: 0.5163  |  Deviation: +18.15%
2026-07-06 13:56:51     Z-Score 5s: +1.71  |  Momentum 90s: +17.99%
2026-07-06 13:56:51     Trades: 322  |  Volume: 7850
2026-07-06 13:56:51     Buy Vol: 7769  |  Sell Vol: 82
2026-07-06 13:56:51   --- DOWN ---
2026-07-06 13:56:51     Price:   LAST=0.4000  BID=0.3900  ASK=0.4000
2026-07-06 13:56:51     VWAP 60s: 0.4727  |  Deviation: -15.39%
2026-07-06 13:56:51     Z-Score 5s: -1.83  |  Momentum 90s: -18.74%
2026-07-06 13:56:51     Trades: 298  |  Volume: 8008
2026-07-06 13:56:51     Buy Vol: 7505  |  Sell Vol: 504
2026-07-06 13:56:51   Win Rate: 0.6%
2026-07-06 13:56:51   Config: min_price=0.6, max_price=0.9, min_elapsed=60s, dev_range=0.1%-100%, no_entry_cutoff=30s
2026-07-06 13:56:51   BTC Chainlink: $62,929.65 (anchor: $62,922.00)
2026-07-06 13:56:51   BTC Deviation: $+7.65 (+0.0122%)
2026-07-06 13:56:51 ============================================================
2026-07-06 13:56:51 MAIN ENTRY FAILED: Could not get price
2026-07-06 13:56:51 ============================================================
2026-07-06 13:56:51 TRADE SIGNAL TRIGGERED
2026-07-06 13:56:51   Time: 2026-07-06T13:56:51.921370
2026-07-06 13:56:51   Market: btc-updown-5m-1783320900
2026-07-06 13:56:51   Signal: BUY_UP
2026-07-06 13:56:51   Token: UP
2026-07-06 13:56:51   Elapsed: 112s | Remaining: 188s | Bin: 0
2026-07-06 13:56:51   --- UP ---
2026-07-06 13:56:51     Price:   LAST=0.6100  BID=0.6000  ASK=0.6100
2026-07-06 13:56:51     VWAP 60s: 0.5163  |  Deviation: +18.15%
2026-07-06 13:56:51     Z-Score 5s: +1.71  |  Momentum 90s: +18.13%
2026-07-06 13:56:51     Trades: 322  |  Volume: 7850
2026-07-06 13:56:51     Buy Vol: 7769  |  Sell Vol: 82
2026-07-06 13:56:51   --- DOWN ---
2026-07-06 13:56:51     Price:   LAST=0.4000  BID=0.3900  ASK=0.4000
2026-07-06 13:56:51     VWAP 60s: 0.4727  |  Deviation: -15.39%
2026-07-06 13:56:51     Z-Score 5s: -1.73  |  Momentum 90s: -18.74%
2026-07-06 13:56:51     Trades: 298  |  Volume: 8008
2026-07-06 13:56:51     Buy Vol: 7505  |  Sell Vol: 504
2026-07-06 13:56:51   Win Rate: 0.6%
2026-07-06 13:56:51   Config: min_price=0.6, max_price=0.9, min_elapsed=60s, dev_range=0.1%-100%, no_entry_cutoff=30s
2026-07-06 13:56:51   BTC Chainlink: $62,929.65 (anchor: $62,922.00)
2026-07-06 13:56:51   BTC Deviation: $+7.65 (+0.0122%)
2026-07-06 13:56:51 ============================================================
2026-07-06 13:56:51 MAIN ENTRY FAILED: Could not get price
2026-07-06 13:56:52 ============================================================
2026-07-06 13:56:52 TRADE SIGNAL TRIGGERED
2026-07-06 13:56:52   Time: 2026-07-06T13:56:52.175350
2026-07-06 13:56:52   Market: btc-updown-5m-1783320900
2026-07-06 13:56:52   Signal: BUY_UP
2026-07-06 13:56:52   Token: UP
2026-07-06 13:56:52   Elapsed: 112s | Remaining: 188s | Bin: 0
2026-07-06 13:56:52   --- UP ---
2026-07-06 13:56:52     Price:   LAST=0.6100  BID=0.6000  ASK=0.6100
2026-07-06 13:56:52     VWAP 60s: 0.5163  |  Deviation: +18.15%
2026-07-06 13:56:52     Z-Score 5s: +1.66  |  Momentum 90s: +18.13%
2026-07-06 13:56:52     Trades: 322  |  Volume: 7850
2026-07-06 13:56:52     Buy Vol: 7769  |  Sell Vol: 82
2026-07-06 13:56:52   --- DOWN ---
2026-07-06 13:56:52     Price:   LAST=0.4000  BID=0.3900  ASK=0.4000
2026-07-06 13:56:52     VWAP 60s: 0.4700  |  Deviation: -14.90%
2026-07-06 13:56:52     Z-Score 5s: -1.28  |  Momentum 90s: -18.74%
2026-07-06 13:56:52     Trades: 300  |  Volume: 8218
2026-07-06 13:56:52     Buy Vol: 7715  |  Sell Vol: 504
2026-07-06 13:56:52   Win Rate: 0.6%
2026-07-06 13:56:52   Config: min_price=0.6, max_price=0.9, min_elapsed=60s, dev_range=0.1%-100%, no_entry_cutoff=30s
2026-07-06 13:56:52   BTC Chainlink: $62,929.65 (anchor: $62,922.00)
2026-07-06 13:56:52   BTC Deviation: $+7.65 (+0.0122%)
2026-07-06 13:56:52 ============================================================
2026-07-06 13:56:52 MAIN ENTRY FAILED: Could not get price
2026-07-06 13:56:52 ============================================================
2026-07-06 13:56:52 TRADE SIGNAL TRIGGERED
2026-07-06 13:56:52   Time: 2026-07-06T13:56:52.426548
2026-07-06 13:56:52   Market: btc-updown-5m-1783320900
2026-07-06 13:56:52   Signal: BUY_UP
2026-07-06 13:56:52   Token: UP
2026-07-06 13:56:52   Elapsed: 112s | Remaining: 188s | Bin: 0
2026-07-06 13:56:52   --- UP ---
2026-07-06 13:56:52     Price:   LAST=0.6100  BID=0.6000  ASK=0.6100
2026-07-06 13:56:52     VWAP 60s: 0.5163  |  Deviation: +18.15%
2026-07-06 13:56:52     Z-Score 5s: +1.64  |  Momentum 90s: +18.45%
2026-07-06 13:56:52     Trades: 322  |  Volume: 7850
2026-07-06 13:56:52     Buy Vol: 7769  |  Sell Vol: 82
2026-07-06 13:56:52   --- DOWN ---
2026-07-06 13:56:52     Price:   LAST=0.4000  BID=0.3900  ASK=0.4000
2026-07-06 13:56:52     VWAP 60s: 0.4699  |  Deviation: -14.88%
2026-07-06 13:56:52     Z-Score 5s: -1.08  |  Momentum 90s: -18.92%
2026-07-06 13:56:52     Trades: 301  |  Volume: 8228
2026-07-06 13:56:52     Buy Vol: 7725  |  Sell Vol: 504
2026-07-06 13:56:52   Win Rate: 0.6%
2026-07-06 13:56:52   Config: min_price=0.6, max_price=0.9, min_elapsed=60s, dev_range=0.1%-100%, no_entry_cutoff=30s
2026-07-06 13:56:52   BTC Chainlink: $62,929.65 (anchor: $62,922.00)
2026-07-06 13:56:52   BTC Deviation: $+7.65 (+0.0122%)
2026-07-06 13:56:52 ============================================================
2026-07-06 13:56:52 MAIN ENTRY FAILED: Could not get price
2026-07-06 13:56:52 ============================================================
2026-07-06 13:56:52 TRADE SIGNAL TRIGGERED
2026-07-06 13:56:52   Time: 2026-07-06T13:56:52.683244
2026-07-06 13:56:52   Market: btc-updown-5m-1783320900
2026-07-06 13:56:52   Signal: BUY_UP
2026-07-06 13:56:52   Token: UP
2026-07-06 13:56:52   Elapsed: 113s | Remaining: 187s | Bin: 0
2026-07-06 13:56:52   --- UP ---
2026-07-06 13:56:52     Price:   LAST=0.6100  BID=0.6000  ASK=0.6100
2026-07-06 13:56:52     VWAP 60s: 0.5163  |  Deviation: +18.15%
2026-07-06 13:56:52     Z-Score 5s: +1.64  |  Momentum 90s: +19.22%
2026-07-06 13:56:52     Trades: 322  |  Volume: 7850
2026-07-06 13:56:52     Buy Vol: 7769  |  Sell Vol: 82
2026-07-06 13:56:52   --- DOWN ---
2026-07-06 13:56:52     Price:   LAST=0.4000  BID=0.3900  ASK=0.4000
2026-07-06 13:56:52     VWAP 60s: 0.4698  |  Deviation: -14.85%
2026-07-06 13:56:52     Z-Score 5s: -0.87  |  Momentum 90s: -19.31%
2026-07-06 13:56:52     Trades: 302  |  Volume: 8238
2026-07-06 13:56:52     Buy Vol: 7735  |  Sell Vol: 504
2026-07-06 13:56:52   Win Rate: 0.6%
2026-07-06 13:56:52   Config: min_price=0.6, max_price=0.9, min_elapsed=60s, dev_range=0.1%-100%, no_entry_cutoff=30s
2026-07-06 13:56:52   BTC Chainlink: $62,929.65 (anchor: $62,922.00)
2026-07-06 13:56:52   BTC Deviation: $+7.65 (+0.0122%)
2026-07-06 13:56:52 ============================================================
2026-07-06 13:56:52 MAIN ENTRY FAILED: Could not get price
2026-07-06 13:56:52 ============================================================
2026-07-06 13:56:52 TRADE SIGNAL TRIGGERED
2026-07-06 13:56:52   Time: 2026-07-06T13:56:52.935205
2026-07-06 13:56:52   Market: btc-updown-5m-1783320900
2026-07-06 13:56:52   Signal: BUY_UP
2026-07-06 13:56:52   Token: UP
2026-07-06 13:56:52   Elapsed: 113s | Remaining: 187s | Bin: 0
2026-07-06 13:56:52   --- UP ---
2026-07-06 13:56:52     Price:   LAST=0.6100  BID=0.6000  ASK=0.6100
2026-07-06 13:56:52     VWAP 60s: 0.5163  |  Deviation: +18.14%
2026-07-06 13:56:52     Z-Score 5s: +1.26  |  Momentum 90s: +19.22%
2026-07-06 13:56:52     Trades: 323  |  Volume: 7852
2026-07-06 13:56:52     Buy Vol: 7770  |  Sell Vol: 82
2026-07-06 13:56:52   --- DOWN ---
2026-07-06 13:56:52     Price:   LAST=0.4000  BID=0.3900  ASK=0.4000
2026-07-06 13:56:52     VWAP 60s: 0.4677  |  Deviation: -14.47%
2026-07-06 13:56:52     Z-Score 5s: -0.68  |  Momentum 90s: -19.60%
2026-07-06 13:56:52     Trades: 306  |  Volume: 8403
2026-07-06 13:56:52     Buy Vol: 7899  |  Sell Vol: 504
2026-07-06 13:56:52   Win Rate: 0.6%
2026-07-06 13:56:52   Config: min_price=0.6, max_price=0.9, min_elapsed=60s, dev_range=0.1%-100%, no_entry_cutoff=30s
2026-07-06 13:56:52   BTC Chainlink: $62,929.69 (anchor: $62,922.00)
2026-07-06 13:56:52   BTC Deviation: $+7.69 (+0.0122%)
2026-07-06 13:56:52 ============================================================
2026-07-06 13:56:52 MAIN ENTRY FAILED: Could not get price
2026-07-06 13:56:53 ============================================================
2026-07-06 13:56:53 TRADE SIGNAL TRIGGERED
2026-07-06 13:56:53   Time: 2026-07-06T13:56:53.189252
2026-07-06 13:56:53   Market: btc-updown-5m-1783320900
2026-07-06 13:56:53   Signal: BUY_UP
2026-07-06 13:56:53   Token: UP
2026-07-06 13:56:53   Elapsed: 113s | Remaining: 187s | Bin: 0
2026-07-06 13:56:53   --- UP ---
2026-07-06 13:56:53     Price:   LAST=0.6100  BID=0.6000  ASK=0.6100
2026-07-06 13:56:53     VWAP 60s: 0.5163  |  Deviation: +18.14%
2026-07-06 13:56:53     Z-Score 5s: +1.26  |  Momentum 90s: +19.61%
2026-07-06 13:56:53     Trades: 323  |  Volume: 7852
2026-07-06 13:56:53     Buy Vol: 7770  |  Sell Vol: 82
2026-07-06 13:56:53   --- DOWN ---
2026-07-06 13:56:53     Price:   LAST=0.4000  BID=0.3900  ASK=0.4000
2026-07-06 13:56:53     VWAP 60s: 0.4674  |  Deviation: -14.43%
2026-07-06 13:56:53     Z-Score 5s: -0.63  |  Momentum 90s: -20.00%
2026-07-06 13:56:53     Trades: 308  |  Volume: 8423
2026-07-06 13:56:53     Buy Vol: 7919  |  Sell Vol: 504
2026-07-06 13:56:53   Win Rate: 0.6%
2026-07-06 13:56:53   Config: min_price=0.6, max_price=0.9, min_elapsed=60s, dev_range=0.1%-100%, no_entry_cutoff=30s
2026-07-06 13:56:53   BTC Chainlink: $62,929.69 (anchor: $62,922.00)
2026-07-06 13:56:53   BTC Deviation: $+7.69 (+0.0122%)
2026-07-06 13:56:53 ============================================================
2026-07-06 13:56:53 MAIN ENTRY FAILED: Could not get price
2026-07-06 13:56:53 ============================================================
2026-07-06 13:56:53 TRADE SIGNAL TRIGGERED
2026-07-06 13:56:53   Time: 2026-07-06T13:56:53.440635
2026-07-06 13:56:53   Market: btc-updown-5m-1783320900
2026-07-06 13:56:53   Signal: BUY_UP
2026-07-06 13:56:53   Token: UP
2026-07-06 13:56:53   Elapsed: 113s | Remaining: 187s | Bin: 0
2026-07-06 13:56:53   --- UP ---
2026-07-06 13:56:53     Price:   LAST=0.6100  BID=0.5900  ASK=0.6000
2026-07-06 13:56:53     VWAP 60s: 0.5158  |  Deviation: +18.26%
2026-07-06 13:56:53     Z-Score 5s: +1.00  |  Momentum 90s: +19.61%
2026-07-06 13:56:53     Trades: 323  |  Volume: 7852
2026-07-06 13:56:53     Buy Vol: 7770  |  Sell Vol: 82
2026-07-06 13:56:53   --- DOWN ---
2026-07-06 13:56:53     Price:   LAST=0.4100  BID=0.4000  ASK=0.4100
2026-07-06 13:56:53     VWAP 60s: 0.4672  |  Deviation: -12.24%
2026-07-06 13:56:53     Z-Score 5s: +0.45  |  Momentum 90s: -18.00%
2026-07-06 13:56:53     Trades: 311  |  Volume: 8444
2026-07-06 13:56:53     Buy Vol: 7940  |  Sell Vol: 504
2026-07-06 13:56:53   Win Rate: 0.6%
2026-07-06 13:56:53   Config: min_price=0.6, max_price=0.9, min_elapsed=60s, dev_range=0.1%-100%, no_entry_cutoff=30s
2026-07-06 13:56:53   BTC Chainlink: $62,929.71 (anchor: $62,922.00)
2026-07-06 13:56:53   BTC Deviation: $+7.71 (+0.0123%)
2026-07-06 13:56:53 ============================================================
2026-07-06 13:56:53 MAIN ENTRY FAILED: Could not get price
2026-07-06 13:56:53 ============================================================
2026-07-06 13:56:53 TRADE SIGNAL TRIGGERED
2026-07-06 13:56:53   Time: 2026-07-06T13:56:53.694427
2026-07-06 13:56:53   Market: btc-updown-5m-1783320900
2026-07-06 13:56:53   Signal: BUY_UP
2026-07-06 13:56:53   Token: UP
2026-07-06 13:56:53   Elapsed: 114s | Remaining: 186s | Bin: 0
2026-07-06 13:56:53   --- UP ---
2026-07-06 13:56:53     Price:   LAST=0.6100  BID=0.5900  ASK=0.6000
2026-07-06 13:56:53     VWAP 60s: 0.5158  |  Deviation: +18.26%
2026-07-06 13:56:53     Z-Score 5s: +1.00  |  Momentum 90s: +19.61%
2026-07-06 13:56:53     Trades: 323  |  Volume: 7852
2026-07-06 13:56:53     Buy Vol: 7770  |  Sell Vol: 82
2026-07-06 13:56:53   --- DOWN ---
2026-07-06 13:56:53     Price:   LAST=0.4100  BID=0.4000  ASK=0.4100
2026-07-06 13:56:53     VWAP 60s: 0.4653  |  Deviation: -11.88%
2026-07-06 13:56:53     Z-Score 5s: +0.44  |  Momentum 90s: -18.00%
2026-07-06 13:56:53     Trades: 312  |  Volume: 8644
2026-07-06 13:56:53     Buy Vol: 8140  |  Sell Vol: 504
2026-07-06 13:56:53   Win Rate: 0.6%
2026-07-06 13:56:53   Config: min_price=0.6, max_price=0.9, min_elapsed=60s, dev_range=0.1%-100%, no_entry_cutoff=30s
2026-07-06 13:56:53   BTC Chainlink: $62,929.71 (anchor: $62,922.00)
2026-07-06 13:56:53   BTC Deviation: $+7.71 (+0.0123%)
2026-07-06 13:56:53 ============================================================
2026-07-06 13:56:53 MAIN ENTRY FAILED: Could not get price
2026-07-06 13:56:53 ============================================================
2026-07-06 13:56:53 TRADE SIGNAL TRIGGERED
2026-07-06 13:56:53   Time: 2026-07-06T13:56:53.951198
2026-07-06 13:56:53   Market: btc-updown-5m-1783320900
2026-07-06 13:56:53   Signal: BUY_UP
2026-07-06 13:56:53   Token: UP
2026-07-06 13:56:53   Elapsed: 114s | Remaining: 186s | Bin: 0
2026-07-06 13:56:53   --- UP ---
2026-07-06 13:56:53     Price:   LAST=0.6100  BID=0.5900  ASK=0.6000
2026-07-06 13:56:53     VWAP 60s: 0.5158  |  Deviation: +18.26%
2026-07-06 13:56:53     Z-Score 5s: +1.00  |  Momentum 90s: +19.61%
2026-07-06 13:56:53     Trades: 323  |  Volume: 7852
2026-07-06 13:56:53     Buy Vol: 7770  |  Sell Vol: 82
2026-07-06 13:56:53   --- DOWN ---
2026-07-06 13:56:53     Price:   LAST=0.4100  BID=0.4000  ASK=0.4100
2026-07-06 13:56:53     VWAP 60s: 0.4647  |  Deviation: -11.78%
2026-07-06 13:56:53     Z-Score 5s: +0.84  |  Momentum 90s: -18.00%
2026-07-06 13:56:53     Trades: 313  |  Volume: 8646
2026-07-06 13:56:53     Buy Vol: 8143  |  Sell Vol: 504
2026-07-06 13:56:53   Win Rate: 0.6%
2026-07-06 13:56:53   Config: min_price=0.6, max_price=0.9, min_elapsed=60s, dev_range=0.1%-100%, no_entry_cutoff=30s
2026-07-06 13:56:53   BTC Chainlink: $62,929.71 (anchor: $62,922.00)
2026-07-06 13:56:53   BTC Deviation: $+7.71 (+0.0123%)
2026-07-06 13:56:53 ============================================================
2026-07-06 13:56:53 MAIN ENTRY FAILED: Could not get price
2026-07-06 13:56:54 ============================================================
2026-07-06 13:56:54 TRADE SIGNAL TRIGGERED
2026-07-06 13:56:54   Time: 2026-07-06T13:56:54.211114
2026-07-06 13:56:54   Market: btc-updown-5m-1783320900
2026-07-06 13:56:54   Signal: BUY_UP
2026-07-06 13:56:54   Token: UP
2026-07-06 13:56:54   Elapsed: 114s | Remaining: 186s | Bin: 0
2026-07-06 13:56:54   --- UP ---
2026-07-06 13:56:54     Price:   LAST=0.6100  BID=0.5900  ASK=0.6000
2026-07-06 13:56:54     VWAP 60s: 0.5158  |  Deviation: +18.26%
2026-07-06 13:56:54     Z-Score 5s: +0.85  |  Momentum 90s: +19.61%
2026-07-06 13:56:54     Trades: 323  |  Volume: 7852
2026-07-06 13:56:54     Buy Vol: 7770  |  Sell Vol: 82
2026-07-06 13:56:54   --- DOWN ---
2026-07-06 13:56:54     Price:   LAST=0.4100  BID=0.4000  ASK=0.4100
2026-07-06 13:56:54     VWAP 60s: 0.4640  |  Deviation: -11.64%
2026-07-06 13:56:54     Z-Score 5s: +0.85  |  Momentum 90s: -18.00%
2026-07-06 13:56:54     Trades: 319  |  Volume: 8718
2026-07-06 13:56:54     Buy Vol: 8214  |  Sell Vol: 504
2026-07-06 13:56:54   Win Rate: 0.6%
2026-07-06 13:56:54   Config: min_price=0.6, max_price=0.9, min_elapsed=60s, dev_range=0.1%-100%, no_entry_cutoff=30s
2026-07-06 13:56:54   BTC Chainlink: $62,929.71 (anchor: $62,922.00)
2026-07-06 13:56:54   BTC Deviation: $+7.71 (+0.0123%)
2026-07-06 13:56:54 ============================================================
2026-07-06 13:56:54 MAIN ENTRY FAILED: Could not get price
2026-07-06 13:56:54 ============================================================
2026-07-06 13:56:54 TRADE SIGNAL TRIGGERED
2026-07-06 13:56:54   Time: 2026-07-06T13:56:54.468477
2026-07-06 13:56:54   Market: btc-updown-5m-1783320900
2026-07-06 13:56:54   Signal: BUY_UP
2026-07-06 13:56:54   Token: UP
2026-07-06 13:56:54   Elapsed: 114s | Remaining: 186s | Bin: 0
2026-07-06 13:56:54   --- UP ---
2026-07-06 13:56:54     Price:   LAST=0.6100  BID=0.5900  ASK=0.6000
2026-07-06 13:56:54     VWAP 60s: 0.5158  |  Deviation: +18.26%
2026-07-06 13:56:54     Z-Score 5s: +0.67  |  Momentum 90s: +19.61%
2026-07-06 13:56:54     Trades: 323  |  Volume: 7852
2026-07-06 13:56:54     Buy Vol: 7770  |  Sell Vol: 82
2026-07-06 13:56:54   --- DOWN ---
2026-07-06 13:56:54     Price:   LAST=0.4100  BID=0.4000  ASK=0.4100
2026-07-06 13:56:54     VWAP 60s: 0.4640  |  Deviation: -11.64%
2026-07-06 13:56:54     Z-Score 5s: +1.12  |  Momentum 90s: -18.00%
2026-07-06 13:56:54     Trades: 319  |  Volume: 8718
2026-07-06 13:56:54     Buy Vol: 8214  |  Sell Vol: 504
2026-07-06 13:56:54   Win Rate: 0.6%
2026-07-06 13:56:54   Config: min_price=0.6, max_price=0.9, min_elapsed=60s, dev_range=0.1%-100%, no_entry_cutoff=30s
2026-07-06 13:56:54   BTC Chainlink: $62,929.71 (anchor: $62,922.00)
2026-07-06 13:56:54   BTC Deviation: $+7.71 (+0.0123%)
2026-07-06 13:56:54 ============================================================
2026-07-06 13:56:54 MAIN ENTRY FAILED: Could not get price
2026-07-06 13:56:54 ============================================================
2026-07-06 13:56:54 TRADE SIGNAL TRIGGERED
2026-07-06 13:56:54   Time: 2026-07-06T13:56:54.721496
2026-07-06 13:56:54   Market: btc-updown-5m-1783320900
2026-07-06 13:56:54   Signal: BUY_UP
2026-07-06 13:56:54   Token: UP
2026-07-06 13:56:54   Elapsed: 115s | Remaining: 185s | Bin: 0
2026-07-06 13:56:54   --- UP ---
2026-07-06 13:56:54     Price:   LAST=0.6000  BID=0.5900  ASK=0.6000
2026-07-06 13:56:54     VWAP 60s: 0.5159  |  Deviation: +16.31%
2026-07-06 13:56:54     Z-Score 5s: -1.10  |  Momentum 90s: +17.65%
2026-07-06 13:56:54     Trades: 324  |  Volume: 7854
2026-07-06 13:56:54     Buy Vol: 7773  |  Sell Vol: 82
2026-07-06 13:56:54   --- DOWN ---
2026-07-06 13:56:54     Price:   LAST=0.4100  BID=0.4000  ASK=0.4100
2026-07-06 13:56:54     VWAP 60s: 0.4639  |  Deviation: -11.63%
2026-07-06 13:56:54     Z-Score 5s: +1.06  |  Momentum 90s: -18.00%
2026-07-06 13:56:54     Trades: 320  |  Volume: 8720
2026-07-06 13:56:54     Buy Vol: 8217  |  Sell Vol: 504
2026-07-06 13:56:54   Win Rate: 0.6%
2026-07-06 13:56:54   Config: min_price=0.6, max_price=0.9, min_elapsed=60s, dev_range=0.1%-100%, no_entry_cutoff=30s
2026-07-06 13:56:54   BTC Chainlink: $62,929.71 (anchor: $62,922.00)
2026-07-06 13:56:54   BTC Deviation: $+7.71 (+0.0123%)
2026-07-06 13:56:54 ============================================================
2026-07-06 13:56:54 MAIN ENTRY FAILED: Could not get price
2026-07-06 13:56:54 ============================================================
2026-07-06 13:56:54 TRADE SIGNAL TRIGGERED
2026-07-06 13:56:54   Time: 2026-07-06T13:56:54.978734
2026-07-06 13:56:54   Market: btc-updown-5m-1783320900
2026-07-06 13:56:54   Signal: BUY_UP
2026-07-06 13:56:54   Token: UP
2026-07-06 13:56:54   Elapsed: 115s | Remaining: 185s | Bin: 0
2026-07-06 13:56:54   --- UP ---
2026-07-06 13:56:54     Price:   LAST=0.6000  BID=0.5900  ASK=0.6000
2026-07-06 13:56:54     VWAP 60s: 0.5159  |  Deviation: +16.31%
2026-07-06 13:56:54     Z-Score 5s: -1.10  |  Momentum 90s: +17.65%
2026-07-06 13:56:54     Trades: 324  |  Volume: 7854
2026-07-06 13:56:54     Buy Vol: 7773  |  Sell Vol: 82
2026-07-06 13:56:54   --- DOWN ---
2026-07-06 13:56:54     Price:   LAST=0.4100  BID=0.4000  ASK=0.4100
2026-07-06 13:56:54     VWAP 60s: 0.4637  |  Deviation: -11.58%
2026-07-06 13:56:54     Z-Score 5s: +1.02  |  Momentum 90s: -18.00%
2026-07-06 13:56:54     Trades: 321  |  Volume: 8745
2026-07-06 13:56:54     Buy Vol: 8241  |  Sell Vol: 504
2026-07-06 13:56:54   Win Rate: 0.6%
2026-07-06 13:56:54   Config: min_price=0.6, max_price=0.9, min_elapsed=60s, dev_range=0.1%-100%, no_entry_cutoff=30s
2026-07-06 13:56:54   BTC Chainlink: $62,929.71 (anchor: $62,922.00)
2026-07-06 13:56:54   BTC Deviation: $+7.71 (+0.0123%)
2026-07-06 13:56:54 ============================================================
2026-07-06 13:56:54 MAIN ENTRY FAILED: Could not get price
2026-07-06 13:56:55 ============================================================
2026-07-06 13:56:55 TRADE SIGNAL TRIGGERED
2026-07-06 13:56:55   Time: 2026-07-06T13:56:55.237006
2026-07-06 13:56:55   Market: btc-updown-5m-1783320900
2026-07-06 13:56:55   Signal: BUY_UP
2026-07-06 13:56:55   Token: UP
2026-07-06 13:56:55   Elapsed: 115s | Remaining: 185s | Bin: 0
2026-07-06 13:56:55   --- UP ---
2026-07-06 13:56:55     Price:   LAST=0.6000  BID=0.5900  ASK=0.6000
2026-07-06 13:56:55     VWAP 60s: 0.5159  |  Deviation: +16.31%
2026-07-06 13:56:55     Z-Score 5s: -1.50  |  Momentum 90s: +17.65%
2026-07-06 13:56:55     Trades: 324  |  Volume: 7854
2026-07-06 13:56:55     Buy Vol: 7773  |  Sell Vol: 82
2026-07-06 13:56:55   --- DOWN ---
2026-07-06 13:56:55     Price:   LAST=0.4100  BID=0.4000  ASK=0.4100
2026-07-06 13:56:55     VWAP 60s: 0.4637  |  Deviation: -11.57%
2026-07-06 13:56:55     Z-Score 5s: +0.94  |  Momentum 90s: -18.00%
2026-07-06 13:56:55     Trades: 322  |  Volume: 8749
2026-07-06 13:56:55     Buy Vol: 8246  |  Sell Vol: 504
2026-07-06 13:56:55   Win Rate: 0.6%
2026-07-06 13:56:55   Config: min_price=0.6, max_price=0.9, min_elapsed=60s, dev_range=0.1%-100%, no_entry_cutoff=30s
2026-07-06 13:56:55   BTC Chainlink: $62,929.73 (anchor: $62,922.00)
2026-07-06 13:56:55   BTC Deviation: $+7.73 (+0.0123%)
2026-07-06 13:56:55 ============================================================
2026-07-06 13:56:55 MAIN ENTRY FAILED: Could not get price
2026-07-06 13:56:55 ============================================================
2026-07-06 13:56:55 TRADE SIGNAL TRIGGERED
2026-07-06 13:56:55   Time: 2026-07-06T13:56:55.490099
2026-07-06 13:56:55   Market: btc-updown-5m-1783320900
2026-07-06 13:56:55   Signal: BUY_UP
2026-07-06 13:56:55   Token: UP
2026-07-06 13:56:55   Elapsed: 115s | Remaining: 185s | Bin: 0
2026-07-06 13:56:55   --- UP ---
2026-07-06 13:56:55     Price:   LAST=0.6000  BID=0.5800  ASK=0.5900
2026-07-06 13:56:55     VWAP 60s: 0.5159  |  Deviation: +16.31%
2026-07-06 13:56:55     Z-Score 5s: -1.50  |  Momentum 90s: +17.65%
2026-07-06 13:56:55     Trades: 324  |  Volume: 7854
2026-07-06 13:56:55     Buy Vol: 7773  |  Sell Vol: 82
2026-07-06 13:56:55   --- DOWN ---
2026-07-06 13:56:55     Price:   LAST=0.4200  BID=0.4100  ASK=0.4200
2026-07-06 13:56:55     VWAP 60s: 0.4636  |  Deviation: -9.41%
2026-07-06 13:56:55     Z-Score 5s: +2.46  |  Momentum 90s: -16.00%
2026-07-06 13:56:55     Trades: 323  |  Volume: 8754
2026-07-06 13:56:55     Buy Vol: 8251  |  Sell Vol: 504
2026-07-06 13:56:55   Win Rate: 0.6%
2026-07-06 13:56:55   Config: min_price=0.6, max_price=0.9, min_elapsed=60s, dev_range=0.1%-100%, no_entry_cutoff=30s
2026-07-06 13:56:55   BTC Chainlink: $62,929.73 (anchor: $62,922.00)
2026-07-06 13:56:55   BTC Deviation: $+7.73 (+0.0123%)
2026-07-06 13:56:55 ============================================================
2026-07-06 13:56:55 MAIN ENTRY FAILED: Could not get price
2026-07-06 13:56:55 ============================================================
2026-07-06 13:56:55 TRADE SIGNAL TRIGGERED
2026-07-06 13:56:55   Time: 2026-07-06T13:56:55.742792
2026-07-06 13:56:55   Market: btc-updown-5m-1783320900
2026-07-06 13:56:55   Signal: BUY_UP
2026-07-06 13:56:55   Token: UP
2026-07-06 13:56:55   Elapsed: 116s | Remaining: 184s | Bin: 0
2026-07-06 13:56:55   --- UP ---
2026-07-06 13:56:55     Price:   LAST=0.6000  BID=0.5800  ASK=0.5900
2026-07-06 13:56:55     VWAP 60s: 0.5159  |  Deviation: +16.30%
2026-07-06 13:56:55     Z-Score 5s: -1.50  |  Momentum 90s: +17.65%
2026-07-06 13:56:55     Trades: 324  |  Volume: 7854
2026-07-06 13:56:55     Buy Vol: 7773  |  Sell Vol: 82
2026-07-06 13:56:55   --- DOWN ---
2026-07-06 13:56:55     Price:   LAST=0.4200  BID=0.4100  ASK=0.4200
2026-07-06 13:56:55     VWAP 60s: 0.4633  |  Deviation: -9.36%
2026-07-06 13:56:55     Z-Score 5s: +1.97  |  Momentum 90s: -16.00%
2026-07-06 13:56:55     Trades: 325  |  Volume: 8769
2026-07-06 13:56:55     Buy Vol: 8265  |  Sell Vol: 504
2026-07-06 13:56:55   Win Rate: 0.6%
2026-07-06 13:56:55   Config: min_price=0.6, max_price=0.9, min_elapsed=60s, dev_range=0.1%-100%, no_entry_cutoff=30s
2026-07-06 13:56:55   BTC Chainlink: $62,929.74 (anchor: $62,922.00)
2026-07-06 13:56:55   BTC Deviation: $+7.74 (+0.0123%)
2026-07-06 13:56:55 ============================================================
2026-07-06 13:56:55 MAIN ENTRY FAILED: Could not get price
2026-07-06 13:56:55 ============================================================
2026-07-06 13:56:55 TRADE SIGNAL TRIGGERED
2026-07-06 13:56:55   Time: 2026-07-06T13:56:55.994815
2026-07-06 13:56:55   Market: btc-updown-5m-1783320900
2026-07-06 13:56:55   Signal: BUY_UP
2026-07-06 13:56:55   Token: UP
2026-07-06 13:56:55   Elapsed: 116s | Remaining: 184s | Bin: 0
2026-07-06 13:56:55   --- UP ---
2026-07-06 13:56:55     Price:   LAST=0.6000  BID=0.5800  ASK=0.5900
2026-07-06 13:56:55     VWAP 60s: 0.5159  |  Deviation: +16.30%
2026-07-06 13:56:55     Z-Score 5s: -1.15  |  Momentum 90s: +17.65%
2026-07-06 13:56:55     Trades: 324  |  Volume: 7854
2026-07-06 13:56:55     Buy Vol: 7773  |  Sell Vol: 82
2026-07-06 13:56:55   --- DOWN ---
2026-07-06 13:56:55     Price:   LAST=0.4200  BID=0.4100  ASK=0.4200
2026-07-06 13:56:55     VWAP 60s: 0.4633  |  Deviation: -9.36%
2026-07-06 13:56:55     Z-Score 5s: +1.97  |  Momentum 90s: -16.00%
2026-07-06 13:56:55     Trades: 325  |  Volume: 8769
2026-07-06 13:56:55     Buy Vol: 8265  |  Sell Vol: 504
2026-07-06 13:56:55   Win Rate: 0.6%
2026-07-06 13:56:55   Config: min_price=0.6, max_price=0.9, min_elapsed=60s, dev_range=0.1%-100%, no_entry_cutoff=30s
2026-07-06 13:56:55   BTC Chainlink: $62,929.74 (anchor: $62,922.00)
2026-07-06 13:56:55   BTC Deviation: $+7.74 (+0.0123%)
2026-07-06 13:56:55 ============================================================
2026-07-06 13:56:55 MAIN ENTRY FAILED: Could not get price
2026-07-06 13:57:01 ============================================================
2026-07-06 13:57:01 TRADE SIGNAL TRIGGERED
2026-07-06 13:57:01   Time: 2026-07-06T13:57:01.474488
2026-07-06 13:57:01   Market: btc-updown-5m-1783320900
2026-07-06 13:57:01   Signal: BUY_UP
2026-07-06 13:57:01   Token: UP
2026-07-06 13:57:01   Elapsed: 121s | Remaining: 179s | Bin: 1
2026-07-06 13:57:01   --- UP ---
2026-07-06 13:57:01     Price:   LAST=0.6100  BID=0.6000  ASK=0.6300
2026-07-06 13:57:01     VWAP 60s: 0.5213  |  Deviation: +17.02%
2026-07-06 13:57:01     Z-Score 5s: +1.88  |  Momentum 90s: +15.09%
2026-07-06 13:57:01     Trades: 345  |  Volume: 8419
2026-07-06 13:57:01     Buy Vol: 8315  |  Sell Vol: 104
2026-07-06 13:57:01   --- DOWN ---
2026-07-06 13:57:01     Price:   LAST=0.4100  BID=0.3700  ASK=0.4000
2026-07-06 13:57:01     VWAP 60s: 0.4605  |  Deviation: -10.96%
2026-07-06 13:57:01     Z-Score 5s: -1.25  |  Momentum 90s: -12.63%
2026-07-06 13:57:01     Trades: 337  |  Volume: 9168
2026-07-06 13:57:01     Buy Vol: 8647  |  Sell Vol: 520
2026-07-06 13:57:01   Win Rate: 0.6%
2026-07-06 13:57:01   Config: min_price=0.6, max_price=0.9, min_elapsed=60s, dev_range=0.1%-100%, no_entry_cutoff=30s
2026-07-06 13:57:01   BTC Chainlink: $62,929.76 (anchor: $62,922.00)
2026-07-06 13:57:01   BTC Deviation: $+7.76 (+0.0123%)
2026-07-06 13:57:01 ============================================================
2026-07-06 13:57:01 MAIN ENTRY FAILED: Could not get price
2026-07-06 13:57:01 ============================================================
2026-07-06 13:57:01 TRADE SIGNAL TRIGGERED
2026-07-06 13:57:01   Time: 2026-07-06T13:57:01.736420
2026-07-06 13:57:01   Market: btc-updown-5m-1783320900
2026-07-06 13:57:01   Signal: BUY_UP
2026-07-06 13:57:01   Token: UP
2026-07-06 13:57:01   Elapsed: 122s | Remaining: 178s | Bin: 1
2026-07-06 13:57:01   --- UP ---
2026-07-06 13:57:01     Price:   LAST=0.6400  BID=0.6500  ASK=0.6600
2026-07-06 13:57:01     VWAP 60s: 0.5342  |  Deviation: +19.81%
2026-07-06 13:57:01     Z-Score 5s: +2.34  |  Momentum 90s: +20.75%
2026-07-06 13:57:01     Trades: 348  |  Volume: 9127
2026-07-06 13:57:01     Buy Vol: 9022  |  Sell Vol: 104
2026-07-06 13:57:01   --- DOWN ---
2026-07-06 13:57:01     Price:   LAST=0.3800  BID=0.3400  ASK=0.3500
2026-07-06 13:57:01     VWAP 60s: 0.4603  |  Deviation: -17.45%
2026-07-06 13:57:01     Z-Score 5s: -1.98  |  Momentum 90s: -19.03%
2026-07-06 13:57:01     Trades: 338  |  Volume: 9181
2026-07-06 13:57:01     Buy Vol: 8661  |  Sell Vol: 520
2026-07-06 13:57:01   Win Rate: 0.6%
2026-07-06 13:57:01   Config: min_price=0.6, max_price=0.9, min_elapsed=60s, dev_range=0.1%-100%, no_entry_cutoff=30s
2026-07-06 13:57:01   BTC Chainlink: $62,929.76 (anchor: $62,922.00)
2026-07-06 13:57:01   BTC Deviation: $+7.76 (+0.0123%)
2026-07-06 13:57:01 ============================================================
2026-07-06 13:57:01 MAIN ENTRY FAILED: Could not get price
2026-07-06 13:57:01 ============================================================
2026-07-06 13:57:01 TRADE SIGNAL TRIGGERED
2026-07-06 13:57:01   Time: 2026-07-06T13:57:01.998449
2026-07-06 13:57:01   Market: btc-updown-5m-1783320900
2026-07-06 13:57:01   Signal: BUY_UP
2026-07-06 13:57:01   Token: UP
2026-07-06 13:57:01   Elapsed: 122s | Remaining: 178s | Bin: 1
2026-07-06 13:57:01   --- UP ---
2026-07-06 13:57:01     Price:   LAST=0.6600  BID=0.6500  ASK=0.6600
2026-07-06 13:57:01     VWAP 60s: 0.5343  |  Deviation: +23.52%
2026-07-06 13:57:01     Z-Score 5s: +2.56  |  Momentum 90s: +24.53%
2026-07-06 13:57:01     Trades: 349  |  Volume: 9134
2026-07-06 13:57:01     Buy Vol: 9030  |  Sell Vol: 104
2026-07-06 13:57:01   --- DOWN ---
2026-07-06 13:57:01     Price:   LAST=0.3500  BID=0.3400  ASK=0.3500
2026-07-06 13:57:01     VWAP 60s: 0.4597  |  Deviation: -23.87%
2026-07-06 13:57:01     Z-Score 5s: -1.58  |  Momentum 90s: -26.54%
2026-07-06 13:57:01     Trades: 340  |  Volume: 9214
2026-07-06 13:57:01     Buy Vol: 8693  |  Sell Vol: 520
2026-07-06 13:57:01   Win Rate: 0.7%
2026-07-06 13:57:01   Config: min_price=0.6, max_price=0.9, min_elapsed=60s, dev_range=0.1%-100%, no_entry_cutoff=30s
2026-07-06 13:57:01   BTC Chainlink: $62,929.76 (anchor: $62,922.00)
2026-07-06 13:57:02   BTC Deviation: $+7.76 (+0.0123%)
2026-07-06 13:57:02 ============================================================
2026-07-06 13:57:02 MAIN ENTRY FAILED: Could not get price
2026-07-06 13:57:02 ============================================================
2026-07-06 13:57:02 TRADE SIGNAL TRIGGERED
2026-07-06 13:57:02   Time: 2026-07-06T13:57:02.256640
2026-07-06 13:57:02   Market: btc-updown-5m-1783320900
2026-07-06 13:57:02   Signal: BUY_UP
2026-07-06 13:57:02   Token: UP
2026-07-06 13:57:02   Elapsed: 122s | Remaining: 178s | Bin: 1
2026-07-06 13:57:02   --- UP ---
2026-07-06 13:57:02     Price:   LAST=0.6600  BID=0.6400  ASK=0.6500
2026-07-06 13:57:02     VWAP 60s: 0.5343  |  Deviation: +23.52%
2026-07-06 13:57:02     Z-Score 5s: +2.64  |  Momentum 90s: +24.53%
2026-07-06 13:57:02     Trades: 349  |  Volume: 9134
2026-07-06 13:57:02     Buy Vol: 9030  |  Sell Vol: 104
2026-07-06 13:57:02   --- DOWN ---
2026-07-06 13:57:02     Price:   LAST=0.3500  BID=0.3500  ASK=0.3600
2026-07-06 13:57:02     VWAP 60s: 0.4581  |  Deviation: -23.60%
2026-07-06 13:57:02     Z-Score 5s: -1.20  |  Momentum 90s: -26.54%
2026-07-06 13:57:02     Trades: 342  |  Volume: 9306
2026-07-06 13:57:02     Buy Vol: 8786  |  Sell Vol: 520
2026-07-06 13:57:02   Win Rate: 0.7%
2026-07-06 13:57:02   Config: min_price=0.6, max_price=0.9, min_elapsed=60s, dev_range=0.1%-100%, no_entry_cutoff=30s
2026-07-06 13:57:02   BTC Chainlink: $62,929.76 (anchor: $62,922.00)
2026-07-06 13:57:02   BTC Deviation: $+7.76 (+0.0123%)
2026-07-06 13:57:02 ============================================================
2026-07-06 13:57:02 MAIN ENTRY FAILED: Could not get price
2026-07-06 13:57:02 ============================================================
2026-07-06 13:57:02 TRADE SIGNAL TRIGGERED
2026-07-06 13:57:02   Time: 2026-07-06T13:57:02.508834
2026-07-06 13:57:02   Market: btc-updown-5m-1783320900
2026-07-06 13:57:02   Signal: BUY_UP
2026-07-06 13:57:02   Token: UP
2026-07-06 13:57:02   Elapsed: 123s | Remaining: 177s | Bin: 1
2026-07-06 13:57:02   --- UP ---
2026-07-06 13:57:02     Price:   LAST=0.6600  BID=0.6400  ASK=0.6500
2026-07-06 13:57:02     VWAP 60s: 0.5343  |  Deviation: +23.52%
2026-07-06 13:57:02     Z-Score 5s: +2.64  |  Momentum 90s: +24.53%
2026-07-06 13:57:02     Trades: 349  |  Volume: 9134
2026-07-06 13:57:02     Buy Vol: 9030  |  Sell Vol: 104
2026-07-06 13:57:02   --- DOWN ---
2026-07-06 13:57:02     Price:   LAST=0.3500  BID=0.3500  ASK=0.3600
2026-07-06 13:57:02     VWAP 60s: 0.4581  |  Deviation: -23.60%
2026-07-06 13:57:02     Z-Score 5s: -1.20  |  Momentum 90s: -26.70%
2026-07-06 13:57:02     Trades: 342  |  Volume: 9306
2026-07-06 13:57:02     Buy Vol: 8786  |  Sell Vol: 520
2026-07-06 13:57:02   Win Rate: 0.7%
2026-07-06 13:57:02   Config: min_price=0.6, max_price=0.9, min_elapsed=60s, dev_range=0.1%-100%, no_entry_cutoff=30s
2026-07-06 13:57:02   BTC Chainlink: $62,930.43 (anchor: $62,922.00)
2026-07-06 13:57:02   BTC Deviation: $+8.43 (+0.0134%)
2026-07-06 13:57:02 ============================================================
2026-07-06 13:57:02 MAIN ENTRY FAILED: Could not get price
2026-07-06 13:57:02 ============================================================
2026-07-06 13:57:02 TRADE SIGNAL TRIGGERED
2026-07-06 13:57:02   Time: 2026-07-06T13:57:02.771421
2026-07-06 13:57:02   Market: btc-updown-5m-1783320900
2026-07-06 13:57:02   Signal: BUY_UP
2026-07-06 13:57:02   Token: UP
2026-07-06 13:57:02   Elapsed: 123s | Remaining: 177s | Bin: 1
2026-07-06 13:57:02   --- UP ---
2026-07-06 13:57:02     Price:   LAST=0.6500  BID=0.6300  ASK=0.6400
2026-07-06 13:57:02     VWAP 60s: 0.5344  |  Deviation: +21.64%
2026-07-06 13:57:02     Z-Score 5s: +1.98  |  Momentum 90s: +22.64%
2026-07-06 13:57:02     Trades: 350  |  Volume: 9136
2026-07-06 13:57:02     Buy Vol: 9031  |  Sell Vol: 104
2026-07-06 13:57:02   --- DOWN ---
2026-07-06 13:57:02     Price:   LAST=0.3700  BID=0.3600  ASK=0.3700
2026-07-06 13:57:02     VWAP 60s: 0.4544  |  Deviation: -18.58%
2026-07-06 13:57:02     Z-Score 5s: -0.58  |  Momentum 90s: -22.51%
2026-07-06 13:57:02     Trades: 346  |  Volume: 9567
2026-07-06 13:57:02     Buy Vol: 9047  |  Sell Vol: 520
2026-07-06 13:57:02   Win Rate: 0.7%
2026-07-06 13:57:02   Config: min_price=0.6, max_price=0.9, min_elapsed=60s, dev_range=0.1%-100%, no_entry_cutoff=30s
2026-07-06 13:57:02   BTC Chainlink: $62,930.43 (anchor: $62,922.00)
2026-07-06 13:57:02   BTC Deviation: $+8.43 (+0.0134%)
2026-07-06 13:57:02 ============================================================
2026-07-06 13:57:02 MAIN ENTRY FAILED: Could not get price
2026-07-06 13:57:03 ============================================================
2026-07-06 13:57:03 TRADE SIGNAL TRIGGERED
2026-07-06 13:57:03   Time: 2026-07-06T13:57:03.032657
2026-07-06 13:57:03   Market: btc-updown-5m-1783320900
2026-07-06 13:57:03   Signal: BUY_UP
2026-07-06 13:57:03   Token: UP
2026-07-06 13:57:03   Elapsed: 123s | Remaining: 177s | Bin: 1
2026-07-06 13:57:03   --- UP ---
2026-07-06 13:57:03     Price:   LAST=0.6500  BID=0.6300  ASK=0.6400
2026-07-06 13:57:03     VWAP 60s: 0.5344  |  Deviation: +21.63%
2026-07-06 13:57:03     Z-Score 5s: +1.98  |  Momentum 90s: +22.64%
2026-07-06 13:57:03     Trades: 350  |  Volume: 9136
2026-07-06 13:57:03     Buy Vol: 9031  |  Sell Vol: 104
2026-07-06 13:57:03   --- DOWN ---
2026-07-06 13:57:03     Price:   LAST=0.3700  BID=0.3600  ASK=0.3700
2026-07-06 13:57:03     VWAP 60s: 0.4543  |  Deviation: -18.55%
2026-07-06 13:57:03     Z-Score 5s: -0.51  |  Momentum 90s: -22.59%
2026-07-06 13:57:03     Trades: 346  |  Volume: 9567
2026-07-06 13:57:03     Buy Vol: 9047  |  Sell Vol: 520
2026-07-06 13:57:03   Win Rate: 0.7%
2026-07-06 13:57:03   Config: min_price=0.6, max_price=0.9, min_elapsed=60s, dev_range=0.1%-100%, no_entry_cutoff=30s
2026-07-06 13:57:03   BTC Chainlink: $62,930.43 (anchor: $62,922.00)
2026-07-06 13:57:03   BTC Deviation: $+8.43 (+0.0134%)
2026-07-06 13:57:03 ============================================================
2026-07-06 13:57:03 MAIN ENTRY FAILED: Could not get price
2026-07-06 13:57:03 ============================================================
2026-07-06 13:57:03 TRADE SIGNAL TRIGGERED
2026-07-06 13:57:03   Time: 2026-07-06T13:57:03.294111
2026-07-06 13:57:03   Market: btc-updown-5m-1783320900
2026-07-06 13:57:03   Signal: BUY_UP
2026-07-06 13:57:03   Token: UP
2026-07-06 13:57:03   Elapsed: 123s | Remaining: 177s | Bin: 1
2026-07-06 13:57:03   --- UP ---
2026-07-06 13:57:03     Price:   LAST=0.6400  BID=0.6300  ASK=0.6400
2026-07-06 13:57:03     VWAP 60s: 0.5369  |  Deviation: +19.21%
2026-07-06 13:57:03     Z-Score 5s: +1.27  |  Momentum 90s: +20.75%
2026-07-06 13:57:03     Trades: 354  |  Volume: 9290
2026-07-06 13:57:03     Buy Vol: 9186  |  Sell Vol: 104
2026-07-06 13:57:03   --- DOWN ---
2026-07-06 13:57:03     Price:   LAST=0.3700  BID=0.3600  ASK=0.3700
2026-07-06 13:57:03     VWAP 60s: 0.4540  |  Deviation: -18.50%
2026-07-06 13:57:03     Z-Score 5s: -0.47  |  Momentum 90s: -22.83%
2026-07-06 13:57:03     Trades: 348  |  Volume: 9587
2026-07-06 13:57:03     Buy Vol: 9067  |  Sell Vol: 520
2026-07-06 13:57:03   Win Rate: 0.6%
2026-07-06 13:57:03   Config: min_price=0.6, max_price=0.9, min_elapsed=60s, dev_range=0.1%-100%, no_entry_cutoff=30s
2026-07-06 13:57:03   BTC Chainlink: $62,930.43 (anchor: $62,922.00)
2026-07-06 13:57:03   BTC Deviation: $+8.43 (+0.0134%)
2026-07-06 13:57:03 ============================================================
2026-07-06 13:57:03 MAIN ENTRY FAILED: Could not get price
2026-07-06 13:57:03 ============================================================
2026-07-06 13:57:03 TRADE SIGNAL TRIGGERED
2026-07-06 13:57:03   Time: 2026-07-06T13:57:03.546719
2026-07-06 13:57:03   Market: btc-updown-5m-1783320900
2026-07-06 13:57:03   Signal: BUY_UP
2026-07-06 13:57:03   Token: UP
2026-07-06 13:57:03   Elapsed: 124s | Remaining: 176s | Bin: 1
2026-07-06 13:57:03   --- UP ---
2026-07-06 13:57:03     Price:   LAST=0.6400  BID=0.6300  ASK=0.6400
2026-07-06 13:57:03     VWAP 60s: 0.5369  |  Deviation: +19.20%
2026-07-06 13:57:03     Z-Score 5s: +1.09  |  Momentum 90s: +20.75%
2026-07-06 13:57:03     Trades: 355  |  Volume: 9292
2026-07-06 13:57:03     Buy Vol: 9187  |  Sell Vol: 104
2026-07-06 13:57:03   --- DOWN ---
2026-07-06 13:57:03     Price:   LAST=0.3700  BID=0.3600  ASK=0.3700
2026-07-06 13:57:03     VWAP 60s: 0.4540  |  Deviation: -18.50%
2026-07-06 13:57:03     Z-Score 5s: -0.47  |  Momentum 90s: -22.92%
2026-07-06 13:57:03     Trades: 348  |  Volume: 9587
2026-07-06 13:57:03     Buy Vol: 9067  |  Sell Vol: 520
2026-07-06 13:57:03   Win Rate: 0.6%
2026-07-06 13:57:03   Config: min_price=0.6, max_price=0.9, min_elapsed=60s, dev_range=0.1%-100%, no_entry_cutoff=30s
2026-07-06 13:57:03   BTC Chainlink: $62,930.73 (anchor: $62,922.00)
2026-07-06 13:57:03   BTC Deviation: $+8.73 (+0.0139%)
2026-07-06 13:57:03 ============================================================
2026-07-06 13:57:03 MAIN ENTRY FAILED: Could not get price
2026-07-06 13:57:03 ============================================================
2026-07-06 13:57:03 TRADE SIGNAL TRIGGERED
2026-07-06 13:57:03   Time: 2026-07-06T13:57:03.808257
2026-07-06 13:57:03   Market: btc-updown-5m-1783320900
2026-07-06 13:57:03   Signal: BUY_UP
2026-07-06 13:57:03   Token: UP
2026-07-06 13:57:03   Elapsed: 124s | Remaining: 176s | Bin: 1
2026-07-06 13:57:03   --- UP ---
2026-07-06 13:57:03     Price:   LAST=0.6400  BID=0.6200  ASK=0.6300
2026-07-06 13:57:03     VWAP 60s: 0.5369  |  Deviation: +19.20%
2026-07-06 13:57:03     Z-Score 5s: +1.01  |  Momentum 90s: +20.75%
2026-07-06 13:57:03     Trades: 355  |  Volume: 9292
2026-07-06 13:57:03     Buy Vol: 9187  |  Sell Vol: 104
2026-07-06 13:57:03   --- DOWN ---
2026-07-06 13:57:03     Price:   LAST=0.3800  BID=0.3700  ASK=0.3800
2026-07-06 13:57:03     VWAP 60s: 0.4535  |  Deviation: -16.21%
2026-07-06 13:57:03     Z-Score 5s: -0.02  |  Momentum 90s: -20.83%
2026-07-06 13:57:03     Trades: 351  |  Volume: 9631
2026-07-06 13:57:03     Buy Vol: 9110  |  Sell Vol: 520
2026-07-06 13:57:03   Win Rate: 0.6%
2026-07-06 13:57:03   Config: min_price=0.6, max_price=0.9, min_elapsed=60s, dev_range=0.1%-100%, no_entry_cutoff=30s
2026-07-06 13:57:03   BTC Chainlink: $62,930.73 (anchor: $62,922.00)
2026-07-06 13:57:03   BTC Deviation: $+8.73 (+0.0139%)
2026-07-06 13:57:03 ============================================================
2026-07-06 13:57:03 MAIN ENTRY FAILED: Could not get price
2026-07-06 13:57:04 ============================================================
2026-07-06 13:57:04 TRADE SIGNAL TRIGGERED
2026-07-06 13:57:04   Time: 2026-07-06T13:57:04.063859
2026-07-06 13:57:04   Market: btc-updown-5m-1783320900
2026-07-06 13:57:04   Signal: BUY_UP
2026-07-06 13:57:04   Token: UP
2026-07-06 13:57:04   Elapsed: 124s | Remaining: 176s | Bin: 1
2026-07-06 13:57:04   --- UP ---
2026-07-06 13:57:04     Price:   LAST=0.6200  BID=0.6000  ASK=0.6100
2026-07-06 13:57:04     VWAP 60s: 0.5371  |  Deviation: +15.42%
2026-07-06 13:57:04     Z-Score 5s: +0.08  |  Momentum 90s: +16.98%
2026-07-06 13:57:04     Trades: 358  |  Volume: 9304
2026-07-06 13:57:04     Buy Vol: 9200  |  Sell Vol: 104
2026-07-06 13:57:04   --- DOWN ---
2026-07-06 13:57:04     Price:   LAST=0.3900  BID=0.3900  ASK=0.4000
2026-07-06 13:57:04     VWAP 60s: 0.4527  |  Deviation: -13.85%
2026-07-06 13:57:04     Z-Score 5s: +0.47  |  Momentum 90s: -18.75%
2026-07-06 13:57:04     Trades: 355  |  Volume: 9712
2026-07-06 13:57:04     Buy Vol: 9191  |  Sell Vol: 520
2026-07-06 13:57:04   Win Rate: 0.6%
2026-07-06 13:57:04   Config: min_price=0.6, max_price=0.9, min_elapsed=60s, dev_range=0.1%-100%, no_entry_cutoff=30s
2026-07-06 13:57:04   BTC Chainlink: $62,930.73 (anchor: $62,922.00)
2026-07-06 13:57:04   BTC Deviation: $+8.73 (+0.0139%)
2026-07-06 13:57:04 ============================================================
2026-07-06 13:57:04 MAIN ENTRY FAILED: Could not get price
2026-07-06 13:57:04 ============================================================
2026-07-06 13:57:04 TRADE SIGNAL TRIGGERED
2026-07-06 13:57:04   Time: 2026-07-06T13:57:04.318296
2026-07-06 13:57:04   Market: btc-updown-5m-1783320900
2026-07-06 13:57:04   Signal: BUY_UP
2026-07-06 13:57:04   Token: UP
2026-07-06 13:57:04   Elapsed: 124s | Remaining: 176s | Bin: 1
2026-07-06 13:57:04   --- UP ---
2026-07-06 13:57:04     Price:   LAST=0.6100  BID=0.6000  ASK=0.6100
2026-07-06 13:57:04     VWAP 60s: 0.5372  |  Deviation: +13.56%
2026-07-06 13:57:04     Z-Score 5s: -0.33  |  Momentum 90s: +15.09%
2026-07-06 13:57:04     Trades: 359  |  Volume: 9306
2026-07-06 13:57:04     Buy Vol: 9202  |  Sell Vol: 104
2026-07-06 13:57:04   --- DOWN ---
2026-07-06 13:57:04     Price:   LAST=0.3900  BID=0.3900  ASK=0.4000
2026-07-06 13:57:04     VWAP 60s: 0.4527  |  Deviation: -13.85%
2026-07-06 13:57:04     Z-Score 5s: +0.47  |  Momentum 90s: -18.75%
2026-07-06 13:57:04     Trades: 355  |  Volume: 9712
2026-07-06 13:57:04     Buy Vol: 9191  |  Sell Vol: 520
2026-07-06 13:57:04   Win Rate: 0.6%
2026-07-06 13:57:04   Config: min_price=0.6, max_price=0.9, min_elapsed=60s, dev_range=0.1%-100%, no_entry_cutoff=30s
2026-07-06 13:57:04   BTC Chainlink: $62,930.73 (anchor: $62,922.00)
2026-07-06 13:57:04   BTC Deviation: $+8.73 (+0.0139%)
2026-07-06 13:57:04 ============================================================
2026-07-06 13:57:04 MAIN ENTRY FAILED: Could not get price
2026-07-06 13:57:04 ============================================================
2026-07-06 13:57:04 TRADE SIGNAL TRIGGERED
2026-07-06 13:57:04   Time: 2026-07-06T13:57:04.581738
2026-07-06 13:57:04   Market: btc-updown-5m-1783320900
2026-07-06 13:57:04   Signal: BUY_UP
2026-07-06 13:57:04   Token: UP
2026-07-06 13:57:04   Elapsed: 125s | Remaining: 175s | Bin: 1
2026-07-06 13:57:04   --- UP ---
2026-07-06 13:57:04     Price:   LAST=0.6100  BID=0.6000  ASK=0.6100
2026-07-06 13:57:04     VWAP 60s: 0.5373  |  Deviation: +13.53%
2026-07-06 13:57:04     Z-Score 5s: -0.34  |  Momentum 90s: +15.09%
2026-07-06 13:57:04     Trades: 362  |  Volume: 9319
2026-07-06 13:57:04     Buy Vol: 9213  |  Sell Vol: 106
2026-07-06 13:57:04   --- DOWN ---
2026-07-06 13:57:04     Price:   LAST=0.3900  BID=0.3900  ASK=0.4000
2026-07-06 13:57:04     VWAP 60s: 0.4526  |  Deviation: -13.82%
2026-07-06 13:57:04     Z-Score 5s: +0.42  |  Momentum 90s: -18.75%
2026-07-06 13:57:04     Trades: 357  |  Volume: 9726
2026-07-06 13:57:04     Buy Vol: 9204  |  Sell Vol: 522
2026-07-06 13:57:04   Win Rate: 0.6%
2026-07-06 13:57:04   Config: min_price=0.6, max_price=0.9, min_elapsed=60s, dev_range=0.1%-100%, no_entry_cutoff=30s
2026-07-06 13:57:04   BTC Chainlink: $62,930.79 (anchor: $62,922.00)
2026-07-06 13:57:04   BTC Deviation: $+8.79 (+0.0140%)
2026-07-06 13:57:04 ============================================================
2026-07-06 13:57:04 MAIN ENTRY FAILED: Could not get price
2026-07-06 13:57:04 ============================================================
2026-07-06 13:57:04 TRADE SIGNAL TRIGGERED
2026-07-06 13:57:04   Time: 2026-07-06T13:57:04.846183
2026-07-06 13:57:04   Market: btc-updown-5m-1783320900
2026-07-06 13:57:04   Signal: BUY_UP
2026-07-06 13:57:04   Token: UP
2026-07-06 13:57:04   Elapsed: 125s | Remaining: 175s | Bin: 1
2026-07-06 13:57:04   --- UP ---
2026-07-06 13:57:04     Price:   LAST=0.6100  BID=0.6000  ASK=0.6100
2026-07-06 13:57:04     VWAP 60s: 0.5373  |  Deviation: +13.53%
2026-07-06 13:57:04     Z-Score 5s: -0.34  |  Momentum 90s: +15.09%
2026-07-06 13:57:04     Trades: 362  |  Volume: 9319
2026-07-06 13:57:04     Buy Vol: 9213  |  Sell Vol: 106
2026-07-06 13:57:04   --- DOWN ---
2026-07-06 13:57:04     Price:   LAST=0.3900  BID=0.3900  ASK=0.4000
2026-07-06 13:57:04     VWAP 60s: 0.4526  |  Deviation: -13.82%
2026-07-06 13:57:04     Z-Score 5s: +0.42  |  Momentum 90s: -18.75%
2026-07-06 13:57:04     Trades: 357  |  Volume: 9726
2026-07-06 13:57:04     Buy Vol: 9204  |  Sell Vol: 522
2026-07-06 13:57:04   Win Rate: 0.6%
2026-07-06 13:57:04   Config: min_price=0.6, max_price=0.9, min_elapsed=60s, dev_range=0.1%-100%, no_entry_cutoff=30s
2026-07-06 13:57:04   BTC Chainlink: $62,930.79 (anchor: $62,922.00)
2026-07-06 13:57:04   BTC Deviation: $+8.79 (+0.0140%)
2026-07-06 13:57:04 ============================================================
2026-07-06 13:57:04 MAIN ENTRY FAILED: Could not get price
2026-07-06 13:57:05 ============================================================
2026-07-06 13:57:05 TRADE SIGNAL TRIGGERED
2026-07-06 13:57:05   Time: 2026-07-06T13:57:05.097329
2026-07-06 13:57:05   Market: btc-updown-5m-1783320900
2026-07-06 13:57:05   Signal: BUY_UP
2026-07-06 13:57:05   Token: UP
2026-07-06 13:57:05   Elapsed: 125s | Remaining: 175s | Bin: 1
2026-07-06 13:57:05   --- UP ---
2026-07-06 13:57:05     Price:   LAST=0.6100  BID=0.6000  ASK=0.6100
2026-07-06 13:57:05     VWAP 60s: 0.5372  |  Deviation: +13.55%
2026-07-06 13:57:05     Z-Score 5s: -0.46  |  Momentum 90s: +15.09%
2026-07-06 13:57:05     Trades: 362  |  Volume: 9319
2026-07-06 13:57:05     Buy Vol: 9213  |  Sell Vol: 106
2026-07-06 13:57:05   --- DOWN ---
2026-07-06 13:57:05     Price:   LAST=0.4000  BID=0.3900  ASK=0.4000
2026-07-06 13:57:05     VWAP 60s: 0.4525  |  Deviation: -11.60%
2026-07-06 13:57:05     Z-Score 5s: +1.14  |  Momentum 90s: -16.67%
2026-07-06 13:57:05     Trades: 358  |  Volume: 9733
2026-07-06 13:57:05     Buy Vol: 9211  |  Sell Vol: 522
2026-07-06 13:57:05   Win Rate: 0.6%
2026-07-06 13:57:05   Config: min_price=0.6, max_price=0.9, min_elapsed=60s, dev_range=0.1%-100%, no_entry_cutoff=30s
2026-07-06 13:57:05   BTC Chainlink: $62,930.79 (anchor: $62,922.00)
2026-07-06 13:57:05   BTC Deviation: $+8.79 (+0.0140%)
2026-07-06 13:57:05 ============================================================
2026-07-06 13:57:05 MAIN ENTRY FAILED: Could not get price
2026-07-06 13:57:05 ============================================================
2026-07-06 13:57:05 TRADE SIGNAL TRIGGERED
2026-07-06 13:57:05   Time: 2026-07-06T13:57:05.354093
2026-07-06 13:57:05   Market: btc-updown-5m-1783320900
2026-07-06 13:57:05   Signal: BUY_UP
2026-07-06 13:57:05   Token: UP
2026-07-06 13:57:05   Elapsed: 125s | Remaining: 175s | Bin: 1
2026-07-06 13:57:05   --- UP ---
2026-07-06 13:57:05     Price:   LAST=0.6100  BID=0.6000  ASK=0.6100
2026-07-06 13:57:05     VWAP 60s: 0.5372  |  Deviation: +13.55%
2026-07-06 13:57:05     Z-Score 5s: -0.46  |  Momentum 90s: +15.09%
2026-07-06 13:57:05     Trades: 362  |  Volume: 9319
2026-07-06 13:57:05     Buy Vol: 9213  |  Sell Vol: 106
2026-07-06 13:57:05   --- DOWN ---
2026-07-06 13:57:05     Price:   LAST=0.4000  BID=0.3900  ASK=0.4000
2026-07-06 13:57:05     VWAP 60s: 0.4525  |  Deviation: -11.60%
2026-07-06 13:57:05     Z-Score 5s: +1.08  |  Momentum 90s: -16.86%
2026-07-06 13:57:05     Trades: 360  |  Volume: 9738
2026-07-06 13:57:05     Buy Vol: 9213  |  Sell Vol: 524
2026-07-06 13:57:05   Win Rate: 0.6%
2026-07-06 13:57:05   Config: min_price=0.6, max_price=0.9, min_elapsed=60s, dev_range=0.1%-100%, no_entry_cutoff=30s
2026-07-06 13:57:05   BTC Chainlink: $62,930.79 (anchor: $62,922.00)
2026-07-06 13:57:05   BTC Deviation: $+8.79 (+0.0140%)
2026-07-06 13:57:05 ============================================================
2026-07-06 13:57:05 MAIN ENTRY FAILED: Could not get price
2026-07-06 13:57:05 ============================================================
2026-07-06 13:57:05 TRADE SIGNAL TRIGGERED
2026-07-06 13:57:05   Time: 2026-07-06T13:57:05.606618
2026-07-06 13:57:05   Market: btc-updown-5m-1783320900
2026-07-06 13:57:05   Signal: BUY_UP
2026-07-06 13:57:05   Token: UP
2026-07-06 13:57:05   Elapsed: 126s | Remaining: 174s | Bin: 1
2026-07-06 13:57:05   --- UP ---
2026-07-06 13:57:05     Price:   LAST=0.6100  BID=0.6100  ASK=0.6200
2026-07-06 13:57:05     VWAP 60s: 0.5372  |  Deviation: +13.55%
2026-07-06 13:57:05     Z-Score 5s: -0.45  |  Momentum 90s: +15.64%
2026-07-06 13:57:05     Trades: 363  |  Volume: 9321
2026-07-06 13:57:05     Buy Vol: 9215  |  Sell Vol: 106
2026-07-06 13:57:05   --- DOWN ---
2026-07-06 13:57:05     Price:   LAST=0.4000  BID=0.3800  ASK=0.3900
2026-07-06 13:57:05     VWAP 60s: 0.4524  |  Deviation: -11.59%
2026-07-06 13:57:05     Z-Score 5s: +1.04  |  Momentum 90s: -16.86%
2026-07-06 13:57:05     Trades: 361  |  Volume: 9743
2026-07-06 13:57:05     Buy Vol: 9218  |  Sell Vol: 524
2026-07-06 13:57:05   Win Rate: 0.6%
2026-07-06 13:57:05   Config: min_price=0.6, max_price=0.9, min_elapsed=60s, dev_range=0.1%-100%, no_entry_cutoff=30s
2026-07-06 13:57:05   BTC Chainlink: $62,930.75 (anchor: $62,922.00)
2026-07-06 13:57:05   BTC Deviation: $+8.75 (+0.0139%)
2026-07-06 13:57:05 ============================================================
2026-07-06 13:57:05 MAIN ENTRY FAILED: Could not get price
2026-07-06 13:57:05 ============================================================
2026-07-06 13:57:05 TRADE SIGNAL TRIGGERED
2026-07-06 13:57:05   Time: 2026-07-06T13:57:05.865011
2026-07-06 13:57:05   Market: btc-updown-5m-1783320900
2026-07-06 13:57:05   Signal: BUY_UP
2026-07-06 13:57:05   Token: UP
2026-07-06 13:57:05   Elapsed: 126s | Remaining: 174s | Bin: 1
2026-07-06 13:57:05   --- UP ---
2026-07-06 13:57:05     Price:   LAST=0.6100  BID=0.6100  ASK=0.6200
2026-07-06 13:57:05     VWAP 60s: 0.5372  |  Deviation: +13.55%
2026-07-06 13:57:05     Z-Score 5s: -1.05  |  Momentum 90s: +15.82%
2026-07-06 13:57:05     Trades: 363  |  Volume: 9321
2026-07-06 13:57:05     Buy Vol: 9215  |  Sell Vol: 106
2026-07-06 13:57:05   --- DOWN ---
2026-07-06 13:57:05     Price:   LAST=0.3900  BID=0.3800  ASK=0.3900
2026-07-06 13:57:05     VWAP 60s: 0.4523  |  Deviation: -13.77%
2026-07-06 13:57:05     Z-Score 5s: +0.71  |  Momentum 90s: -18.94%
2026-07-06 13:57:05     Trades: 363  |  Volume: 9757
2026-07-06 13:57:05     Buy Vol: 9228  |  Sell Vol: 529
2026-07-06 13:57:05   Win Rate: 0.6%
2026-07-06 13:57:05   Config: min_price=0.6, max_price=0.9, min_elapsed=60s, dev_range=0.1%-100%, no_entry_cutoff=30s
2026-07-06 13:57:05   BTC Chainlink: $62,930.75 (anchor: $62,922.00)
2026-07-06 13:57:05   BTC Deviation: $+8.75 (+0.0139%)
2026-07-06 13:57:05 ============================================================
2026-07-06 13:57:05 MAIN ENTRY FAILED: Could not get price
2026-07-06 13:57:06 ============================================================
2026-07-06 13:57:06 TRADE SIGNAL TRIGGERED
2026-07-06 13:57:06   Time: 2026-07-06T13:57:06.129201
2026-07-06 13:57:06   Market: btc-updown-5m-1783320900
2026-07-06 13:57:06   Signal: BUY_UP
2026-07-06 13:57:06   Token: UP
2026-07-06 13:57:06   Elapsed: 126s | Remaining: 174s | Bin: 1
2026-07-06 13:57:06   --- UP ---
2026-07-06 13:57:06     Price:   LAST=0.6100  BID=0.6100  ASK=0.6200
2026-07-06 13:57:06     VWAP 60s: 0.5372  |  Deviation: +13.55%
2026-07-06 13:57:06     Z-Score 5s: -1.05  |  Momentum 90s: +15.82%
2026-07-06 13:57:06     Trades: 363  |  Volume: 9321
2026-07-06 13:57:06     Buy Vol: 9215  |  Sell Vol: 106
2026-07-06 13:57:06   --- DOWN ---
2026-07-06 13:57:06     Price:   LAST=0.3900  BID=0.3800  ASK=0.3900
2026-07-06 13:57:06     VWAP 60s: 0.4523  |  Deviation: -13.77%
2026-07-06 13:57:06     Z-Score 5s: +0.71  |  Momentum 90s: -18.96%
2026-07-06 13:57:06     Trades: 363  |  Volume: 9757
2026-07-06 13:57:06     Buy Vol: 9228  |  Sell Vol: 529
2026-07-06 13:57:06   Win Rate: 0.6%
2026-07-06 13:57:06   Config: min_price=0.6, max_price=0.9, min_elapsed=60s, dev_range=0.1%-100%, no_entry_cutoff=30s
2026-07-06 13:57:06   BTC Chainlink: $62,930.75 (anchor: $62,922.00)
2026-07-06 13:57:06   BTC Deviation: $+8.75 (+0.0139%)
2026-07-06 13:57:06 ============================================================
2026-07-06 13:57:06 MAIN ENTRY FAILED: Could not get price
2026-07-06 13:57:06 ============================================================
2026-07-06 13:57:06 TRADE SIGNAL TRIGGERED
2026-07-06 13:57:06   Time: 2026-07-06T13:57:06.393339
2026-07-06 13:57:06   Market: btc-updown-5m-1783320900
2026-07-06 13:57:06   Signal: BUY_UP
2026-07-06 13:57:06   Token: UP
2026-07-06 13:57:06   Elapsed: 126s | Remaining: 174s | Bin: 1
2026-07-06 13:57:06   --- UP ---
2026-07-06 13:57:06     Price:   LAST=0.6100  BID=0.6100  ASK=0.6200
2026-07-06 13:57:06     VWAP 60s: 0.5372  |  Deviation: +13.55%
2026-07-06 13:57:06     Z-Score 5s: -1.05  |  Momentum 90s: +16.41%
2026-07-06 13:57:06     Trades: 363  |  Volume: 9321
2026-07-06 13:57:06     Buy Vol: 9215  |  Sell Vol: 106
2026-07-06 13:57:06   --- DOWN ---
2026-07-06 13:57:06     Price:   LAST=0.3900  BID=0.3800  ASK=0.3900
2026-07-06 13:57:06     VWAP 60s: 0.4523  |  Deviation: -13.77%
2026-07-06 13:57:06     Z-Score 5s: +0.71  |  Momentum 90s: -19.31%
2026-07-06 13:57:06     Trades: 363  |  Volume: 9757
2026-07-06 13:57:06     Buy Vol: 9228  |  Sell Vol: 529
2026-07-06 13:57:06   Win Rate: 0.6%
2026-07-06 13:57:06   Config: min_price=0.6, max_price=0.9, min_elapsed=60s, dev_range=0.1%-100%, no_entry_cutoff=30s
2026-07-06 13:57:06   BTC Chainlink: $62,930.75 (anchor: $62,922.00)
2026-07-06 13:57:06   BTC Deviation: $+8.75 (+0.0139%)
2026-07-06 13:57:06 ============================================================
2026-07-06 13:57:06 MAIN ENTRY FAILED: Could not get price
2026-07-06 13:57:06 ============================================================
2026-07-06 13:57:06 TRADE SIGNAL TRIGGERED
2026-07-06 13:57:06   Time: 2026-07-06T13:57:06.648031
2026-07-06 13:57:06   Market: btc-updown-5m-1783320900
2026-07-06 13:57:06   Signal: BUY_UP
2026-07-06 13:57:06   Token: UP
2026-07-06 13:57:06   Elapsed: 127s | Remaining: 173s | Bin: 1
2026-07-06 13:57:06   --- UP ---
2026-07-06 13:57:06     Price:   LAST=0.6100  BID=0.6100  ASK=0.6200
2026-07-06 13:57:06     VWAP 60s: 0.5372  |  Deviation: +13.55%
2026-07-06 13:57:06     Z-Score 5s: -1.01  |  Momentum 90s: +16.70%
2026-07-06 13:57:06     Trades: 363  |  Volume: 9321
2026-07-06 13:57:06     Buy Vol: 9215  |  Sell Vol: 106
2026-07-06 13:57:06   --- DOWN ---
2026-07-06 13:57:06     Price:   LAST=0.3900  BID=0.3800  ASK=0.3900
2026-07-06 13:57:06     VWAP 60s: 0.4504  |  Deviation: -13.42%
2026-07-06 13:57:06     Z-Score 5s: +0.68  |  Momentum 90s: -19.31%
2026-07-06 13:57:06     Trades: 364  |  Volume: 9962
2026-07-06 13:57:06     Buy Vol: 9433  |  Sell Vol: 529
2026-07-06 13:57:06   Win Rate: 0.6%
2026-07-06 13:57:06   Config: min_price=0.6, max_price=0.9, min_elapsed=60s, dev_range=0.1%-100%, no_entry_cutoff=30s
2026-07-06 13:57:06   BTC Chainlink: $62,930.81 (anchor: $62,922.00)
2026-07-06 13:57:06   BTC Deviation: $+8.81 (+0.0140%)
2026-07-06 13:57:06 ============================================================
2026-07-06 13:57:06 MAIN ENTRY FAILED: Could not get price
2026-07-06 13:57:06 ============================================================
2026-07-06 13:57:06 TRADE SIGNAL TRIGGERED
2026-07-06 13:57:06   Time: 2026-07-06T13:57:06.901955
2026-07-06 13:57:06   Market: btc-updown-5m-1783320900
2026-07-06 13:57:06   Signal: BUY_UP
2026-07-06 13:57:06   Token: UP
2026-07-06 13:57:06   Elapsed: 127s | Remaining: 173s | Bin: 1
2026-07-06 13:57:06   --- UP ---
2026-07-06 13:57:06     Price:   LAST=0.6200  BID=0.6200  ASK=0.6300
2026-07-06 13:57:06     VWAP 60s: 0.5375  |  Deviation: +15.34%
2026-07-06 13:57:06     Z-Score 5s: -0.34  |  Momentum 90s: +18.61%
2026-07-06 13:57:06     Trades: 364  |  Volume: 9346
2026-07-06 13:57:06     Buy Vol: 9240  |  Sell Vol: 106
2026-07-06 13:57:06   --- DOWN ---
2026-07-06 13:57:06     Price:   LAST=0.3800  BID=0.3700  ASK=0.3800
2026-07-06 13:57:06     VWAP 60s: 0.4500  |  Deviation: -15.56%
2026-07-06 13:57:06     Z-Score 5s: -0.08  |  Momentum 90s: -21.38%
2026-07-06 13:57:06     Trades: 366  |  Volume: 9969
2026-07-06 13:57:06     Buy Vol: 9439  |  Sell Vol: 530
2026-07-06 13:57:06   Win Rate: 0.6%
2026-07-06 13:57:06   Config: min_price=0.6, max_price=0.9, min_elapsed=60s, dev_range=0.1%-100%, no_entry_cutoff=30s
2026-07-06 13:57:06   BTC Chainlink: $62,930.81 (anchor: $62,922.00)
2026-07-06 13:57:06   BTC Deviation: $+8.81 (+0.0140%)
2026-07-06 13:57:06 ============================================================
2026-07-06 13:57:06 MAIN ENTRY FAILED: Could not get price
2026-07-06 13:57:07 ============================================================
2026-07-06 13:57:07 TRADE SIGNAL TRIGGERED
2026-07-06 13:57:07   Time: 2026-07-06T13:57:07.156440
2026-07-06 13:57:07   Market: btc-updown-5m-1783320900
2026-07-06 13:57:07   Signal: BUY_UP
2026-07-06 13:57:07   Token: UP
2026-07-06 13:57:07   Elapsed: 127s | Remaining: 173s | Bin: 1
2026-07-06 13:57:07   --- UP ---
2026-07-06 13:57:07     Price:   LAST=0.6200  BID=0.6200  ASK=0.6300
2026-07-06 13:57:07     VWAP 60s: 0.5376  |  Deviation: +15.33%
2026-07-06 13:57:07     Z-Score 5s: -0.33  |  Momentum 90s: +18.77%
2026-07-06 13:57:07     Trades: 365  |  Volume: 9350
2026-07-06 13:57:07     Buy Vol: 9240  |  Sell Vol: 110
2026-07-06 13:57:07   --- DOWN ---
2026-07-06 13:57:07     Price:   LAST=0.3800  BID=0.3700  ASK=0.3800
2026-07-06 13:57:07     VWAP 60s: 0.4500  |  Deviation: -15.56%
2026-07-06 13:57:07     Z-Score 5s: -0.19  |  Momentum 90s: -21.38%
2026-07-06 13:57:07     Trades: 366  |  Volume: 9969
2026-07-06 13:57:07     Buy Vol: 9439  |  Sell Vol: 530
2026-07-06 13:57:07   Win Rate: 0.6%
2026-07-06 13:57:07   Config: min_price=0.6, max_price=0.9, min_elapsed=60s, dev_range=0.1%-100%, no_entry_cutoff=30s
2026-07-06 13:57:07   BTC Chainlink: $62,930.71 (anchor: $62,922.00)
2026-07-06 13:57:07   BTC Deviation: $+8.71 (+0.0138%)
2026-07-06 13:57:07 ============================================================
2026-07-06 13:57:07 MAIN ENTRY FAILED: Could not get price
2026-07-06 13:57:07 ============================================================
2026-07-06 13:57:07 TRADE SIGNAL TRIGGERED
2026-07-06 13:57:07   Time: 2026-07-06T13:57:07.417224
2026-07-06 13:57:07   Market: btc-updown-5m-1783320900
2026-07-06 13:57:07   Signal: BUY_UP
2026-07-06 13:57:07   Token: UP
2026-07-06 13:57:07   Elapsed: 127s | Remaining: 173s | Bin: 1
2026-07-06 13:57:07   --- UP ---
2026-07-06 13:57:07     Price:   LAST=0.6200  BID=0.6200  ASK=0.6300
2026-07-06 13:57:07     VWAP 60s: 0.5376  |  Deviation: +15.33%
2026-07-06 13:57:07     Z-Score 5s: -0.33  |  Momentum 90s: +18.61%
2026-07-06 13:57:07     Trades: 365  |  Volume: 9350
2026-07-06 13:57:07     Buy Vol: 9240  |  Sell Vol: 110
2026-07-06 13:57:07   --- DOWN ---
2026-07-06 13:57:07     Price:   LAST=0.3800  BID=0.3700  ASK=0.3800
2026-07-06 13:57:07     VWAP 60s: 0.4497  |  Deviation: -15.50%
2026-07-06 13:57:07     Z-Score 5s: -0.32  |  Momentum 90s: -20.83%
2026-07-06 13:57:07     Trades: 370  |  Volume: 9997
2026-07-06 13:57:07     Buy Vol: 9467  |  Sell Vol: 530
2026-07-06 13:57:07   Win Rate: 0.6%
2026-07-06 13:57:07   Config: min_price=0.6, max_price=0.9, min_elapsed=60s, dev_range=0.1%-100%, no_entry_cutoff=30s
2026-07-06 13:57:07   BTC Chainlink: $62,930.71 (anchor: $62,922.00)
2026-07-06 13:57:07   BTC Deviation: $+8.71 (+0.0138%)
2026-07-06 13:57:07 ============================================================
2026-07-06 13:57:07 MAIN ENTRY FAILED: Could not get price
2026-07-06 13:57:07 ============================================================
2026-07-06 13:57:07 TRADE SIGNAL TRIGGERED
2026-07-06 13:57:07   Time: 2026-07-06T13:57:07.672145
2026-07-06 13:57:07   Market: btc-updown-5m-1783320900
2026-07-06 13:57:07   Signal: BUY_UP
2026-07-06 13:57:07   Token: UP
2026-07-06 13:57:07   Elapsed: 128s | Remaining: 172s | Bin: 1
2026-07-06 13:57:07   --- UP ---
2026-07-06 13:57:07     Price:   LAST=0.6200  BID=0.6200  ASK=0.6300
2026-07-06 13:57:07     VWAP 60s: 0.5376  |  Deviation: +15.33%
2026-07-06 13:57:07     Z-Score 5s: -0.24  |  Momentum 90s: +18.47%
2026-07-06 13:57:07     Trades: 365  |  Volume: 9350
2026-07-06 13:57:07     Buy Vol: 9240  |  Sell Vol: 110
2026-07-06 13:57:07   --- DOWN ---
2026-07-06 13:57:07     Price:   LAST=0.3800  BID=0.3700  ASK=0.3800
2026-07-06 13:57:07     VWAP 60s: 0.4492  |  Deviation: -15.40%
2026-07-06 13:57:07     Z-Score 5s: -0.54  |  Momentum 90s: -20.83%
2026-07-06 13:57:07     Trades: 373  |  Volume: 10044
2026-07-06 13:57:07     Buy Vol: 9514  |  Sell Vol: 530
2026-07-06 13:57:07   Win Rate: 0.6%
2026-07-06 13:57:07   Config: min_price=0.6, max_price=0.9, min_elapsed=60s, dev_range=0.1%-100%, no_entry_cutoff=30s
2026-07-06 13:57:07   BTC Chainlink: $62,930.71 (anchor: $62,922.00)
2026-07-06 13:57:07   BTC Deviation: $+8.71 (+0.0138%)
2026-07-06 13:57:07 ============================================================
2026-07-06 13:57:07 MAIN ENTRY FAILED: Could not get price
2026-07-06 13:57:07 ============================================================
2026-07-06 13:57:07 TRADE SIGNAL TRIGGERED
2026-07-06 13:57:07   Time: 2026-07-06T13:57:07.923894
2026-07-06 13:57:07   Market: btc-updown-5m-1783320900
2026-07-06 13:57:07   Signal: BUY_UP
2026-07-06 13:57:07   Token: UP
2026-07-06 13:57:07   Elapsed: 128s | Remaining: 172s | Bin: 1
2026-07-06 13:57:07   --- UP ---
2026-07-06 13:57:07     Price:   LAST=0.6200  BID=0.6200  ASK=0.6300
2026-07-06 13:57:07     VWAP 60s: 0.5376  |  Deviation: +15.33%
2026-07-06 13:57:07     Z-Score 5s: -0.24  |  Momentum 90s: +18.47%
2026-07-06 13:57:07     Trades: 365  |  Volume: 9350
2026-07-06 13:57:07     Buy Vol: 9240  |  Sell Vol: 110
2026-07-06 13:57:07   --- DOWN ---
2026-07-06 13:57:07     Price:   LAST=0.3800  BID=0.3700  ASK=0.3800
2026-07-06 13:57:07     VWAP 60s: 0.4489  |  Deviation: -15.35%
2026-07-06 13:57:07     Z-Score 5s: -0.52  |  Momentum 90s: -20.83%
2026-07-06 13:57:07     Trades: 375  |  Volume: 10059
2026-07-06 13:57:07     Buy Vol: 9529  |  Sell Vol: 530
2026-07-06 13:57:07   Win Rate: 0.6%
2026-07-06 13:57:07   Config: min_price=0.6, max_price=0.9, min_elapsed=60s, dev_range=0.1%-100%, no_entry_cutoff=30s
2026-07-06 13:57:07   BTC Chainlink: $62,930.71 (anchor: $62,922.00)
2026-07-06 13:57:07   BTC Deviation: $+8.71 (+0.0138%)
2026-07-06 13:57:07 ============================================================
2026-07-06 13:57:07 MAIN ENTRY FAILED: Could not get price
2026-07-06 13:57:08 ============================================================
2026-07-06 13:57:08 TRADE SIGNAL TRIGGERED
2026-07-06 13:57:08   Time: 2026-07-06T13:57:08.181813
2026-07-06 13:57:08   Market: btc-updown-5m-1783320900
2026-07-06 13:57:08   Signal: BUY_UP
2026-07-06 13:57:08   Token: UP
2026-07-06 13:57:08   Elapsed: 128s | Remaining: 172s | Bin: 1
2026-07-06 13:57:08   --- UP ---
2026-07-06 13:57:08     Price:   LAST=0.6200  BID=0.6200  ASK=0.6300
2026-07-06 13:57:08     VWAP 60s: 0.5376  |  Deviation: +15.33%
2026-07-06 13:57:08     Z-Score 5s: -0.16  |  Momentum 90s: +18.47%
2026-07-06 13:57:08     Trades: 365  |  Volume: 9350
2026-07-06 13:57:08     Buy Vol: 9240  |  Sell Vol: 110
2026-07-06 13:57:08   --- DOWN ---
2026-07-06 13:57:08     Price:   LAST=0.3800  BID=0.3700  ASK=0.3800
2026-07-06 13:57:08     VWAP 60s: 0.4487  |  Deviation: -15.31%
2026-07-06 13:57:08     Z-Score 5s: -0.58  |  Momentum 90s: -19.15%
2026-07-06 13:57:08     Trades: 376  |  Volume: 10072
2026-07-06 13:57:08     Buy Vol: 9542  |  Sell Vol: 530
2026-07-06 13:57:08   Win Rate: 0.6%
2026-07-06 13:57:08   Config: min_price=0.6, max_price=0.9, min_elapsed=60s, dev_range=0.1%-100%, no_entry_cutoff=30s
2026-07-06 13:57:08   BTC Chainlink: $62,930.71 (anchor: $62,922.00)
2026-07-06 13:57:08   BTC Deviation: $+8.71 (+0.0138%)
2026-07-06 13:57:08 ============================================================
2026-07-06 13:57:08 MAIN ENTRY FAILED: Could not get price
2026-07-06 13:57:08 ============================================================
2026-07-06 13:57:08 TRADE SIGNAL TRIGGERED
2026-07-06 13:57:08   Time: 2026-07-06T13:57:08.435711
2026-07-06 13:57:08   Market: btc-updown-5m-1783320900
2026-07-06 13:57:08   Signal: BUY_UP
2026-07-06 13:57:08   Token: UP
2026-07-06 13:57:08   Elapsed: 128s | Remaining: 172s | Bin: 1
2026-07-06 13:57:08   --- UP ---
2026-07-06 13:57:08     Price:   LAST=0.6200  BID=0.6100  ASK=0.6200
2026-07-06 13:57:08     VWAP 60s: 0.5376  |  Deviation: +15.33%
2026-07-06 13:57:08     Z-Score 5s: +0.24  |  Momentum 90s: +18.40%
2026-07-06 13:57:08     Trades: 366  |  Volume: 9352
2026-07-06 13:57:08     Buy Vol: 9242  |  Sell Vol: 110
2026-07-06 13:57:08   --- DOWN ---
2026-07-06 13:57:08     Price:   LAST=0.3800  BID=0.3800  ASK=0.3900
2026-07-06 13:57:08     VWAP 60s: 0.4458  |  Deviation: -14.76%
2026-07-06 13:57:08     Z-Score 5s: -0.66  |  Momentum 90s: -19.15%
2026-07-06 13:57:08     Trades: 377  |  Volume: 10276
2026-07-06 13:57:08     Buy Vol: 9746  |  Sell Vol: 530
2026-07-06 13:57:08   Win Rate: 0.6%
2026-07-06 13:57:08   Config: min_price=0.6, max_price=0.9, min_elapsed=60s, dev_range=0.1%-100%, no_entry_cutoff=30s
2026-07-06 13:57:08   BTC Chainlink: $62,930.71 (anchor: $62,922.00)
2026-07-06 13:57:08   BTC Deviation: $+8.71 (+0.0138%)
2026-07-06 13:57:08 ============================================================
2026-07-06 13:57:08 MAIN ENTRY FAILED: Could not get price
2026-07-06 13:57:08 ============================================================
2026-07-06 13:57:08 TRADE SIGNAL TRIGGERED
2026-07-06 13:57:08   Time: 2026-07-06T13:57:08.687023
2026-07-06 13:57:08   Market: btc-updown-5m-1783320900
2026-07-06 13:57:08   Signal: BUY_UP
2026-07-06 13:57:08   Token: UP
2026-07-06 13:57:08   Elapsed: 129s | Remaining: 171s | Bin: 1
2026-07-06 13:57:08   --- UP ---
2026-07-06 13:57:08     Price:   LAST=0.6200  BID=0.6100  ASK=0.6200
2026-07-06 13:57:08     VWAP 60s: 0.5378  |  Deviation: +15.28%
2026-07-06 13:57:08     Z-Score 5s: +0.53  |  Momentum 90s: +18.32%
2026-07-06 13:57:08     Trades: 367  |  Volume: 9368
2026-07-06 13:57:08     Buy Vol: 9258  |  Sell Vol: 110
2026-07-06 13:57:08   --- DOWN ---
2026-07-06 13:57:08     Price:   LAST=0.3900  BID=0.3800  ASK=0.3900
2026-07-06 13:57:08     VWAP 60s: 0.4457  |  Deviation: -12.49%
2026-07-06 13:57:08     Z-Score 5s: +0.56  |  Momentum 90s: -17.02%
2026-07-06 13:57:08     Trades: 378  |  Volume: 10289
2026-07-06 13:57:08     Buy Vol: 9759  |  Sell Vol: 530
2026-07-06 13:57:08   Win Rate: 0.6%
2026-07-06 13:57:08   Config: min_price=0.6, max_price=0.9, min_elapsed=60s, dev_range=0.1%-100%, no_entry_cutoff=30s
2026-07-06 13:57:08   BTC Chainlink: $62,930.71 (anchor: $62,922.00)
2026-07-06 13:57:08   BTC Deviation: $+8.71 (+0.0138%)
2026-07-06 13:57:08 ============================================================
2026-07-06 13:57:08 MAIN ENTRY FAILED: Could not get price
2026-07-06 13:57:08 ============================================================
2026-07-06 13:57:08 TRADE SIGNAL TRIGGERED
2026-07-06 13:57:08   Time: 2026-07-06T13:57:08.938795
2026-07-06 13:57:08   Market: btc-updown-5m-1783320900
2026-07-06 13:57:08   Signal: BUY_UP
2026-07-06 13:57:08   Token: UP
2026-07-06 13:57:08   Elapsed: 129s | Remaining: 171s | Bin: 1
2026-07-06 13:57:08   --- UP ---
2026-07-06 13:57:08     Price:   LAST=0.6200  BID=0.6100  ASK=0.6200
2026-07-06 13:57:08     VWAP 60s: 0.5378  |  Deviation: +15.28%
2026-07-06 13:57:08     Z-Score 5s: +0.94  |  Momentum 90s: +18.10%
2026-07-06 13:57:08     Trades: 367  |  Volume: 9368
2026-07-06 13:57:08     Buy Vol: 9258  |  Sell Vol: 110
2026-07-06 13:57:08   --- DOWN ---
2026-07-06 13:57:08     Price:   LAST=0.3900  BID=0.3800  ASK=0.3900
2026-07-06 13:57:08     VWAP 60s: 0.4453  |  Deviation: -12.42%
2026-07-06 13:57:08     Z-Score 5s: +0.48  |  Momentum 90s: -17.89%
2026-07-06 13:57:08     Trades: 380  |  Volume: 10304
2026-07-06 13:57:08     Buy Vol: 9774  |  Sell Vol: 530
2026-07-06 13:57:08   Win Rate: 0.6%
2026-07-06 13:57:08   Config: min_price=0.6, max_price=0.9, min_elapsed=60s, dev_range=0.1%-100%, no_entry_cutoff=30s
2026-07-06 13:57:08   BTC Chainlink: $62,930.71 (anchor: $62,922.00)
2026-07-06 13:57:08   BTC Deviation: $+8.71 (+0.0138%)
2026-07-06 13:57:08 ============================================================
2026-07-06 13:57:08 MAIN ENTRY FAILED: Could not get price
2026-07-06 13:57:09 ============================================================
2026-07-06 13:57:09 TRADE SIGNAL TRIGGERED
2026-07-06 13:57:09   Time: 2026-07-06T13:57:09.198611
2026-07-06 13:57:09   Market: btc-updown-5m-1783320900
2026-07-06 13:57:09   Signal: BUY_UP
2026-07-06 13:57:09   Token: UP
2026-07-06 13:57:09   Elapsed: 129s | Remaining: 171s | Bin: 1
2026-07-06 13:57:09   --- UP ---
2026-07-06 13:57:09     Price:   LAST=0.6200  BID=0.6100  ASK=0.6200
2026-07-06 13:57:09     VWAP 60s: 0.5382  |  Deviation: +15.20%
2026-07-06 13:57:09     Z-Score 5s: +0.86  |  Momentum 90s: +17.97%
2026-07-06 13:57:09     Trades: 368  |  Volume: 9400
2026-07-06 13:57:09     Buy Vol: 9290  |  Sell Vol: 110
2026-07-06 13:57:09   --- DOWN ---
2026-07-06 13:57:09     Price:   LAST=0.3900  BID=0.3800  ASK=0.3900
2026-07-06 13:57:09     VWAP 60s: 0.4451  |  Deviation: -12.37%
2026-07-06 13:57:09     Z-Score 5s: +0.44  |  Momentum 90s: -17.89%
2026-07-06 13:57:09     Trades: 383  |  Volume: 10332
2026-07-06 13:57:09     Buy Vol: 9802  |  Sell Vol: 530
2026-07-06 13:57:09   Win Rate: 0.6%
2026-07-06 13:57:09   Config: min_price=0.6, max_price=0.9, min_elapsed=60s, dev_range=0.1%-100%, no_entry_cutoff=30s
2026-07-06 13:57:09   BTC Chainlink: $62,930.71 (anchor: $62,922.00)
2026-07-06 13:57:09   BTC Deviation: $+8.70 (+0.0138%)
2026-07-06 13:57:09 ============================================================
2026-07-06 13:57:09 MAIN ENTRY FAILED: Could not get price
2026-07-06 13:57:09 ============================================================
2026-07-06 13:57:09 TRADE SIGNAL TRIGGERED
2026-07-06 13:57:09   Time: 2026-07-06T13:57:09.461571
2026-07-06 13:57:09   Market: btc-updown-5m-1783320900
2026-07-06 13:57:09   Signal: BUY_UP
2026-07-06 13:57:09   Token: UP
2026-07-06 13:57:09   Elapsed: 129s | Remaining: 171s | Bin: 1
2026-07-06 13:57:09   --- UP ---
2026-07-06 13:57:09     Price:   LAST=0.6200  BID=0.6100  ASK=0.6200
2026-07-06 13:57:09     VWAP 60s: 0.5382  |  Deviation: +15.20%
2026-07-06 13:57:09     Z-Score 5s: +0.72  |  Momentum 90s: +17.26%
2026-07-06 13:57:09     Trades: 368  |  Volume: 9400
2026-07-06 13:57:09     Buy Vol: 9290  |  Sell Vol: 110
2026-07-06 13:57:09   --- DOWN ---
2026-07-06 13:57:09     Price:   LAST=0.3900  BID=0.3800  ASK=0.3900
2026-07-06 13:57:09     VWAP 60s: 0.4448  |  Deviation: -12.32%
2026-07-06 13:57:09     Z-Score 5s: +0.41  |  Momentum 90s: -17.89%
2026-07-06 13:57:09     Trades: 387  |  Volume: 10363
2026-07-06 13:57:09     Buy Vol: 9833  |  Sell Vol: 530
2026-07-06 13:57:09   Win Rate: 0.6%
2026-07-06 13:57:09   Config: min_price=0.6, max_price=0.9, min_elapsed=60s, dev_range=0.1%-100%, no_entry_cutoff=30s
2026-07-06 13:57:09   BTC Chainlink: $62,930.71 (anchor: $62,922.00)
2026-07-06 13:57:09   BTC Deviation: $+8.70 (+0.0138%)
2026-07-06 13:57:09 ============================================================
2026-07-06 13:57:09 MAIN ENTRY FAILED: Could not get price
2026-07-06 13:57:09 ============================================================
2026-07-06 13:57:09 TRADE SIGNAL TRIGGERED
2026-07-06 13:57:09   Time: 2026-07-06T13:57:09.712303
2026-07-06 13:57:09   Market: btc-updown-5m-1783320900
2026-07-06 13:57:09   Signal: BUY_UP
2026-07-06 13:57:09   Token: UP
2026-07-06 13:57:09   Elapsed: 130s | Remaining: 170s | Bin: 1
2026-07-06 13:57:09   --- UP ---
2026-07-06 13:57:09     Price:   LAST=0.6200  BID=0.6100  ASK=0.6200
2026-07-06 13:57:09     VWAP 60s: 0.5382  |  Deviation: +15.19%
2026-07-06 13:57:09     Z-Score 5s: +0.38  |  Momentum 90s: +16.54%
2026-07-06 13:57:09     Trades: 369  |  Volume: 9404
2026-07-06 13:57:09     Buy Vol: 9294  |  Sell Vol: 110
2026-07-06 13:57:09   --- DOWN ---
2026-07-06 13:57:09     Price:   LAST=0.3900  BID=0.3800  ASK=0.3900
2026-07-06 13:57:09     VWAP 60s: 0.4400  |  Deviation: -11.36%
2026-07-06 13:57:09     Z-Score 5s: +0.50  |  Momentum 90s: -17.89%
2026-07-06 13:57:09     Trades: 387  |  Volume: 10363
2026-07-06 13:57:09     Buy Vol: 9833  |  Sell Vol: 530
2026-07-06 13:57:09   Win Rate: 0.6%
2026-07-06 13:57:09   Config: min_price=0.6, max_price=0.9, min_elapsed=60s, dev_range=0.1%-100%, no_entry_cutoff=30s
2026-07-06 13:57:09   BTC Chainlink: $62,930.71 (anchor: $62,922.00)
2026-07-06 13:57:09   BTC Deviation: $+8.70 (+0.0138%)
2026-07-06 13:57:09 ============================================================
2026-07-06 13:57:09 MAIN ENTRY FAILED: Could not get price
2026-07-06 13:57:09 ============================================================
2026-07-06 13:57:09 TRADE SIGNAL TRIGGERED
2026-07-06 13:57:09   Time: 2026-07-06T13:57:09.968542
2026-07-06 13:57:09   Market: btc-updown-5m-1783320900
2026-07-06 13:57:09   Signal: BUY_UP
2026-07-06 13:57:09   Token: UP
2026-07-06 13:57:09   Elapsed: 130s | Remaining: 170s | Bin: 1
2026-07-06 13:57:09   --- UP ---
2026-07-06 13:57:09     Price:   LAST=0.6200  BID=0.5900  ASK=0.6000
2026-07-06 13:57:09     VWAP 60s: 0.5382  |  Deviation: +15.19%
2026-07-06 13:57:09     Z-Score 5s: +0.38  |  Momentum 90s: +16.04%
2026-07-06 13:57:09     Trades: 369  |  Volume: 9404
2026-07-06 13:57:09     Buy Vol: 9294  |  Sell Vol: 110
2026-07-06 13:57:09   --- DOWN ---
2026-07-06 13:57:09     Price:   LAST=0.3900  BID=0.4000  ASK=0.4100
2026-07-06 13:57:09     VWAP 60s: 0.4392  |  Deviation: -11.20%
2026-07-06 13:57:09     Z-Score 5s: +0.58  |  Momentum 90s: -17.72%
2026-07-06 13:57:09     Trades: 389  |  Volume: 10386
2026-07-06 13:57:09     Buy Vol: 9856  |  Sell Vol: 530
2026-07-06 13:57:09   Win Rate: 0.6%
2026-07-06 13:57:09   Config: min_price=0.6, max_price=0.9, min_elapsed=60s, dev_range=0.1%-100%, no_entry_cutoff=30s
2026-07-06 13:57:09   BTC Chainlink: $62,930.71 (anchor: $62,922.00)
2026-07-06 13:57:09   BTC Deviation: $+8.70 (+0.0138%)
2026-07-06 13:57:09 ============================================================
2026-07-06 13:57:09 MAIN ENTRY FAILED: Could not get price
2026-07-06 13:57:10 ============================================================
2026-07-06 13:57:10 TRADE SIGNAL TRIGGERED
2026-07-06 13:57:10   Time: 2026-07-06T13:57:10.224168
2026-07-06 13:57:10   Market: btc-updown-5m-1783320900
2026-07-06 13:57:10   Signal: BUY_UP
2026-07-06 13:57:10   Token: UP
2026-07-06 13:57:10   Elapsed: 130s | Remaining: 170s | Bin: 1
2026-07-06 13:57:10   --- UP ---
2026-07-06 13:57:10     Price:   LAST=0.6200  BID=0.5900  ASK=0.6000
2026-07-06 13:57:10     VWAP 60s: 0.5383  |  Deviation: +15.17%
2026-07-06 13:57:10     Z-Score 5s: +0.38  |  Momentum 90s: +16.74%
2026-07-06 13:57:10     Trades: 369  |  Volume: 9404
2026-07-06 13:57:10     Buy Vol: 9294  |  Sell Vol: 110
2026-07-06 13:57:10   --- DOWN ---
2026-07-06 13:57:10     Price:   LAST=0.4100  BID=0.4000  ASK=0.4100
2026-07-06 13:57:10     VWAP 60s: 0.4383  |  Deviation: -6.45%
2026-07-06 13:57:10     Z-Score 5s: +2.95  |  Momentum 90s: -13.50%
2026-07-06 13:57:10     Trades: 391  |  Volume: 10530
2026-07-06 13:57:10     Buy Vol: 10000  |  Sell Vol: 530
2026-07-06 13:57:10   Win Rate: 0.6%
2026-07-06 13:57:10   Config: min_price=0.6, max_price=0.9, min_elapsed=60s, dev_range=0.1%-100%, no_entry_cutoff=30s
2026-07-06 13:57:10   BTC Chainlink: $62,930.71 (anchor: $62,922.00)
2026-07-06 13:57:10   BTC Deviation: $+8.71 (+0.0138%)
2026-07-06 13:57:10 ============================================================
2026-07-06 13:57:10 MAIN ENTRY FAILED: Could not get price
2026-07-06 13:57:10 ============================================================
2026-07-06 13:57:10 TRADE SIGNAL TRIGGERED
2026-07-06 13:57:10   Time: 2026-07-06T13:57:10.477267
2026-07-06 13:57:10   Market: btc-updown-5m-1783320900
2026-07-06 13:57:10   Signal: BUY_UP
2026-07-06 13:57:10   Token: UP
2026-07-06 13:57:10   Elapsed: 130s | Remaining: 170s | Bin: 1
2026-07-06 13:57:10   --- UP ---
2026-07-06 13:57:10     Price:   LAST=0.6200  BID=0.5700  ASK=0.5800
2026-07-06 13:57:10     VWAP 60s: 0.5387  |  Deviation: +15.09%
2026-07-06 13:57:10     Z-Score 5s: +0.00  |  Momentum 90s: +16.67%
2026-07-06 13:57:10     Trades: 369  |  Volume: 9404
2026-07-06 13:57:10     Buy Vol: 9294  |  Sell Vol: 110
2026-07-06 13:57:10   --- DOWN ---
2026-07-06 13:57:10     Price:   LAST=0.4100  BID=0.4200  ASK=0.4300
2026-07-06 13:57:10     VWAP 60s: 0.4383  |  Deviation: -6.45%
2026-07-06 13:57:10     Z-Score 5s: +3.28  |  Momentum 90s: -13.68%
2026-07-06 13:57:10     Trades: 391  |  Volume: 10530
2026-07-06 13:57:10     Buy Vol: 10000  |  Sell Vol: 530
2026-07-06 13:57:10   Win Rate: 0.6%
2026-07-06 13:57:10   Config: min_price=0.6, max_price=0.9, min_elapsed=60s, dev_range=0.1%-100%, no_entry_cutoff=30s
2026-07-06 13:57:10   BTC Chainlink: $62,930.71 (anchor: $62,922.00)
2026-07-06 13:57:10   BTC Deviation: $+8.71 (+0.0138%)
2026-07-06 13:57:10 ============================================================
2026-07-06 13:57:10 MAIN ENTRY FAILED: Could not get price
2026-07-06 13:57:14 ============================================================
2026-07-06 13:57:14 TRADE SIGNAL TRIGGERED
2026-07-06 13:57:14   Time: 2026-07-06T13:57:14.587863
2026-07-06 13:57:14   Market: btc-updown-5m-1783320900
2026-07-06 13:57:14   Signal: BUY_UP
2026-07-06 13:57:14   Token: UP
2026-07-06 13:57:14   Elapsed: 135s | Remaining: 165s | Bin: 1
2026-07-06 13:57:14   --- UP ---
2026-07-06 13:57:14     Price:   LAST=0.6000  BID=0.5900  ASK=0.6000
2026-07-06 13:57:14     VWAP 60s: 0.5580  |  Deviation: +7.52%
2026-07-06 13:57:14     Z-Score 5s: +2.43  |  Momentum 90s: +17.65%
2026-07-06 13:57:14     Trades: 380  |  Volume: 10377
2026-07-06 13:57:14     Buy Vol: 9479  |  Sell Vol: 898
2026-07-06 13:57:14   --- DOWN ---
2026-07-06 13:57:14     Price:   LAST=0.4100  BID=0.4000  ASK=0.4100
2026-07-06 13:57:14     VWAP 60s: 0.4261  |  Deviation: -3.79%
2026-07-06 13:57:14     Z-Score 5s: -0.58  |  Momentum 90s: -17.34%
2026-07-06 13:57:14     Trades: 406  |  Volume: 10692
2026-07-06 13:57:14     Buy Vol: 10149  |  Sell Vol: 543
2026-07-06 13:57:14   Win Rate: 0.6%
2026-07-06 13:57:14   Config: min_price=0.6, max_price=0.9, min_elapsed=60s, dev_range=0.1%-100%, no_entry_cutoff=30s
2026-07-06 13:57:14   BTC Chainlink: $62,930.72 (anchor: $62,922.00)
2026-07-06 13:57:14   BTC Deviation: $+8.72 (+0.0139%)
2026-07-06 13:57:14 ============================================================
2026-07-06 13:57:14 MAIN ENTRY FAILED: Could not get price
2026-07-06 13:57:14 ============================================================
2026-07-06 13:57:14 TRADE SIGNAL TRIGGERED
2026-07-06 13:57:14   Time: 2026-07-06T13:57:14.850111
2026-07-06 13:57:14   Market: btc-updown-5m-1783320900
2026-07-06 13:57:14   Signal: BUY_UP
2026-07-06 13:57:14   Token: UP
2026-07-06 13:57:14   Elapsed: 135s | Remaining: 165s | Bin: 1
2026-07-06 13:57:14   --- UP ---
2026-07-06 13:57:14     Price:   LAST=0.6000  BID=0.5900  ASK=0.6000
2026-07-06 13:57:14     VWAP 60s: 0.5583  |  Deviation: +7.47%
2026-07-06 13:57:14     Z-Score 5s: +1.88  |  Momentum 90s: +17.81%
2026-07-06 13:57:14     Trades: 381  |  Volume: 10380
2026-07-06 13:57:14     Buy Vol: 9483  |  Sell Vol: 898
2026-07-06 13:57:14   --- DOWN ---
2026-07-06 13:57:14     Price:   LAST=0.4100  BID=0.4000  ASK=0.4100
2026-07-06 13:57:14     VWAP 60s: 0.4261  |  Deviation: -3.79%
2026-07-06 13:57:14     Z-Score 5s: -0.78  |  Momentum 90s: -17.34%
2026-07-06 13:57:14     Trades: 406  |  Volume: 10692
2026-07-06 13:57:14     Buy Vol: 10149  |  Sell Vol: 543
2026-07-06 13:57:14   Win Rate: 0.6%
2026-07-06 13:57:14   Config: min_price=0.6, max_price=0.9, min_elapsed=60s, dev_range=0.1%-100%, no_entry_cutoff=30s
2026-07-06 13:57:14   BTC Chainlink: $62,930.72 (anchor: $62,922.00)
2026-07-06 13:57:14   BTC Deviation: $+8.72 (+0.0139%)
2026-07-06 13:57:14 ============================================================
2026-07-06 13:57:14 MAIN ENTRY FAILED: Could not get price
2026-07-06 13:57:15 ============================================================
2026-07-06 13:57:15 TRADE SIGNAL TRIGGERED
2026-07-06 13:57:15   Time: 2026-07-06T13:57:15.104354
2026-07-06 13:57:15   Market: btc-updown-5m-1783320900
2026-07-06 13:57:15   Signal: BUY_UP
2026-07-06 13:57:15   Token: UP
2026-07-06 13:57:15   Elapsed: 135s | Remaining: 165s | Bin: 1
2026-07-06 13:57:15   --- UP ---
2026-07-06 13:57:15     Price:   LAST=0.6000  BID=0.6000  ASK=0.6100
2026-07-06 13:57:15     VWAP 60s: 0.5594  |  Deviation: +7.25%
2026-07-06 13:57:15     Z-Score 5s: +1.41  |  Momentum 90s: +18.31%
2026-07-06 13:57:15     Trades: 383  |  Volume: 10400
2026-07-06 13:57:15     Buy Vol: 9502  |  Sell Vol: 898
2026-07-06 13:57:15   --- DOWN ---
2026-07-06 13:57:15     Price:   LAST=0.4100  BID=0.3900  ASK=0.4000
2026-07-06 13:57:15     VWAP 60s: 0.4261  |  Deviation: -3.79%
2026-07-06 13:57:15     Z-Score 5s: -1.46  |  Momentum 90s: -17.34%
2026-07-06 13:57:15     Trades: 406  |  Volume: 10692
2026-07-06 13:57:15     Buy Vol: 10149  |  Sell Vol: 543
2026-07-06 13:57:15   Win Rate: 0.6%
2026-07-06 13:57:15   Config: min_price=0.6, max_price=0.9, min_elapsed=60s, dev_range=0.1%-100%, no_entry_cutoff=30s
2026-07-06 13:57:15   BTC Chainlink: $62,930.72 (anchor: $62,922.00)
2026-07-06 13:57:15   BTC Deviation: $+8.72 (+0.0139%)
2026-07-06 13:57:15 ============================================================
2026-07-06 13:57:15 MAIN ENTRY FAILED: Could not get price
2026-07-06 13:57:15 ============================================================
2026-07-06 13:57:15 TRADE SIGNAL TRIGGERED
2026-07-06 13:57:15   Time: 2026-07-06T13:57:15.356814
2026-07-06 13:57:15   Market: btc-updown-5m-1783320900
2026-07-06 13:57:15   Signal: BUY_UP
2026-07-06 13:57:15   Token: UP
2026-07-06 13:57:15   Elapsed: 135s | Remaining: 165s | Bin: 1
2026-07-06 13:57:15   --- UP ---
2026-07-06 13:57:15     Price:   LAST=0.6100  BID=0.6000  ASK=0.6100
2026-07-06 13:57:15     VWAP 60s: 0.5606  |  Deviation: +8.81%
2026-07-06 13:57:15     Z-Score 5s: +1.73  |  Momentum 90s: +21.19%
2026-07-06 13:57:15     Trades: 385  |  Volume: 10420
2026-07-06 13:57:15     Buy Vol: 9522  |  Sell Vol: 898
2026-07-06 13:57:15   --- DOWN ---
2026-07-06 13:57:15     Price:   LAST=0.4100  BID=0.3900  ASK=0.4000
2026-07-06 13:57:15     VWAP 60s: 0.4260  |  Deviation: -3.75%
2026-07-06 13:57:15     Z-Score 5s: -1.63  |  Momentum 90s: -17.59%
2026-07-06 13:57:15     Trades: 406  |  Volume: 10692
2026-07-06 13:57:15     Buy Vol: 10149  |  Sell Vol: 543
2026-07-06 13:57:15   Win Rate: 0.6%
2026-07-06 13:57:15   Config: min_price=0.6, max_price=0.9, min_elapsed=60s, dev_range=0.1%-100%, no_entry_cutoff=30s
2026-07-06 13:57:15   BTC Chainlink: $62,930.72 (anchor: $62,922.00)
2026-07-06 13:57:15   BTC Deviation: $+8.72 (+0.0139%)
2026-07-06 13:57:15 ============================================================
2026-07-06 13:57:15 MAIN ENTRY FAILED: Could not get price
2026-07-06 13:57:15 ============================================================
2026-07-06 13:57:15 TRADE SIGNAL TRIGGERED
2026-07-06 13:57:15   Time: 2026-07-06T13:57:15.609190
2026-07-06 13:57:15   Market: btc-updown-5m-1783320900
2026-07-06 13:57:15   Signal: BUY_UP
2026-07-06 13:57:15   Token: UP
2026-07-06 13:57:15   Elapsed: 136s | Remaining: 164s | Bin: 1
2026-07-06 13:57:15   --- UP ---
2026-07-06 13:57:15     Price:   LAST=0.6100  BID=0.6000  ASK=0.6100
2026-07-06 13:57:15     VWAP 60s: 0.5608  |  Deviation: +8.77%
2026-07-06 13:57:15     Z-Score 5s: +1.48  |  Momentum 90s: +21.19%
2026-07-06 13:57:15     Trades: 386  |  Volume: 10425
2026-07-06 13:57:15     Buy Vol: 9527  |  Sell Vol: 898
2026-07-06 13:57:15   --- DOWN ---
2026-07-06 13:57:15     Price:   LAST=0.4100  BID=0.3900  ASK=0.4000
2026-07-06 13:57:15     VWAP 60s: 0.4259  |  Deviation: -3.74%
2026-07-06 13:57:15     Z-Score 5s: -1.40  |  Momentum 90s: -17.59%
2026-07-06 13:57:15     Trades: 406  |  Volume: 10692
2026-07-06 13:57:15     Buy Vol: 10149  |  Sell Vol: 543
2026-07-06 13:57:15   Win Rate: 0.6%
2026-07-06 13:57:15   Config: min_price=0.6, max_price=0.9, min_elapsed=60s, dev_range=0.1%-100%, no_entry_cutoff=30s
2026-07-06 13:57:15   BTC Chainlink: $62,930.90 (anchor: $62,922.00)
2026-07-06 13:57:15   BTC Deviation: $+8.90 (+0.0141%)
2026-07-06 13:57:15 ============================================================
2026-07-06 13:57:15 MAIN ENTRY FAILED: Could not get price
2026-07-06 13:57:15 ============================================================
2026-07-06 13:57:15 TRADE SIGNAL TRIGGERED
2026-07-06 13:57:15   Time: 2026-07-06T13:57:15.862108
2026-07-06 13:57:15   Market: btc-updown-5m-1783320900
2026-07-06 13:57:15   Signal: BUY_UP
2026-07-06 13:57:15   Token: UP
2026-07-06 13:57:15   Elapsed: 136s | Remaining: 164s | Bin: 1
2026-07-06 13:57:15   --- UP ---
2026-07-06 13:57:15     Price:   LAST=0.6100  BID=0.6000  ASK=0.6100
2026-07-06 13:57:15     VWAP 60s: 0.5612  |  Deviation: +8.69%
2026-07-06 13:57:15     Z-Score 5s: +1.17  |  Momentum 90s: +21.56%
2026-07-06 13:57:15     Trades: 387  |  Volume: 10427
2026-07-06 13:57:15     Buy Vol: 9529  |  Sell Vol: 898
2026-07-06 13:57:15   --- DOWN ---
2026-07-06 13:57:15     Price:   LAST=0.4100  BID=0.3900  ASK=0.4000
2026-07-06 13:57:15     VWAP 60s: 0.4256  |  Deviation: -3.67%
2026-07-06 13:57:15     Z-Score 5s: -1.26  |  Momentum 90s: -18.00%
2026-07-06 13:57:15     Trades: 406  |  Volume: 10692
2026-07-06 13:57:15     Buy Vol: 10149  |  Sell Vol: 543
2026-07-06 13:57:15   Win Rate: 0.6%
2026-07-06 13:57:15   Config: min_price=0.6, max_price=0.9, min_elapsed=60s, dev_range=0.1%-100%, no_entry_cutoff=30s
2026-07-06 13:57:15   BTC Chainlink: $62,930.90 (anchor: $62,922.00)
2026-07-06 13:57:15   BTC Deviation: $+8.90 (+0.0141%)
2026-07-06 13:57:15 ============================================================
2026-07-06 13:57:15 MAIN ENTRY FAILED: Could not get price
2026-07-06 13:57:16 ============================================================
2026-07-06 13:57:16 TRADE SIGNAL TRIGGERED
2026-07-06 13:57:16   Time: 2026-07-06T13:57:16.113580
2026-07-06 13:57:16   Market: btc-updown-5m-1783320900
2026-07-06 13:57:16   Signal: BUY_UP
2026-07-06 13:57:16   Token: UP
2026-07-06 13:57:16   Elapsed: 136s | Remaining: 164s | Bin: 1
2026-07-06 13:57:16   --- UP ---
2026-07-06 13:57:16     Price:   LAST=0.6100  BID=0.6000  ASK=0.6100
2026-07-06 13:57:16     VWAP 60s: 0.5612  |  Deviation: +8.69%
2026-07-06 13:57:16     Z-Score 5s: +1.05  |  Momentum 90s: +22.00%
2026-07-06 13:57:16     Trades: 387  |  Volume: 10427
2026-07-06 13:57:16     Buy Vol: 9529  |  Sell Vol: 898
2026-07-06 13:57:16   --- DOWN ---
2026-07-06 13:57:16     Price:   LAST=0.4100  BID=0.3900  ASK=0.4000
2026-07-06 13:57:16     VWAP 60s: 0.4256  |  Deviation: -3.67%
2026-07-06 13:57:16     Z-Score 5s: -1.15  |  Momentum 90s: -18.41%
2026-07-06 13:57:16     Trades: 406  |  Volume: 10692
2026-07-06 13:57:16     Buy Vol: 10149  |  Sell Vol: 543
2026-07-06 13:57:16   Win Rate: 0.6%
2026-07-06 13:57:16   Config: min_price=0.6, max_price=0.9, min_elapsed=60s, dev_range=0.1%-100%, no_entry_cutoff=30s
2026-07-06 13:57:16   BTC Chainlink: $62,930.90 (anchor: $62,922.00)
2026-07-06 13:57:16   BTC Deviation: $+8.90 (+0.0141%)
2026-07-06 13:57:16 ============================================================
2026-07-06 13:57:16 MAIN ENTRY FAILED: Could not get price
2026-07-06 13:57:16 ============================================================
2026-07-06 13:57:16 TRADE SIGNAL TRIGGERED
2026-07-06 13:57:16   Time: 2026-07-06T13:57:16.370918
2026-07-06 13:57:16   Market: btc-updown-5m-1783320900
2026-07-06 13:57:16   Signal: BUY_UP
2026-07-06 13:57:16   Token: UP
2026-07-06 13:57:16   Elapsed: 136s | Remaining: 164s | Bin: 1
2026-07-06 13:57:16   --- UP ---
2026-07-06 13:57:16     Price:   LAST=0.6100  BID=0.6000  ASK=0.6100
2026-07-06 13:57:16     VWAP 60s: 0.5617  |  Deviation: +8.60%
2026-07-06 13:57:16     Z-Score 5s: +1.00  |  Momentum 90s: +22.00%
2026-07-06 13:57:16     Trades: 387  |  Volume: 10427
2026-07-06 13:57:16     Buy Vol: 9529  |  Sell Vol: 898
2026-07-06 13:57:16   --- DOWN ---
2026-07-06 13:57:16     Price:   LAST=0.4100  BID=0.3900  ASK=0.4000
2026-07-06 13:57:16     VWAP 60s: 0.4194  |  Deviation: -2.23%
2026-07-06 13:57:16     Z-Score 5s: -0.94  |  Momentum 90s: -19.08%
2026-07-06 13:57:16     Trades: 406  |  Volume: 10692
2026-07-06 13:57:16     Buy Vol: 10149  |  Sell Vol: 543
2026-07-06 13:57:16   Win Rate: 0.6%
2026-07-06 13:57:16   Config: min_price=0.6, max_price=0.9, min_elapsed=60s, dev_range=0.1%-100%, no_entry_cutoff=30s
2026-07-06 13:57:16   BTC Chainlink: $62,930.90 (anchor: $62,922.00)
2026-07-06 13:57:16   BTC Deviation: $+8.90 (+0.0141%)
2026-07-06 13:57:16 ============================================================
2026-07-06 13:57:16 MAIN ENTRY FAILED: Could not get price
2026-07-06 13:57:16 ============================================================
2026-07-06 13:57:16 TRADE SIGNAL TRIGGERED
2026-07-06 13:57:16   Time: 2026-07-06T13:57:16.626654
2026-07-06 13:57:16   Market: btc-updown-5m-1783320900
2026-07-06 13:57:16   Signal: BUY_UP
2026-07-06 13:57:16   Token: UP
2026-07-06 13:57:16   Elapsed: 137s | Remaining: 163s | Bin: 1
2026-07-06 13:57:16   --- UP ---
2026-07-06 13:57:16     Price:   LAST=0.6100  BID=0.6000  ASK=0.6100
2026-07-06 13:57:16     VWAP 60s: 0.5617  |  Deviation: +8.60%
2026-07-06 13:57:16     Z-Score 5s: +1.00  |  Momentum 90s: +22.00%
2026-07-06 13:57:16     Trades: 387  |  Volume: 10427
2026-07-06 13:57:16     Buy Vol: 9529  |  Sell Vol: 898
2026-07-06 13:57:16   --- DOWN ---
2026-07-06 13:57:16     Price:   LAST=0.4000  BID=0.3900  ASK=0.4000
2026-07-06 13:57:16     VWAP 60s: 0.4190  |  Deviation: -4.54%
2026-07-06 13:57:16     Z-Score 5s: -1.62  |  Momentum 90s: -21.05%
2026-07-06 13:57:16     Trades: 407  |  Volume: 10752
2026-07-06 13:57:16     Buy Vol: 10209  |  Sell Vol: 543
2026-07-06 13:57:16   Win Rate: 0.6%
2026-07-06 13:57:16   Config: min_price=0.6, max_price=0.9, min_elapsed=60s, dev_range=0.1%-100%, no_entry_cutoff=30s
2026-07-06 13:57:16   BTC Chainlink: $62,930.83 (anchor: $62,922.00)
2026-07-06 13:57:16   BTC Deviation: $+8.83 (+0.0140%)
2026-07-06 13:57:16 ============================================================
2026-07-06 13:57:16 MAIN ENTRY FAILED: Could not get price
2026-07-06 13:57:16 ============================================================
2026-07-06 13:57:16 TRADE SIGNAL TRIGGERED
2026-07-06 13:57:16   Time: 2026-07-06T13:57:16.884299
2026-07-06 13:57:16   Market: btc-updown-5m-1783320900
2026-07-06 13:57:16   Signal: BUY_UP
2026-07-06 13:57:16   Token: UP
2026-07-06 13:57:16   Elapsed: 137s | Remaining: 163s | Bin: 1
2026-07-06 13:57:16   --- UP ---
2026-07-06 13:57:16     Price:   LAST=0.6100  BID=0.5800  ASK=0.5900
2026-07-06 13:57:16     VWAP 60s: 0.5681  |  Deviation: +7.38%
2026-07-06 13:57:16     Z-Score 5s: +1.00  |  Momentum 90s: +22.00%
2026-07-06 13:57:16     Trades: 387  |  Volume: 10427
2026-07-06 13:57:16     Buy Vol: 9529  |  Sell Vol: 898
2026-07-06 13:57:16   --- DOWN ---
2026-07-06 13:57:16     Price:   LAST=0.4100  BID=0.4100  ASK=0.4200
2026-07-06 13:57:16     VWAP 60s: 0.4190  |  Deviation: -2.14%
2026-07-06 13:57:16     Z-Score 5s: -0.14  |  Momentum 90s: -19.08%
2026-07-06 13:57:16     Trades: 409  |  Volume: 10775
2026-07-06 13:57:16     Buy Vol: 10232  |  Sell Vol: 543
2026-07-06 13:57:16   Win Rate: 0.6%
2026-07-06 13:57:16   Config: min_price=0.6, max_price=0.9, min_elapsed=60s, dev_range=0.1%-100%, no_entry_cutoff=30s
2026-07-06 13:57:16   BTC Chainlink: $62,930.83 (anchor: $62,922.00)
2026-07-06 13:57:16   BTC Deviation: $+8.83 (+0.0140%)
2026-07-06 13:57:16 ============================================================
2026-07-06 13:57:16 MAIN ENTRY FAILED: Could not get price
2026-07-06 13:57:36 ============================================================
2026-07-06 13:57:36 TRADE SIGNAL TRIGGERED
2026-07-06 13:57:36   Time: 2026-07-06T13:57:36.105371
2026-07-06 13:57:36   Market: btc-updown-5m-1783320900
2026-07-06 13:57:36   Signal: BUY_UP
2026-07-06 13:57:36   Token: UP
2026-07-06 13:57:36   Elapsed: 156s | Remaining: 144s | Bin: 1
2026-07-06 13:57:36   --- UP ---
2026-07-06 13:57:36     Price:   LAST=0.6000  BID=0.5900  ASK=0.6000
2026-07-06 13:57:36     VWAP 60s: 0.5919  |  Deviation: +1.36%
2026-07-06 13:57:36     Z-Score 5s: +2.40  |  Momentum 90s: +10.43%
2026-07-06 13:57:36     Trades: 425  |  Volume: 11084
2026-07-06 13:57:36     Buy Vol: 10177  |  Sell Vol: 907
2026-07-06 13:57:36   --- DOWN ---
2026-07-06 13:57:36     Price:   LAST=0.4400  BID=0.4000  ASK=0.4100
2026-07-06 13:57:36     VWAP 60s: 0.3987  |  Deviation: +10.37%
2026-07-06 13:57:36     Z-Score 5s: +0.00  |  Momentum 90s: -3.45%
2026-07-06 13:57:36     Trades: 425  |  Volume: 11360
2026-07-06 13:57:36     Buy Vol: 10577  |  Sell Vol: 783
2026-07-06 13:57:36   Win Rate: 0.6%
2026-07-06 13:57:36   Config: min_price=0.6, max_price=0.9, min_elapsed=60s, dev_range=0.1%-100%, no_entry_cutoff=30s
2026-07-06 13:57:36   BTC Chainlink: $62,930.63 (anchor: $62,922.00)
2026-07-06 13:57:36   BTC Deviation: $+8.63 (+0.0137%)
2026-07-06 13:57:36 ============================================================
2026-07-06 13:57:36 MAIN ENTRY FAILED: Could not get price
2026-07-06 13:57:36 ============================================================
2026-07-06 13:57:36 TRADE SIGNAL TRIGGERED
2026-07-06 13:57:36   Time: 2026-07-06T13:57:36.362334
2026-07-06 13:57:36   Market: btc-updown-5m-1783320900
2026-07-06 13:57:36   Signal: BUY_UP
2026-07-06 13:57:36   Token: UP
2026-07-06 13:57:36   Elapsed: 156s | Remaining: 144s | Bin: 1
2026-07-06 13:57:36   --- UP ---
2026-07-06 13:57:36     Price:   LAST=0.6000  BID=0.5900  ASK=0.6000
2026-07-06 13:57:36     VWAP 60s: 0.5915  |  Deviation: +1.43%
2026-07-06 13:57:36     Z-Score 5s: +1.93  |  Momentum 90s: +10.24%
2026-07-06 13:57:36     Trades: 426  |  Volume: 11086
2026-07-06 13:57:36     Buy Vol: 10179  |  Sell Vol: 907
2026-07-06 13:57:36   --- DOWN ---
2026-07-06 13:57:36     Price:   LAST=0.4100  BID=0.4000  ASK=0.4100
2026-07-06 13:57:36     VWAP 60s: 0.3988  |  Deviation: +2.81%
2026-07-06 13:57:36     Z-Score 5s: -1.50  |  Momentum 90s: -10.22%
2026-07-06 13:57:36     Trades: 426  |  Volume: 11420
2026-07-06 13:57:36     Buy Vol: 10637  |  Sell Vol: 783
2026-07-06 13:57:36   Win Rate: 0.6%
2026-07-06 13:57:36   Config: min_price=0.6, max_price=0.9, min_elapsed=60s, dev_range=0.1%-100%, no_entry_cutoff=30s
2026-07-06 13:57:36   BTC Chainlink: $62,930.64 (anchor: $62,922.00)
2026-07-06 13:57:36   BTC Deviation: $+8.64 (+0.0137%)
2026-07-06 13:57:36 ============================================================
2026-07-06 13:57:36 MAIN ENTRY FAILED: Could not get price
2026-07-06 13:57:36 ============================================================
2026-07-06 13:57:36 TRADE SIGNAL TRIGGERED
2026-07-06 13:57:36   Time: 2026-07-06T13:57:36.611745
2026-07-06 13:57:36   Market: btc-updown-5m-1783320900
2026-07-06 13:57:36   Signal: BUY_UP
2026-07-06 13:57:36   Token: UP
2026-07-06 13:57:36   Elapsed: 157s | Remaining: 143s | Bin: 1
2026-07-06 13:57:36   --- UP ---
2026-07-06 13:57:36     Price:   LAST=0.6000  BID=0.5900  ASK=0.6000
2026-07-06 13:57:36     VWAP 60s: 0.5905  |  Deviation: +1.60%
2026-07-06 13:57:36     Z-Score 5s: +1.59  |  Momentum 90s: +9.09%
2026-07-06 13:57:36     Trades: 427  |  Volume: 11090
2026-07-06 13:57:36     Buy Vol: 10183  |  Sell Vol: 907
2026-07-06 13:57:36   --- DOWN ---
2026-07-06 13:57:36     Price:   LAST=0.4100  BID=0.4000  ASK=0.4100
2026-07-06 13:57:36     VWAP 60s: 0.3988  |  Deviation: +2.81%
2026-07-06 13:57:36     Z-Score 5s: -1.50  |  Momentum 90s: -10.38%
2026-07-06 13:57:36     Trades: 426  |  Volume: 11420
2026-07-06 13:57:36     Buy Vol: 10637  |  Sell Vol: 783
2026-07-06 13:57:36   Win Rate: 0.6%
2026-07-06 13:57:36   Config: min_price=0.6, max_price=0.9, min_elapsed=60s, dev_range=0.1%-100%, no_entry_cutoff=30s
2026-07-06 13:57:36   BTC Chainlink: $62,930.64 (anchor: $62,922.00)
2026-07-06 13:57:36   BTC Deviation: $+8.64 (+0.0137%)
2026-07-06 13:57:36 ============================================================
2026-07-06 13:57:36 MAIN ENTRY FAILED: Could not get price
2026-07-06 13:57:36 ============================================================
2026-07-06 13:57:36 TRADE SIGNAL TRIGGERED
2026-07-06 13:57:36   Time: 2026-07-06T13:57:36.866569
2026-07-06 13:57:36   Market: btc-updown-5m-1783320900
2026-07-06 13:57:36   Signal: BUY_UP
2026-07-06 13:57:36   Token: UP
2026-07-06 13:57:36   Elapsed: 157s | Remaining: 143s | Bin: 1
2026-07-06 13:57:36   --- UP ---
2026-07-06 13:57:36     Price:   LAST=0.6000  BID=0.5900  ASK=0.6000
2026-07-06 13:57:36     VWAP 60s: 0.5905  |  Deviation: +1.61%
2026-07-06 13:57:36     Z-Score 5s: +1.19  |  Momentum 90s: +9.09%
2026-07-06 13:57:36     Trades: 430  |  Volume: 11161
2026-07-06 13:57:36     Buy Vol: 10254  |  Sell Vol: 907
2026-07-06 13:57:36   --- DOWN ---
2026-07-06 13:57:36     Price:   LAST=0.4100  BID=0.4000  ASK=0.4100
2026-07-06 13:57:36     VWAP 60s: 0.3988  |  Deviation: +2.81%
2026-07-06 13:57:36     Z-Score 5s: -1.50  |  Momentum 90s: -10.57%
2026-07-06 13:57:36     Trades: 426  |  Volume: 11420
2026-07-06 13:57:36     Buy Vol: 10637  |  Sell Vol: 783
2026-07-06 13:57:36   Win Rate: 0.6%
2026-07-06 13:57:36   Config: min_price=0.6, max_price=0.9, min_elapsed=60s, dev_range=0.1%-100%, no_entry_cutoff=30s
2026-07-06 13:57:36   BTC Chainlink: $62,930.64 (anchor: $62,922.00)
2026-07-06 13:57:36   BTC Deviation: $+8.64 (+0.0137%)
2026-07-06 13:57:36 ============================================================
2026-07-06 13:57:36 MAIN ENTRY FAILED: Could not get price
2026-07-06 13:57:37 ============================================================
2026-07-06 13:57:37 TRADE SIGNAL TRIGGERED
2026-07-06 13:57:37   Time: 2026-07-06T13:57:37.119762
2026-07-06 13:57:37   Market: btc-updown-5m-1783320900
2026-07-06 13:57:37   Signal: BUY_UP
2026-07-06 13:57:37   Token: UP
2026-07-06 13:57:37   Elapsed: 157s | Remaining: 143s | Bin: 1
2026-07-06 13:57:37   --- UP ---
2026-07-06 13:57:37     Price:   LAST=0.6000  BID=0.5900  ASK=0.6000
2026-07-06 13:57:37     VWAP 60s: 0.5905  |  Deviation: +1.61%
2026-07-06 13:57:37     Z-Score 5s: +1.05  |  Momentum 90s: +9.09%
2026-07-06 13:57:37     Trades: 432  |  Volume: 11169
2026-07-06 13:57:37     Buy Vol: 10261  |  Sell Vol: 907
2026-07-06 13:57:37   --- DOWN ---
2026-07-06 13:57:37     Price:   LAST=0.4100  BID=0.4000  ASK=0.4100
2026-07-06 13:57:37     VWAP 60s: 0.3989  |  Deviation: +2.79%
2026-07-06 13:57:37     Z-Score 5s: -1.50  |  Momentum 90s: -10.73%
2026-07-06 13:57:37     Trades: 426  |  Volume: 11420
2026-07-06 13:57:37     Buy Vol: 10637  |  Sell Vol: 783
2026-07-06 13:57:37   Win Rate: 0.6%
2026-07-06 13:57:37   Config: min_price=0.6, max_price=0.9, min_elapsed=60s, dev_range=0.1%-100%, no_entry_cutoff=30s
2026-07-06 13:57:37   BTC Chainlink: $62,930.64 (anchor: $62,922.00)
2026-07-06 13:57:37   BTC Deviation: $+8.64 (+0.0137%)
2026-07-06 13:57:37 ============================================================
2026-07-06 13:57:37 MAIN ENTRY FAILED: Could not get price
2026-07-06 13:57:37 ============================================================
2026-07-06 13:57:37 TRADE SIGNAL TRIGGERED
2026-07-06 13:57:37   Time: 2026-07-06T13:57:37.380728
2026-07-06 13:57:37   Market: btc-updown-5m-1783320900
2026-07-06 13:57:37   Signal: BUY_UP
2026-07-06 13:57:37   Token: UP
2026-07-06 13:57:37   Elapsed: 157s | Remaining: 143s | Bin: 1
2026-07-06 13:57:37   --- UP ---
2026-07-06 13:57:37     Price:   LAST=0.6000  BID=0.5900  ASK=0.6000
2026-07-06 13:57:37     VWAP 60s: 0.5869  |  Deviation: +2.23%
2026-07-06 13:57:37     Z-Score 5s: +1.01  |  Momentum 90s: +9.09%
2026-07-06 13:57:37     Trades: 432  |  Volume: 11169
2026-07-06 13:57:37     Buy Vol: 10261  |  Sell Vol: 907
2026-07-06 13:57:37   --- DOWN ---
2026-07-06 13:57:37     Price:   LAST=0.4100  BID=0.4000  ASK=0.4100
2026-07-06 13:57:37     VWAP 60s: 0.3989  |  Deviation: +2.79%
2026-07-06 13:57:37     Z-Score 5s: -1.50  |  Momentum 90s: -11.10%
2026-07-06 13:57:37     Trades: 426  |  Volume: 11420
2026-07-06 13:57:37     Buy Vol: 10637  |  Sell Vol: 783
2026-07-06 13:57:37   Win Rate: 0.6%
2026-07-06 13:57:37   Config: min_price=0.6, max_price=0.9, min_elapsed=60s, dev_range=0.1%-100%, no_entry_cutoff=30s
2026-07-06 13:57:37   BTC Chainlink: $62,930.64 (anchor: $62,922.00)
2026-07-06 13:57:37   BTC Deviation: $+8.64 (+0.0137%)
2026-07-06 13:57:37 ============================================================
2026-07-06 13:57:37 MAIN ENTRY FAILED: Could not get price
2026-07-06 13:57:37 ============================================================
2026-07-06 13:57:37 TRADE SIGNAL TRIGGERED
2026-07-06 13:57:37   Time: 2026-07-06T13:57:37.633434
2026-07-06 13:57:37   Market: btc-updown-5m-1783320900
2026-07-06 13:57:37   Signal: BUY_UP
2026-07-06 13:57:37   Token: UP
2026-07-06 13:57:37   Elapsed: 158s | Remaining: 142s | Bin: 1
2026-07-06 13:57:37   --- UP ---
2026-07-06 13:57:37     Price:   LAST=0.6000  BID=0.5900  ASK=0.6000
2026-07-06 13:57:37     VWAP 60s: 0.5871  |  Deviation: +2.20%
2026-07-06 13:57:37     Z-Score 5s: +0.75  |  Momentum 90s: +9.09%
2026-07-06 13:57:37     Trades: 439  |  Volume: 11227
2026-07-06 13:57:37     Buy Vol: 10320  |  Sell Vol: 907
2026-07-06 13:57:37   --- DOWN ---
2026-07-06 13:57:37     Price:   LAST=0.4100  BID=0.4000  ASK=0.4100
2026-07-06 13:57:37     VWAP 60s: 0.3989  |  Deviation: +2.79%
2026-07-06 13:57:37     Z-Score 5s: -1.10  |  Momentum 90s: -11.30%
2026-07-06 13:57:37     Trades: 427  |  Volume: 11432
2026-07-06 13:57:37     Buy Vol: 10649  |  Sell Vol: 783
2026-07-06 13:57:37   Win Rate: 0.6%
2026-07-06 13:57:37   Config: min_price=0.6, max_price=0.9, min_elapsed=60s, dev_range=0.1%-100%, no_entry_cutoff=30s
2026-07-06 13:57:37   BTC Chainlink: $62,930.78 (anchor: $62,922.00)
2026-07-06 13:57:37   BTC Deviation: $+8.78 (+0.0140%)
2026-07-06 13:57:37 ============================================================
2026-07-06 13:57:37 MAIN ENTRY FAILED: Could not get price
2026-07-06 13:57:37 ============================================================
2026-07-06 13:57:37 TRADE SIGNAL TRIGGERED
2026-07-06 13:57:37   Time: 2026-07-06T13:57:37.887220
2026-07-06 13:57:37   Market: btc-updown-5m-1783320900
2026-07-06 13:57:37   Signal: BUY_UP
2026-07-06 13:57:37   Token: UP
2026-07-06 13:57:37   Elapsed: 158s | Remaining: 142s | Bin: 1
2026-07-06 13:57:37   --- UP ---
2026-07-06 13:57:37     Price:   LAST=0.6000  BID=0.5900  ASK=0.6000
2026-07-06 13:57:37     VWAP 60s: 0.5871  |  Deviation: +2.20%
2026-07-06 13:57:37     Z-Score 5s: +0.73  |  Momentum 90s: +9.09%
2026-07-06 13:57:37     Trades: 440  |  Volume: 11229
2026-07-06 13:57:37     Buy Vol: 10321  |  Sell Vol: 907
2026-07-06 13:57:37   --- DOWN ---
2026-07-06 13:57:37     Price:   LAST=0.4100  BID=0.4000  ASK=0.4100
2026-07-06 13:57:37     VWAP 60s: 0.3990  |  Deviation: +2.75%
2026-07-06 13:57:37     Z-Score 5s: -1.10  |  Momentum 90s: -11.30%
2026-07-06 13:57:37     Trades: 427  |  Volume: 11432
2026-07-06 13:57:37     Buy Vol: 10649  |  Sell Vol: 783
2026-07-06 13:57:37   Win Rate: 0.6%
2026-07-06 13:57:37   Config: min_price=0.6, max_price=0.9, min_elapsed=60s, dev_range=0.1%-100%, no_entry_cutoff=30s
2026-07-06 13:57:37   BTC Chainlink: $62,930.78 (anchor: $62,922.00)
2026-07-06 13:57:37   BTC Deviation: $+8.78 (+0.0140%)
2026-07-06 13:57:37 ============================================================
2026-07-06 13:57:37 MAIN ENTRY FAILED: Could not get price
2026-07-06 13:57:38 ============================================================
2026-07-06 13:57:38 TRADE SIGNAL TRIGGERED
2026-07-06 13:57:38   Time: 2026-07-06T13:57:38.140109
2026-07-06 13:57:38   Market: btc-updown-5m-1783320900
2026-07-06 13:57:38   Signal: BUY_UP
2026-07-06 13:57:38   Token: UP
2026-07-06 13:57:38   Elapsed: 158s | Remaining: 142s | Bin: 1
2026-07-06 13:57:38   --- UP ---
2026-07-06 13:57:38     Price:   LAST=0.6000  BID=0.5800  ASK=0.5900
2026-07-06 13:57:38     VWAP 60s: 0.5871  |  Deviation: +2.20%
2026-07-06 13:57:38     Z-Score 5s: +0.70  |  Momentum 90s: +9.09%
2026-07-06 13:57:38     Trades: 440  |  Volume: 11229
2026-07-06 13:57:38     Buy Vol: 10321  |  Sell Vol: 907
2026-07-06 13:57:38   --- DOWN ---
2026-07-06 13:57:38     Price:   LAST=0.4100  BID=0.4100  ASK=0.4200
2026-07-06 13:57:38     VWAP 60s: 0.4005  |  Deviation: +2.37%
2026-07-06 13:57:38     Z-Score 5s: -1.10  |  Momentum 90s: -13.14%
2026-07-06 13:57:38     Trades: 427  |  Volume: 11432
2026-07-06 13:57:38     Buy Vol: 10649  |  Sell Vol: 783
2026-07-06 13:57:38   Win Rate: 0.6%
2026-07-06 13:57:38   Config: min_price=0.6, max_price=0.9, min_elapsed=60s, dev_range=0.1%-100%, no_entry_cutoff=30s
2026-07-06 13:57:38   BTC Chainlink: $62,931.59 (anchor: $62,922.00)
2026-07-06 13:57:38   BTC Deviation: $+9.58 (+0.0152%)
2026-07-06 13:57:38 ============================================================
2026-07-06 13:57:38 MAIN ENTRY FAILED: Could not get price
2026-07-06 13:57:41 ============================================================
2026-07-06 13:57:41 TRADE SIGNAL TRIGGERED
2026-07-06 13:57:41   Time: 2026-07-06T13:57:41.977578
2026-07-06 13:57:41   Market: btc-updown-5m-1783320900
2026-07-06 13:57:41   Signal: BUY_UP
2026-07-06 13:57:41   Token: UP
2026-07-06 13:57:41   Elapsed: 162s | Remaining: 138s | Bin: 1
2026-07-06 13:57:41   --- UP ---
2026-07-06 13:57:41     Price:   LAST=0.6200  BID=0.6100  ASK=0.6200
2026-07-06 13:57:41     VWAP 60s: 0.5864  |  Deviation: +5.72%
2026-07-06 13:57:41     Z-Score 5s: +1.75  |  Momentum 90s: +53.85%
2026-07-06 13:57:41     Trades: 452  |  Volume: 11432
2026-07-06 13:57:41     Buy Vol: 10524  |  Sell Vol: 907
2026-07-06 13:57:41   --- DOWN ---
2026-07-06 13:57:41     Price:   LAST=0.4200  BID=0.3800  ASK=0.3900
2026-07-06 13:57:41     VWAP 60s: 0.4081  |  Deviation: +2.91%
2026-07-06 13:57:41     Z-Score 5s: +0.41  |  Momentum 90s: -29.68%
2026-07-06 13:57:41     Trades: 432  |  Volume: 12068
2026-07-06 13:57:41     Buy Vol: 11284  |  Sell Vol: 785
2026-07-06 13:57:41   Win Rate: 0.6%
2026-07-06 13:57:41   Config: min_price=0.6, max_price=0.9, min_elapsed=60s, dev_range=0.1%-100%, no_entry_cutoff=30s
2026-07-06 13:57:41   BTC Chainlink: $62,931.80 (anchor: $62,922.00)
2026-07-06 13:57:41   BTC Deviation: $+9.80 (+0.0156%)
2026-07-06 13:57:41 ============================================================
2026-07-06 13:57:41 MAIN ENTRY FAILED: Could not get price
2026-07-06 13:57:42 ============================================================
2026-07-06 13:57:42 TRADE SIGNAL TRIGGERED
2026-07-06 13:57:42   Time: 2026-07-06T13:57:42.229670
2026-07-06 13:57:42   Market: btc-updown-5m-1783320900
2026-07-06 13:57:42   Signal: BUY_UP
2026-07-06 13:57:42   Token: UP
2026-07-06 13:57:42   Elapsed: 162s | Remaining: 138s | Bin: 1
2026-07-06 13:57:42   --- UP ---
2026-07-06 13:57:42     Price:   LAST=0.6200  BID=0.6100  ASK=0.6200
2026-07-06 13:57:42     VWAP 60s: 0.5864  |  Deviation: +5.72%
2026-07-06 13:57:42     Z-Score 5s: +1.77  |  Momentum 90s: +58.07%
2026-07-06 13:57:42     Trades: 452  |  Volume: 11432
2026-07-06 13:57:42     Buy Vol: 10524  |  Sell Vol: 907
2026-07-06 13:57:42   --- DOWN ---
2026-07-06 13:57:42     Price:   LAST=0.4200  BID=0.3800  ASK=0.3900
2026-07-06 13:57:42     VWAP 60s: 0.4081  |  Deviation: +2.91%
2026-07-06 13:57:42     Z-Score 5s: +0.41  |  Momentum 90s: -29.83%
2026-07-06 13:57:42     Trades: 432  |  Volume: 12068
2026-07-06 13:57:42     Buy Vol: 11284  |  Sell Vol: 785
2026-07-06 13:57:42   Win Rate: 0.6%
2026-07-06 13:57:42   Config: min_price=0.6, max_price=0.9, min_elapsed=60s, dev_range=0.1%-100%, no_entry_cutoff=30s
2026-07-06 13:57:42   BTC Chainlink: $62,931.80 (anchor: $62,922.00)
2026-07-06 13:57:42   BTC Deviation: $+9.80 (+0.0156%)
2026-07-06 13:57:42 ============================================================
2026-07-06 13:57:42 MAIN ENTRY FAILED: Could not get price
2026-07-06 13:57:42 ============================================================
2026-07-06 13:57:42 TRADE SIGNAL TRIGGERED
2026-07-06 13:57:42   Time: 2026-07-06T13:57:42.481803
2026-07-06 13:57:42   Market: btc-updown-5m-1783320900
2026-07-06 13:57:42   Signal: BUY_UP
2026-07-06 13:57:42   Token: UP
2026-07-06 13:57:42   Elapsed: 162s | Remaining: 138s | Bin: 1
2026-07-06 13:57:42   --- UP ---
2026-07-06 13:57:42     Price:   LAST=0.6200  BID=0.6100  ASK=0.6200
2026-07-06 13:57:42     VWAP 60s: 0.5863  |  Deviation: +5.75%
2026-07-06 13:57:42     Z-Score 5s: +1.85  |  Momentum 90s: +61.23%
2026-07-06 13:57:42     Trades: 452  |  Volume: 11432
2026-07-06 13:57:42     Buy Vol: 10524  |  Sell Vol: 907
2026-07-06 13:57:42   --- DOWN ---
2026-07-06 13:57:42     Price:   LAST=0.4200  BID=0.3800  ASK=0.3900
2026-07-06 13:57:42     VWAP 60s: 0.4088  |  Deviation: +2.74%
2026-07-06 13:57:42     Z-Score 5s: +0.41  |  Momentum 90s: -30.06%
2026-07-06 13:57:42     Trades: 432  |  Volume: 12068
2026-07-06 13:57:42     Buy Vol: 11284  |  Sell Vol: 785
2026-07-06 13:57:42   Win Rate: 0.6%
2026-07-06 13:57:42   Config: min_price=0.6, max_price=0.9, min_elapsed=60s, dev_range=0.1%-100%, no_entry_cutoff=30s
2026-07-06 13:57:42   BTC Chainlink: $62,931.79 (anchor: $62,922.00)
2026-07-06 13:57:42   BTC Deviation: $+9.78 (+0.0156%)
2026-07-06 13:57:42 ============================================================
2026-07-06 13:57:42 MAIN ENTRY FAILED: Could not get price
2026-07-06 13:57:42 ============================================================
2026-07-06 13:57:42 TRADE SIGNAL TRIGGERED
2026-07-06 13:57:42   Time: 2026-07-06T13:57:42.732895
2026-07-06 13:57:42   Market: btc-updown-5m-1783320900
2026-07-06 13:57:42   Signal: BUY_UP
2026-07-06 13:57:42   Token: UP
2026-07-06 13:57:42   Elapsed: 163s | Remaining: 137s | Bin: 1
2026-07-06 13:57:42   --- UP ---
2026-07-06 13:57:42     Price:   LAST=0.6200  BID=0.6100  ASK=0.6200
2026-07-06 13:57:42     VWAP 60s: 0.5863  |  Deviation: +5.75%
2026-07-06 13:57:42     Z-Score 5s: +2.00  |  Momentum 90s: +61.74%
2026-07-06 13:57:42     Trades: 452  |  Volume: 11432
2026-07-06 13:57:42     Buy Vol: 10524  |  Sell Vol: 907
2026-07-06 13:57:42   --- DOWN ---
2026-07-06 13:57:42     Price:   LAST=0.3900  BID=0.3800  ASK=0.3900
2026-07-06 13:57:42     VWAP 60s: 0.4088  |  Deviation: -4.59%
2026-07-06 13:57:42     Z-Score 5s: -1.71  |  Momentum 90s: -35.87%
2026-07-06 13:57:42     Trades: 433  |  Volume: 12075
2026-07-06 13:57:42     Buy Vol: 11291  |  Sell Vol: 785
2026-07-06 13:57:42   Win Rate: 0.6%
2026-07-06 13:57:42   Config: min_price=0.6, max_price=0.9, min_elapsed=60s, dev_range=0.1%-100%, no_entry_cutoff=30s
2026-07-06 13:57:42   BTC Chainlink: $62,931.79 (anchor: $62,922.00)
2026-07-06 13:57:42   BTC Deviation: $+9.78 (+0.0156%)
2026-07-06 13:57:42 ============================================================
2026-07-06 13:57:42 MAIN ENTRY FAILED: Could not get price
2026-07-06 13:57:42 ============================================================
2026-07-06 13:57:42 TRADE SIGNAL TRIGGERED
2026-07-06 13:57:42   Time: 2026-07-06T13:57:42.986305
2026-07-06 13:57:42   Market: btc-updown-5m-1783320900
2026-07-06 13:57:42   Signal: BUY_UP
2026-07-06 13:57:42   Token: UP
2026-07-06 13:57:42   Elapsed: 163s | Remaining: 137s | Bin: 1
2026-07-06 13:57:42   --- UP ---
2026-07-06 13:57:42     Price:   LAST=0.6200  BID=0.6100  ASK=0.6200
2026-07-06 13:57:42     VWAP 60s: 0.5863  |  Deviation: +5.74%
2026-07-06 13:57:42     Z-Score 5s: +1.72  |  Momentum 90s: +61.74%
2026-07-06 13:57:42     Trades: 453  |  Volume: 11437
2026-07-06 13:57:42     Buy Vol: 10529  |  Sell Vol: 907
2026-07-06 13:57:42   --- DOWN ---
2026-07-06 13:57:42     Price:   LAST=0.3900  BID=0.3800  ASK=0.3900
2026-07-06 13:57:42     VWAP 60s: 0.4086  |  Deviation: -4.54%
2026-07-06 13:57:42     Z-Score 5s: -1.31  |  Momentum 90s: -35.87%
2026-07-06 13:57:42     Trades: 434  |  Volume: 12127
2026-07-06 13:57:42     Buy Vol: 11342  |  Sell Vol: 785
2026-07-06 13:57:42   Win Rate: 0.6%
2026-07-06 13:57:42   Config: min_price=0.6, max_price=0.9, min_elapsed=60s, dev_range=0.1%-100%, no_entry_cutoff=30s
2026-07-06 13:57:42   BTC Chainlink: $62,931.79 (anchor: $62,922.00)
2026-07-06 13:57:42   BTC Deviation: $+9.78 (+0.0156%)
2026-07-06 13:57:42 ============================================================
2026-07-06 13:57:42 MAIN ENTRY FAILED: Could not get price
2026-07-06 13:57:43 ============================================================
2026-07-06 13:57:43 TRADE SIGNAL TRIGGERED
2026-07-06 13:57:43   Time: 2026-07-06T13:57:43.237987
2026-07-06 13:57:43   Market: btc-updown-5m-1783320900
2026-07-06 13:57:43   Signal: BUY_UP
2026-07-06 13:57:43   Token: UP
2026-07-06 13:57:43   Elapsed: 163s | Remaining: 137s | Bin: 1
2026-07-06 13:57:43   --- UP ---
2026-07-06 13:57:43     Price:   LAST=0.6200  BID=0.6100  ASK=0.6200
2026-07-06 13:57:43     VWAP 60s: 0.5864  |  Deviation: +5.73%
2026-07-06 13:57:43     Z-Score 5s: +1.47  |  Momentum 90s: +61.90%
2026-07-06 13:57:43     Trades: 454  |  Volume: 11442
2026-07-06 13:57:43     Buy Vol: 10535  |  Sell Vol: 907
2026-07-06 13:57:43   --- DOWN ---
2026-07-06 13:57:43     Price:   LAST=0.3900  BID=0.3800  ASK=0.3900
2026-07-06 13:57:43     VWAP 60s: 0.4086  |  Deviation: -4.54%
2026-07-06 13:57:43     Z-Score 5s: -1.07  |  Momentum 90s: -35.87%
2026-07-06 13:57:43     Trades: 434  |  Volume: 12127
2026-07-06 13:57:43     Buy Vol: 11342  |  Sell Vol: 785
2026-07-06 13:57:43   Win Rate: 0.6%
2026-07-06 13:57:43   Config: min_price=0.6, max_price=0.9, min_elapsed=60s, dev_range=0.1%-100%, no_entry_cutoff=30s
2026-07-06 13:57:43   BTC Chainlink: $62,931.79 (anchor: $62,922.00)
2026-07-06 13:57:43   BTC Deviation: $+9.78 (+0.0156%)
2026-07-06 13:57:43 ============================================================
2026-07-06 13:57:43 MAIN ENTRY FAILED: Could not get price
2026-07-06 13:57:43 ============================================================
2026-07-06 13:57:43 TRADE SIGNAL TRIGGERED
2026-07-06 13:57:43   Time: 2026-07-06T13:57:43.493899
2026-07-06 13:57:43   Market: btc-updown-5m-1783320900
2026-07-06 13:57:43   Signal: BUY_UP
2026-07-06 13:57:43   Token: UP
2026-07-06 13:57:43   Elapsed: 163s | Remaining: 137s | Bin: 1
2026-07-06 13:57:43   --- UP ---
2026-07-06 13:57:43     Price:   LAST=0.6200  BID=0.6100  ASK=0.6200
2026-07-06 13:57:43     VWAP 60s: 0.5864  |  Deviation: +5.73%
2026-07-06 13:57:43     Z-Score 5s: +1.31  |  Momentum 90s: +61.97%
2026-07-06 13:57:43     Trades: 455  |  Volume: 11443
2026-07-06 13:57:43     Buy Vol: 10536  |  Sell Vol: 907
2026-07-06 13:57:43   --- DOWN ---
2026-07-06 13:57:43     Price:   LAST=0.3900  BID=0.3800  ASK=0.3900
2026-07-06 13:57:43     VWAP 60s: 0.4085  |  Deviation: -4.54%
2026-07-06 13:57:43     Z-Score 5s: -0.87  |  Momentum 90s: -36.14%
2026-07-06 13:57:43     Trades: 434  |  Volume: 12127
2026-07-06 13:57:43     Buy Vol: 11342  |  Sell Vol: 785
2026-07-06 13:57:43   Win Rate: 0.6%
2026-07-06 13:57:43   Config: min_price=0.6, max_price=0.9, min_elapsed=60s, dev_range=0.1%-100%, no_entry_cutoff=30s
2026-07-06 13:57:43   BTC Chainlink: $62,931.77 (anchor: $62,922.00)
2026-07-06 13:57:43   BTC Deviation: $+9.77 (+0.0155%)
2026-07-06 13:57:43 ============================================================
2026-07-06 13:57:43 MAIN ENTRY FAILED: Could not get price
2026-07-06 13:57:43 ============================================================
2026-07-06 13:57:43 TRADE SIGNAL TRIGGERED
2026-07-06 13:57:43   Time: 2026-07-06T13:57:43.749432
2026-07-06 13:57:43   Market: btc-updown-5m-1783320900
2026-07-06 13:57:43   Signal: BUY_UP
2026-07-06 13:57:43   Token: UP
2026-07-06 13:57:43   Elapsed: 164s | Remaining: 136s | Bin: 1
2026-07-06 13:57:43   --- UP ---
2026-07-06 13:57:43     Price:   LAST=0.6200  BID=0.6100  ASK=0.6200
2026-07-06 13:57:43     VWAP 60s: 0.5864  |  Deviation: +5.73%
2026-07-06 13:57:43     Z-Score 5s: +1.20  |  Momentum 90s: +61.04%
2026-07-06 13:57:43     Trades: 456  |  Volume: 11454
2026-07-06 13:57:43     Buy Vol: 10546  |  Sell Vol: 907
2026-07-06 13:57:43   --- DOWN ---
2026-07-06 13:57:43     Price:   LAST=0.3900  BID=0.3800  ASK=0.3900
2026-07-06 13:57:43     VWAP 60s: 0.4085  |  Deviation: -4.54%
2026-07-06 13:57:43     Z-Score 5s: -0.87  |  Momentum 90s: -36.36%
2026-07-06 13:57:43     Trades: 434  |  Volume: 12127
2026-07-06 13:57:43     Buy Vol: 11342  |  Sell Vol: 785
2026-07-06 13:57:43   Win Rate: 0.6%
2026-07-06 13:57:43   Config: min_price=0.6, max_price=0.9, min_elapsed=60s, dev_range=0.1%-100%, no_entry_cutoff=30s
2026-07-06 13:57:43   BTC Chainlink: $62,931.77 (anchor: $62,922.00)
2026-07-06 13:57:43   BTC Deviation: $+9.77 (+0.0155%)
2026-07-06 13:57:43 ============================================================
2026-07-06 13:57:43 MAIN ENTRY FAILED: Could not get price
2026-07-06 13:57:44 ============================================================
2026-07-06 13:57:44 TRADE SIGNAL TRIGGERED
2026-07-06 13:57:44   Time: 2026-07-06T13:57:44.007446
2026-07-06 13:57:44   Market: btc-updown-5m-1783320900
2026-07-06 13:57:44   Signal: BUY_UP
2026-07-06 13:57:44   Token: UP
2026-07-06 13:57:44   Elapsed: 164s | Remaining: 136s | Bin: 1
2026-07-06 13:57:44   --- UP ---
2026-07-06 13:57:44     Price:   LAST=0.6200  BID=0.6100  ASK=0.6200
2026-07-06 13:57:44     VWAP 60s: 0.5864  |  Deviation: +5.73%
2026-07-06 13:57:44     Z-Score 5s: +1.13  |  Momentum 90s: +61.29%
2026-07-06 13:57:44     Trades: 456  |  Volume: 11454
2026-07-06 13:57:44     Buy Vol: 10546  |  Sell Vol: 907
2026-07-06 13:57:44   --- DOWN ---
2026-07-06 13:57:44     Price:   LAST=0.3900  BID=0.3800  ASK=0.3900
2026-07-06 13:57:44     VWAP 60s: 0.4085  |  Deviation: -4.53%
2026-07-06 13:57:44     Z-Score 5s: -0.87  |  Momentum 90s: -36.51%
2026-07-06 13:57:44     Trades: 434  |  Volume: 12127
2026-07-06 13:57:44     Buy Vol: 11342  |  Sell Vol: 785
2026-07-06 13:57:44   Win Rate: 0.6%
2026-07-06 13:57:44   Config: min_price=0.6, max_price=0.9, min_elapsed=60s, dev_range=0.1%-100%, no_entry_cutoff=30s
2026-07-06 13:57:44   BTC Chainlink: $62,931.77 (anchor: $62,922.00)
2026-07-06 13:57:44   BTC Deviation: $+9.77 (+0.0155%)
2026-07-06 13:57:44 ============================================================
2026-07-06 13:57:44 MAIN ENTRY FAILED: Could not get price
2026-07-06 13:57:44 ============================================================
2026-07-06 13:57:44 TRADE SIGNAL TRIGGERED
2026-07-06 13:57:44   Time: 2026-07-06T13:57:44.262560
2026-07-06 13:57:44   Market: btc-updown-5m-1783320900
2026-07-06 13:57:44   Signal: BUY_UP
2026-07-06 13:57:44   Token: UP
2026-07-06 13:57:44   Elapsed: 164s | Remaining: 136s | Bin: 1
2026-07-06 13:57:44   --- UP ---
2026-07-06 13:57:44     Price:   LAST=0.6200  BID=0.6100  ASK=0.6200
2026-07-06 13:57:44     VWAP 60s: 0.5864  |  Deviation: +5.73%
2026-07-06 13:57:44     Z-Score 5s: +0.99  |  Momentum 90s: +60.59%
2026-07-06 13:57:44     Trades: 456  |  Volume: 11454
2026-07-06 13:57:44     Buy Vol: 10546  |  Sell Vol: 907
2026-07-06 13:57:44   --- DOWN ---
2026-07-06 13:57:44     Price:   LAST=0.3900  BID=0.3800  ASK=0.3900
2026-07-06 13:57:44     VWAP 60s: 0.4074  |  Deviation: -4.26%
2026-07-06 13:57:44     Z-Score 5s: -0.87  |  Momentum 90s: -37.00%
2026-07-06 13:57:44     Trades: 434  |  Volume: 12127
2026-07-06 13:57:44     Buy Vol: 11342  |  Sell Vol: 785
2026-07-06 13:57:44   Win Rate: 0.6%
2026-07-06 13:57:44   Config: min_price=0.6, max_price=0.9, min_elapsed=60s, dev_range=0.1%-100%, no_entry_cutoff=30s
2026-07-06 13:57:44   BTC Chainlink: $62,931.77 (anchor: $62,922.00)
2026-07-06 13:57:44   BTC Deviation: $+9.77 (+0.0155%)
2026-07-06 13:57:44 ============================================================
2026-07-06 13:57:44 MAIN ENTRY FAILED: Could not get price
2026-07-06 13:57:44 ============================================================
2026-07-06 13:57:44 TRADE SIGNAL TRIGGERED
2026-07-06 13:57:44   Time: 2026-07-06T13:57:44.520162
2026-07-06 13:57:44   Market: btc-updown-5m-1783320900
2026-07-06 13:57:44   Signal: BUY_UP
2026-07-06 13:57:44   Token: UP
2026-07-06 13:57:44   Elapsed: 165s | Remaining: 135s | Bin: 1
2026-07-06 13:57:44   --- UP ---
2026-07-06 13:57:44     Price:   LAST=0.6200  BID=0.6200  ASK=0.6300
2026-07-06 13:57:44     VWAP 60s: 0.5864  |  Deviation: +5.73%
2026-07-06 13:57:44     Z-Score 5s: +0.87  |  Momentum 90s: +60.40%
2026-07-06 13:57:44     Trades: 456  |  Volume: 11454
2026-07-06 13:57:44     Buy Vol: 10546  |  Sell Vol: 907
2026-07-06 13:57:44   --- DOWN ---
2026-07-06 13:57:44     Price:   LAST=0.3900  BID=0.3700  ASK=0.3800
2026-07-06 13:57:44     VWAP 60s: 0.4073  |  Deviation: -4.26%
2026-07-06 13:57:44     Z-Score 5s: -0.73  |  Momentum 90s: -36.93%
2026-07-06 13:57:44     Trades: 435  |  Volume: 12132
2026-07-06 13:57:44     Buy Vol: 11347  |  Sell Vol: 785
2026-07-06 13:57:44   Win Rate: 0.6%
2026-07-06 13:57:44   Config: min_price=0.6, max_price=0.9, min_elapsed=60s, dev_range=0.1%-100%, no_entry_cutoff=30s
2026-07-06 13:57:44   BTC Chainlink: $62,931.81 (anchor: $62,922.00)
2026-07-06 13:57:44   BTC Deviation: $+9.81 (+0.0156%)
2026-07-06 13:57:44 ============================================================
2026-07-06 13:57:44 MAIN ENTRY FAILED: Could not get price
2026-07-06 13:57:44 ============================================================
2026-07-06 13:57:44 TRADE SIGNAL TRIGGERED
2026-07-06 13:57:44   Time: 2026-07-06T13:57:44.787802
2026-07-06 13:57:44   Market: btc-updown-5m-1783320900
2026-07-06 13:57:44   Signal: BUY_UP
2026-07-06 13:57:44   Token: UP
2026-07-06 13:57:44   Elapsed: 165s | Remaining: 135s | Bin: 1
2026-07-06 13:57:44   --- UP ---
2026-07-06 13:57:44     Price:   LAST=0.6200  BID=0.6200  ASK=0.6300
2026-07-06 13:57:44     VWAP 60s: 0.5867  |  Deviation: +5.68%
2026-07-06 13:57:44     Z-Score 5s: +0.81  |  Momentum 90s: +59.96%
2026-07-06 13:57:44     Trades: 457  |  Volume: 11460
2026-07-06 13:57:44     Buy Vol: 10553  |  Sell Vol: 907
2026-07-06 13:57:44   --- DOWN ---
2026-07-06 13:57:44     Price:   LAST=0.3800  BID=0.3700  ASK=0.3800
2026-07-06 13:57:44     VWAP 60s: 0.4073  |  Deviation: -6.71%
2026-07-06 13:57:44     Z-Score 5s: -1.06  |  Momentum 90s: -36.45%
2026-07-06 13:57:44     Trades: 436  |  Volume: 12134
2026-07-06 13:57:44     Buy Vol: 11350  |  Sell Vol: 785
2026-07-06 13:57:44   Win Rate: 0.6%
2026-07-06 13:57:44   Config: min_price=0.6, max_price=0.9, min_elapsed=60s, dev_range=0.1%-100%, no_entry_cutoff=30s
2026-07-06 13:57:44   BTC Chainlink: $62,931.81 (anchor: $62,922.00)
2026-07-06 13:57:44   BTC Deviation: $+9.81 (+0.0156%)
2026-07-06 13:57:44 ============================================================
2026-07-06 13:57:44 MAIN ENTRY FAILED: Could not get price
2026-07-06 13:57:45 ============================================================
2026-07-06 13:57:45 TRADE SIGNAL TRIGGERED
2026-07-06 13:57:45   Time: 2026-07-06T13:57:45.040387
2026-07-06 13:57:45   Market: btc-updown-5m-1783320900
2026-07-06 13:57:45   Signal: BUY_UP
2026-07-06 13:57:45   Token: UP
2026-07-06 13:57:45   Elapsed: 165s | Remaining: 135s | Bin: 1
2026-07-06 13:57:45   --- UP ---
2026-07-06 13:57:45     Price:   LAST=0.6200  BID=0.6200  ASK=0.6300
2026-07-06 13:57:45     VWAP 60s: 0.5868  |  Deviation: +5.67%
2026-07-06 13:57:45     Z-Score 5s: +0.74  |  Momentum 90s: +59.53%
2026-07-06 13:57:45     Trades: 457  |  Volume: 11460
2026-07-06 13:57:45     Buy Vol: 10553  |  Sell Vol: 907
2026-07-06 13:57:45   --- DOWN ---
2026-07-06 13:57:45     Price:   LAST=0.3800  BID=0.3700  ASK=0.3800
2026-07-06 13:57:45     VWAP 60s: 0.4068  |  Deviation: -6.58%
2026-07-06 13:57:45     Z-Score 5s: -0.69  |  Momentum 90s: -36.13%
2026-07-06 13:57:45     Trades: 440  |  Volume: 12150
2026-07-06 13:57:45     Buy Vol: 11366  |  Sell Vol: 785
2026-07-06 13:57:45   Win Rate: 0.6%
2026-07-06 13:57:45   Config: min_price=0.6, max_price=0.9, min_elapsed=60s, dev_range=0.1%-100%, no_entry_cutoff=30s
2026-07-06 13:57:45   BTC Chainlink: $62,931.81 (anchor: $62,922.00)
2026-07-06 13:57:45   BTC Deviation: $+9.81 (+0.0156%)
2026-07-06 13:57:45 ============================================================
2026-07-06 13:57:45 MAIN ENTRY FAILED: Could not get price
2026-07-06 13:57:45 ============================================================
2026-07-06 13:57:45 TRADE SIGNAL TRIGGERED
2026-07-06 13:57:45   Time: 2026-07-06T13:57:45.292484
2026-07-06 13:57:45   Market: btc-updown-5m-1783320900
2026-07-06 13:57:45   Signal: BUY_UP
2026-07-06 13:57:45   Token: UP
2026-07-06 13:57:45   Elapsed: 165s | Remaining: 135s | Bin: 1
2026-07-06 13:57:45   --- UP ---
2026-07-06 13:57:45     Price:   LAST=0.6200  BID=0.6200  ASK=0.6300
2026-07-06 13:57:45     VWAP 60s: 0.5885  |  Deviation: +5.36%
2026-07-06 13:57:45     Z-Score 5s: +0.65  |  Momentum 90s: +58.62%
2026-07-06 13:57:45     Trades: 457  |  Volume: 11460
2026-07-06 13:57:45     Buy Vol: 10553  |  Sell Vol: 907
2026-07-06 13:57:45   --- DOWN ---
2026-07-06 13:57:45     Price:   LAST=0.3800  BID=0.3700  ASK=0.3800
2026-07-06 13:57:45     VWAP 60s: 0.4067  |  Deviation: -6.57%
2026-07-06 13:57:45     Z-Score 5s: -0.69  |  Momentum 90s: -35.75%
2026-07-06 13:57:45     Trades: 440  |  Volume: 12150
2026-07-06 13:57:45     Buy Vol: 11366  |  Sell Vol: 785
2026-07-06 13:57:45   Win Rate: 0.6%
2026-07-06 13:57:45   Config: min_price=0.6, max_price=0.9, min_elapsed=60s, dev_range=0.1%-100%, no_entry_cutoff=30s
2026-07-06 13:57:45   BTC Chainlink: $62,931.81 (anchor: $62,922.00)
2026-07-06 13:57:45   BTC Deviation: $+9.81 (+0.0156%)
2026-07-06 13:57:45 ============================================================
2026-07-06 13:57:45 MAIN ENTRY FAILED: Could not get price
2026-07-06 13:57:45 ============================================================
2026-07-06 13:57:45 TRADE SIGNAL TRIGGERED
2026-07-06 13:57:45   Time: 2026-07-06T13:57:45.547470
2026-07-06 13:57:45   Market: btc-updown-5m-1783320900
2026-07-06 13:57:45   Signal: BUY_UP
2026-07-06 13:57:45   Token: UP
2026-07-06 13:57:45   Elapsed: 166s | Remaining: 134s | Bin: 1
2026-07-06 13:57:45   --- UP ---
2026-07-06 13:57:45     Price:   LAST=0.6200  BID=0.6200  ASK=0.6300
2026-07-06 13:57:45     VWAP 60s: 0.5904  |  Deviation: +5.02%
2026-07-06 13:57:45     Z-Score 5s: +0.53  |  Momentum 90s: +57.70%
2026-07-06 13:57:45     Trades: 457  |  Volume: 11460
2026-07-06 13:57:45     Buy Vol: 10553  |  Sell Vol: 907
2026-07-06 13:57:45   --- DOWN ---
2026-07-06 13:57:45     Price:   LAST=0.3800  BID=0.3700  ASK=0.3800
2026-07-06 13:57:45     VWAP 60s: 0.4066  |  Deviation: -6.55%
2026-07-06 13:57:45     Z-Score 5s: -0.55  |  Momentum 90s: -35.75%
2026-07-06 13:57:45     Trades: 444  |  Volume: 12162
2026-07-06 13:57:45     Buy Vol: 11377  |  Sell Vol: 785
2026-07-06 13:57:45   Win Rate: 0.6%
2026-07-06 13:57:45   Config: min_price=0.6, max_price=0.9, min_elapsed=60s, dev_range=0.1%-100%, no_entry_cutoff=30s
2026-07-06 13:57:45   BTC Chainlink: $62,931.85 (anchor: $62,922.00)
2026-07-06 13:57:45   BTC Deviation: $+9.85 (+0.0157%)
2026-07-06 13:57:45 ============================================================
2026-07-06 13:57:45 MAIN ENTRY FAILED: Could not get price
2026-07-06 13:57:45 ============================================================
2026-07-06 13:57:45 TRADE SIGNAL TRIGGERED
2026-07-06 13:57:45   Time: 2026-07-06T13:57:45.801590
2026-07-06 13:57:45   Market: btc-updown-5m-1783320900
2026-07-06 13:57:45   Signal: BUY_UP
2026-07-06 13:57:45   Token: UP
2026-07-06 13:57:45   Elapsed: 166s | Remaining: 134s | Bin: 1
2026-07-06 13:57:45   --- UP ---
2026-07-06 13:57:45     Price:   LAST=0.6300  BID=0.6200  ASK=0.6300
2026-07-06 13:57:45     VWAP 60s: 0.5918  |  Deviation: +6.46%
2026-07-06 13:57:45     Z-Score 5s: +1.17  |  Momentum 90s: +57.28%
2026-07-06 13:57:45     Trades: 458  |  Volume: 11465
2026-07-06 13:57:45     Buy Vol: 10557  |  Sell Vol: 907
2026-07-06 13:57:45   --- DOWN ---
2026-07-06 13:57:45     Price:   LAST=0.3800  BID=0.3700  ASK=0.3800
2026-07-06 13:57:45     VWAP 60s: 0.4054  |  Deviation: -6.26%
2026-07-06 13:57:45     Z-Score 5s: -0.53  |  Momentum 90s: -35.75%
2026-07-06 13:57:45     Trades: 445  |  Volume: 12367
2026-07-06 13:57:45     Buy Vol: 11582  |  Sell Vol: 785
2026-07-06 13:57:45   Win Rate: 0.6%
2026-07-06 13:57:45   Config: min_price=0.6, max_price=0.9, min_elapsed=60s, dev_range=0.1%-100%, no_entry_cutoff=30s
2026-07-06 13:57:45   BTC Chainlink: $62,931.85 (anchor: $62,922.00)
2026-07-06 13:57:45   BTC Deviation: $+9.85 (+0.0157%)
2026-07-06 13:57:45 ============================================================
2026-07-06 13:57:45 MAIN ENTRY FAILED: Could not get price
2026-07-06 13:57:46 ============================================================
2026-07-06 13:57:46 TRADE SIGNAL TRIGGERED
2026-07-06 13:57:46   Time: 2026-07-06T13:57:46.060519
2026-07-06 13:57:46   Market: btc-updown-5m-1783320900
2026-07-06 13:57:46   Signal: BUY_UP
2026-07-06 13:57:46   Token: UP
2026-07-06 13:57:46   Elapsed: 166s | Remaining: 134s | Bin: 1
2026-07-06 13:57:46   --- UP ---
2026-07-06 13:57:46     Price:   LAST=0.6300  BID=0.6200  ASK=0.6300
2026-07-06 13:57:46     VWAP 60s: 0.5918  |  Deviation: +6.45%
2026-07-06 13:57:46     Z-Score 5s: +1.17  |  Momentum 90s: +56.28%
2026-07-06 13:57:46     Trades: 458  |  Volume: 11465
2026-07-06 13:57:46     Buy Vol: 10557  |  Sell Vol: 907
2026-07-06 13:57:46   --- DOWN ---
2026-07-06 13:57:46     Price:   LAST=0.3800  BID=0.3700  ASK=0.3800
2026-07-06 13:57:46     VWAP 60s: 0.4052  |  Deviation: -6.22%
2026-07-06 13:57:46     Z-Score 5s: -0.44  |  Momentum 90s: -35.75%
2026-07-06 13:57:46     Trades: 446  |  Volume: 12387
2026-07-06 13:57:46     Buy Vol: 11602  |  Sell Vol: 785
2026-07-06 13:57:46   Win Rate: 0.6%
2026-07-06 13:57:46   Config: min_price=0.6, max_price=0.9, min_elapsed=60s, dev_range=0.1%-100%, no_entry_cutoff=30s
2026-07-06 13:57:46   BTC Chainlink: $62,931.85 (anchor: $62,922.00)
2026-07-06 13:57:46   BTC Deviation: $+9.85 (+0.0157%)
2026-07-06 13:57:46 ============================================================
2026-07-06 13:57:46 MAIN ENTRY FAILED: Could not get price
2026-07-06 13:57:46 ============================================================
2026-07-06 13:57:46 TRADE SIGNAL TRIGGERED
2026-07-06 13:57:46   Time: 2026-07-06T13:57:46.316550
2026-07-06 13:57:46   Market: btc-updown-5m-1783320900
2026-07-06 13:57:46   Signal: BUY_UP
2026-07-06 13:57:46   Token: UP
2026-07-06 13:57:46   Elapsed: 166s | Remaining: 134s | Bin: 1
2026-07-06 13:57:46   --- UP ---
2026-07-06 13:57:46     Price:   LAST=0.6500  BID=0.6400  ASK=0.6500
2026-07-06 13:57:46     VWAP 60s: 0.5957  |  Deviation: +9.12%
2026-07-06 13:57:46     Z-Score 5s: +1.08  |  Momentum 90s: +61.24%
2026-07-06 13:57:46     Trades: 465  |  Volume: 11731
2026-07-06 13:57:46     Buy Vol: 10823  |  Sell Vol: 907
2026-07-06 13:57:46   --- DOWN ---
2026-07-06 13:57:46     Price:   LAST=0.3600  BID=0.3500  ASK=0.3600
2026-07-06 13:57:46     VWAP 60s: 0.4051  |  Deviation: -11.14%
2026-07-06 13:57:46     Z-Score 5s: -2.94  |  Momentum 90s: -39.13%
2026-07-06 13:57:46     Trades: 447  |  Volume: 12397
2026-07-06 13:57:46     Buy Vol: 11612  |  Sell Vol: 785
2026-07-06 13:57:46   Win Rate: 0.7%
2026-07-06 13:57:46   Config: min_price=0.6, max_price=0.9, min_elapsed=60s, dev_range=0.1%-100%, no_entry_cutoff=30s
2026-07-06 13:57:46   BTC Chainlink: $62,931.85 (anchor: $62,922.00)
2026-07-06 13:57:46   BTC Deviation: $+9.85 (+0.0157%)
2026-07-06 13:57:46 ============================================================
2026-07-06 13:57:46 MAIN ENTRY FAILED: Could not get price
2026-07-06 13:57:46 ============================================================
2026-07-06 13:57:46 TRADE SIGNAL TRIGGERED
2026-07-06 13:57:46   Time: 2026-07-06T13:57:46.567303
2026-07-06 13:57:46   Market: btc-updown-5m-1783320900
2026-07-06 13:57:46   Signal: BUY_UP
2026-07-06 13:57:46   Token: UP
2026-07-06 13:57:46   Elapsed: 167s | Remaining: 133s | Bin: 1
2026-07-06 13:57:46   --- UP ---
2026-07-06 13:57:46     Price:   LAST=0.6400  BID=0.6300  ASK=0.6400
2026-07-06 13:57:46     VWAP 60s: 0.5980  |  Deviation: +7.02%
2026-07-06 13:57:46     Z-Score 5s: +0.48  |  Momentum 90s: +55.83%
2026-07-06 13:57:46     Trades: 466  |  Volume: 11749
2026-07-06 13:57:46     Buy Vol: 10842  |  Sell Vol: 907
2026-07-06 13:57:46   --- DOWN ---
2026-07-06 13:57:46     Price:   LAST=0.3600  BID=0.3600  ASK=0.3700
2026-07-06 13:57:46     VWAP 60s: 0.4025  |  Deviation: -10.56%
2026-07-06 13:57:46     Z-Score 5s: -2.27  |  Momentum 90s: -39.13%
2026-07-06 13:57:46     Trades: 448  |  Volume: 12674
2026-07-06 13:57:46     Buy Vol: 11889  |  Sell Vol: 785
2026-07-06 13:57:46   Win Rate: 0.6%
2026-07-06 13:57:46   Config: min_price=0.6, max_price=0.9, min_elapsed=60s, dev_range=0.1%-100%, no_entry_cutoff=30s
2026-07-06 13:57:46   BTC Chainlink: $62,931.84 (anchor: $62,922.00)
2026-07-06 13:57:46   BTC Deviation: $+9.84 (+0.0156%)
2026-07-06 13:57:46 ============================================================
2026-07-06 13:57:46 MAIN ENTRY FAILED: Could not get price
2026-07-06 13:57:46 ============================================================
2026-07-06 13:57:46 TRADE SIGNAL TRIGGERED
2026-07-06 13:57:46   Time: 2026-07-06T13:57:46.818281
2026-07-06 13:57:46   Market: btc-updown-5m-1783320900
2026-07-06 13:57:46   Signal: BUY_UP
2026-07-06 13:57:46   Token: UP
2026-07-06 13:57:46   Elapsed: 167s | Remaining: 133s | Bin: 1
2026-07-06 13:57:46   --- UP ---
2026-07-06 13:57:46     Price:   LAST=0.6400  BID=0.6300  ASK=0.6400
2026-07-06 13:57:46     VWAP 60s: 0.5980  |  Deviation: +7.02%
2026-07-06 13:57:46     Z-Score 5s: +0.48  |  Momentum 90s: +52.79%
2026-07-06 13:57:46     Trades: 466  |  Volume: 11749
2026-07-06 13:57:46     Buy Vol: 10842  |  Sell Vol: 907
2026-07-06 13:57:46   --- DOWN ---
2026-07-06 13:57:46     Price:   LAST=0.3700  BID=0.3600  ASK=0.3700
2026-07-06 13:57:46     VWAP 60s: 0.4021  |  Deviation: -7.99%
2026-07-06 13:57:46     Z-Score 5s: -0.88  |  Momentum 90s: -37.11%
2026-07-06 13:57:46     Trades: 452  |  Volume: 12724
2026-07-06 13:57:46     Buy Vol: 11939  |  Sell Vol: 785
2026-07-06 13:57:46   Win Rate: 0.6%
2026-07-06 13:57:46   Config: min_price=0.6, max_price=0.9, min_elapsed=60s, dev_range=0.1%-100%, no_entry_cutoff=30s
2026-07-06 13:57:46   BTC Chainlink: $62,931.84 (anchor: $62,922.00)
2026-07-06 13:57:46   BTC Deviation: $+9.84 (+0.0156%)
2026-07-06 13:57:46 ============================================================
2026-07-06 13:57:46 MAIN ENTRY FAILED: Could not get price
2026-07-06 13:57:47 ============================================================
2026-07-06 13:57:47 TRADE SIGNAL TRIGGERED
2026-07-06 13:57:47   Time: 2026-07-06T13:57:47.070951
2026-07-06 13:57:47   Market: btc-updown-5m-1783320900
2026-07-06 13:57:47   Signal: BUY_UP
2026-07-06 13:57:47   Token: UP
2026-07-06 13:57:47   Elapsed: 167s | Remaining: 133s | Bin: 1
2026-07-06 13:57:47   --- UP ---
2026-07-06 13:57:47     Price:   LAST=0.6400  BID=0.6300  ASK=0.6400
2026-07-06 13:57:47     VWAP 60s: 0.5981  |  Deviation: +7.01%
2026-07-06 13:57:47     Z-Score 5s: +0.33  |  Momentum 90s: +47.90%
2026-07-06 13:57:47     Trades: 466  |  Volume: 11749
2026-07-06 13:57:47     Buy Vol: 10842  |  Sell Vol: 907
2026-07-06 13:57:47   --- DOWN ---
2026-07-06 13:57:47     Price:   LAST=0.3700  BID=0.3600  ASK=0.3700
2026-07-06 13:57:47     VWAP 60s: 0.4021  |  Deviation: -7.99%
2026-07-06 13:57:47     Z-Score 5s: -0.88  |  Momentum 90s: -36.64%
2026-07-06 13:57:47     Trades: 452  |  Volume: 12724
2026-07-06 13:57:47     Buy Vol: 11939  |  Sell Vol: 785
2026-07-06 13:57:47   Win Rate: 0.6%
2026-07-06 13:57:47   Config: min_price=0.6, max_price=0.9, min_elapsed=60s, dev_range=0.1%-100%, no_entry_cutoff=30s
2026-07-06 13:57:47   BTC Chainlink: $62,931.89 (anchor: $62,922.00)
2026-07-06 13:57:47   BTC Deviation: $+9.88 (+0.0157%)
2026-07-06 13:57:47 ============================================================
2026-07-06 13:57:47 MAIN ENTRY FAILED: Could not get price
2026-07-06 13:57:47 ============================================================
2026-07-06 13:57:47 TRADE SIGNAL TRIGGERED
2026-07-06 13:57:47   Time: 2026-07-06T13:57:47.324844
2026-07-06 13:57:47   Market: btc-updown-5m-1783320900
2026-07-06 13:57:47   Signal: BUY_UP
2026-07-06 13:57:47   Token: UP
2026-07-06 13:57:47   Elapsed: 167s | Remaining: 133s | Bin: 1
2026-07-06 13:57:47   --- UP ---
2026-07-06 13:57:47     Price:   LAST=0.6400  BID=0.6300  ASK=0.6400
2026-07-06 13:57:47     VWAP 60s: 0.5981  |  Deviation: +7.01%
2026-07-06 13:57:47     Z-Score 5s: +0.33  |  Momentum 90s: +43.82%
2026-07-06 13:57:47     Trades: 466  |  Volume: 11749
2026-07-06 13:57:47     Buy Vol: 10842  |  Sell Vol: 907
2026-07-06 13:57:47   --- DOWN ---
2026-07-06 13:57:47     Price:   LAST=0.3700  BID=0.3600  ASK=0.3700
2026-07-06 13:57:47     VWAP 60s: 0.4021  |  Deviation: -7.98%
2026-07-06 13:57:47     Z-Score 5s: -0.85  |  Momentum 90s: -35.93%
2026-07-06 13:57:47     Trades: 453  |  Volume: 12729
2026-07-06 13:57:47     Buy Vol: 11945  |  Sell Vol: 785
2026-07-06 13:57:47   Win Rate: 0.6%
2026-07-06 13:57:47   Config: min_price=0.6, max_price=0.9, min_elapsed=60s, dev_range=0.1%-100%, no_entry_cutoff=30s
2026-07-06 13:57:47   BTC Chainlink: $62,931.89 (anchor: $62,922.00)
2026-07-06 13:57:47   BTC Deviation: $+9.88 (+0.0157%)
2026-07-06 13:57:47 ============================================================
2026-07-06 13:57:47 MAIN ENTRY FAILED: Could not get price
2026-07-06 13:57:47 ============================================================
2026-07-06 13:57:47 TRADE SIGNAL TRIGGERED
2026-07-06 13:57:47   Time: 2026-07-06T13:57:47.575669
2026-07-06 13:57:47   Market: btc-updown-5m-1783320900
2026-07-06 13:57:47   Signal: BUY_UP
2026-07-06 13:57:47   Token: UP
2026-07-06 13:57:47   Elapsed: 168s | Remaining: 132s | Bin: 1
2026-07-06 13:57:47   --- UP ---
2026-07-06 13:57:47     Price:   LAST=0.6400  BID=0.6200  ASK=0.6300
2026-07-06 13:57:47     VWAP 60s: 0.5981  |  Deviation: +7.01%
2026-07-06 13:57:47     Z-Score 5s: +0.33  |  Momentum 90s: +41.65%
2026-07-06 13:57:47     Trades: 466  |  Volume: 11749
2026-07-06 13:57:47     Buy Vol: 10842  |  Sell Vol: 907
2026-07-06 13:57:47   --- DOWN ---
2026-07-06 13:57:47     Price:   LAST=0.3700  BID=0.3700  ASK=0.3800
2026-07-06 13:57:47     VWAP 60s: 0.4018  |  Deviation: -7.90%
2026-07-06 13:57:47     Z-Score 5s: -0.77  |  Momentum 90s: -35.09%
2026-07-06 13:57:47     Trades: 454  |  Volume: 12762
2026-07-06 13:57:47     Buy Vol: 11977  |  Sell Vol: 785
2026-07-06 13:57:47   Win Rate: 0.6%
2026-07-06 13:57:47   Config: min_price=0.6, max_price=0.9, min_elapsed=60s, dev_range=0.1%-100%, no_entry_cutoff=30s
2026-07-06 13:57:47   BTC Chainlink: $62,931.89 (anchor: $62,922.00)
2026-07-06 13:57:47   BTC Deviation: $+9.88 (+0.0157%)
2026-07-06 13:57:47 ============================================================
2026-07-06 13:57:47 MAIN ENTRY FAILED: Could not get price
2026-07-06 13:57:47 ============================================================
2026-07-06 13:57:47 TRADE SIGNAL TRIGGERED
2026-07-06 13:57:47   Time: 2026-07-06T13:57:47.828573
2026-07-06 13:57:47   Market: btc-updown-5m-1783320900
2026-07-06 13:57:47   Signal: BUY_UP
2026-07-06 13:57:47   Token: UP
2026-07-06 13:57:47   Elapsed: 168s | Remaining: 132s | Bin: 1
2026-07-06 13:57:47   --- UP ---
2026-07-06 13:57:47     Price:   LAST=0.6300  BID=0.6200  ASK=0.6300
2026-07-06 13:57:47     VWAP 60s: 0.5983  |  Deviation: +5.29%
2026-07-06 13:57:47     Z-Score 5s: -0.39  |  Momentum 90s: +37.50%
2026-07-06 13:57:47     Trades: 467  |  Volume: 11750
2026-07-06 13:57:47     Buy Vol: 10843  |  Sell Vol: 907
2026-07-06 13:57:47   --- DOWN ---
2026-07-06 13:57:47     Price:   LAST=0.3800  BID=0.3700  ASK=0.3800
2026-07-06 13:57:47     VWAP 60s: 0.4014  |  Deviation: -5.33%
2026-07-06 13:57:47     Z-Score 5s: +0.53  |  Momentum 90s: -31.53%
2026-07-06 13:57:47     Trades: 458  |  Volume: 12809
2026-07-06 13:57:47     Buy Vol: 12025  |  Sell Vol: 785
2026-07-06 13:57:47   Win Rate: 0.6%
2026-07-06 13:57:47   Config: min_price=0.6, max_price=0.9, min_elapsed=60s, dev_range=0.1%-100%, no_entry_cutoff=30s
2026-07-06 13:57:47   BTC Chainlink: $62,931.89 (anchor: $62,922.00)
2026-07-06 13:57:47   BTC Deviation: $+9.88 (+0.0157%)
2026-07-06 13:57:47 ============================================================
2026-07-06 13:57:47 MAIN ENTRY FAILED: Could not get price
2026-07-06 13:57:48 ============================================================
2026-07-06 13:57:48 TRADE SIGNAL TRIGGERED
2026-07-06 13:57:48   Time: 2026-07-06T13:57:48.079661
2026-07-06 13:57:48   Market: btc-updown-5m-1783320900
2026-07-06 13:57:48   Signal: BUY_UP
2026-07-06 13:57:48   Token: UP
2026-07-06 13:57:48   Elapsed: 168s | Remaining: 132s | Bin: 1
2026-07-06 13:57:48   --- UP ---
2026-07-06 13:57:48     Price:   LAST=0.6300  BID=0.6300  ASK=0.6400
2026-07-06 13:57:48     VWAP 60s: 0.5983  |  Deviation: +5.29%
2026-07-06 13:57:48     Z-Score 5s: -0.39  |  Momentum 90s: +37.50%
2026-07-06 13:57:48     Trades: 467  |  Volume: 11750
2026-07-06 13:57:48     Buy Vol: 10843  |  Sell Vol: 907
2026-07-06 13:57:48   --- DOWN ---
2026-07-06 13:57:48     Price:   LAST=0.3800  BID=0.3600  ASK=0.3700
2026-07-06 13:57:48     VWAP 60s: 0.4014  |  Deviation: -5.33%
2026-07-06 13:57:48     Z-Score 5s: +0.53  |  Momentum 90s: -29.63%
2026-07-06 13:57:48     Trades: 458  |  Volume: 12809
2026-07-06 13:57:48     Buy Vol: 12025  |  Sell Vol: 785
2026-07-06 13:57:48   Win Rate: 0.6%
2026-07-06 13:57:48   Config: min_price=0.6, max_price=0.9, min_elapsed=60s, dev_range=0.1%-100%, no_entry_cutoff=30s
2026-07-06 13:57:48   BTC Chainlink: $62,931.83 (anchor: $62,922.00)
2026-07-06 13:57:48   BTC Deviation: $+9.82 (+0.0156%)
2026-07-06 13:57:48 ============================================================
2026-07-06 13:57:48 MAIN ENTRY FAILED: Could not get price
2026-07-06 13:57:48 ============================================================
2026-07-06 13:57:48 TRADE SIGNAL TRIGGERED
2026-07-06 13:57:48   Time: 2026-07-06T13:57:48.336493
2026-07-06 13:57:48   Market: btc-updown-5m-1783320900
2026-07-06 13:57:48   Signal: BUY_UP
2026-07-06 13:57:48   Token: UP
2026-07-06 13:57:48   Elapsed: 168s | Remaining: 132s | Bin: 1
2026-07-06 13:57:48   --- UP ---
2026-07-06 13:57:48     Price:   LAST=0.6300  BID=0.6300  ASK=0.6400
2026-07-06 13:57:48     VWAP 60s: 0.5984  |  Deviation: +5.29%
2026-07-06 13:57:48     Z-Score 5s: -0.48  |  Momentum 90s: +36.96%
2026-07-06 13:57:48     Trades: 467  |  Volume: 11750
2026-07-06 13:57:48     Buy Vol: 10843  |  Sell Vol: 907
2026-07-06 13:57:48   --- DOWN ---
2026-07-06 13:57:48     Price:   LAST=0.3700  BID=0.3600  ASK=0.3700
2026-07-06 13:57:48     VWAP 60s: 0.4013  |  Deviation: -7.81%
2026-07-06 13:57:48     Z-Score 5s: -0.82  |  Momentum 90s: -31.16%
2026-07-06 13:57:48     Trades: 460  |  Volume: 12822
2026-07-06 13:57:48     Buy Vol: 12038  |  Sell Vol: 785
2026-07-06 13:57:48   Win Rate: 0.6%
2026-07-06 13:57:48   Config: min_price=0.6, max_price=0.9, min_elapsed=60s, dev_range=0.1%-100%, no_entry_cutoff=30s
2026-07-06 13:57:48   BTC Chainlink: $62,931.83 (anchor: $62,922.00)
2026-07-06 13:57:48   BTC Deviation: $+9.82 (+0.0156%)
2026-07-06 13:57:48 ============================================================
2026-07-06 13:57:48 MAIN ENTRY FAILED: Could not get price
2026-07-06 13:57:48 ============================================================
2026-07-06 13:57:48 TRADE SIGNAL TRIGGERED
2026-07-06 13:57:48   Time: 2026-07-06T13:57:48.589790
2026-07-06 13:57:48   Market: btc-updown-5m-1783320900
2026-07-06 13:57:48   Signal: BUY_UP
2026-07-06 13:57:48   Token: UP
2026-07-06 13:57:48   Elapsed: 169s | Remaining: 131s | Bin: 1
2026-07-06 13:57:48   --- UP ---
2026-07-06 13:57:48     Price:   LAST=0.6300  BID=0.6300  ASK=0.6400
2026-07-06 13:57:48     VWAP 60s: 0.5984  |  Deviation: +5.29%
2026-07-06 13:57:48     Z-Score 5s: -0.75  |  Momentum 90s: +36.96%
2026-07-06 13:57:48     Trades: 467  |  Volume: 11750
2026-07-06 13:57:48     Buy Vol: 10843  |  Sell Vol: 907
2026-07-06 13:57:48   --- DOWN ---
2026-07-06 13:57:48     Price:   LAST=0.3700  BID=0.3600  ASK=0.3700
2026-07-06 13:57:48     VWAP 60s: 0.4012  |  Deviation: -7.79%
2026-07-06 13:57:48     Z-Score 5s: -0.75  |  Momentum 90s: -30.84%
2026-07-06 13:57:48     Trades: 463  |  Volume: 12835
2026-07-06 13:57:48     Buy Vol: 12051  |  Sell Vol: 785
2026-07-06 13:57:48   Win Rate: 0.6%
2026-07-06 13:57:48   Config: min_price=0.6, max_price=0.9, min_elapsed=60s, dev_range=0.1%-100%, no_entry_cutoff=30s
2026-07-06 13:57:48   BTC Chainlink: $62,931.83 (anchor: $62,922.00)
2026-07-06 13:57:48   BTC Deviation: $+9.82 (+0.0156%)
2026-07-06 13:57:48 ============================================================
2026-07-06 13:57:48 MAIN ENTRY FAILED: Could not get price
2026-07-06 13:57:48 ============================================================
2026-07-06 13:57:48 TRADE SIGNAL TRIGGERED
2026-07-06 13:57:48   Time: 2026-07-06T13:57:48.842247
2026-07-06 13:57:48   Market: btc-updown-5m-1783320900
2026-07-06 13:57:48   Signal: BUY_UP
2026-07-06 13:57:48   Token: UP
2026-07-06 13:57:48   Elapsed: 169s | Remaining: 131s | Bin: 1
2026-07-06 13:57:48   --- UP ---
2026-07-06 13:57:48     Price:   LAST=0.6400  BID=0.6300  ASK=0.6400
2026-07-06 13:57:48     VWAP 60s: 0.5985  |  Deviation: +6.94%
2026-07-06 13:57:48     Z-Score 5s: +0.00  |  Momentum 90s: +37.63%
2026-07-06 13:57:48     Trades: 468  |  Volume: 11760
2026-07-06 13:57:48     Buy Vol: 10853  |  Sell Vol: 907
2026-07-06 13:57:48   --- DOWN ---
2026-07-06 13:57:48     Price:   LAST=0.3700  BID=0.3600  ASK=0.3700
2026-07-06 13:57:48     VWAP 60s: 0.4012  |  Deviation: -7.77%
2026-07-06 13:57:48     Z-Score 5s: -0.68  |  Momentum 90s: -30.93%
2026-07-06 13:57:48     Trades: 467  |  Volume: 12847
2026-07-06 13:57:48     Buy Vol: 12062  |  Sell Vol: 785
2026-07-06 13:57:48   Win Rate: 0.6%
2026-07-06 13:57:48   Config: min_price=0.6, max_price=0.9, min_elapsed=60s, dev_range=0.1%-100%, no_entry_cutoff=30s
2026-07-06 13:57:48   BTC Chainlink: $62,931.83 (anchor: $62,922.00)
2026-07-06 13:57:48   BTC Deviation: $+9.82 (+0.0156%)
2026-07-06 13:57:48 ============================================================
2026-07-06 13:57:48 MAIN ENTRY FAILED: Could not get price
2026-07-06 13:57:49 ============================================================
2026-07-06 13:57:49 TRADE SIGNAL TRIGGERED
2026-07-06 13:57:49   Time: 2026-07-06T13:57:49.096115
2026-07-06 13:57:49   Market: btc-updown-5m-1783320900
2026-07-06 13:57:49   Signal: BUY_UP
2026-07-06 13:57:49   Token: UP
2026-07-06 13:57:49   Elapsed: 169s | Remaining: 131s | Bin: 1
2026-07-06 13:57:49   --- UP ---
2026-07-06 13:57:49     Price:   LAST=0.6400  BID=0.6300  ASK=0.6400
2026-07-06 13:57:49     VWAP 60s: 0.5985  |  Deviation: +6.94%
2026-07-06 13:57:49     Z-Score 5s: +0.00  |  Momentum 90s: +37.63%
2026-07-06 13:57:49     Trades: 468  |  Volume: 11760
2026-07-06 13:57:49     Buy Vol: 10853  |  Sell Vol: 907
2026-07-06 13:57:49   --- DOWN ---
2026-07-06 13:57:49     Price:   LAST=0.3700  BID=0.3600  ASK=0.3700
2026-07-06 13:57:49     VWAP 60s: 0.4011  |  Deviation: -7.76%
2026-07-06 13:57:49     Z-Score 5s: -0.68  |  Momentum 90s: -30.84%
2026-07-06 13:57:49     Trades: 467  |  Volume: 12847
2026-07-06 13:57:49     Buy Vol: 12062  |  Sell Vol: 785
2026-07-06 13:57:49   Win Rate: 0.6%
2026-07-06 13:57:49   Config: min_price=0.6, max_price=0.9, min_elapsed=60s, dev_range=0.1%-100%, no_entry_cutoff=30s
2026-07-06 13:57:49   BTC Chainlink: $62,931.83 (anchor: $62,922.00)
2026-07-06 13:57:49   BTC Deviation: $+9.82 (+0.0156%)
2026-07-06 13:57:49 ============================================================
2026-07-06 13:57:49 MAIN ENTRY FAILED: Could not get price
2026-07-06 13:57:49 ============================================================
2026-07-06 13:57:49 TRADE SIGNAL TRIGGERED
2026-07-06 13:57:49   Time: 2026-07-06T13:57:49.352131
2026-07-06 13:57:49   Market: btc-updown-5m-1783320900
2026-07-06 13:57:49   Signal: BUY_UP
2026-07-06 13:57:49   Token: UP
2026-07-06 13:57:49   Elapsed: 169s | Remaining: 131s | Bin: 1
2026-07-06 13:57:49   --- UP ---
2026-07-06 13:57:49     Price:   LAST=0.6400  BID=0.6200  ASK=0.6300
2026-07-06 13:57:49     VWAP 60s: 0.5986  |  Deviation: +6.92%
2026-07-06 13:57:49     Z-Score 5s: +0.00  |  Momentum 90s: +37.63%
2026-07-06 13:57:49     Trades: 468  |  Volume: 11760
2026-07-06 13:57:49     Buy Vol: 10853  |  Sell Vol: 907
2026-07-06 13:57:49   --- DOWN ---
2026-07-06 13:57:49     Price:   LAST=0.3700  BID=0.3700  ASK=0.3800
2026-07-06 13:57:49     VWAP 60s: 0.3996  |  Deviation: -7.41%
2026-07-06 13:57:49     Z-Score 5s: -0.68  |  Momentum 90s: -30.84%
2026-07-06 13:57:49     Trades: 470  |  Volume: 13110
2026-07-06 13:57:49     Buy Vol: 12323  |  Sell Vol: 787
2026-07-06 13:57:49   Win Rate: 0.6%
2026-07-06 13:57:49   Config: min_price=0.6, max_price=0.9, min_elapsed=60s, dev_range=0.1%-100%, no_entry_cutoff=30s
2026-07-06 13:57:49   BTC Chainlink: $62,931.53 (anchor: $62,922.00)
2026-07-06 13:57:49   BTC Deviation: $+9.53 (+0.0151%)
2026-07-06 13:57:49 ============================================================
2026-07-06 13:57:49 MAIN ENTRY FAILED: Could not get price
2026-07-06 13:57:49 ============================================================
2026-07-06 13:57:49 TRADE SIGNAL TRIGGERED
2026-07-06 13:57:49   Time: 2026-07-06T13:57:49.608720
2026-07-06 13:57:49   Market: btc-updown-5m-1783320900
2026-07-06 13:57:49   Signal: BUY_UP
2026-07-06 13:57:49   Token: UP
2026-07-06 13:57:49   Elapsed: 170s | Remaining: 130s | Bin: 1
2026-07-06 13:57:49   --- UP ---
2026-07-06 13:57:49     Price:   LAST=0.6300  BID=0.6200  ASK=0.6300
2026-07-06 13:57:49     VWAP 60s: 0.5991  |  Deviation: +5.16%
2026-07-06 13:57:49     Z-Score 5s: -0.93  |  Momentum 90s: +34.86%
2026-07-06 13:57:49     Trades: 469  |  Volume: 11819
2026-07-06 13:57:49     Buy Vol: 10912  |  Sell Vol: 907
2026-07-06 13:57:49   --- DOWN ---
2026-07-06 13:57:49     Price:   LAST=0.3700  BID=0.3700  ASK=0.3800
2026-07-06 13:57:49     VWAP 60s: 0.3996  |  Deviation: -7.41%
2026-07-06 13:57:49     Z-Score 5s: -0.66  |  Momentum 90s: -30.84%
2026-07-06 13:57:49     Trades: 470  |  Volume: 13110
2026-07-06 13:57:49     Buy Vol: 12323  |  Sell Vol: 787
2026-07-06 13:57:49   Win Rate: 0.6%
2026-07-06 13:57:49   Config: min_price=0.6, max_price=0.9, min_elapsed=60s, dev_range=0.1%-100%, no_entry_cutoff=30s
2026-07-06 13:57:49   BTC Chainlink: $62,931.53 (anchor: $62,922.00)
2026-07-06 13:57:49   BTC Deviation: $+9.53 (+0.0151%)
2026-07-06 13:57:49 ============================================================
2026-07-06 13:57:49 MAIN ENTRY FAILED: Could not get price
2026-07-06 13:57:49 ============================================================
2026-07-06 13:57:49 TRADE SIGNAL TRIGGERED
2026-07-06 13:57:49   Time: 2026-07-06T13:57:49.860653
2026-07-06 13:57:49   Market: btc-updown-5m-1783320900
2026-07-06 13:57:49   Signal: BUY_UP
2026-07-06 13:57:49   Token: UP
2026-07-06 13:57:49   Elapsed: 170s | Remaining: 130s | Bin: 1
2026-07-06 13:57:49   --- UP ---
2026-07-06 13:57:49     Price:   LAST=0.6300  BID=0.6200  ASK=0.6300
2026-07-06 13:57:49     VWAP 60s: 0.5991  |  Deviation: +5.16%
2026-07-06 13:57:49     Z-Score 5s: -0.93  |  Momentum 90s: +34.68%
2026-07-06 13:57:49     Trades: 469  |  Volume: 11819
2026-07-06 13:57:49     Buy Vol: 10912  |  Sell Vol: 907
2026-07-06 13:57:49   --- DOWN ---
2026-07-06 13:57:49     Price:   LAST=0.3800  BID=0.3700  ASK=0.3800
2026-07-06 13:57:49     VWAP 60s: 0.3995  |  Deviation: -4.89%
2026-07-06 13:57:49     Z-Score 5s: +1.06  |  Momentum 90s: -28.97%
2026-07-06 13:57:49     Trades: 471  |  Volume: 13131
2026-07-06 13:57:49     Buy Vol: 12344  |  Sell Vol: 787
2026-07-06 13:57:49   Win Rate: 0.6%
2026-07-06 13:57:49   Config: min_price=0.6, max_price=0.9, min_elapsed=60s, dev_range=0.1%-100%, no_entry_cutoff=30s
2026-07-06 13:57:49   BTC Chainlink: $62,931.53 (anchor: $62,922.00)
2026-07-06 13:57:49   BTC Deviation: $+9.53 (+0.0151%)
2026-07-06 13:57:49 ============================================================
2026-07-06 13:57:49 MAIN ENTRY FAILED: Could not get price
2026-07-06 13:57:50 ============================================================
2026-07-06 13:57:50 TRADE SIGNAL TRIGGERED
2026-07-06 13:57:50   Time: 2026-07-06T13:57:50.117957
2026-07-06 13:57:50   Market: btc-updown-5m-1783320900
2026-07-06 13:57:50   Signal: BUY_UP
2026-07-06 13:57:50   Token: UP
2026-07-06 13:57:50   Elapsed: 170s | Remaining: 130s | Bin: 1
2026-07-06 13:57:50   --- UP ---
2026-07-06 13:57:50     Price:   LAST=0.6300  BID=0.6200  ASK=0.6300
2026-07-06 13:57:50     VWAP 60s: 0.5992  |  Deviation: +5.13%
2026-07-06 13:57:50     Z-Score 5s: -0.77  |  Momentum 90s: +34.04%
2026-07-06 13:57:50     Trades: 472  |  Volume: 11842
2026-07-06 13:57:50     Buy Vol: 10935  |  Sell Vol: 907
2026-07-06 13:57:50   --- DOWN ---
2026-07-06 13:57:50     Price:   LAST=0.3800  BID=0.3700  ASK=0.3800
2026-07-06 13:57:50     VWAP 60s: 0.3995  |  Deviation: -4.88%
2026-07-06 13:57:50     Z-Score 5s: +1.09  |  Momentum 90s: -29.03%
2026-07-06 13:57:50     Trades: 472  |  Volume: 13142
2026-07-06 13:57:50     Buy Vol: 12356  |  Sell Vol: 787
2026-07-06 13:57:50   Win Rate: 0.6%
2026-07-06 13:57:50   Config: min_price=0.6, max_price=0.9, min_elapsed=60s, dev_range=0.1%-100%, no_entry_cutoff=30s
2026-07-06 13:57:50   BTC Chainlink: $62,931.53 (anchor: $62,922.00)
2026-07-06 13:57:50   BTC Deviation: $+9.53 (+0.0151%)
2026-07-06 13:57:50 ============================================================
2026-07-06 13:57:50 MAIN ENTRY FAILED: Could not get price
2026-07-06 13:57:50 ============================================================
2026-07-06 13:57:50 TRADE SIGNAL TRIGGERED
2026-07-06 13:57:50   Time: 2026-07-06T13:57:50.370449
2026-07-06 13:57:50   Market: btc-updown-5m-1783320900
2026-07-06 13:57:50   Signal: BUY_UP
2026-07-06 13:57:50   Token: UP
2026-07-06 13:57:50   Elapsed: 170s | Remaining: 130s | Bin: 1
2026-07-06 13:57:50   --- UP ---
2026-07-06 13:57:50     Price:   LAST=0.6300  BID=0.6100  ASK=0.6200
2026-07-06 13:57:50     VWAP 60s: 0.5992  |  Deviation: +5.13%
2026-07-06 13:57:50     Z-Score 5s: -0.77  |  Momentum 90s: +34.04%
2026-07-06 13:57:50     Trades: 472  |  Volume: 11842
2026-07-06 13:57:50     Buy Vol: 10935  |  Sell Vol: 907
2026-07-06 13:57:50   --- DOWN ---
2026-07-06 13:57:50     Price:   LAST=0.3800  BID=0.3800  ASK=0.3900
2026-07-06 13:57:50     VWAP 60s: 0.3989  |  Deviation: -4.73%
2026-07-06 13:57:50     Z-Score 5s: +0.81  |  Momentum 90s: -29.19%
2026-07-06 13:57:50     Trades: 478  |  Volume: 13311
2026-07-06 13:57:50     Buy Vol: 12524  |  Sell Vol: 787
2026-07-06 13:57:50   Win Rate: 0.6%
2026-07-06 13:57:50   Config: min_price=0.6, max_price=0.9, min_elapsed=60s, dev_range=0.1%-100%, no_entry_cutoff=30s
2026-07-06 13:57:50   BTC Chainlink: $62,931.57 (anchor: $62,922.00)
2026-07-06 13:57:50   BTC Deviation: $+9.56 (+0.0152%)
2026-07-06 13:57:50 ============================================================
2026-07-06 13:57:50 MAIN ENTRY FAILED: Could not get price
2026-07-06 13:57:50 ============================================================
2026-07-06 13:57:50 TRADE SIGNAL TRIGGERED
2026-07-06 13:57:50   Time: 2026-07-06T13:57:50.621700
2026-07-06 13:57:50   Market: btc-updown-5m-1783320900
2026-07-06 13:57:50   Signal: BUY_UP
2026-07-06 13:57:50   Token: UP
2026-07-06 13:57:50   Elapsed: 171s | Remaining: 129s | Bin: 1
2026-07-06 13:57:50   --- UP ---
2026-07-06 13:57:50     Price:   LAST=0.6200  BID=0.6100  ASK=0.6200
2026-07-06 13:57:50     VWAP 60s: 0.5995  |  Deviation: +3.43%
2026-07-06 13:57:50     Z-Score 5s: -1.10  |  Momentum 90s: +31.91%
2026-07-06 13:57:50     Trades: 477  |  Volume: 11883
2026-07-06 13:57:50     Buy Vol: 10976  |  Sell Vol: 907
2026-07-06 13:57:50   --- DOWN ---
2026-07-06 13:57:50     Price:   LAST=0.3800  BID=0.3800  ASK=0.3900
2026-07-06 13:57:50     VWAP 60s: 0.3989  |  Deviation: -4.73%
2026-07-06 13:57:50     Z-Score 5s: +0.92  |  Momentum 90s: -29.48%
2026-07-06 13:57:50     Trades: 478  |  Volume: 13311
2026-07-06 13:57:50     Buy Vol: 12524  |  Sell Vol: 787
2026-07-06 13:57:50   Win Rate: 0.6%
2026-07-06 13:57:50   Config: min_price=0.6, max_price=0.9, min_elapsed=60s, dev_range=0.1%-100%, no_entry_cutoff=30s
2026-07-06 13:57:50   BTC Chainlink: $62,931.57 (anchor: $62,922.00)
2026-07-06 13:57:50   BTC Deviation: $+9.56 (+0.0152%)
2026-07-06 13:57:50 ============================================================
2026-07-06 13:57:50 MAIN ENTRY FAILED: Could not get price
2026-07-06 13:57:50 ============================================================
2026-07-06 13:57:50 TRADE SIGNAL TRIGGERED
2026-07-06 13:57:50   Time: 2026-07-06T13:57:50.876409
2026-07-06 13:57:50   Market: btc-updown-5m-1783320900
2026-07-06 13:57:50   Signal: BUY_UP
2026-07-06 13:57:50   Token: UP
2026-07-06 13:57:50   Elapsed: 171s | Remaining: 129s | Bin: 1
2026-07-06 13:57:50   --- UP ---
2026-07-06 13:57:50     Price:   LAST=0.6200  BID=0.6100  ASK=0.6200
2026-07-06 13:57:50     VWAP 60s: 0.5995  |  Deviation: +3.41%
2026-07-06 13:57:50     Z-Score 5s: -0.86  |  Momentum 90s: +31.91%
2026-07-06 13:57:50     Trades: 480  |  Volume: 11901
2026-07-06 13:57:50     Buy Vol: 10990  |  Sell Vol: 911
2026-07-06 13:57:50   --- DOWN ---
2026-07-06 13:57:50     Price:   LAST=0.3900  BID=0.3800  ASK=0.3900
2026-07-06 13:57:50     VWAP 60s: 0.3985  |  Deviation: -2.14%
2026-07-06 13:57:50     Z-Score 5s: +2.04  |  Momentum 90s: -27.78%
2026-07-06 13:57:50     Trades: 480  |  Volume: 13537
2026-07-06 13:57:50     Buy Vol: 12750  |  Sell Vol: 787
2026-07-06 13:57:50   Win Rate: 0.6%
2026-07-06 13:57:50   Config: min_price=0.6, max_price=0.9, min_elapsed=60s, dev_range=0.1%-100%, no_entry_cutoff=30s
2026-07-06 13:57:50   BTC Chainlink: $62,931.57 (anchor: $62,922.00)
2026-07-06 13:57:50   BTC Deviation: $+9.56 (+0.0152%)
2026-07-06 13:57:50 ============================================================
2026-07-06 13:57:50 MAIN ENTRY FAILED: Could not get price
2026-07-06 13:57:51 ============================================================
2026-07-06 13:57:51 TRADE SIGNAL TRIGGERED
2026-07-06 13:57:51   Time: 2026-07-06T13:57:51.127844
2026-07-06 13:57:51   Market: btc-updown-5m-1783320900
2026-07-06 13:57:51   Signal: BUY_UP
2026-07-06 13:57:51   Token: UP
2026-07-06 13:57:51   Elapsed: 171s | Remaining: 129s | Bin: 1
2026-07-06 13:57:51   --- UP ---
2026-07-06 13:57:51     Price:   LAST=0.6200  BID=0.6100  ASK=0.6200
2026-07-06 13:57:51     VWAP 60s: 0.5995  |  Deviation: +3.42%
2026-07-06 13:57:51     Z-Score 5s: -0.70  |  Momentum 90s: +31.91%
2026-07-06 13:57:51     Trades: 480  |  Volume: 11901
2026-07-06 13:57:51     Buy Vol: 10990  |  Sell Vol: 911
2026-07-06 13:57:51   --- DOWN ---
2026-07-06 13:57:51     Price:   LAST=0.3900  BID=0.3800  ASK=0.3900
2026-07-06 13:57:51     VWAP 60s: 0.3985  |  Deviation: -2.14%
2026-07-06 13:57:51     Z-Score 5s: +2.04  |  Momentum 90s: -27.78%
2026-07-06 13:57:51     Trades: 480  |  Volume: 13537
2026-07-06 13:57:51     Buy Vol: 12750  |  Sell Vol: 787
2026-07-06 13:57:51   Win Rate: 0.6%
2026-07-06 13:57:51   Config: min_price=0.6, max_price=0.9, min_elapsed=60s, dev_range=0.1%-100%, no_entry_cutoff=30s
2026-07-06 13:57:51   BTC Chainlink: $62,931.57 (anchor: $62,922.00)
2026-07-06 13:57:51   BTC Deviation: $+9.56 (+0.0152%)
2026-07-06 13:57:51 ============================================================
2026-07-06 13:57:51 MAIN ENTRY FAILED: Could not get price
2026-07-06 13:57:51 ============================================================
2026-07-06 13:57:51 TRADE SIGNAL TRIGGERED
2026-07-06 13:57:51   Time: 2026-07-06T13:57:51.381134
2026-07-06 13:57:51   Market: btc-updown-5m-1783320900
2026-07-06 13:57:51   Signal: BUY_UP
2026-07-06 13:57:51   Token: UP
2026-07-06 13:57:51   Elapsed: 171s | Remaining: 129s | Bin: 1
2026-07-06 13:57:51   --- UP ---
2026-07-06 13:57:51     Price:   LAST=0.6200  BID=0.6100  ASK=0.6200
2026-07-06 13:57:51     VWAP 60s: 0.5995  |  Deviation: +3.42%
2026-07-06 13:57:51     Z-Score 5s: -0.64  |  Momentum 90s: +31.91%
2026-07-06 13:57:51     Trades: 480  |  Volume: 11901
2026-07-06 13:57:51     Buy Vol: 10990  |  Sell Vol: 911
2026-07-06 13:57:51   --- DOWN ---
2026-07-06 13:57:51     Price:   LAST=0.3900  BID=0.3800  ASK=0.3900
2026-07-06 13:57:51     VWAP 60s: 0.3985  |  Deviation: -2.13%
2026-07-06 13:57:51     Z-Score 5s: +1.81  |  Momentum 90s: -29.23%
2026-07-06 13:57:51     Trades: 482  |  Volume: 13554
2026-07-06 13:57:51     Buy Vol: 12767  |  Sell Vol: 787
2026-07-06 13:57:51   Win Rate: 0.6%
2026-07-06 13:57:51   Config: min_price=0.6, max_price=0.9, min_elapsed=60s, dev_range=0.1%-100%, no_entry_cutoff=30s
2026-07-06 13:57:51   BTC Chainlink: $62,931.52 (anchor: $62,922.00)
2026-07-06 13:57:51   BTC Deviation: $+9.52 (+0.0151%)
2026-07-06 13:57:51 ============================================================
2026-07-06 13:57:51 MAIN ENTRY FAILED: Could not get price
2026-07-06 13:57:51 ============================================================
2026-07-06 13:57:51 TRADE SIGNAL TRIGGERED
2026-07-06 13:57:51   Time: 2026-07-06T13:57:51.639164
2026-07-06 13:57:51   Market: btc-updown-5m-1783320900
2026-07-06 13:57:51   Signal: BUY_UP
2026-07-06 13:57:51   Token: UP
2026-07-06 13:57:51   Elapsed: 172s | Remaining: 128s | Bin: 1
2026-07-06 13:57:51   --- UP ---
2026-07-06 13:57:51     Price:   LAST=0.6200  BID=0.6100  ASK=0.6200
2026-07-06 13:57:51     VWAP 60s: 0.5995  |  Deviation: +3.42%
2026-07-06 13:57:51     Z-Score 5s: -0.57  |  Momentum 90s: +31.91%
2026-07-06 13:57:51     Trades: 480  |  Volume: 11901
2026-07-06 13:57:51     Buy Vol: 10990  |  Sell Vol: 911
2026-07-06 13:57:51   --- DOWN ---
2026-07-06 13:57:51     Price:   LAST=0.3900  BID=0.3800  ASK=0.3900
2026-07-06 13:57:51     VWAP 60s: 0.3985  |  Deviation: -2.13%
2026-07-06 13:57:51     Z-Score 5s: +1.67  |  Momentum 90s: -29.47%
2026-07-06 13:57:51     Trades: 483  |  Volume: 13556
2026-07-06 13:57:51     Buy Vol: 12770  |  Sell Vol: 787
2026-07-06 13:57:51   Win Rate: 0.6%
2026-07-06 13:57:51   Config: min_price=0.6, max_price=0.9, min_elapsed=60s, dev_range=0.1%-100%, no_entry_cutoff=30s
2026-07-06 13:57:51   BTC Chainlink: $62,931.52 (anchor: $62,922.00)
2026-07-06 13:57:51   BTC Deviation: $+9.52 (+0.0151%)
2026-07-06 13:57:51 ============================================================
2026-07-06 13:57:51 MAIN ENTRY FAILED: Could not get price
2026-07-06 13:57:51 ============================================================
2026-07-06 13:57:51 TRADE SIGNAL TRIGGERED
2026-07-06 13:57:51   Time: 2026-07-06T13:57:51.893513
2026-07-06 13:57:51   Market: btc-updown-5m-1783320900
2026-07-06 13:57:51   Signal: BUY_UP
2026-07-06 13:57:51   Token: UP
2026-07-06 13:57:51   Elapsed: 172s | Remaining: 128s | Bin: 1
2026-07-06 13:57:51   --- UP ---
2026-07-06 13:57:51     Price:   LAST=0.6200  BID=0.6000  ASK=0.6100
2026-07-06 13:57:51     VWAP 60s: 0.5995  |  Deviation: +3.42%
2026-07-06 13:57:51     Z-Score 5s: -0.57  |  Momentum 90s: +34.78%
2026-07-06 13:57:51     Trades: 480  |  Volume: 11901
2026-07-06 13:57:51     Buy Vol: 10990  |  Sell Vol: 911
2026-07-06 13:57:51   --- DOWN ---
2026-07-06 13:57:51     Price:   LAST=0.4000  BID=0.3900  ASK=0.4000
2026-07-06 13:57:51     VWAP 60s: 0.3984  |  Deviation: +0.40%
2026-07-06 13:57:51     Z-Score 5s: +2.07  |  Momentum 90s: -27.66%
2026-07-06 13:57:51     Trades: 491  |  Volume: 13632
2026-07-06 13:57:51     Buy Vol: 12846  |  Sell Vol: 787
2026-07-06 13:57:51   Win Rate: 0.6%
2026-07-06 13:57:51   Config: min_price=0.6, max_price=0.9, min_elapsed=60s, dev_range=0.1%-100%, no_entry_cutoff=30s
2026-07-06 13:57:51   BTC Chainlink: $62,931.52 (anchor: $62,922.00)
2026-07-06 13:57:51   BTC Deviation: $+9.52 (+0.0151%)
2026-07-06 13:57:51 ============================================================
2026-07-06 13:57:51 MAIN ENTRY FAILED: Could not get price
2026-07-06 13:57:52 ============================================================
2026-07-06 13:57:52 TRADE SIGNAL TRIGGERED
2026-07-06 13:57:52   Time: 2026-07-06T13:57:52.158952
2026-07-06 13:57:52   Market: btc-updown-5m-1783320900
2026-07-06 13:57:52   Signal: BUY_UP
2026-07-06 13:57:52   Token: UP
2026-07-06 13:57:52   Elapsed: 172s | Remaining: 128s | Bin: 1
2026-07-06 13:57:52   --- UP ---
2026-07-06 13:57:52     Price:   LAST=0.6200  BID=0.6000  ASK=0.6100
2026-07-06 13:57:52     VWAP 60s: 0.5995  |  Deviation: +3.42%
2026-07-06 13:57:52     Z-Score 5s: -0.57  |  Momentum 90s: +36.76%
2026-07-06 13:57:52     Trades: 480  |  Volume: 11901
2026-07-06 13:57:52     Buy Vol: 10990  |  Sell Vol: 911
2026-07-06 13:57:52   --- DOWN ---
2026-07-06 13:57:52     Price:   LAST=0.4000  BID=0.3900  ASK=0.4000
2026-07-06 13:57:52     VWAP 60s: 0.3983  |  Deviation: +0.42%
2026-07-06 13:57:52     Z-Score 5s: +1.74  |  Momentum 90s: -27.97%
2026-07-06 13:57:52     Trades: 494  |  Volume: 13640
2026-07-06 13:57:52     Buy Vol: 12854  |  Sell Vol: 787
2026-07-06 13:57:52   Win Rate: 0.6%
2026-07-06 13:57:52   Config: min_price=0.6, max_price=0.9, min_elapsed=60s, dev_range=0.1%-100%, no_entry_cutoff=30s
2026-07-06 13:57:52   BTC Chainlink: $62,931.52 (anchor: $62,922.00)
2026-07-06 13:57:52   BTC Deviation: $+9.52 (+0.0151%)
2026-07-06 13:57:52 ============================================================
2026-07-06 13:57:52 MAIN ENTRY FAILED: Could not get price
2026-07-06 13:57:52 ============================================================
2026-07-06 13:57:52 TRADE SIGNAL TRIGGERED
2026-07-06 13:57:52   Time: 2026-07-06T13:57:52.422342
2026-07-06 13:57:52   Market: btc-updown-5m-1783320900
2026-07-06 13:57:52   Signal: BUY_UP
2026-07-06 13:57:52   Token: UP
2026-07-06 13:57:52   Elapsed: 172s | Remaining: 128s | Bin: 1
2026-07-06 13:57:52   --- UP ---
2026-07-06 13:57:52     Price:   LAST=0.6100  BID=0.6000  ASK=0.6100
2026-07-06 13:57:52     VWAP 60s: 0.5996  |  Deviation: +1.74%
2026-07-06 13:57:52     Z-Score 5s: -1.33  |  Momentum 90s: +35.56%
2026-07-06 13:57:52     Trades: 483  |  Volume: 11926
2026-07-06 13:57:52     Buy Vol: 11015  |  Sell Vol: 911
2026-07-06 13:57:52   --- DOWN ---
2026-07-06 13:57:52     Price:   LAST=0.4000  BID=0.3900  ASK=0.4000
2026-07-06 13:57:52     VWAP 60s: 0.3983  |  Deviation: +0.42%
2026-07-06 13:57:52     Z-Score 5s: +1.58  |  Momentum 90s: -27.97%
2026-07-06 13:57:52     Trades: 496  |  Volume: 13678
2026-07-06 13:57:52     Buy Vol: 12891  |  Sell Vol: 787
2026-07-06 13:57:52   Win Rate: 0.6%
2026-07-06 13:57:52   Config: min_price=0.6, max_price=0.9, min_elapsed=60s, dev_range=0.1%-100%, no_entry_cutoff=30s
2026-07-06 13:57:52   BTC Chainlink: $62,931.53 (anchor: $62,922.00)
2026-07-06 13:57:52   BTC Deviation: $+9.53 (+0.0152%)
2026-07-06 13:57:52 ============================================================
2026-07-06 13:57:52 MAIN ENTRY FAILED: Could not get price
2026-07-06 13:57:52 ============================================================
2026-07-06 13:57:52 TRADE SIGNAL TRIGGERED
2026-07-06 13:57:52   Time: 2026-07-06T13:57:52.680281
2026-07-06 13:57:52   Market: btc-updown-5m-1783320900
2026-07-06 13:57:52   Signal: BUY_UP
2026-07-06 13:57:52   Token: UP
2026-07-06 13:57:52   Elapsed: 173s | Remaining: 127s | Bin: 1
2026-07-06 13:57:52   --- UP ---
2026-07-06 13:57:52     Price:   LAST=0.6100  BID=0.6000  ASK=0.6100
2026-07-06 13:57:52     VWAP 60s: 0.5996  |  Deviation: +1.74%
2026-07-06 13:57:52     Z-Score 5s: -1.18  |  Momentum 90s: +37.08%
2026-07-06 13:57:52     Trades: 484  |  Volume: 11931
2026-07-06 13:57:52     Buy Vol: 11020  |  Sell Vol: 911
2026-07-06 13:57:52   --- DOWN ---
2026-07-06 13:57:52     Price:   LAST=0.4000  BID=0.3900  ASK=0.4000
2026-07-06 13:57:52     VWAP 60s: 0.3983  |  Deviation: +0.42%
2026-07-06 13:57:52     Z-Score 5s: +1.53  |  Momentum 90s: -27.97%
2026-07-06 13:57:52     Trades: 496  |  Volume: 13678
2026-07-06 13:57:52     Buy Vol: 12891  |  Sell Vol: 787
2026-07-06 13:57:52   Win Rate: 0.6%
2026-07-06 13:57:52   Config: min_price=0.6, max_price=0.9, min_elapsed=60s, dev_range=0.1%-100%, no_entry_cutoff=30s
2026-07-06 13:57:52   BTC Chainlink: $62,931.53 (anchor: $62,922.00)
2026-07-06 13:57:52   BTC Deviation: $+9.53 (+0.0152%)
2026-07-06 13:57:52 ============================================================
2026-07-06 13:57:52 MAIN ENTRY FAILED: Could not get price
2026-07-06 13:57:53 ============================================================
2026-07-06 13:57:53 TRADE SIGNAL TRIGGERED
2026-07-06 13:57:53   Time: 2026-07-06T13:57:53.195754
2026-07-06 13:57:53   Market: btc-updown-5m-1783320900
2026-07-06 13:57:53   Signal: BUY_UP
2026-07-06 13:57:53   Token: UP
2026-07-06 13:57:53   Elapsed: 173s | Remaining: 127s | Bin: 1
2026-07-06 13:57:53   --- UP ---
2026-07-06 13:57:53     Price:   LAST=0.6100  BID=0.6000  ASK=0.6100
2026-07-06 13:57:53     VWAP 60s: 0.5996  |  Deviation: +1.74%
2026-07-06 13:57:53     Z-Score 5s: -0.76  |  Momentum 90s: +39.69%
2026-07-06 13:57:53     Trades: 487  |  Volume: 11992
2026-07-06 13:57:53     Buy Vol: 11025  |  Sell Vol: 966
2026-07-06 13:57:53   --- DOWN ---
2026-07-06 13:57:53     Price:   LAST=0.4000  BID=0.3900  ASK=0.4000
2026-07-06 13:57:53     VWAP 60s: 0.3983  |  Deviation: +0.44%
2026-07-06 13:57:53     Z-Score 5s: +1.33  |  Momentum 90s: -28.67%
2026-07-06 13:57:53     Trades: 499  |  Volume: 13701
2026-07-06 13:57:53     Buy Vol: 12903  |  Sell Vol: 798
2026-07-06 13:57:53   Win Rate: 0.6%
2026-07-06 13:57:53   Config: min_price=0.6, max_price=0.9, min_elapsed=60s, dev_range=0.1%-100%, no_entry_cutoff=30s
2026-07-06 13:57:53   BTC Chainlink: $62,931.53 (anchor: $62,922.00)
2026-07-06 13:57:53   BTC Deviation: $+9.53 (+0.0152%)
2026-07-06 13:57:53 ============================================================
2026-07-06 13:57:53 MAIN ENTRY FAILED: Could not get price
2026-07-06 13:57:53 ============================================================
2026-07-06 13:57:53 TRADE SIGNAL TRIGGERED
2026-07-06 13:57:53   Time: 2026-07-06T13:57:53.453284
2026-07-06 13:57:53   Market: btc-updown-5m-1783320900
2026-07-06 13:57:53   Signal: BUY_UP
2026-07-06 13:57:53   Token: UP
2026-07-06 13:57:53   Elapsed: 173s | Remaining: 127s | Bin: 1
2026-07-06 13:57:53   --- UP ---
2026-07-06 13:57:53     Price:   LAST=0.6100  BID=0.6000  ASK=0.6100
2026-07-06 13:57:53     VWAP 60s: 0.5996  |  Deviation: +1.74%
2026-07-06 13:57:53     Z-Score 5s: -0.76  |  Momentum 90s: +39.69%
2026-07-06 13:57:53     Trades: 487  |  Volume: 11992
2026-07-06 13:57:53     Buy Vol: 11025  |  Sell Vol: 966
2026-07-06 13:57:53   --- DOWN ---
2026-07-06 13:57:53     Price:   LAST=0.4000  BID=0.3900  ASK=0.4000
2026-07-06 13:57:53     VWAP 60s: 0.3983  |  Deviation: +0.44%
2026-07-06 13:57:53     Z-Score 5s: +1.23  |  Momentum 90s: -30.13%
2026-07-06 13:57:53     Trades: 500  |  Volume: 13751
2026-07-06 13:57:53     Buy Vol: 12953  |  Sell Vol: 798
2026-07-06 13:57:53   Win Rate: 0.6%
2026-07-06 13:57:53   Config: min_price=0.6, max_price=0.9, min_elapsed=60s, dev_range=0.1%-100%, no_entry_cutoff=30s
2026-07-06 13:57:53   BTC Chainlink: $62,931.53 (anchor: $62,922.00)
2026-07-06 13:57:53   BTC Deviation: $+9.53 (+0.0151%)
2026-07-06 13:57:53 ============================================================
2026-07-06 13:57:53 MAIN ENTRY FAILED: Could not get price
2026-07-06 13:57:53 ============================================================
2026-07-06 13:57:53 TRADE SIGNAL TRIGGERED
2026-07-06 13:57:53   Time: 2026-07-06T13:57:53.705644
2026-07-06 13:57:53   Market: btc-updown-5m-1783320900
2026-07-06 13:57:53   Signal: BUY_UP
2026-07-06 13:57:53   Token: UP
2026-07-06 13:57:53   Elapsed: 174s | Remaining: 126s | Bin: 1
2026-07-06 13:57:53   --- UP ---
2026-07-06 13:57:53     Price:   LAST=0.6200  BID=0.6200  ASK=0.6300
2026-07-06 13:57:53     VWAP 60s: 0.5998  |  Deviation: +3.37%
2026-07-06 13:57:53     Z-Score 5s: +0.26  |  Momentum 90s: +41.98%
2026-07-06 13:57:53     Trades: 490  |  Volume: 12057
2026-07-06 13:57:53     Buy Vol: 11091  |  Sell Vol: 966
2026-07-06 13:57:53   --- DOWN ---
2026-07-06 13:57:53     Price:   LAST=0.4000  BID=0.3700  ASK=0.3800
2026-07-06 13:57:53     VWAP 60s: 0.3978  |  Deviation: +0.55%
2026-07-06 13:57:53     Z-Score 5s: +1.18  |  Momentum 90s: -30.64%
2026-07-06 13:57:53     Trades: 500  |  Volume: 13751
2026-07-06 13:57:53     Buy Vol: 12953  |  Sell Vol: 798
2026-07-06 13:57:53   Win Rate: 0.6%
2026-07-06 13:57:53   Config: min_price=0.6, max_price=0.9, min_elapsed=60s, dev_range=0.1%-100%, no_entry_cutoff=30s
2026-07-06 13:57:53   BTC Chainlink: $62,931.53 (anchor: $62,922.00)
2026-07-06 13:57:53   BTC Deviation: $+9.53 (+0.0151%)
2026-07-06 13:57:53 ============================================================
2026-07-06 13:57:53 MAIN ENTRY FAILED: Could not get price
2026-07-06 13:57:53 ============================================================
2026-07-06 13:57:53 TRADE SIGNAL TRIGGERED
2026-07-06 13:57:53   Time: 2026-07-06T13:57:53.958001
2026-07-06 13:57:53   Market: btc-updown-5m-1783320900
2026-07-06 13:57:53   Signal: BUY_UP
2026-07-06 13:57:53   Token: UP
2026-07-06 13:57:53   Elapsed: 174s | Remaining: 126s | Bin: 1
2026-07-06 13:57:53   --- UP ---
2026-07-06 13:57:53     Price:   LAST=0.6300  BID=0.6300  ASK=0.6400
2026-07-06 13:57:53     VWAP 60s: 0.5999  |  Deviation: +5.01%
2026-07-06 13:57:53     Z-Score 5s: +1.32  |  Momentum 90s: +44.27%
2026-07-06 13:57:53     Trades: 492  |  Volume: 12080
2026-07-06 13:57:53     Buy Vol: 11114  |  Sell Vol: 966
2026-07-06 13:57:53   --- DOWN ---
2026-07-06 13:57:53     Price:   LAST=0.4000  BID=0.3600  ASK=0.3700
2026-07-06 13:57:53     VWAP 60s: 0.3978  |  Deviation: +0.56%
2026-07-06 13:57:53     Z-Score 5s: +1.18  |  Momentum 90s: -30.64%
2026-07-06 13:57:53     Trades: 500  |  Volume: 13751
2026-07-06 13:57:53     Buy Vol: 12953  |  Sell Vol: 798
2026-07-06 13:57:53   Win Rate: 0.6%
2026-07-06 13:57:53   Config: min_price=0.6, max_price=0.9, min_elapsed=60s, dev_range=0.1%-100%, no_entry_cutoff=30s
2026-07-06 13:57:53   BTC Chainlink: $62,931.53 (anchor: $62,922.00)
2026-07-06 13:57:53   BTC Deviation: $+9.53 (+0.0151%)
2026-07-06 13:57:53 ============================================================
2026-07-06 13:57:53 MAIN ENTRY FAILED: Could not get price
2026-07-06 13:57:54 ============================================================
2026-07-06 13:57:54 TRADE SIGNAL TRIGGERED
2026-07-06 13:57:54   Time: 2026-07-06T13:57:54.209922
2026-07-06 13:57:54   Market: btc-updown-5m-1783320900
2026-07-06 13:57:54   Signal: BUY_UP
2026-07-06 13:57:54   Token: UP
2026-07-06 13:57:54   Elapsed: 174s | Remaining: 126s | Bin: 1
2026-07-06 13:57:54   --- UP ---
2026-07-06 13:57:54     Price:   LAST=0.6300  BID=0.6300  ASK=0.6400
2026-07-06 13:57:54     VWAP 60s: 0.5999  |  Deviation: +5.01%
2026-07-06 13:57:54     Z-Score 5s: +1.32  |  Momentum 90s: +44.00%
2026-07-06 13:57:54     Trades: 492  |  Volume: 12080
2026-07-06 13:57:54     Buy Vol: 11114  |  Sell Vol: 966
2026-07-06 13:57:54   --- DOWN ---
2026-07-06 13:57:54     Price:   LAST=0.4000  BID=0.3600  ASK=0.3700
2026-07-06 13:57:54     VWAP 60s: 0.3976  |  Deviation: +0.60%
2026-07-06 13:57:54     Z-Score 5s: +1.19  |  Momentum 90s: -30.43%
2026-07-06 13:57:54     Trades: 500  |  Volume: 13751
2026-07-06 13:57:54     Buy Vol: 12953  |  Sell Vol: 798
2026-07-06 13:57:54   Win Rate: 0.6%
2026-07-06 13:57:54   Config: min_price=0.6, max_price=0.9, min_elapsed=60s, dev_range=0.1%-100%, no_entry_cutoff=30s
2026-07-06 13:57:54   BTC Chainlink: $62,931.53 (anchor: $62,922.00)
2026-07-06 13:57:54   BTC Deviation: $+9.53 (+0.0151%)
2026-07-06 13:57:54 ============================================================
2026-07-06 13:57:54 MAIN ENTRY FAILED: Could not get price
2026-07-06 13:57:54 ============================================================
2026-07-06 13:57:54 TRADE SIGNAL TRIGGERED
2026-07-06 13:57:54   Time: 2026-07-06T13:57:54.462353
2026-07-06 13:57:54   Market: btc-updown-5m-1783320900
2026-07-06 13:57:54   Signal: BUY_UP
2026-07-06 13:57:54   Token: UP
2026-07-06 13:57:54   Elapsed: 174s | Remaining: 126s | Bin: 1
2026-07-06 13:57:54   --- UP ---
2026-07-06 13:57:54     Price:   LAST=0.6300  BID=0.6300  ASK=0.6400
2026-07-06 13:57:54     VWAP 60s: 0.5999  |  Deviation: +5.01%
2026-07-06 13:57:54     Z-Score 5s: +1.32  |  Momentum 90s: +43.94%
2026-07-06 13:57:54     Trades: 492  |  Volume: 12080
2026-07-06 13:57:54     Buy Vol: 11114  |  Sell Vol: 966
2026-07-06 13:57:54   --- DOWN ---
2026-07-06 13:57:54     Price:   LAST=0.3700  BID=0.3600  ASK=0.3700
2026-07-06 13:57:54     VWAP 60s: 0.3976  |  Deviation: -6.93%
2026-07-06 13:57:54     Z-Score 5s: -2.43  |  Momentum 90s: -35.09%
2026-07-06 13:57:54     Trades: 501  |  Volume: 13760
2026-07-06 13:57:54     Buy Vol: 12963  |  Sell Vol: 798
2026-07-06 13:57:54   Win Rate: 0.6%
2026-07-06 13:57:54   Config: min_price=0.6, max_price=0.9, min_elapsed=60s, dev_range=0.1%-100%, no_entry_cutoff=30s
2026-07-06 13:57:54   BTC Chainlink: $62,931.56 (anchor: $62,922.00)
2026-07-06 13:57:54   BTC Deviation: $+9.56 (+0.0152%)
2026-07-06 13:57:54 ============================================================
2026-07-06 13:57:54 MAIN ENTRY FAILED: Could not get price
2026-07-06 13:57:54 ============================================================
2026-07-06 13:57:54 TRADE SIGNAL TRIGGERED
2026-07-06 13:57:54   Time: 2026-07-06T13:57:54.722980
2026-07-06 13:57:54   Market: btc-updown-5m-1783320900
2026-07-06 13:57:54   Signal: BUY_UP
2026-07-06 13:57:54   Token: UP
2026-07-06 13:57:54   Elapsed: 175s | Remaining: 125s | Bin: 1
2026-07-06 13:57:54   --- UP ---
2026-07-06 13:57:54     Price:   LAST=0.6300  BID=0.6300  ASK=0.6400
2026-07-06 13:57:54     VWAP 60s: 0.6000  |  Deviation: +4.99%
2026-07-06 13:57:54     Z-Score 5s: +1.32  |  Momentum 90s: +43.94%
2026-07-06 13:57:54     Trades: 493  |  Volume: 12093
2026-07-06 13:57:54     Buy Vol: 11114  |  Sell Vol: 979
2026-07-06 13:57:54   --- DOWN ---
2026-07-06 13:57:54     Price:   LAST=0.3700  BID=0.3600  ASK=0.3700
2026-07-06 13:57:54     VWAP 60s: 0.3976  |  Deviation: -6.93%
2026-07-06 13:57:54     Z-Score 5s: -2.50  |  Momentum 90s: -35.09%
2026-07-06 13:57:54     Trades: 501  |  Volume: 13760
2026-07-06 13:57:54     Buy Vol: 12963  |  Sell Vol: 798
2026-07-06 13:57:54   Win Rate: 0.6%
2026-07-06 13:57:54   Config: min_price=0.6, max_price=0.9, min_elapsed=60s, dev_range=0.1%-100%, no_entry_cutoff=30s
2026-07-06 13:57:54   BTC Chainlink: $62,931.56 (anchor: $62,922.00)
2026-07-06 13:57:54   BTC Deviation: $+9.56 (+0.0152%)
2026-07-06 13:57:54 ============================================================
2026-07-06 13:57:54 MAIN ENTRY FAILED: Could not get price
2026-07-06 13:57:54 ============================================================
2026-07-06 13:57:54 TRADE SIGNAL TRIGGERED
2026-07-06 13:57:54   Time: 2026-07-06T13:57:54.974782
2026-07-06 13:57:54   Market: btc-updown-5m-1783320900
2026-07-06 13:57:54   Signal: BUY_UP
2026-07-06 13:57:54   Token: UP
2026-07-06 13:57:54   Elapsed: 175s | Remaining: 125s | Bin: 1
2026-07-06 13:57:54   --- UP ---
2026-07-06 13:57:54     Price:   LAST=0.6400  BID=0.6300  ASK=0.6400
2026-07-06 13:57:54     VWAP 60s: 0.6001  |  Deviation: +6.65%
2026-07-06 13:57:54     Z-Score 5s: +2.24  |  Momentum 90s: +45.96%
2026-07-06 13:57:54     Trades: 494  |  Volume: 12097
2026-07-06 13:57:54     Buy Vol: 11118  |  Sell Vol: 979
2026-07-06 13:57:54   --- DOWN ---
2026-07-06 13:57:54     Price:   LAST=0.3700  BID=0.3600  ASK=0.3700
2026-07-06 13:57:54     VWAP 60s: 0.3975  |  Deviation: -6.92%
2026-07-06 13:57:54     Z-Score 5s: -2.57  |  Momentum 90s: -35.09%
2026-07-06 13:57:54     Trades: 501  |  Volume: 13760
2026-07-06 13:57:54     Buy Vol: 12963  |  Sell Vol: 798
2026-07-06 13:57:54   Win Rate: 0.6%
2026-07-06 13:57:54   Config: min_price=0.6, max_price=0.9, min_elapsed=60s, dev_range=0.1%-100%, no_entry_cutoff=30s
2026-07-06 13:57:54   BTC Chainlink: $62,931.56 (anchor: $62,922.00)
2026-07-06 13:57:54   BTC Deviation: $+9.56 (+0.0152%)
2026-07-06 13:57:54 ============================================================
2026-07-06 13:57:54 MAIN ENTRY FAILED: Could not get price
2026-07-06 13:57:55 ============================================================
2026-07-06 13:57:55 TRADE SIGNAL TRIGGERED
2026-07-06 13:57:55   Time: 2026-07-06T13:57:55.227013
2026-07-06 13:57:55   Market: btc-updown-5m-1783320900
2026-07-06 13:57:55   Signal: BUY_UP
2026-07-06 13:57:55   Token: UP
2026-07-06 13:57:55   Elapsed: 175s | Remaining: 125s | Bin: 1
2026-07-06 13:57:55   --- UP ---
2026-07-06 13:57:55     Price:   LAST=0.6200  BID=0.6100  ASK=0.6200
2026-07-06 13:57:55     VWAP 60s: 0.6001  |  Deviation: +3.32%
2026-07-06 13:57:55     Z-Score 5s: +0.31  |  Momentum 90s: +40.70%
2026-07-06 13:57:55     Trades: 495  |  Volume: 12098
2026-07-06 13:57:55     Buy Vol: 11120  |  Sell Vol: 979
2026-07-06 13:57:55   --- DOWN ---
2026-07-06 13:57:55     Price:   LAST=0.3800  BID=0.3800  ASK=0.3900
2026-07-06 13:57:55     VWAP 60s: 0.3968  |  Deviation: -4.23%
2026-07-06 13:57:55     Z-Score 5s: -1.51  |  Momentum 90s: -33.33%
2026-07-06 13:57:55     Trades: 502  |  Volume: 13968
2026-07-06 13:57:55     Buy Vol: 13171  |  Sell Vol: 798
2026-07-06 13:57:55   Win Rate: 0.6%
2026-07-06 13:57:55   Config: min_price=0.6, max_price=0.9, min_elapsed=60s, dev_range=0.1%-100%, no_entry_cutoff=30s
2026-07-06 13:57:55   BTC Chainlink: $62,931.56 (anchor: $62,922.00)
2026-07-06 13:57:55   BTC Deviation: $+9.56 (+0.0152%)
2026-07-06 13:57:55 ============================================================
2026-07-06 13:57:55 MAIN ENTRY FAILED: Could not get price
2026-07-06 13:57:55 ============================================================
2026-07-06 13:57:55 TRADE SIGNAL TRIGGERED
2026-07-06 13:57:55   Time: 2026-07-06T13:57:55.478488
2026-07-06 13:57:55   Market: btc-updown-5m-1783320900
2026-07-06 13:57:55   Signal: BUY_UP
2026-07-06 13:57:55   Token: UP
2026-07-06 13:57:55   Elapsed: 175s | Remaining: 125s | Bin: 1
2026-07-06 13:57:55   --- UP ---
2026-07-06 13:57:55     Price:   LAST=0.6200  BID=0.6100  ASK=0.6200
2026-07-06 13:57:55     VWAP 60s: 0.6001  |  Deviation: +3.32%
2026-07-06 13:57:55     Z-Score 5s: +0.31  |  Momentum 90s: +40.45%
2026-07-06 13:57:55     Trades: 496  |  Volume: 12104
2026-07-06 13:57:55     Buy Vol: 11125  |  Sell Vol: 979
2026-07-06 13:57:55   --- DOWN ---
2026-07-06 13:57:55     Price:   LAST=0.3800  BID=0.3800  ASK=0.3900
2026-07-06 13:57:55     VWAP 60s: 0.3968  |  Deviation: -4.23%
2026-07-06 13:57:55     Z-Score 5s: -1.72  |  Momentum 90s: -33.33%
2026-07-06 13:57:55     Trades: 502  |  Volume: 13968
2026-07-06 13:57:55     Buy Vol: 13171  |  Sell Vol: 798
2026-07-06 13:57:55   Win Rate: 0.6%
2026-07-06 13:57:55   Config: min_price=0.6, max_price=0.9, min_elapsed=60s, dev_range=0.1%-100%, no_entry_cutoff=30s
2026-07-06 13:57:55   BTC Chainlink: $62,931.56 (anchor: $62,922.00)
2026-07-06 13:57:55   BTC Deviation: $+9.56 (+0.0152%)
2026-07-06 13:57:55 ============================================================
2026-07-06 13:57:55 MAIN ENTRY FAILED: Could not get price
2026-07-06 13:57:55 ============================================================
2026-07-06 13:57:55 TRADE SIGNAL TRIGGERED
2026-07-06 13:57:55   Time: 2026-07-06T13:57:55.734873
2026-07-06 13:57:55   Market: btc-updown-5m-1783320900
2026-07-06 13:57:55   Signal: BUY_UP
2026-07-06 13:57:55   Token: UP
2026-07-06 13:57:55   Elapsed: 176s | Remaining: 124s | Bin: 1
2026-07-06 13:57:55   --- UP ---
2026-07-06 13:57:55     Price:   LAST=0.6200  BID=0.6100  ASK=0.6200
2026-07-06 13:57:55     VWAP 60s: 0.6005  |  Deviation: +3.25%
2026-07-06 13:57:55     Z-Score 5s: +0.33  |  Momentum 90s: +39.77%
2026-07-06 13:57:55     Trades: 498  |  Volume: 12193
2026-07-06 13:57:55     Buy Vol: 11215  |  Sell Vol: 979
2026-07-06 13:57:55   --- DOWN ---
2026-07-06 13:57:55     Price:   LAST=0.3900  BID=0.3800  ASK=0.3900
2026-07-06 13:57:55     VWAP 60s: 0.3967  |  Deviation: -1.69%
2026-07-06 13:57:55     Z-Score 5s: -0.38  |  Momentum 90s: -30.97%
2026-07-06 13:57:55     Trades: 503  |  Volume: 13978
2026-07-06 13:57:55     Buy Vol: 13181  |  Sell Vol: 798
2026-07-06 13:57:55   Win Rate: 0.6%
2026-07-06 13:57:55   Config: min_price=0.6, max_price=0.9, min_elapsed=60s, dev_range=0.1%-100%, no_entry_cutoff=30s
2026-07-06 13:57:55   BTC Chainlink: $62,931.56 (anchor: $62,922.00)
2026-07-06 13:57:55   BTC Deviation: $+9.56 (+0.0152%)
2026-07-06 13:57:55 ============================================================
2026-07-06 13:57:55 MAIN ENTRY FAILED: Could not get price
2026-07-06 13:57:55 ============================================================
2026-07-06 13:57:55 TRADE SIGNAL TRIGGERED
2026-07-06 13:57:55   Time: 2026-07-06T13:57:55.989920
2026-07-06 13:57:55   Market: btc-updown-5m-1783320900
2026-07-06 13:57:55   Signal: BUY_UP
2026-07-06 13:57:55   Token: UP
2026-07-06 13:57:55   Elapsed: 176s | Remaining: 124s | Bin: 1
2026-07-06 13:57:55   --- UP ---
2026-07-06 13:57:55     Price:   LAST=0.6200  BID=0.6100  ASK=0.6200
2026-07-06 13:57:55     VWAP 60s: 0.6005  |  Deviation: +3.25%
2026-07-06 13:57:55     Z-Score 5s: +0.31  |  Momentum 90s: +39.45%
2026-07-06 13:57:55     Trades: 498  |  Volume: 12193
2026-07-06 13:57:55     Buy Vol: 11215  |  Sell Vol: 979
2026-07-06 13:57:55   --- DOWN ---
2026-07-06 13:57:55     Price:   LAST=0.3900  BID=0.3800  ASK=0.3900
2026-07-06 13:57:55     VWAP 60s: 0.3967  |  Deviation: -1.69%
2026-07-06 13:57:55     Z-Score 5s: -0.40  |  Momentum 90s: -30.97%
2026-07-06 13:57:55     Trades: 503  |  Volume: 13978
2026-07-06 13:57:55     Buy Vol: 13181  |  Sell Vol: 798
2026-07-06 13:57:55   Win Rate: 0.6%
2026-07-06 13:57:55   Config: min_price=0.6, max_price=0.9, min_elapsed=60s, dev_range=0.1%-100%, no_entry_cutoff=30s
2026-07-06 13:57:55   BTC Chainlink: $62,931.56 (anchor: $62,922.00)
2026-07-06 13:57:55   BTC Deviation: $+9.56 (+0.0152%)
2026-07-06 13:57:55 ============================================================
2026-07-06 13:57:55 MAIN ENTRY FAILED: Could not get price
2026-07-06 13:57:56 ============================================================
2026-07-06 13:57:56 TRADE SIGNAL TRIGGERED
2026-07-06 13:57:56   Time: 2026-07-06T13:57:56.244640
2026-07-06 13:57:56   Market: btc-updown-5m-1783320900
2026-07-06 13:57:56   Signal: BUY_UP
2026-07-06 13:57:56   Token: UP
2026-07-06 13:57:56   Elapsed: 176s | Remaining: 124s | Bin: 1
2026-07-06 13:57:56   --- UP ---
2026-07-06 13:57:56     Price:   LAST=0.6100  BID=0.6000  ASK=0.6100
2026-07-06 13:57:56     VWAP 60s: 0.6006  |  Deviation: +1.56%
2026-07-06 13:57:56     Z-Score 5s: -0.57  |  Momentum 90s: +37.08%
2026-07-06 13:57:56     Trades: 500  |  Volume: 12206
2026-07-06 13:57:56     Buy Vol: 11228  |  Sell Vol: 979
2026-07-06 13:57:56   --- DOWN ---
2026-07-06 13:57:56     Price:   LAST=0.4000  BID=0.3900  ASK=0.4000
2026-07-06 13:57:56     VWAP 60s: 0.3965  |  Deviation: +0.88%
2026-07-06 13:57:56     Z-Score 5s: +0.85  |  Momentum 90s: -29.20%
2026-07-06 13:57:56     Trades: 507  |  Volume: 14113
2026-07-06 13:57:56     Buy Vol: 13316  |  Sell Vol: 798
2026-07-06 13:57:56   Win Rate: 0.6%
2026-07-06 13:57:56   Config: min_price=0.6, max_price=0.9, min_elapsed=60s, dev_range=0.1%-100%, no_entry_cutoff=30s
2026-07-06 13:57:56   BTC Chainlink: $62,931.56 (anchor: $62,922.00)
2026-07-06 13:57:56   BTC Deviation: $+9.56 (+0.0152%)
2026-07-06 13:57:56 ============================================================
2026-07-06 13:57:56 MAIN ENTRY FAILED: Could not get price
2026-07-06 13:57:56 ============================================================
2026-07-06 13:57:56 TRADE SIGNAL TRIGGERED
2026-07-06 13:57:56   Time: 2026-07-06T13:57:56.501240
2026-07-06 13:57:56   Market: btc-updown-5m-1783320900
2026-07-06 13:57:56   Signal: BUY_UP
2026-07-06 13:57:56   Token: UP
2026-07-06 13:57:56   Elapsed: 177s | Remaining: 123s | Bin: 1
2026-07-06 13:57:56   --- UP ---
2026-07-06 13:57:56     Price:   LAST=0.6100  BID=0.6000  ASK=0.6100
2026-07-06 13:57:56     VWAP 60s: 0.6006  |  Deviation: +1.56%
2026-07-06 13:57:56     Z-Score 5s: -0.57  |  Momentum 90s: +23.34%
2026-07-06 13:57:56     Trades: 500  |  Volume: 12206
2026-07-06 13:57:56     Buy Vol: 11228  |  Sell Vol: 979
2026-07-06 13:57:56   --- DOWN ---
2026-07-06 13:57:56     Price:   LAST=0.4000  BID=0.3900  ASK=0.4000
2026-07-06 13:57:56     VWAP 60s: 0.3963  |  Deviation: +0.94%
2026-07-06 13:57:56     Z-Score 5s: +0.75  |  Momentum 90s: -29.20%
2026-07-06 13:57:56     Trades: 507  |  Volume: 14113
2026-07-06 13:57:56     Buy Vol: 13316  |  Sell Vol: 798
2026-07-06 13:57:56   Win Rate: 0.6%
2026-07-06 13:57:56   Config: min_price=0.6, max_price=0.9, min_elapsed=60s, dev_range=0.1%-100%, no_entry_cutoff=30s
2026-07-06 13:57:56   BTC Chainlink: $62,931.57 (anchor: $62,922.00)
2026-07-06 13:57:56   BTC Deviation: $+9.57 (+0.0152%)
2026-07-06 13:57:56 ============================================================
2026-07-06 13:57:56 MAIN ENTRY FAILED: Could not get price
2026-07-06 13:57:56 ============================================================
2026-07-06 13:57:56 TRADE SIGNAL TRIGGERED
2026-07-06 13:57:56   Time: 2026-07-06T13:57:56.753353
2026-07-06 13:57:56   Market: btc-updown-5m-1783320900
2026-07-06 13:57:56   Signal: BUY_UP
2026-07-06 13:57:56   Token: UP
2026-07-06 13:57:56   Elapsed: 177s | Remaining: 123s | Bin: 1
2026-07-06 13:57:56   --- UP ---
2026-07-06 13:57:56     Price:   LAST=0.6100  BID=0.6000  ASK=0.6100
2026-07-06 13:57:56     VWAP 60s: 0.6008  |  Deviation: +1.52%
2026-07-06 13:57:56     Z-Score 5s: -0.54  |  Momentum 90s: +22.00%
2026-07-06 13:57:56     Trades: 502  |  Volume: 12307
2026-07-06 13:57:56     Buy Vol: 11329  |  Sell Vol: 979
2026-07-06 13:57:56   --- DOWN ---
2026-07-06 13:57:56     Price:   LAST=0.4000  BID=0.3900  ASK=0.4000
2026-07-06 13:57:56     VWAP 60s: 0.3963  |  Deviation: +0.93%
2026-07-06 13:57:56     Z-Score 5s: +0.55  |  Momentum 90s: -20.88%
2026-07-06 13:57:56     Trades: 508  |  Volume: 14116
2026-07-06 13:57:56     Buy Vol: 13318  |  Sell Vol: 798
2026-07-06 13:57:56   Win Rate: 0.6%
2026-07-06 13:57:56   Config: min_price=0.6, max_price=0.9, min_elapsed=60s, dev_range=0.1%-100%, no_entry_cutoff=30s
2026-07-06 13:57:56   BTC Chainlink: $62,931.57 (anchor: $62,922.00)
2026-07-06 13:57:56   BTC Deviation: $+9.57 (+0.0152%)
2026-07-06 13:57:56 ============================================================
2026-07-06 13:57:56 MAIN ENTRY FAILED: Could not get price
2026-07-06 13:57:57 ============================================================
2026-07-06 13:57:57 TRADE SIGNAL TRIGGERED
2026-07-06 13:57:57   Time: 2026-07-06T13:57:57.008510
2026-07-06 13:57:57   Market: btc-updown-5m-1783320900
2026-07-06 13:57:57   Signal: BUY_UP
2026-07-06 13:57:57   Token: UP
2026-07-06 13:57:57   Elapsed: 177s | Remaining: 123s | Bin: 1
2026-07-06 13:57:57   --- UP ---
2026-07-06 13:57:57     Price:   LAST=0.6100  BID=0.6000  ASK=0.6100
2026-07-06 13:57:57     VWAP 60s: 0.6008  |  Deviation: +1.52%
2026-07-06 13:57:57     Z-Score 5s: -0.54  |  Momentum 90s: +19.61%
2026-07-06 13:57:57     Trades: 502  |  Volume: 12307
2026-07-06 13:57:57     Buy Vol: 11329  |  Sell Vol: 979
2026-07-06 13:57:57   --- DOWN ---
2026-07-06 13:57:57     Price:   LAST=0.4000  BID=0.3900  ASK=0.4000
2026-07-06 13:57:57     VWAP 60s: 0.3937  |  Deviation: +1.59%
2026-07-06 13:57:57     Z-Score 5s: +0.58  |  Momentum 90s: -18.92%
2026-07-06 13:57:57     Trades: 509  |  Volume: 14121
2026-07-06 13:57:57     Buy Vol: 13323  |  Sell Vol: 798
2026-07-06 13:57:57   Win Rate: 0.6%
2026-07-06 13:57:57   Config: min_price=0.6, max_price=0.9, min_elapsed=60s, dev_range=0.1%-100%, no_entry_cutoff=30s
2026-07-06 13:57:57   BTC Chainlink: $62,931.57 (anchor: $62,922.00)
2026-07-06 13:57:57   BTC Deviation: $+9.57 (+0.0152%)
2026-07-06 13:57:57 ============================================================
2026-07-06 13:57:57 MAIN ENTRY FAILED: Could not get price
2026-07-06 13:57:57 ============================================================
2026-07-06 13:57:57 TRADE SIGNAL TRIGGERED
2026-07-06 13:57:57   Time: 2026-07-06T13:57:57.259731
2026-07-06 13:57:57   Market: btc-updown-5m-1783320900
2026-07-06 13:57:57   Signal: BUY_UP
2026-07-06 13:57:57   Token: UP
2026-07-06 13:57:57   Elapsed: 177s | Remaining: 123s | Bin: 1
2026-07-06 13:57:57   --- UP ---
2026-07-06 13:57:57     Price:   LAST=0.6100  BID=0.5900  ASK=0.6000
2026-07-06 13:57:57     VWAP 60s: 0.6009  |  Deviation: +1.51%
2026-07-06 13:57:57     Z-Score 5s: -0.56  |  Momentum 90s: +18.45%
2026-07-06 13:57:57     Trades: 504  |  Volume: 12317
2026-07-06 13:57:57     Buy Vol: 11339  |  Sell Vol: 979
2026-07-06 13:57:57   --- DOWN ---
2026-07-06 13:57:57     Price:   LAST=0.4000  BID=0.4000  ASK=0.4100
2026-07-06 13:57:57     VWAP 60s: 0.3938  |  Deviation: +1.58%
2026-07-06 13:57:57     Z-Score 5s: +0.50  |  Momentum 90s: -16.86%
2026-07-06 13:57:57     Trades: 515  |  Volume: 14152
2026-07-06 13:57:57     Buy Vol: 13354  |  Sell Vol: 798
2026-07-06 13:57:57   Win Rate: 0.6%
2026-07-06 13:57:57   Config: min_price=0.6, max_price=0.9, min_elapsed=60s, dev_range=0.1%-100%, no_entry_cutoff=30s
2026-07-06 13:57:57   BTC Chainlink: $62,931.57 (anchor: $62,922.00)
2026-07-06 13:57:57   BTC Deviation: $+9.57 (+0.0152%)
2026-07-06 13:57:57 ============================================================
2026-07-06 13:57:57 MAIN ENTRY FAILED: Could not get price
2026-07-06 13:57:57 ============================================================
2026-07-06 13:57:57 TRADE SIGNAL TRIGGERED
2026-07-06 13:57:57   Time: 2026-07-06T13:57:57.513397
2026-07-06 13:57:57   Market: btc-updown-5m-1783320900
2026-07-06 13:57:57   Signal: BUY_UP
2026-07-06 13:57:57   Token: UP
2026-07-06 13:57:57   Elapsed: 178s | Remaining: 122s | Bin: 1
2026-07-06 13:57:57   --- UP ---
2026-07-06 13:57:57     Price:   LAST=0.6100  BID=0.5900  ASK=0.6000
2026-07-06 13:57:57     VWAP 60s: 0.6009  |  Deviation: +1.51%
2026-07-06 13:57:57     Z-Score 5s: -0.56  |  Momentum 90s: +17.55%
2026-07-06 13:57:57     Trades: 504  |  Volume: 12317
2026-07-06 13:57:57     Buy Vol: 11339  |  Sell Vol: 979
2026-07-06 13:57:57   --- DOWN ---
2026-07-06 13:57:57     Price:   LAST=0.4000  BID=0.4000  ASK=0.4100
2026-07-06 13:57:57     VWAP 60s: 0.3938  |  Deviation: +1.58%
2026-07-06 13:57:57     Z-Score 5s: +0.50  |  Momentum 90s: -14.89%
2026-07-06 13:57:57     Trades: 515  |  Volume: 14152
2026-07-06 13:57:57     Buy Vol: 13354  |  Sell Vol: 798
2026-07-06 13:57:57   Win Rate: 0.6%
2026-07-06 13:57:57   Config: min_price=0.6, max_price=0.9, min_elapsed=60s, dev_range=0.1%-100%, no_entry_cutoff=30s
2026-07-06 13:57:57   BTC Chainlink: $62,931.62 (anchor: $62,922.00)
2026-07-06 13:57:57   BTC Deviation: $+9.62 (+0.0153%)
2026-07-06 13:57:57 ============================================================
2026-07-06 13:57:57 MAIN ENTRY FAILED: Could not get price
2026-07-06 13:58:06 ============================================================
2026-07-06 13:58:06 TRADE SIGNAL TRIGGERED
2026-07-06 13:58:06   Time: 2026-07-06T13:58:06.442177
2026-07-06 13:58:06   Market: btc-updown-5m-1783320900
2026-07-06 13:58:06   Signal: BUY_UP
2026-07-06 13:58:06   Token: UP
2026-07-06 13:58:06   Elapsed: 186s | Remaining: 114s | Bin: 2
2026-07-06 13:58:06   --- UP ---
2026-07-06 13:58:06     Price:   LAST=0.6000  BID=0.5900  ASK=0.6000
2026-07-06 13:58:06     VWAP 60s: 0.5921  |  Deviation: +1.33%
2026-07-06 13:58:06     Z-Score 5s: +1.36  |  Momentum 90s: -3.57%
2026-07-06 13:58:06     Trades: 550  |  Volume: 13019
2026-07-06 13:58:06     Buy Vol: 11987  |  Sell Vol: 1032
2026-07-06 13:58:06   --- DOWN ---
2026-07-06 13:58:06     Price:   LAST=0.4200  BID=0.4000  ASK=0.4100
2026-07-06 13:58:06     VWAP 60s: 0.4018  |  Deviation: +4.52%
2026-07-06 13:58:06     Z-Score 5s: -0.95  |  Momentum 90s: +10.16%
2026-07-06 13:58:06     Trades: 546  |  Volume: 14963
2026-07-06 13:58:06     Buy Vol: 13884  |  Sell Vol: 1079
2026-07-06 13:58:06   Win Rate: 0.6%
2026-07-06 13:58:06   Config: min_price=0.6, max_price=0.9, min_elapsed=60s, dev_range=0.1%-100%, no_entry_cutoff=30s
2026-07-06 13:58:06   BTC Chainlink: $62,931.53 (anchor: $62,922.00)
2026-07-06 13:58:06   BTC Deviation: $+9.53 (+0.0151%)
2026-07-06 13:58:06 ============================================================
2026-07-06 13:58:06 MAIN ENTRY FAILED: Could not get price
2026-07-06 13:58:06 ============================================================
2026-07-06 13:58:06 TRADE SIGNAL TRIGGERED
2026-07-06 13:58:06   Time: 2026-07-06T13:58:06.696337
2026-07-06 13:58:06   Market: btc-updown-5m-1783320900
2026-07-06 13:58:06   Signal: BUY_UP
2026-07-06 13:58:06   Token: UP
2026-07-06 13:58:06   Elapsed: 187s | Remaining: 113s | Bin: 2
2026-07-06 13:58:06   --- UP ---
2026-07-06 13:58:06     Price:   LAST=0.6000  BID=0.5900  ASK=0.6000
2026-07-06 13:58:06     VWAP 60s: 0.5922  |  Deviation: +1.32%
2026-07-06 13:58:06     Z-Score 5s: +1.11  |  Momentum 90s: -3.57%
2026-07-06 13:58:06     Trades: 554  |  Volume: 13037
2026-07-06 13:58:06     Buy Vol: 12005  |  Sell Vol: 1032
2026-07-06 13:58:06   --- DOWN ---
2026-07-06 13:58:06     Price:   LAST=0.4100  BID=0.4000  ASK=0.4100
2026-07-06 13:58:06     VWAP 60s: 0.4023  |  Deviation: +1.91%
2026-07-06 13:58:06     Z-Score 5s: -1.32  |  Momentum 90s: +8.85%
2026-07-06 13:58:06     Trades: 548  |  Volume: 14978
2026-07-06 13:58:06     Buy Vol: 13886  |  Sell Vol: 1092
2026-07-06 13:58:06   Win Rate: 0.6%
2026-07-06 13:58:06   Config: min_price=0.6, max_price=0.9, min_elapsed=60s, dev_range=0.1%-100%, no_entry_cutoff=30s
2026-07-06 13:58:06   BTC Chainlink: $62,931.50 (anchor: $62,922.00)
2026-07-06 13:58:06   BTC Deviation: $+9.50 (+0.0151%)
2026-07-06 13:58:06 ============================================================
2026-07-06 13:58:06 MAIN ENTRY FAILED: Could not get price
2026-07-06 13:58:06 ============================================================
2026-07-06 13:58:06 TRADE SIGNAL TRIGGERED
2026-07-06 13:58:06   Time: 2026-07-06T13:58:06.958845
2026-07-06 13:58:06   Market: btc-updown-5m-1783320900
2026-07-06 13:58:06   Signal: BUY_UP
2026-07-06 13:58:06   Token: UP
2026-07-06 13:58:06   Elapsed: 187s | Remaining: 113s | Bin: 2
2026-07-06 13:58:06   --- UP ---
2026-07-06 13:58:06     Price:   LAST=0.6000  BID=0.5900  ASK=0.6000
2026-07-06 13:58:06     VWAP 60s: 0.5920  |  Deviation: +1.35%
2026-07-06 13:58:06     Z-Score 5s: +1.15  |  Momentum 90s: -3.57%
2026-07-06 13:58:06     Trades: 554  |  Volume: 13037
2026-07-06 13:58:06     Buy Vol: 12005  |  Sell Vol: 1032
2026-07-06 13:58:06   --- DOWN ---
2026-07-06 13:58:06     Price:   LAST=0.4100  BID=0.4000  ASK=0.4100
2026-07-06 13:58:06     VWAP 60s: 0.4024  |  Deviation: +1.90%
2026-07-06 13:58:06     Z-Score 5s: -1.19  |  Momentum 90s: +14.24%
2026-07-06 13:58:06     Trades: 548  |  Volume: 14978
2026-07-06 13:58:06     Buy Vol: 13886  |  Sell Vol: 1092
2026-07-06 13:58:06   Win Rate: 0.6%
2026-07-06 13:58:06   Config: min_price=0.6, max_price=0.9, min_elapsed=60s, dev_range=0.1%-100%, no_entry_cutoff=30s
2026-07-06 13:58:06   BTC Chainlink: $62,931.50 (anchor: $62,922.00)
2026-07-06 13:58:06   BTC Deviation: $+9.50 (+0.0151%)
2026-07-06 13:58:06 ============================================================
2026-07-06 13:58:06 MAIN ENTRY FAILED: Could not get price
2026-07-06 13:58:07 ============================================================
2026-07-06 13:58:07 TRADE SIGNAL TRIGGERED
2026-07-06 13:58:07   Time: 2026-07-06T13:58:07.222951
2026-07-06 13:58:07   Market: btc-updown-5m-1783320900
2026-07-06 13:58:07   Signal: BUY_UP
2026-07-06 13:58:07   Token: UP
2026-07-06 13:58:07   Elapsed: 187s | Remaining: 113s | Bin: 2
2026-07-06 13:58:07   --- UP ---
2026-07-06 13:58:07     Price:   LAST=0.6000  BID=0.5900  ASK=0.6000
2026-07-06 13:58:07     VWAP 60s: 0.5920  |  Deviation: +1.36%
2026-07-06 13:58:07     Z-Score 5s: +1.15  |  Momentum 90s: -5.55%
2026-07-06 13:58:07     Trades: 554  |  Volume: 13037
2026-07-06 13:58:07     Buy Vol: 12005  |  Sell Vol: 1032
2026-07-06 13:58:07   --- DOWN ---
2026-07-06 13:58:07     Price:   LAST=0.4100  BID=0.4000  ASK=0.4100
2026-07-06 13:58:07     VWAP 60s: 0.4024  |  Deviation: +1.88%
2026-07-06 13:58:07     Z-Score 5s: -1.20  |  Momentum 90s: +14.24%
2026-07-06 13:58:07     Trades: 548  |  Volume: 14978
2026-07-06 13:58:07     Buy Vol: 13886  |  Sell Vol: 1092
2026-07-06 13:58:07   Win Rate: 0.6%
2026-07-06 13:58:07   Config: min_price=0.6, max_price=0.9, min_elapsed=60s, dev_range=0.1%-100%, no_entry_cutoff=30s
2026-07-06 13:58:07   BTC Chainlink: $62,931.50 (anchor: $62,922.00)
2026-07-06 13:58:07   BTC Deviation: $+9.50 (+0.0151%)
2026-07-06 13:58:07 ============================================================
2026-07-06 13:58:07 MAIN ENTRY FAILED: Could not get price
2026-07-06 13:58:07 ============================================================
2026-07-06 13:58:07 TRADE SIGNAL TRIGGERED
2026-07-06 13:58:07   Time: 2026-07-06T13:58:07.476999
2026-07-06 13:58:07   Market: btc-updown-5m-1783320900
2026-07-06 13:58:07   Signal: BUY_UP
2026-07-06 13:58:07   Token: UP
2026-07-06 13:58:07   Elapsed: 187s | Remaining: 113s | Bin: 2
2026-07-06 13:58:07   --- UP ---
2026-07-06 13:58:07     Price:   LAST=0.6000  BID=0.5900  ASK=0.6000
2026-07-06 13:58:07     VWAP 60s: 0.5920  |  Deviation: +1.36%
2026-07-06 13:58:07     Z-Score 5s: +1.43  |  Momentum 90s: -6.60%
2026-07-06 13:58:07     Trades: 554  |  Volume: 13037
2026-07-06 13:58:07     Buy Vol: 12005  |  Sell Vol: 1032
2026-07-06 13:58:07   --- DOWN ---
2026-07-06 13:58:07     Price:   LAST=0.4100  BID=0.4000  ASK=0.4100
2026-07-06 13:58:07     VWAP 60s: 0.4025  |  Deviation: +1.86%
2026-07-06 13:58:07     Z-Score 5s: -0.87  |  Momentum 90s: +17.14%
2026-07-06 13:58:07     Trades: 552  |  Volume: 14988
2026-07-06 13:58:07     Buy Vol: 13897  |  Sell Vol: 1092
2026-07-06 13:58:07   Win Rate: 0.6%
2026-07-06 13:58:07   Config: min_price=0.6, max_price=0.9, min_elapsed=60s, dev_range=0.1%-100%, no_entry_cutoff=30s
2026-07-06 13:58:07   BTC Chainlink: $62,931.90 (anchor: $62,922.00)
2026-07-06 13:58:07   BTC Deviation: $+9.90 (+0.0157%)
2026-07-06 13:58:07 ============================================================
2026-07-06 13:58:07 MAIN ENTRY FAILED: Could not get price
2026-07-06 13:58:07 ============================================================
2026-07-06 13:58:07 TRADE SIGNAL TRIGGERED
2026-07-06 13:58:07   Time: 2026-07-06T13:58:07.731548
2026-07-06 13:58:07   Market: btc-updown-5m-1783320900
2026-07-06 13:58:07   Signal: BUY_UP
2026-07-06 13:58:07   Token: UP
2026-07-06 13:58:07   Elapsed: 188s | Remaining: 112s | Bin: 2
2026-07-06 13:58:07   --- UP ---
2026-07-06 13:58:07     Price:   LAST=0.6000  BID=0.5900  ASK=0.6000
2026-07-06 13:58:07     VWAP 60s: 0.5920  |  Deviation: +1.36%
2026-07-06 13:58:07     Z-Score 5s: +1.80  |  Momentum 90s: -7.52%
2026-07-06 13:58:07     Trades: 554  |  Volume: 13037
2026-07-06 13:58:07     Buy Vol: 12005  |  Sell Vol: 1032
2026-07-06 13:58:07   --- DOWN ---
2026-07-06 13:58:07     Price:   LAST=0.4100  BID=0.4000  ASK=0.4100
2026-07-06 13:58:07     VWAP 60s: 0.4028  |  Deviation: +1.80%
2026-07-06 13:58:07     Z-Score 5s: -0.83  |  Momentum 90s: +17.62%
2026-07-06 13:58:07     Trades: 552  |  Volume: 14988
2026-07-06 13:58:07     Buy Vol: 13897  |  Sell Vol: 1092
2026-07-06 13:58:07   Win Rate: 0.6%
2026-07-06 13:58:07   Config: min_price=0.6, max_price=0.9, min_elapsed=60s, dev_range=0.1%-100%, no_entry_cutoff=30s
2026-07-06 13:58:07   BTC Chainlink: $62,931.90 (anchor: $62,922.00)
2026-07-06 13:58:07   BTC Deviation: $+9.90 (+0.0157%)
2026-07-06 13:58:07 ============================================================
2026-07-06 13:58:07 MAIN ENTRY FAILED: Could not get price
2026-07-06 13:58:07 ============================================================
2026-07-06 13:58:07 TRADE SIGNAL TRIGGERED
2026-07-06 13:58:07   Time: 2026-07-06T13:58:07.983305
2026-07-06 13:58:07   Market: btc-updown-5m-1783320900
2026-07-06 13:58:07   Signal: BUY_UP
2026-07-06 13:58:07   Token: UP
2026-07-06 13:58:07   Elapsed: 188s | Remaining: 112s | Bin: 2
2026-07-06 13:58:07   --- UP ---
2026-07-06 13:58:07     Price:   LAST=0.6000  BID=0.5900  ASK=0.6000
2026-07-06 13:58:07     VWAP 60s: 0.5920  |  Deviation: +1.36%
2026-07-06 13:58:07     Z-Score 5s: +1.69  |  Momentum 90s: -7.79%
2026-07-06 13:58:07     Trades: 554  |  Volume: 13037
2026-07-06 13:58:07     Buy Vol: 12005  |  Sell Vol: 1032
2026-07-06 13:58:07   --- DOWN ---
2026-07-06 13:58:07     Price:   LAST=0.4100  BID=0.4000  ASK=0.4100
2026-07-06 13:58:07     VWAP 60s: 0.4028  |  Deviation: +1.79%
2026-07-06 13:58:07     Z-Score 5s: -0.83  |  Momentum 90s: +17.62%
2026-07-06 13:58:07     Trades: 552  |  Volume: 14988
2026-07-06 13:58:07     Buy Vol: 13897  |  Sell Vol: 1092
2026-07-06 13:58:07   Win Rate: 0.6%
2026-07-06 13:58:07   Config: min_price=0.6, max_price=0.9, min_elapsed=60s, dev_range=0.1%-100%, no_entry_cutoff=30s
2026-07-06 13:58:07   BTC Chainlink: $62,931.90 (anchor: $62,922.00)
2026-07-06 13:58:07   BTC Deviation: $+9.90 (+0.0157%)
2026-07-06 13:58:07 ============================================================
2026-07-06 13:58:07 MAIN ENTRY FAILED: Could not get price
2026-07-06 13:58:08 ============================================================
2026-07-06 13:58:08 TRADE SIGNAL TRIGGERED
2026-07-06 13:58:08   Time: 2026-07-06T13:58:08.237678
2026-07-06 13:58:08   Market: btc-updown-5m-1783320900
2026-07-06 13:58:08   Signal: BUY_UP
2026-07-06 13:58:08   Token: UP
2026-07-06 13:58:08   Elapsed: 188s | Remaining: 112s | Bin: 2
2026-07-06 13:58:08   --- UP ---
2026-07-06 13:58:08     Price:   LAST=0.6000  BID=0.5900  ASK=0.6000
2026-07-06 13:58:08     VWAP 60s: 0.5920  |  Deviation: +1.36%
2026-07-06 13:58:08     Z-Score 5s: +1.63  |  Momentum 90s: -8.16%
2026-07-06 13:58:08     Trades: 554  |  Volume: 13037
2026-07-06 13:58:08     Buy Vol: 12005  |  Sell Vol: 1032
2026-07-06 13:58:08   --- DOWN ---
2026-07-06 13:58:08     Price:   LAST=0.4100  BID=0.4000  ASK=0.4100
2026-07-06 13:58:08     VWAP 60s: 0.4028  |  Deviation: +1.78%
2026-07-06 13:58:08     Z-Score 5s: -0.83  |  Momentum 90s: +18.11%
2026-07-06 13:58:08     Trades: 552  |  Volume: 14988
2026-07-06 13:58:08     Buy Vol: 13897  |  Sell Vol: 1092
2026-07-06 13:58:08   Win Rate: 0.6%
2026-07-06 13:58:08   Config: min_price=0.6, max_price=0.9, min_elapsed=60s, dev_range=0.1%-100%, no_entry_cutoff=30s
2026-07-06 13:58:08   BTC Chainlink: $62,932.21 (anchor: $62,922.00)
2026-07-06 13:58:08   BTC Deviation: $+10.20 (+0.0162%)
2026-07-06 13:58:08 ============================================================
2026-07-06 13:58:08 MAIN ENTRY FAILED: Could not get price
2026-07-06 13:58:08 ============================================================
2026-07-06 13:58:08 TRADE SIGNAL TRIGGERED
2026-07-06 13:58:08   Time: 2026-07-06T13:58:08.491467
2026-07-06 13:58:08   Market: btc-updown-5m-1783320900
2026-07-06 13:58:08   Signal: BUY_UP
2026-07-06 13:58:08   Token: UP
2026-07-06 13:58:08   Elapsed: 188s | Remaining: 112s | Bin: 2
2026-07-06 13:58:08   --- UP ---
2026-07-06 13:58:08     Price:   LAST=0.6000  BID=0.5900  ASK=0.6000
2026-07-06 13:58:08     VWAP 60s: 0.5920  |  Deviation: +1.36%
2026-07-06 13:58:08     Z-Score 5s: +1.57  |  Momentum 90s: -8.46%
2026-07-06 13:58:08     Trades: 554  |  Volume: 13037
2026-07-06 13:58:08     Buy Vol: 12005  |  Sell Vol: 1032
2026-07-06 13:58:08   --- DOWN ---
2026-07-06 13:58:08     Price:   LAST=0.4100  BID=0.4000  ASK=0.4100
2026-07-06 13:58:08     VWAP 60s: 0.4038  |  Deviation: +1.53%
2026-07-06 13:58:08     Z-Score 5s: -0.77  |  Momentum 90s: +18.11%
2026-07-06 13:58:08     Trades: 552  |  Volume: 14988
2026-07-06 13:58:08     Buy Vol: 13897  |  Sell Vol: 1092
2026-07-06 13:58:08   Win Rate: 0.6%
2026-07-06 13:58:08   Config: min_price=0.6, max_price=0.9, min_elapsed=60s, dev_range=0.1%-100%, no_entry_cutoff=30s
2026-07-06 13:58:08   BTC Chainlink: $62,932.21 (anchor: $62,922.00)
2026-07-06 13:58:08   BTC Deviation: $+10.20 (+0.0162%)
2026-07-06 13:58:08 ============================================================
2026-07-06 13:58:08 MAIN ENTRY FAILED: Could not get price
2026-07-06 13:58:08 ============================================================
2026-07-06 13:58:08 TRADE SIGNAL TRIGGERED
2026-07-06 13:58:08   Time: 2026-07-06T13:58:08.742473
2026-07-06 13:58:08   Market: btc-updown-5m-1783320900
2026-07-06 13:58:08   Signal: BUY_UP
2026-07-06 13:58:08   Token: UP
2026-07-06 13:58:08   Elapsed: 189s | Remaining: 111s | Bin: 2
2026-07-06 13:58:08   --- UP ---
2026-07-06 13:58:08     Price:   LAST=0.6000  BID=0.5900  ASK=0.6000
2026-07-06 13:58:08     VWAP 60s: 0.5918  |  Deviation: +1.38%
2026-07-06 13:58:08     Z-Score 5s: +1.50  |  Momentum 90s: -8.89%
2026-07-06 13:58:08     Trades: 554  |  Volume: 13037
2026-07-06 13:58:08     Buy Vol: 12005  |  Sell Vol: 1032
2026-07-06 13:58:08   --- DOWN ---
2026-07-06 13:58:08     Price:   LAST=0.4100  BID=0.4000  ASK=0.4100
2026-07-06 13:58:08     VWAP 60s: 0.4039  |  Deviation: +1.52%
2026-07-06 13:58:08     Z-Score 5s: -0.77  |  Momentum 90s: +19.42%
2026-07-06 13:58:08     Trades: 552  |  Volume: 14988
2026-07-06 13:58:08     Buy Vol: 13897  |  Sell Vol: 1092
2026-07-06 13:58:08   Win Rate: 0.6%
2026-07-06 13:58:08   Config: min_price=0.6, max_price=0.9, min_elapsed=60s, dev_range=0.1%-100%, no_entry_cutoff=30s
2026-07-06 13:58:08   BTC Chainlink: $62,932.21 (anchor: $62,922.00)
2026-07-06 13:58:08   BTC Deviation: $+10.20 (+0.0162%)
2026-07-06 13:58:08 ============================================================
2026-07-06 13:58:08 MAIN ENTRY FAILED: Could not get price
2026-07-06 13:58:08 ============================================================
2026-07-06 13:58:08 TRADE SIGNAL TRIGGERED
2026-07-06 13:58:08   Time: 2026-07-06T13:58:08.993638
2026-07-06 13:58:08   Market: btc-updown-5m-1783320900
2026-07-06 13:58:08   Signal: BUY_UP
2026-07-06 13:58:08   Token: UP
2026-07-06 13:58:08   Elapsed: 189s | Remaining: 111s | Bin: 2
2026-07-06 13:58:08   --- UP ---
2026-07-06 13:58:08     Price:   LAST=0.6000  BID=0.5900  ASK=0.6000
2026-07-06 13:58:08     VWAP 60s: 0.5916  |  Deviation: +1.42%
2026-07-06 13:58:08     Z-Score 5s: +1.44  |  Momentum 90s: -8.75%
2026-07-06 13:58:08     Trades: 554  |  Volume: 13037
2026-07-06 13:58:08     Buy Vol: 12005  |  Sell Vol: 1032
2026-07-06 13:58:08   --- DOWN ---
2026-07-06 13:58:08     Price:   LAST=0.4100  BID=0.4000  ASK=0.4100
2026-07-06 13:58:08     VWAP 60s: 0.4039  |  Deviation: +1.50%
2026-07-06 13:58:08     Z-Score 5s: -0.77  |  Momentum 90s: +19.09%
2026-07-06 13:58:08     Trades: 552  |  Volume: 14988
2026-07-06 13:58:08     Buy Vol: 13897  |  Sell Vol: 1092
2026-07-06 13:58:08   Win Rate: 0.6%
2026-07-06 13:58:08   Config: min_price=0.6, max_price=0.9, min_elapsed=60s, dev_range=0.1%-100%, no_entry_cutoff=30s
2026-07-06 13:58:08   BTC Chainlink: $62,932.21 (anchor: $62,922.00)
2026-07-06 13:58:08   BTC Deviation: $+10.20 (+0.0162%)
2026-07-06 13:58:08 ============================================================
2026-07-06 13:58:08 MAIN ENTRY FAILED: Could not get price
2026-07-06 13:58:09 ============================================================
2026-07-06 13:58:09 TRADE SIGNAL TRIGGERED
2026-07-06 13:58:09   Time: 2026-07-06T13:58:09.249037
2026-07-06 13:58:09   Market: btc-updown-5m-1783320900
2026-07-06 13:58:09   Signal: BUY_UP
2026-07-06 13:58:09   Token: UP
2026-07-06 13:58:09   Elapsed: 189s | Remaining: 111s | Bin: 2
2026-07-06 13:58:09   --- UP ---
2026-07-06 13:58:09     Price:   LAST=0.6000  BID=0.5900  ASK=0.6000
2026-07-06 13:58:09     VWAP 60s: 0.5916  |  Deviation: +1.42%
2026-07-06 13:58:09     Z-Score 5s: +1.31  |  Momentum 90s: -8.75%
2026-07-06 13:58:09     Trades: 555  |  Volume: 13042
2026-07-06 13:58:09     Buy Vol: 12010  |  Sell Vol: 1032
2026-07-06 13:58:09   --- DOWN ---
2026-07-06 13:58:09     Price:   LAST=0.4100  BID=0.4000  ASK=0.4100
2026-07-06 13:58:09     VWAP 60s: 0.4040  |  Deviation: +1.47%
2026-07-06 13:58:09     Z-Score 5s: -0.77  |  Momentum 90s: +18.11%
2026-07-06 13:58:09     Trades: 552  |  Volume: 14988
2026-07-06 13:58:09     Buy Vol: 13897  |  Sell Vol: 1092
2026-07-06 13:58:09   Win Rate: 0.6%
2026-07-06 13:58:09   Config: min_price=0.6, max_price=0.9, min_elapsed=60s, dev_range=0.1%-100%, no_entry_cutoff=30s
2026-07-06 13:58:09   BTC Chainlink: $62,932.21 (anchor: $62,922.00)
2026-07-06 13:58:09   BTC Deviation: $+10.20 (+0.0162%)
2026-07-06 13:58:09 ============================================================
2026-07-06 13:58:09 MAIN ENTRY FAILED: Could not get price
2026-07-06 13:58:09 ============================================================
2026-07-06 13:58:09 TRADE SIGNAL TRIGGERED
2026-07-06 13:58:09   Time: 2026-07-06T13:58:09.514043
2026-07-06 13:58:09   Market: btc-updown-5m-1783320900
2026-07-06 13:58:09   Signal: BUY_UP
2026-07-06 13:58:09   Token: UP
2026-07-06 13:58:09   Elapsed: 190s | Remaining: 110s | Bin: 2
2026-07-06 13:58:09   --- UP ---
2026-07-06 13:58:09     Price:   LAST=0.6000  BID=0.5900  ASK=0.6000
2026-07-06 13:58:09     VWAP 60s: 0.5916  |  Deviation: +1.42%
2026-07-06 13:58:09     Z-Score 5s: +1.14  |  Momentum 90s: -8.75%
2026-07-06 13:58:09     Trades: 557  |  Volume: 13053
2026-07-06 13:58:09     Buy Vol: 12022  |  Sell Vol: 1032
2026-07-06 13:58:09   --- DOWN ---
2026-07-06 13:58:09     Price:   LAST=0.4100  BID=0.4000  ASK=0.4100
2026-07-06 13:58:09     VWAP 60s: 0.4042  |  Deviation: +1.43%
2026-07-06 13:58:09     Z-Score 5s: -0.66  |  Momentum 90s: +17.70%
2026-07-06 13:58:09     Trades: 553  |  Volume: 15082
2026-07-06 13:58:09     Buy Vol: 13990  |  Sell Vol: 1092
2026-07-06 13:58:09   Win Rate: 0.6%
2026-07-06 13:58:09   Config: min_price=0.6, max_price=0.9, min_elapsed=60s, dev_range=0.1%-100%, no_entry_cutoff=30s
2026-07-06 13:58:09   BTC Chainlink: $62,932.18 (anchor: $62,922.00)
2026-07-06 13:58:09   BTC Deviation: $+10.18 (+0.0162%)
2026-07-06 13:58:09 ============================================================
2026-07-06 13:58:09 MAIN ENTRY FAILED: Could not get price
2026-07-06 13:58:09 ============================================================
2026-07-06 13:58:09 TRADE SIGNAL TRIGGERED
2026-07-06 13:58:09   Time: 2026-07-06T13:58:09.766672
2026-07-06 13:58:09   Market: btc-updown-5m-1783320900
2026-07-06 13:58:09   Signal: BUY_UP
2026-07-06 13:58:09   Token: UP
2026-07-06 13:58:09   Elapsed: 190s | Remaining: 110s | Bin: 2
2026-07-06 13:58:09   --- UP ---
2026-07-06 13:58:09     Price:   LAST=0.6000  BID=0.5900  ASK=0.6000
2026-07-06 13:58:09     VWAP 60s: 0.5916  |  Deviation: +1.42%
2026-07-06 13:58:09     Z-Score 5s: +1.09  |  Momentum 90s: -8.75%
2026-07-06 13:58:09     Trades: 557  |  Volume: 13053
2026-07-06 13:58:09     Buy Vol: 12022  |  Sell Vol: 1032
2026-07-06 13:58:09   --- DOWN ---
2026-07-06 13:58:09     Price:   LAST=0.4100  BID=0.4000  ASK=0.4100
2026-07-06 13:58:09     VWAP 60s: 0.4042  |  Deviation: +1.43%
2026-07-06 13:58:09     Z-Score 5s: -0.66  |  Momentum 90s: +15.49%
2026-07-06 13:58:09     Trades: 553  |  Volume: 15082
2026-07-06 13:58:09     Buy Vol: 13990  |  Sell Vol: 1092
2026-07-06 13:58:09   Win Rate: 0.6%
2026-07-06 13:58:09   Config: min_price=0.6, max_price=0.9, min_elapsed=60s, dev_range=0.1%-100%, no_entry_cutoff=30s
2026-07-06 13:58:09   BTC Chainlink: $62,932.18 (anchor: $62,922.00)
2026-07-06 13:58:09   BTC Deviation: $+10.18 (+0.0162%)
2026-07-06 13:58:09 ============================================================
2026-07-06 13:58:09 MAIN ENTRY FAILED: Could not get price
2026-07-06 13:58:10 ============================================================
2026-07-06 13:58:10 TRADE SIGNAL TRIGGERED
2026-07-06 13:58:10   Time: 2026-07-06T13:58:10.018404
2026-07-06 13:58:10   Market: btc-updown-5m-1783320900
2026-07-06 13:58:10   Signal: BUY_UP
2026-07-06 13:58:10   Token: UP
2026-07-06 13:58:10   Elapsed: 190s | Remaining: 110s | Bin: 2
2026-07-06 13:58:10   --- UP ---
2026-07-06 13:58:10     Price:   LAST=0.6000  BID=0.5900  ASK=0.6000
2026-07-06 13:58:10     VWAP 60s: 0.5916  |  Deviation: +1.42%
2026-07-06 13:58:10     Z-Score 5s: +1.03  |  Momentum 90s: -8.05%
2026-07-06 13:58:10     Trades: 558  |  Volume: 13062
2026-07-06 13:58:10     Buy Vol: 12030  |  Sell Vol: 1032
2026-07-06 13:58:10   --- DOWN ---
2026-07-06 13:58:10     Price:   LAST=0.4100  BID=0.4000  ASK=0.4100
2026-07-06 13:58:10     VWAP 60s: 0.4044  |  Deviation: +1.38%
2026-07-06 13:58:10     Z-Score 5s: -0.59  |  Momentum 90s: +13.57%
2026-07-06 13:58:10     Trades: 553  |  Volume: 15082
2026-07-06 13:58:10     Buy Vol: 13990  |  Sell Vol: 1092
2026-07-06 13:58:10   Win Rate: 0.6%
2026-07-06 13:58:10   Config: min_price=0.6, max_price=0.9, min_elapsed=60s, dev_range=0.1%-100%, no_entry_cutoff=30s
2026-07-06 13:58:10   BTC Chainlink: $62,932.18 (anchor: $62,922.00)
2026-07-06 13:58:10   BTC Deviation: $+10.18 (+0.0162%)
2026-07-06 13:58:10 ============================================================
2026-07-06 13:58:10 MAIN ENTRY FAILED: Could not get price
2026-07-06 13:58:10 ============================================================
2026-07-06 13:58:10 TRADE SIGNAL TRIGGERED
2026-07-06 13:58:10   Time: 2026-07-06T13:58:10.274316
2026-07-06 13:58:10   Market: btc-updown-5m-1783320900
2026-07-06 13:58:10   Signal: BUY_UP
2026-07-06 13:58:10   Token: UP
2026-07-06 13:58:10   Elapsed: 190s | Remaining: 110s | Bin: 2
2026-07-06 13:58:10   --- UP ---
2026-07-06 13:58:10     Price:   LAST=0.6000  BID=0.5900  ASK=0.6000
2026-07-06 13:58:10     VWAP 60s: 0.5916  |  Deviation: +1.42%
2026-07-06 13:58:10     Z-Score 5s: +0.97  |  Momentum 90s: -7.89%
2026-07-06 13:58:10     Trades: 558  |  Volume: 13062
2026-07-06 13:58:10     Buy Vol: 12030  |  Sell Vol: 1032
2026-07-06 13:58:10   --- DOWN ---
2026-07-06 13:58:10     Price:   LAST=0.4100  BID=0.4000  ASK=0.4100
2026-07-06 13:58:10     VWAP 60s: 0.4046  |  Deviation: +1.33%
2026-07-06 13:58:10     Z-Score 5s: -0.45  |  Momentum 90s: +12.84%
2026-07-06 13:58:10     Trades: 556  |  Volume: 15284
2026-07-06 13:58:10     Buy Vol: 14193  |  Sell Vol: 1092
2026-07-06 13:58:10   Win Rate: 0.6%
2026-07-06 13:58:10   Config: min_price=0.6, max_price=0.9, min_elapsed=60s, dev_range=0.1%-100%, no_entry_cutoff=30s
2026-07-06 13:58:10   BTC Chainlink: $62,932.18 (anchor: $62,922.00)
2026-07-06 13:58:10   BTC Deviation: $+10.18 (+0.0162%)
2026-07-06 13:58:10 ============================================================
2026-07-06 13:58:10 MAIN ENTRY FAILED: Could not get price
2026-07-06 13:58:10 ============================================================
2026-07-06 13:58:10 TRADE SIGNAL TRIGGERED
2026-07-06 13:58:10   Time: 2026-07-06T13:58:10.530801
2026-07-06 13:58:10   Market: btc-updown-5m-1783320900
2026-07-06 13:58:10   Signal: BUY_UP
2026-07-06 13:58:10   Token: UP
2026-07-06 13:58:10   Elapsed: 191s | Remaining: 109s | Bin: 2
2026-07-06 13:58:10   --- UP ---
2026-07-06 13:58:10     Price:   LAST=0.6000  BID=0.5900  ASK=0.6000
2026-07-06 13:58:10     VWAP 60s: 0.5947  |  Deviation: +0.90%
2026-07-06 13:58:10     Z-Score 5s: +0.91  |  Momentum 90s: -6.98%
2026-07-06 13:58:10     Trades: 558  |  Volume: 13062
2026-07-06 13:58:10     Buy Vol: 12030  |  Sell Vol: 1032
2026-07-06 13:58:10   --- DOWN ---
2026-07-06 13:58:10     Price:   LAST=0.4100  BID=0.4000  ASK=0.4100
2026-07-06 13:58:10     VWAP 60s: 0.4046  |  Deviation: +1.35%
2026-07-06 13:58:10     Z-Score 5s: +0.00  |  Momentum 90s: +12.45%
2026-07-06 13:58:10     Trades: 556  |  Volume: 15284
2026-07-06 13:58:10     Buy Vol: 14193  |  Sell Vol: 1092
2026-07-06 13:58:10   Win Rate: 0.6%
2026-07-06 13:58:10   Config: min_price=0.6, max_price=0.9, min_elapsed=60s, dev_range=0.1%-100%, no_entry_cutoff=30s
2026-07-06 13:58:10   BTC Chainlink: $62,932.57 (anchor: $62,922.00)
2026-07-06 13:58:10   BTC Deviation: $+10.57 (+0.0168%)
2026-07-06 13:58:10 ============================================================
2026-07-06 13:58:10 MAIN ENTRY FAILED: Could not get price
2026-07-06 13:58:10 ============================================================
2026-07-06 13:58:10 TRADE SIGNAL TRIGGERED
2026-07-06 13:58:10   Time: 2026-07-06T13:58:10.783168
2026-07-06 13:58:10   Market: btc-updown-5m-1783320900
2026-07-06 13:58:10   Signal: BUY_UP
2026-07-06 13:58:10   Token: UP
2026-07-06 13:58:10   Elapsed: 191s | Remaining: 109s | Bin: 2
2026-07-06 13:58:10   --- UP ---
2026-07-06 13:58:10     Price:   LAST=0.6000  BID=0.5900  ASK=0.6000
2026-07-06 13:58:10     VWAP 60s: 0.5952  |  Deviation: +0.81%
2026-07-06 13:58:10     Z-Score 5s: +0.32  |  Momentum 90s: -5.96%
2026-07-06 13:58:10     Trades: 558  |  Volume: 13062
2026-07-06 13:58:10     Buy Vol: 12030  |  Sell Vol: 1032
2026-07-06 13:58:10   --- DOWN ---
2026-07-06 13:58:10     Price:   LAST=0.4100  BID=0.4000  ASK=0.4100
2026-07-06 13:58:10     VWAP 60s: 0.4045  |  Deviation: +1.36%
2026-07-06 13:58:10     Z-Score 5s: +0.32  |  Momentum 90s: +11.82%
2026-07-06 13:58:10     Trades: 556  |  Volume: 15284
2026-07-06 13:58:10     Buy Vol: 14193  |  Sell Vol: 1092
2026-07-06 13:58:10   Win Rate: 0.6%
2026-07-06 13:58:10   Config: min_price=0.6, max_price=0.9, min_elapsed=60s, dev_range=0.1%-100%, no_entry_cutoff=30s
2026-07-06 13:58:10   BTC Chainlink: $62,932.57 (anchor: $62,922.00)
2026-07-06 13:58:10   BTC Deviation: $+10.57 (+0.0168%)
2026-07-06 13:58:10 ============================================================
2026-07-06 13:58:10 MAIN ENTRY FAILED: Could not get price
2026-07-06 13:58:11 ============================================================
2026-07-06 13:58:11 TRADE SIGNAL TRIGGERED
2026-07-06 13:58:11   Time: 2026-07-06T13:58:11.038827
2026-07-06 13:58:11   Market: btc-updown-5m-1783320900
2026-07-06 13:58:11   Signal: BUY_UP
2026-07-06 13:58:11   Token: UP
2026-07-06 13:58:11   Elapsed: 191s | Remaining: 109s | Bin: 2
2026-07-06 13:58:11   --- UP ---
2026-07-06 13:58:11     Price:   LAST=0.6000  BID=0.5900  ASK=0.6000
2026-07-06 13:58:11     VWAP 60s: 0.5955  |  Deviation: +0.75%
2026-07-06 13:58:11     Z-Score 5s: +0.00  |  Momentum 90s: -5.96%
2026-07-06 13:58:11     Trades: 558  |  Volume: 13062
2026-07-06 13:58:11     Buy Vol: 12030  |  Sell Vol: 1032
2026-07-06 13:58:11   --- DOWN ---
2026-07-06 13:58:11     Price:   LAST=0.4100  BID=0.4000  ASK=0.4100
2026-07-06 13:58:11     VWAP 60s: 0.4044  |  Deviation: +1.37%
2026-07-06 13:58:11     Z-Score 5s: +0.32  |  Momentum 90s: +8.47%
2026-07-06 13:58:11     Trades: 556  |  Volume: 15284
2026-07-06 13:58:11     Buy Vol: 14193  |  Sell Vol: 1092
2026-07-06 13:58:11   Win Rate: 0.6%
2026-07-06 13:58:11   Config: min_price=0.6, max_price=0.9, min_elapsed=60s, dev_range=0.1%-100%, no_entry_cutoff=30s
2026-07-06 13:58:11   BTC Chainlink: $62,932.57 (anchor: $62,922.00)
2026-07-06 13:58:11   BTC Deviation: $+10.57 (+0.0168%)
2026-07-06 13:58:11 ============================================================
2026-07-06 13:58:11 MAIN ENTRY FAILED: Could not get price
2026-07-06 13:58:11 ============================================================
2026-07-06 13:58:11 TRADE SIGNAL TRIGGERED
2026-07-06 13:58:11   Time: 2026-07-06T13:58:11.290898
2026-07-06 13:58:11   Market: btc-updown-5m-1783320900
2026-07-06 13:58:11   Signal: BUY_UP
2026-07-06 13:58:11   Token: UP
2026-07-06 13:58:11   Elapsed: 191s | Remaining: 109s | Bin: 2
2026-07-06 13:58:11   --- UP ---
2026-07-06 13:58:11     Price:   LAST=0.6000  BID=0.5900  ASK=0.6000
2026-07-06 13:58:11     VWAP 60s: 0.5956  |  Deviation: +0.74%
2026-07-06 13:58:11     Z-Score 5s: +0.00  |  Momentum 90s: -5.96%
2026-07-06 13:58:11     Trades: 558  |  Volume: 13062
2026-07-06 13:58:11     Buy Vol: 12030  |  Sell Vol: 1032
2026-07-06 13:58:11   --- DOWN ---
2026-07-06 13:58:11     Price:   LAST=0.4100  BID=0.4000  ASK=0.4100
2026-07-06 13:58:11     VWAP 60s: 0.4044  |  Deviation: +1.39%
2026-07-06 13:58:11     Z-Score 5s: +0.32  |  Momentum 90s: +8.19%
2026-07-06 13:58:11     Trades: 556  |  Volume: 15284
2026-07-06 13:58:11     Buy Vol: 14193  |  Sell Vol: 1092
2026-07-06 13:58:11   Win Rate: 0.6%
2026-07-06 13:58:11   Config: min_price=0.6, max_price=0.9, min_elapsed=60s, dev_range=0.1%-100%, no_entry_cutoff=30s
2026-07-06 13:58:11   BTC Chainlink: $62,932.57 (anchor: $62,922.00)
2026-07-06 13:58:11   BTC Deviation: $+10.57 (+0.0168%)
2026-07-06 13:58:11 ============================================================
2026-07-06 13:58:11 MAIN ENTRY FAILED: Could not get price
2026-07-06 13:58:11 ============================================================
2026-07-06 13:58:11 TRADE SIGNAL TRIGGERED
2026-07-06 13:58:11   Time: 2026-07-06T13:58:11.543693
2026-07-06 13:58:11   Market: btc-updown-5m-1783320900
2026-07-06 13:58:11   Signal: BUY_UP
2026-07-06 13:58:11   Token: UP
2026-07-06 13:58:11   Elapsed: 192s | Remaining: 108s | Bin: 2
2026-07-06 13:58:11   --- UP ---
2026-07-06 13:58:11     Price:   LAST=0.6000  BID=0.5900  ASK=0.6000
2026-07-06 13:58:11     VWAP 60s: 0.5956  |  Deviation: +0.74%
2026-07-06 13:58:11     Z-Score 5s: +0.00  |  Momentum 90s: -5.51%
2026-07-06 13:58:11     Trades: 558  |  Volume: 13062
2026-07-06 13:58:11     Buy Vol: 12030  |  Sell Vol: 1032
2026-07-06 13:58:11   --- DOWN ---
2026-07-06 13:58:11     Price:   LAST=0.4100  BID=0.4000  ASK=0.4100
2026-07-06 13:58:11     VWAP 60s: 0.4044  |  Deviation: +1.38%
2026-07-06 13:58:11     Z-Score 5s: +0.30  |  Momentum 90s: +8.19%
2026-07-06 13:58:11     Trades: 557  |  Volume: 15289
2026-07-06 13:58:11     Buy Vol: 14198  |  Sell Vol: 1092
2026-07-06 13:58:11   Win Rate: 0.6%
2026-07-06 13:58:11   Config: min_price=0.6, max_price=0.9, min_elapsed=60s, dev_range=0.1%-100%, no_entry_cutoff=30s
2026-07-06 13:58:11   BTC Chainlink: $62,932.61 (anchor: $62,922.00)
2026-07-06 13:58:11   BTC Deviation: $+10.61 (+0.0169%)
2026-07-06 13:58:11 ============================================================
2026-07-06 13:58:11 MAIN ENTRY FAILED: Could not get price
2026-07-06 13:58:11 ============================================================
2026-07-06 13:58:11 TRADE SIGNAL TRIGGERED
2026-07-06 13:58:11   Time: 2026-07-06T13:58:11.796036
2026-07-06 13:58:11   Market: btc-updown-5m-1783320900
2026-07-06 13:58:11   Signal: BUY_UP
2026-07-06 13:58:11   Token: UP
2026-07-06 13:58:11   Elapsed: 192s | Remaining: 108s | Bin: 2
2026-07-06 13:58:11   --- UP ---
2026-07-06 13:58:11     Price:   LAST=0.6000  BID=0.5900  ASK=0.6000
2026-07-06 13:58:11     VWAP 60s: 0.5956  |  Deviation: +0.74%
2026-07-06 13:58:11     Z-Score 5s: +0.00  |  Momentum 90s: -4.15%
2026-07-06 13:58:11     Trades: 559  |  Volume: 13063
2026-07-06 13:58:11     Buy Vol: 12032  |  Sell Vol: 1032
2026-07-06 13:58:11   --- DOWN ---
2026-07-06 13:58:11     Price:   LAST=0.4100  BID=0.4000  ASK=0.4100
2026-07-06 13:58:11     VWAP 60s: 0.4044  |  Deviation: +1.38%
2026-07-06 13:58:11     Z-Score 5s: +0.00  |  Momentum 90s: +8.19%
2026-07-06 13:58:11     Trades: 557  |  Volume: 15289
2026-07-06 13:58:11     Buy Vol: 14198  |  Sell Vol: 1092
2026-07-06 13:58:11   Win Rate: 0.6%
2026-07-06 13:58:11   Config: min_price=0.6, max_price=0.9, min_elapsed=60s, dev_range=0.1%-100%, no_entry_cutoff=30s
2026-07-06 13:58:11   BTC Chainlink: $62,932.61 (anchor: $62,922.00)
2026-07-06 13:58:11   BTC Deviation: $+10.61 (+0.0169%)
2026-07-06 13:58:11 ============================================================
2026-07-06 13:58:11 MAIN ENTRY FAILED: Could not get price
2026-07-06 13:58:12 ============================================================
2026-07-06 13:58:12 TRADE SIGNAL TRIGGERED
2026-07-06 13:58:12   Time: 2026-07-06T13:58:12.053951
2026-07-06 13:58:12   Market: btc-updown-5m-1783320900
2026-07-06 13:58:12   Signal: BUY_UP
2026-07-06 13:58:12   Token: UP
2026-07-06 13:58:12   Elapsed: 192s | Remaining: 108s | Bin: 2
2026-07-06 13:58:12   --- UP ---
2026-07-06 13:58:12     Price:   LAST=0.6000  BID=0.5900  ASK=0.6000
2026-07-06 13:58:12     VWAP 60s: 0.5956  |  Deviation: +0.74%
2026-07-06 13:58:12     Z-Score 5s: +0.00  |  Momentum 90s: -1.18%
2026-07-06 13:58:12     Trades: 559  |  Volume: 13063
2026-07-06 13:58:12     Buy Vol: 12032  |  Sell Vol: 1032
2026-07-06 13:58:12   --- DOWN ---
2026-07-06 13:58:12     Price:   LAST=0.4100  BID=0.4000  ASK=0.4100
2026-07-06 13:58:12     VWAP 60s: 0.4043  |  Deviation: +1.40%
2026-07-06 13:58:12     Z-Score 5s: +0.00  |  Momentum 90s: +7.15%
2026-07-06 13:58:12     Trades: 557  |  Volume: 15289
2026-07-06 13:58:12     Buy Vol: 14198  |  Sell Vol: 1092
2026-07-06 13:58:12   Win Rate: 0.6%
2026-07-06 13:58:12   Config: min_price=0.6, max_price=0.9, min_elapsed=60s, dev_range=0.1%-100%, no_entry_cutoff=30s
2026-07-06 13:58:12   BTC Chainlink: $62,932.61 (anchor: $62,922.00)
2026-07-06 13:58:12   BTC Deviation: $+10.61 (+0.0169%)
2026-07-06 13:58:12 ============================================================
2026-07-06 13:58:12 MAIN ENTRY FAILED: Could not get price
2026-07-06 13:58:12 ============================================================
2026-07-06 13:58:12 TRADE SIGNAL TRIGGERED
2026-07-06 13:58:12   Time: 2026-07-06T13:58:12.307616
2026-07-06 13:58:12   Market: btc-updown-5m-1783320900
2026-07-06 13:58:12   Signal: BUY_UP
2026-07-06 13:58:12   Token: UP
2026-07-06 13:58:12   Elapsed: 192s | Remaining: 108s | Bin: 2
2026-07-06 13:58:12   --- UP ---
2026-07-06 13:58:12     Price:   LAST=0.6000  BID=0.5900  ASK=0.6000
2026-07-06 13:58:12     VWAP 60s: 0.5956  |  Deviation: +0.74%
2026-07-06 13:58:12     Z-Score 5s: +0.00  |  Momentum 90s: -0.33%
2026-07-06 13:58:12     Trades: 559  |  Volume: 13063
2026-07-06 13:58:12     Buy Vol: 12032  |  Sell Vol: 1032
2026-07-06 13:58:12   --- DOWN ---
2026-07-06 13:58:12     Price:   LAST=0.4100  BID=0.4000  ASK=0.4100
2026-07-06 13:58:12     VWAP 60s: 0.4043  |  Deviation: +1.40%
2026-07-06 13:58:12     Z-Score 5s: +0.00  |  Momentum 90s: +6.28%
2026-07-06 13:58:12     Trades: 557  |  Volume: 15289
2026-07-06 13:58:12     Buy Vol: 14198  |  Sell Vol: 1092
2026-07-06 13:58:12   Win Rate: 0.6%
2026-07-06 13:58:12   Config: min_price=0.6, max_price=0.9, min_elapsed=60s, dev_range=0.1%-100%, no_entry_cutoff=30s
2026-07-06 13:58:12   BTC Chainlink: $62,932.61 (anchor: $62,922.00)
2026-07-06 13:58:12   BTC Deviation: $+10.61 (+0.0169%)
2026-07-06 13:58:12 ============================================================
2026-07-06 13:58:12 MAIN ENTRY FAILED: Could not get price
2026-07-06 13:58:12 ============================================================
2026-07-06 13:58:12 TRADE SIGNAL TRIGGERED
2026-07-06 13:58:12   Time: 2026-07-06T13:58:12.569420
2026-07-06 13:58:12   Market: btc-updown-5m-1783320900
2026-07-06 13:58:12   Signal: BUY_UP
2026-07-06 13:58:12   Token: UP
2026-07-06 13:58:12   Elapsed: 193s | Remaining: 107s | Bin: 2
2026-07-06 13:58:12   --- UP ---
2026-07-06 13:58:12     Price:   LAST=0.6000  BID=0.5900  ASK=0.6000
2026-07-06 13:58:12     VWAP 60s: 0.5956  |  Deviation: +0.74%
2026-07-06 13:58:12     Z-Score 5s: +0.00  |  Momentum 90s: -0.33%
2026-07-06 13:58:12     Trades: 559  |  Volume: 13063
2026-07-06 13:58:12     Buy Vol: 12032  |  Sell Vol: 1032
2026-07-06 13:58:12   --- DOWN ---
2026-07-06 13:58:12     Price:   LAST=0.4100  BID=0.4000  ASK=0.4100
2026-07-06 13:58:12     VWAP 60s: 0.4043  |  Deviation: +1.40%
2026-07-06 13:58:12     Z-Score 5s: +0.00  |  Momentum 90s: +4.99%
2026-07-06 13:58:12     Trades: 557  |  Volume: 15289
2026-07-06 13:58:12     Buy Vol: 14198  |  Sell Vol: 1092
2026-07-06 13:58:12   Win Rate: 0.6%
2026-07-06 13:58:12   Config: min_price=0.6, max_price=0.9, min_elapsed=60s, dev_range=0.1%-100%, no_entry_cutoff=30s
2026-07-06 13:58:12   BTC Chainlink: $62,931.84 (anchor: $62,922.00)
2026-07-06 13:58:12   BTC Deviation: $+9.84 (+0.0156%)
2026-07-06 13:58:12 ============================================================
2026-07-06 13:58:12 MAIN ENTRY FAILED: Could not get price
2026-07-06 13:58:12 ============================================================
2026-07-06 13:58:12 TRADE SIGNAL TRIGGERED
2026-07-06 13:58:12   Time: 2026-07-06T13:58:12.830797
2026-07-06 13:58:12   Market: btc-updown-5m-1783320900
2026-07-06 13:58:12   Signal: BUY_UP
2026-07-06 13:58:12   Token: UP
2026-07-06 13:58:12   Elapsed: 193s | Remaining: 107s | Bin: 2
2026-07-06 13:58:12   --- UP ---
2026-07-06 13:58:12     Price:   LAST=0.6000  BID=0.5600  ASK=0.5700
2026-07-06 13:58:12     VWAP 60s: 0.5958  |  Deviation: +0.71%
2026-07-06 13:58:12     Z-Score 5s: +0.00  |  Momentum 90s: +0.28%
2026-07-06 13:58:12     Trades: 559  |  Volume: 13063
2026-07-06 13:58:12     Buy Vol: 12032  |  Sell Vol: 1032
2026-07-06 13:58:12   --- DOWN ---
2026-07-06 13:58:12     Price:   LAST=0.4100  BID=0.4300  ASK=0.4400
2026-07-06 13:58:12     VWAP 60s: 0.4044  |  Deviation: +1.39%
2026-07-06 13:58:12     Z-Score 5s: +0.00  |  Momentum 90s: +3.73%
2026-07-06 13:58:12     Trades: 559  |  Volume: 15324
2026-07-06 13:58:12     Buy Vol: 14233  |  Sell Vol: 1092
2026-07-06 13:58:12   Win Rate: 0.6%
2026-07-06 13:58:12   Config: min_price=0.6, max_price=0.9, min_elapsed=60s, dev_range=0.1%-100%, no_entry_cutoff=30s
2026-07-06 13:58:12   BTC Chainlink: $62,931.84 (anchor: $62,922.00)
2026-07-06 13:58:12   BTC Deviation: $+9.84 (+0.0156%)
2026-07-06 13:58:12 ============================================================
2026-07-06 13:58:12 MAIN ENTRY FAILED: Could not get price
2026-07-06 13:58:17 ============================================================
2026-07-06 13:58:17 TRADE SIGNAL TRIGGERED
2026-07-06 13:58:17   Time: 2026-07-06T13:58:17.192825
2026-07-06 13:58:17   Market: btc-updown-5m-1783320900
2026-07-06 13:58:17   Signal: BUY_UP
2026-07-06 13:58:17   Token: UP
2026-07-06 13:58:17   Elapsed: 197s | Remaining: 103s | Bin: 2
2026-07-06 13:58:17   --- UP ---
2026-07-06 13:58:17     Price:   LAST=0.6000  BID=0.5900  ASK=0.6000
2026-07-06 13:58:17     VWAP 60s: 0.5922  |  Deviation: +1.31%
2026-07-06 13:58:17     Z-Score 5s: +1.99  |  Momentum 90s: +5.59%
2026-07-06 13:58:17     Trades: 577  |  Volume: 13426
2026-07-06 13:58:17     Buy Vol: 12394  |  Sell Vol: 1032
2026-07-06 13:58:17   --- DOWN ---
2026-07-06 13:58:17     Price:   LAST=0.4000  BID=0.4000  ASK=0.4100
2026-07-06 13:58:17     VWAP 60s: 0.4045  |  Deviation: -1.11%
2026-07-06 13:58:17     Z-Score 5s: -1.27  |  Momentum 90s: -8.79%
2026-07-06 13:58:17     Trades: 564  |  Volume: 15387
2026-07-06 13:58:17     Buy Vol: 14275  |  Sell Vol: 1112
2026-07-06 13:58:17   Win Rate: 0.6%
2026-07-06 13:58:17   Config: min_price=0.6, max_price=0.9, min_elapsed=60s, dev_range=0.1%-100%, no_entry_cutoff=30s
2026-07-06 13:58:17   BTC Chainlink: $62,931.14 (anchor: $62,922.00)
2026-07-06 13:58:17   BTC Deviation: $+9.14 (+0.0145%)
2026-07-06 13:58:17 ============================================================
2026-07-06 13:58:17 MAIN ENTRY FAILED: Could not get price
2026-07-06 13:58:17 ============================================================
2026-07-06 13:58:17 TRADE SIGNAL TRIGGERED
2026-07-06 13:58:17   Time: 2026-07-06T13:58:17.444862
2026-07-06 13:58:17   Market: btc-updown-5m-1783320900
2026-07-06 13:58:17   Signal: BUY_UP
2026-07-06 13:58:17   Token: UP
2026-07-06 13:58:17   Elapsed: 197s | Remaining: 103s | Bin: 2
2026-07-06 13:58:17   --- UP ---
2026-07-06 13:58:17     Price:   LAST=0.6000  BID=0.5900  ASK=0.6000
2026-07-06 13:58:17     VWAP 60s: 0.5922  |  Deviation: +1.31%
2026-07-06 13:58:17     Z-Score 5s: +1.99  |  Momentum 90s: +5.26%
2026-07-06 13:58:17     Trades: 577  |  Volume: 13426
2026-07-06 13:58:17     Buy Vol: 12394  |  Sell Vol: 1032
2026-07-06 13:58:17   --- DOWN ---
2026-07-06 13:58:17     Price:   LAST=0.4000  BID=0.4000  ASK=0.4100
2026-07-06 13:58:17     VWAP 60s: 0.4045  |  Deviation: -1.11%
2026-07-06 13:58:17     Z-Score 5s: -1.27  |  Momentum 90s: -7.22%
2026-07-06 13:58:17     Trades: 564  |  Volume: 15387
2026-07-06 13:58:17     Buy Vol: 14275  |  Sell Vol: 1112
2026-07-06 13:58:17   Win Rate: 0.6%
2026-07-06 13:58:17   Config: min_price=0.6, max_price=0.9, min_elapsed=60s, dev_range=0.1%-100%, no_entry_cutoff=30s
2026-07-06 13:58:17   BTC Chainlink: $62,931.14 (anchor: $62,922.00)
2026-07-06 13:58:17   BTC Deviation: $+9.14 (+0.0145%)
2026-07-06 13:58:17 ============================================================
2026-07-06 13:58:17 MAIN ENTRY FAILED: Could not get price
2026-07-06 13:58:17 ============================================================
2026-07-06 13:58:17 TRADE SIGNAL TRIGGERED
2026-07-06 13:58:17   Time: 2026-07-06T13:58:17.701342
2026-07-06 13:58:17   Market: btc-updown-5m-1783320900
2026-07-06 13:58:17   Signal: BUY_UP
2026-07-06 13:58:17   Token: UP
2026-07-06 13:58:17   Elapsed: 198s | Remaining: 102s | Bin: 2
2026-07-06 13:58:17   --- UP ---
2026-07-06 13:58:17     Price:   LAST=0.6000  BID=0.5900  ASK=0.6000
2026-07-06 13:58:17     VWAP 60s: 0.5922  |  Deviation: +1.31%
2026-07-06 13:58:17     Z-Score 5s: +1.99  |  Momentum 90s: +4.27%
2026-07-06 13:58:17     Trades: 577  |  Volume: 13426
2026-07-06 13:58:17     Buy Vol: 12394  |  Sell Vol: 1032
2026-07-06 13:58:17   --- DOWN ---
2026-07-06 13:58:17     Price:   LAST=0.4000  BID=0.4000  ASK=0.4100
2026-07-06 13:58:17     VWAP 60s: 0.4045  |  Deviation: -1.11%
2026-07-06 13:58:17     Z-Score 5s: -1.34  |  Momentum 90s: -5.88%
2026-07-06 13:58:17     Trades: 564  |  Volume: 15387
2026-07-06 13:58:17     Buy Vol: 14275  |  Sell Vol: 1112
2026-07-06 13:58:17   Win Rate: 0.6%
2026-07-06 13:58:17   Config: min_price=0.6, max_price=0.9, min_elapsed=60s, dev_range=0.1%-100%, no_entry_cutoff=30s
2026-07-06 13:58:17   BTC Chainlink: $62,931.15 (anchor: $62,922.00)
2026-07-06 13:58:17   BTC Deviation: $+9.14 (+0.0145%)
2026-07-06 13:58:17 ============================================================
2026-07-06 13:58:17 MAIN ENTRY FAILED: Could not get price
2026-07-06 13:58:17 ============================================================
2026-07-06 13:58:17 TRADE SIGNAL TRIGGERED
2026-07-06 13:58:17   Time: 2026-07-06T13:58:17.956917
2026-07-06 13:58:17   Market: btc-updown-5m-1783320900
2026-07-06 13:58:17   Signal: BUY_UP
2026-07-06 13:58:17   Token: UP
2026-07-06 13:58:17   Elapsed: 198s | Remaining: 102s | Bin: 2
2026-07-06 13:58:17   --- UP ---
2026-07-06 13:58:17     Price:   LAST=0.6300  BID=0.6300  ASK=0.6400
2026-07-06 13:58:17     VWAP 60s: 0.5930  |  Deviation: +6.24%
2026-07-06 13:58:17     Z-Score 5s: +2.64  |  Momentum 90s: +7.69%
2026-07-06 13:58:17     Trades: 580  |  Volume: 13495
2026-07-06 13:58:17     Buy Vol: 12463  |  Sell Vol: 1032
2026-07-06 13:58:17   --- DOWN ---
2026-07-06 13:58:17     Price:   LAST=0.3700  BID=0.3600  ASK=0.3700
2026-07-06 13:58:17     VWAP 60s: 0.4040  |  Deviation: -8.42%
2026-07-06 13:58:17     Z-Score 5s: -1.43  |  Momentum 90s: -12.83%
2026-07-06 13:58:17     Trades: 565  |  Volume: 15441
2026-07-06 13:58:17     Buy Vol: 14329  |  Sell Vol: 1112
2026-07-06 13:58:17   Win Rate: 0.6%
2026-07-06 13:58:17   Config: min_price=0.6, max_price=0.9, min_elapsed=60s, dev_range=0.1%-100%, no_entry_cutoff=30s
2026-07-06 13:58:17   BTC Chainlink: $62,931.15 (anchor: $62,922.00)
2026-07-06 13:58:17   BTC Deviation: $+9.14 (+0.0145%)
2026-07-06 13:58:17 ============================================================
2026-07-06 13:58:17 MAIN ENTRY FAILED: Could not get price
2026-07-06 13:58:18 ============================================================
2026-07-06 13:58:18 TRADE SIGNAL TRIGGERED
2026-07-06 13:58:18   Time: 2026-07-06T13:58:18.210097
2026-07-06 13:58:18   Market: btc-updown-5m-1783320900
2026-07-06 13:58:18   Signal: BUY_UP
2026-07-06 13:58:18   Token: UP
2026-07-06 13:58:18   Elapsed: 198s | Remaining: 102s | Bin: 2
2026-07-06 13:58:18   --- UP ---
2026-07-06 13:58:18     Price:   LAST=0.6600  BID=0.6500  ASK=0.6600
2026-07-06 13:58:18     VWAP 60s: 0.5940  |  Deviation: +11.11%
2026-07-06 13:58:18     Z-Score 5s: +2.10  |  Momentum 90s: +12.34%
2026-07-06 13:58:18     Trades: 584  |  Volume: 13544
2026-07-06 13:58:18     Buy Vol: 12507  |  Sell Vol: 1037
2026-07-06 13:58:18   --- DOWN ---
2026-07-06 13:58:18     Price:   LAST=0.3500  BID=0.3400  ASK=0.3500
2026-07-06 13:58:18     VWAP 60s: 0.4028  |  Deviation: -13.11%
2026-07-06 13:58:18     Z-Score 5s: -1.26  |  Momentum 90s: -17.40%
2026-07-06 13:58:18     Trades: 566  |  Volume: 15547
2026-07-06 13:58:18     Buy Vol: 14329  |  Sell Vol: 1218
2026-07-06 13:58:18   Win Rate: 0.7%
2026-07-06 13:58:18   Config: min_price=0.6, max_price=0.9, min_elapsed=60s, dev_range=0.1%-100%, no_entry_cutoff=30s
2026-07-06 13:58:18   BTC Chainlink: $62,931.19 (anchor: $62,922.00)
2026-07-06 13:58:18   BTC Deviation: $+9.19 (+0.0146%)
2026-07-06 13:58:18 ============================================================
2026-07-06 13:58:18 MAIN ENTRY FAILED: Could not get price
2026-07-06 13:58:18 ============================================================
2026-07-06 13:58:18 TRADE SIGNAL TRIGGERED
2026-07-06 13:58:18   Time: 2026-07-06T13:58:18.461259
2026-07-06 13:58:18   Market: btc-updown-5m-1783320900
2026-07-06 13:58:18   Signal: BUY_UP
2026-07-06 13:58:18   Token: UP
2026-07-06 13:58:18   Elapsed: 198s | Remaining: 102s | Bin: 2
2026-07-06 13:58:18   --- UP ---
2026-07-06 13:58:18     Price:   LAST=0.6600  BID=0.6500  ASK=0.6600
2026-07-06 13:58:18     VWAP 60s: 0.5940  |  Deviation: +11.11%
2026-07-06 13:58:18     Z-Score 5s: +2.10  |  Momentum 90s: +12.34%
2026-07-06 13:58:18     Trades: 584  |  Volume: 13544
2026-07-06 13:58:18     Buy Vol: 12507  |  Sell Vol: 1037
2026-07-06 13:58:18   --- DOWN ---
2026-07-06 13:58:18     Price:   LAST=0.3500  BID=0.3400  ASK=0.3500
2026-07-06 13:58:18     VWAP 60s: 0.4028  |  Deviation: -13.11%
2026-07-06 13:58:18     Z-Score 5s: -1.26  |  Momentum 90s: -17.40%
2026-07-06 13:58:18     Trades: 566  |  Volume: 15547
2026-07-06 13:58:18     Buy Vol: 14329  |  Sell Vol: 1218
2026-07-06 13:58:18   Win Rate: 0.7%
2026-07-06 13:58:18   Config: min_price=0.6, max_price=0.9, min_elapsed=60s, dev_range=0.1%-100%, no_entry_cutoff=30s
2026-07-06 13:58:18   BTC Chainlink: $62,931.19 (anchor: $62,922.00)
2026-07-06 13:58:18   BTC Deviation: $+9.19 (+0.0146%)
2026-07-06 13:58:18 ============================================================
2026-07-06 13:58:18 MAIN ENTRY FAILED: Could not get price
2026-07-06 13:58:18 ============================================================
2026-07-06 13:58:18 TRADE SIGNAL TRIGGERED
2026-07-06 13:58:18   Time: 2026-07-06T13:58:18.714436
2026-07-06 13:58:18   Market: btc-updown-5m-1783320900
2026-07-06 13:58:18   Signal: BUY_UP
2026-07-06 13:58:18   Token: UP
2026-07-06 13:58:18   Elapsed: 199s | Remaining: 101s | Bin: 2
2026-07-06 13:58:18   --- UP ---
2026-07-06 13:58:18     Price:   LAST=0.6600  BID=0.6500  ASK=0.6600
2026-07-06 13:58:18     VWAP 60s: 0.5942  |  Deviation: +11.07%
2026-07-06 13:58:18     Z-Score 5s: +1.90  |  Momentum 90s: +11.59%
2026-07-06 13:58:18     Trades: 585  |  Volume: 13554
2026-07-06 13:58:18     Buy Vol: 12517  |  Sell Vol: 1037
2026-07-06 13:58:18   --- DOWN ---
2026-07-06 13:58:18     Price:   LAST=0.3500  BID=0.3400  ASK=0.3500
2026-07-06 13:58:18     VWAP 60s: 0.4027  |  Deviation: -13.09%
2026-07-06 13:58:18     Z-Score 5s: -0.88  |  Momentum 90s: -16.89%
2026-07-06 13:58:18     Trades: 568  |  Volume: 15555
2026-07-06 13:58:18     Buy Vol: 14337  |  Sell Vol: 1218
2026-07-06 13:58:18   Win Rate: 0.7%
2026-07-06 13:58:18   Config: min_price=0.6, max_price=0.9, min_elapsed=60s, dev_range=0.1%-100%, no_entry_cutoff=30s
2026-07-06 13:58:18   BTC Chainlink: $62,931.19 (anchor: $62,922.00)
2026-07-06 13:58:18   BTC Deviation: $+9.19 (+0.0146%)
2026-07-06 13:58:18 ============================================================
2026-07-06 13:58:18 MAIN ENTRY FAILED: Could not get price
2026-07-06 13:58:18 ============================================================
2026-07-06 13:58:18 TRADE SIGNAL TRIGGERED
2026-07-06 13:58:18   Time: 2026-07-06T13:58:18.973406
2026-07-06 13:58:18   Market: btc-updown-5m-1783320900
2026-07-06 13:58:18   Signal: BUY_UP
2026-07-06 13:58:18   Token: UP
2026-07-06 13:58:18   Elapsed: 199s | Remaining: 101s | Bin: 2
2026-07-06 13:58:18   --- UP ---
2026-07-06 13:58:18     Price:   LAST=0.6600  BID=0.6400  ASK=0.6500
2026-07-06 13:58:18     VWAP 60s: 0.5944  |  Deviation: +11.04%
2026-07-06 13:58:18     Z-Score 5s: +1.59  |  Momentum 90s: +11.59%
2026-07-06 13:58:18     Trades: 587  |  Volume: 13560
2026-07-06 13:58:18     Buy Vol: 12524  |  Sell Vol: 1037
2026-07-06 13:58:18   --- DOWN ---
2026-07-06 13:58:18     Price:   LAST=0.3500  BID=0.3500  ASK=0.3600
2026-07-06 13:58:18     VWAP 60s: 0.4004  |  Deviation: -12.60%
2026-07-06 13:58:18     Z-Score 5s: -0.79  |  Momentum 90s: -16.38%
2026-07-06 13:58:18     Trades: 569  |  Volume: 15771
2026-07-06 13:58:18     Buy Vol: 14553  |  Sell Vol: 1218
2026-07-06 13:58:18   Win Rate: 0.7%
2026-07-06 13:58:18   Config: min_price=0.6, max_price=0.9, min_elapsed=60s, dev_range=0.1%-100%, no_entry_cutoff=30s
2026-07-06 13:58:18   BTC Chainlink: $62,931.19 (anchor: $62,922.00)
2026-07-06 13:58:18   BTC Deviation: $+9.19 (+0.0146%)
2026-07-06 13:58:18 ============================================================
2026-07-06 13:58:18 MAIN ENTRY FAILED: Could not get price
2026-07-06 13:58:19 ============================================================
2026-07-06 13:58:19 TRADE SIGNAL TRIGGERED
2026-07-06 13:58:19   Time: 2026-07-06T13:58:19.224269
2026-07-06 13:58:19   Market: btc-updown-5m-1783320900
2026-07-06 13:58:19   Signal: BUY_UP
2026-07-06 13:58:19   Token: UP
2026-07-06 13:58:19   Elapsed: 199s | Remaining: 101s | Bin: 2
2026-07-06 13:58:19   --- UP ---
2026-07-06 13:58:19     Price:   LAST=0.6600  BID=0.6400  ASK=0.6500
2026-07-06 13:58:19     VWAP 60s: 0.5944  |  Deviation: +11.04%
2026-07-06 13:58:19     Z-Score 5s: +1.59  |  Momentum 90s: +11.55%
2026-07-06 13:58:19     Trades: 587  |  Volume: 13560
2026-07-06 13:58:19     Buy Vol: 12524  |  Sell Vol: 1037
2026-07-06 13:58:19   --- DOWN ---
2026-07-06 13:58:19     Price:   LAST=0.3500  BID=0.3500  ASK=0.3600
2026-07-06 13:58:19     VWAP 60s: 0.4004  |  Deviation: -12.60%
2026-07-06 13:58:19     Z-Score 5s: -0.79  |  Momentum 90s: -16.00%
2026-07-06 13:58:19     Trades: 569  |  Volume: 15771
2026-07-06 13:58:19     Buy Vol: 14553  |  Sell Vol: 1218
2026-07-06 13:58:19   Win Rate: 0.7%
2026-07-06 13:58:19   Config: min_price=0.6, max_price=0.9, min_elapsed=60s, dev_range=0.1%-100%, no_entry_cutoff=30s
2026-07-06 13:58:19   BTC Chainlink: $62,931.47 (anchor: $62,922.00)
2026-07-06 13:58:19   BTC Deviation: $+9.47 (+0.0150%)
2026-07-06 13:58:19 ============================================================
2026-07-06 13:58:19 MAIN ENTRY FAILED: Could not get price
2026-07-06 13:58:19 ============================================================
2026-07-06 13:58:19 TRADE SIGNAL TRIGGERED
2026-07-06 13:58:19   Time: 2026-07-06T13:58:19.476068
2026-07-06 13:58:19   Market: btc-updown-5m-1783320900
2026-07-06 13:58:19   Signal: BUY_UP
2026-07-06 13:58:19   Token: UP
2026-07-06 13:58:19   Elapsed: 199s | Remaining: 101s | Bin: 2
2026-07-06 13:58:19   --- UP ---
2026-07-06 13:58:19     Price:   LAST=0.6600  BID=0.6400  ASK=0.6500
2026-07-06 13:58:19     VWAP 60s: 0.5944  |  Deviation: +11.04%
2026-07-06 13:58:19     Z-Score 5s: +1.51  |  Momentum 90s: +11.06%
2026-07-06 13:58:19     Trades: 587  |  Volume: 13560
2026-07-06 13:58:19     Buy Vol: 12524  |  Sell Vol: 1037
2026-07-06 13:58:19   --- DOWN ---
2026-07-06 13:58:19     Price:   LAST=0.3600  BID=0.3500  ASK=0.3600
2026-07-06 13:58:19     VWAP 60s: 0.4003  |  Deviation: -10.08%
2026-07-06 13:58:19     Z-Score 5s: -0.45  |  Momentum 90s: -13.60%
2026-07-06 13:58:19     Trades: 571  |  Volume: 15784
2026-07-06 13:58:19     Buy Vol: 14566  |  Sell Vol: 1218
2026-07-06 13:58:19   Win Rate: 0.7%
2026-07-06 13:58:19   Config: min_price=0.6, max_price=0.9, min_elapsed=60s, dev_range=0.1%-100%, no_entry_cutoff=30s
2026-07-06 13:58:19   BTC Chainlink: $62,931.47 (anchor: $62,922.00)
2026-07-06 13:58:19   BTC Deviation: $+9.47 (+0.0150%)
2026-07-06 13:58:19 ============================================================
2026-07-06 13:58:19 MAIN ENTRY FAILED: Could not get price
2026-07-06 13:58:19 ============================================================
2026-07-06 13:58:19 TRADE SIGNAL TRIGGERED
2026-07-06 13:58:19   Time: 2026-07-06T13:58:19.727911
2026-07-06 13:58:19   Market: btc-updown-5m-1783320900
2026-07-06 13:58:19   Signal: BUY_UP
2026-07-06 13:58:19   Token: UP
2026-07-06 13:58:19   Elapsed: 200s | Remaining: 100s | Bin: 2
2026-07-06 13:58:19   --- UP ---
2026-07-06 13:58:19     Price:   LAST=0.6600  BID=0.6400  ASK=0.6500
2026-07-06 13:58:19     VWAP 60s: 0.5944  |  Deviation: +11.04%
2026-07-06 13:58:19     Z-Score 5s: +1.39  |  Momentum 90s: +10.92%
2026-07-06 13:58:19     Trades: 587  |  Volume: 13560
2026-07-06 13:58:19     Buy Vol: 12524  |  Sell Vol: 1037
2026-07-06 13:58:19   --- DOWN ---
2026-07-06 13:58:19     Price:   LAST=0.3600  BID=0.3500  ASK=0.3600
2026-07-06 13:58:19     VWAP 60s: 0.4003  |  Deviation: -10.08%
2026-07-06 13:58:19     Z-Score 5s: -0.31  |  Momentum 90s: -13.10%
2026-07-06 13:58:19     Trades: 571  |  Volume: 15784
2026-07-06 13:58:19     Buy Vol: 14566  |  Sell Vol: 1218
2026-07-06 13:58:19   Win Rate: 0.7%
2026-07-06 13:58:19   Config: min_price=0.6, max_price=0.9, min_elapsed=60s, dev_range=0.1%-100%, no_entry_cutoff=30s
2026-07-06 13:58:19   BTC Chainlink: $62,931.47 (anchor: $62,922.00)
2026-07-06 13:58:19   BTC Deviation: $+9.47 (+0.0150%)
2026-07-06 13:58:19 ============================================================
2026-07-06 13:58:19 MAIN ENTRY FAILED: Could not get price
2026-07-06 13:58:19 ============================================================
2026-07-06 13:58:19 TRADE SIGNAL TRIGGERED
2026-07-06 13:58:19   Time: 2026-07-06T13:58:19.984207
2026-07-06 13:58:19   Market: btc-updown-5m-1783320900
2026-07-06 13:58:19   Signal: BUY_UP
2026-07-06 13:58:19   Token: UP
2026-07-06 13:58:19   Elapsed: 200s | Remaining: 100s | Bin: 2
2026-07-06 13:58:19   --- UP ---
2026-07-06 13:58:19     Price:   LAST=0.6600  BID=0.6400  ASK=0.6500
2026-07-06 13:58:19     VWAP 60s: 0.5944  |  Deviation: +11.04%
2026-07-06 13:58:19     Z-Score 5s: +1.03  |  Momentum 90s: +10.31%
2026-07-06 13:58:19     Trades: 587  |  Volume: 13560
2026-07-06 13:58:19     Buy Vol: 12524  |  Sell Vol: 1037
2026-07-06 13:58:19   --- DOWN ---
2026-07-06 13:58:19     Price:   LAST=0.3600  BID=0.3500  ASK=0.3600
2026-07-06 13:58:19     VWAP 60s: 0.4001  |  Deviation: -10.02%
2026-07-06 13:58:19     Z-Score 5s: -0.27  |  Momentum 90s: -13.10%
2026-07-06 13:58:19     Trades: 574  |  Volume: 15817
2026-07-06 13:58:19     Buy Vol: 14599  |  Sell Vol: 1218
2026-07-06 13:58:19   Win Rate: 0.7%
2026-07-06 13:58:19   Config: min_price=0.6, max_price=0.9, min_elapsed=60s, dev_range=0.1%-100%, no_entry_cutoff=30s
2026-07-06 13:58:19   BTC Chainlink: $62,931.47 (anchor: $62,922.00)
2026-07-06 13:58:19   BTC Deviation: $+9.47 (+0.0150%)
2026-07-06 13:58:19 ============================================================
2026-07-06 13:58:19 MAIN ENTRY FAILED: Could not get price
2026-07-06 13:58:20 ============================================================
2026-07-06 13:58:20 TRADE SIGNAL TRIGGERED
2026-07-06 13:58:20   Time: 2026-07-06T13:58:20.238907
2026-07-06 13:58:20   Market: btc-updown-5m-1783320900
2026-07-06 13:58:20   Signal: BUY_UP
2026-07-06 13:58:20   Token: UP
2026-07-06 13:58:20   Elapsed: 200s | Remaining: 100s | Bin: 2
2026-07-06 13:58:20   --- UP ---
2026-07-06 13:58:20     Price:   LAST=0.6500  BID=0.6400  ASK=0.6500
2026-07-06 13:58:20     VWAP 60s: 0.5944  |  Deviation: +9.35%
2026-07-06 13:58:20     Z-Score 5s: +0.66  |  Momentum 90s: +8.64%
2026-07-06 13:58:20     Trades: 588  |  Volume: 13562
2026-07-06 13:58:20     Buy Vol: 12526  |  Sell Vol: 1037
2026-07-06 13:58:20   --- DOWN ---
2026-07-06 13:58:20     Price:   LAST=0.3600  BID=0.3500  ASK=0.3600
2026-07-06 13:58:20     VWAP 60s: 0.4000  |  Deviation: -10.00%
2026-07-06 13:58:20     Z-Score 5s: -0.26  |  Momentum 90s: -13.10%
2026-07-06 13:58:20     Trades: 575  |  Volume: 15827
2026-07-06 13:58:20     Buy Vol: 14609  |  Sell Vol: 1218
2026-07-06 13:58:20   Win Rate: 0.7%
2026-07-06 13:58:20   Config: min_price=0.6, max_price=0.9, min_elapsed=60s, dev_range=0.1%-100%, no_entry_cutoff=30s
2026-07-06 13:58:20   BTC Chainlink: $62,931.78 (anchor: $62,922.00)
2026-07-06 13:58:20   BTC Deviation: $+9.78 (+0.0155%)
2026-07-06 13:58:20 ============================================================
2026-07-06 13:58:20 MAIN ENTRY FAILED: Could not get price
2026-07-06 13:58:20 ============================================================
2026-07-06 13:58:20 TRADE SIGNAL TRIGGERED
2026-07-06 13:58:20   Time: 2026-07-06T13:58:20.491509
2026-07-06 13:58:20   Market: btc-updown-5m-1783320900
2026-07-06 13:58:20   Signal: BUY_UP
2026-07-06 13:58:20   Token: UP
2026-07-06 13:58:20   Elapsed: 200s | Remaining: 100s | Bin: 2
2026-07-06 13:58:20   --- UP ---
2026-07-06 13:58:20     Price:   LAST=0.6400  BID=0.6400  ASK=0.6500
2026-07-06 13:58:20     VWAP 60s: 0.5945  |  Deviation: +7.66%
2026-07-06 13:58:20     Z-Score 5s: +0.31  |  Momentum 90s: +6.96%
2026-07-06 13:58:20     Trades: 589  |  Volume: 13564
2026-07-06 13:58:20     Buy Vol: 12526  |  Sell Vol: 1038
2026-07-06 13:58:20   --- DOWN ---
2026-07-06 13:58:20     Price:   LAST=0.3600  BID=0.3500  ASK=0.3600
2026-07-06 13:58:20     VWAP 60s: 0.4000  |  Deviation: -10.00%
2026-07-06 13:58:20     Z-Score 5s: -0.26  |  Momentum 90s: -12.20%
2026-07-06 13:58:20     Trades: 575  |  Volume: 15827
2026-07-06 13:58:20     Buy Vol: 14609  |  Sell Vol: 1218
2026-07-06 13:58:20   Win Rate: 0.6%
2026-07-06 13:58:20   Config: min_price=0.6, max_price=0.9, min_elapsed=60s, dev_range=0.1%-100%, no_entry_cutoff=30s
2026-07-06 13:58:20   BTC Chainlink: $62,931.78 (anchor: $62,922.00)
2026-07-06 13:58:20   BTC Deviation: $+9.78 (+0.0155%)
2026-07-06 13:58:20 ============================================================
2026-07-06 13:58:20 MAIN ENTRY FAILED: Could not get price
2026-07-06 13:58:20 ============================================================
2026-07-06 13:58:20 TRADE SIGNAL TRIGGERED
2026-07-06 13:58:20   Time: 2026-07-06T13:58:20.743761
2026-07-06 13:58:20   Market: btc-updown-5m-1783320900
2026-07-06 13:58:20   Signal: BUY_UP
2026-07-06 13:58:20   Token: UP
2026-07-06 13:58:20   Elapsed: 201s | Remaining: 99s | Bin: 2
2026-07-06 13:58:20   --- UP ---
2026-07-06 13:58:20     Price:   LAST=0.6200  BID=0.6200  ASK=0.6300
2026-07-06 13:58:20     VWAP 60s: 0.5945  |  Deviation: +4.29%
2026-07-06 13:58:20     Z-Score 5s: -0.66  |  Momentum 90s: +3.33%
2026-07-06 13:58:20     Trades: 591  |  Volume: 13567
2026-07-06 13:58:20     Buy Vol: 12527  |  Sell Vol: 1040
2026-07-06 13:58:20   --- DOWN ---
2026-07-06 13:58:20     Price:   LAST=0.3800  BID=0.3700  ASK=0.3800
2026-07-06 13:58:20     VWAP 60s: 0.3993  |  Deviation: -4.83%
2026-07-06 13:58:20     Z-Score 5s: +1.24  |  Momentum 90s: -5.94%
2026-07-06 13:58:20     Trades: 577  |  Volume: 15964
2026-07-06 13:58:20     Buy Vol: 14746  |  Sell Vol: 1218
2026-07-06 13:58:20   Win Rate: 0.6%
2026-07-06 13:58:20   Config: min_price=0.6, max_price=0.9, min_elapsed=60s, dev_range=0.1%-100%, no_entry_cutoff=30s
2026-07-06 13:58:20   BTC Chainlink: $62,931.78 (anchor: $62,922.00)
2026-07-06 13:58:20   BTC Deviation: $+9.78 (+0.0155%)
2026-07-06 13:58:20 ============================================================
2026-07-06 13:58:20 MAIN ENTRY FAILED: Could not get price
2026-07-06 13:58:20 ============================================================
2026-07-06 13:58:20 TRADE SIGNAL TRIGGERED
2026-07-06 13:58:20   Time: 2026-07-06T13:58:20.997250
2026-07-06 13:58:20   Market: btc-updown-5m-1783320900
2026-07-06 13:58:20   Signal: BUY_UP
2026-07-06 13:58:20   Token: UP
2026-07-06 13:58:20   Elapsed: 201s | Remaining: 99s | Bin: 2
2026-07-06 13:58:20   --- UP ---
2026-07-06 13:58:20     Price:   LAST=0.6200  BID=0.6200  ASK=0.6300
2026-07-06 13:58:20     VWAP 60s: 0.5945  |  Deviation: +4.29%
2026-07-06 13:58:20     Z-Score 5s: -0.66  |  Momentum 90s: +2.20%
2026-07-06 13:58:20     Trades: 591  |  Volume: 13567
2026-07-06 13:58:20     Buy Vol: 12527  |  Sell Vol: 1040
2026-07-06 13:58:20   --- DOWN ---
2026-07-06 13:58:20     Price:   LAST=0.3800  BID=0.3700  ASK=0.3800
2026-07-06 13:58:20     VWAP 60s: 0.3993  |  Deviation: -4.83%
2026-07-06 13:58:20     Z-Score 5s: +1.24  |  Momentum 90s: -5.00%
2026-07-06 13:58:20     Trades: 577  |  Volume: 15964
2026-07-06 13:58:20     Buy Vol: 14746  |  Sell Vol: 1218
2026-07-06 13:58:20   Win Rate: 0.6%
2026-07-06 13:58:20   Config: min_price=0.6, max_price=0.9, min_elapsed=60s, dev_range=0.1%-100%, no_entry_cutoff=30s
2026-07-06 13:58:20   BTC Chainlink: $62,931.78 (anchor: $62,922.00)
2026-07-06 13:58:20   BTC Deviation: $+9.78 (+0.0155%)
2026-07-06 13:58:20 ============================================================
2026-07-06 13:58:20 MAIN ENTRY FAILED: Could not get price
2026-07-06 13:58:21 ============================================================
2026-07-06 13:58:21 TRADE SIGNAL TRIGGERED
2026-07-06 13:58:21   Time: 2026-07-06T13:58:21.251412
2026-07-06 13:58:21   Market: btc-updown-5m-1783320900
2026-07-06 13:58:21   Signal: BUY_UP
2026-07-06 13:58:21   Token: UP
2026-07-06 13:58:21   Elapsed: 201s | Remaining: 99s | Bin: 2
2026-07-06 13:58:21   --- UP ---
2026-07-06 13:58:21     Price:   LAST=0.6200  BID=0.6200  ASK=0.6300
2026-07-06 13:58:21     VWAP 60s: 0.5945  |  Deviation: +4.29%
2026-07-06 13:58:21     Z-Score 5s: -0.66  |  Momentum 90s: +2.06%
2026-07-06 13:58:21     Trades: 591  |  Volume: 13567
2026-07-06 13:58:21     Buy Vol: 12527  |  Sell Vol: 1040
2026-07-06 13:58:21   --- DOWN ---
2026-07-06 13:58:21     Price:   LAST=0.3800  BID=0.3700  ASK=0.3800
2026-07-06 13:58:21     VWAP 60s: 0.3992  |  Deviation: -4.82%
2026-07-06 13:58:21     Z-Score 5s: +1.14  |  Momentum 90s: -5.00%
2026-07-06 13:58:21     Trades: 578  |  Volume: 15970
2026-07-06 13:58:21     Buy Vol: 14752  |  Sell Vol: 1218
2026-07-06 13:58:21   Win Rate: 0.6%
2026-07-06 13:58:21   Config: min_price=0.6, max_price=0.9, min_elapsed=60s, dev_range=0.1%-100%, no_entry_cutoff=30s
2026-07-06 13:58:21   BTC Chainlink: $62,931.79 (anchor: $62,922.00)
2026-07-06 13:58:21   BTC Deviation: $+9.79 (+0.0156%)
2026-07-06 13:58:21 ============================================================
2026-07-06 13:58:21 MAIN ENTRY FAILED: Could not get price
2026-07-06 13:58:21 ============================================================
2026-07-06 13:58:21 TRADE SIGNAL TRIGGERED
2026-07-06 13:58:21   Time: 2026-07-06T13:58:21.512453
2026-07-06 13:58:21   Market: btc-updown-5m-1783320900
2026-07-06 13:58:21   Signal: BUY_UP
2026-07-06 13:58:21   Token: UP
2026-07-06 13:58:21   Elapsed: 202s | Remaining: 98s | Bin: 2
2026-07-06 13:58:21   --- UP ---
2026-07-06 13:58:21     Price:   LAST=0.6300  BID=0.6200  ASK=0.6300
2026-07-06 13:58:21     VWAP 60s: 0.5946  |  Deviation: +5.96%
2026-07-06 13:58:21     Z-Score 5s: -0.22  |  Momentum 90s: +3.28%
2026-07-06 13:58:21     Trades: 593  |  Volume: 13574
2026-07-06 13:58:21     Buy Vol: 12535  |  Sell Vol: 1040
2026-07-06 13:58:21   --- DOWN ---
2026-07-06 13:58:21     Price:   LAST=0.3800  BID=0.3700  ASK=0.3800
2026-07-06 13:58:21     VWAP 60s: 0.3992  |  Deviation: -4.81%
2026-07-06 13:58:21     Z-Score 5s: +1.14  |  Momentum 90s: -5.00%
2026-07-06 13:58:21     Trades: 578  |  Volume: 15970
2026-07-06 13:58:21     Buy Vol: 14752  |  Sell Vol: 1218
2026-07-06 13:58:21   Win Rate: 0.6%
2026-07-06 13:58:21   Config: min_price=0.6, max_price=0.9, min_elapsed=60s, dev_range=0.1%-100%, no_entry_cutoff=30s
2026-07-06 13:58:21   BTC Chainlink: $62,931.79 (anchor: $62,922.00)
2026-07-06 13:58:21   BTC Deviation: $+9.79 (+0.0156%)
2026-07-06 13:58:21 ============================================================
2026-07-06 13:58:21 MAIN ENTRY FAILED: Could not get price
2026-07-06 13:58:21 ============================================================
2026-07-06 13:58:21 TRADE SIGNAL TRIGGERED
2026-07-06 13:58:21   Time: 2026-07-06T13:58:21.772548
2026-07-06 13:58:21   Market: btc-updown-5m-1783320900
2026-07-06 13:58:21   Signal: BUY_UP
2026-07-06 13:58:21   Token: UP
2026-07-06 13:58:21   Elapsed: 202s | Remaining: 98s | Bin: 2
2026-07-06 13:58:21   --- UP ---
2026-07-06 13:58:21     Price:   LAST=0.6300  BID=0.6200  ASK=0.6300
2026-07-06 13:58:21     VWAP 60s: 0.5946  |  Deviation: +5.96%
2026-07-06 13:58:21     Z-Score 5s: -0.39  |  Momentum 90s: +3.28%
2026-07-06 13:58:21     Trades: 593  |  Volume: 13574
2026-07-06 13:58:21     Buy Vol: 12535  |  Sell Vol: 1040
2026-07-06 13:58:21   --- DOWN ---
2026-07-06 13:58:21     Price:   LAST=0.3800  BID=0.3700  ASK=0.3800
2026-07-06 13:58:21     VWAP 60s: 0.3991  |  Deviation: -4.80%
2026-07-06 13:58:21     Z-Score 5s: +0.90  |  Momentum 90s: -5.00%
2026-07-06 13:58:21     Trades: 582  |  Volume: 15989
2026-07-06 13:58:21     Buy Vol: 14771  |  Sell Vol: 1218
2026-07-06 13:58:21   Win Rate: 0.6%
2026-07-06 13:58:21   Config: min_price=0.6, max_price=0.9, min_elapsed=60s, dev_range=0.1%-100%, no_entry_cutoff=30s
2026-07-06 13:58:21   BTC Chainlink: $62,931.79 (anchor: $62,922.00)
2026-07-06 13:58:21   BTC Deviation: $+9.79 (+0.0156%)
2026-07-06 13:58:21 ============================================================
2026-07-06 13:58:21 MAIN ENTRY FAILED: Could not get price
2026-07-06 13:58:22 ============================================================
2026-07-06 13:58:22 TRADE SIGNAL TRIGGERED
2026-07-06 13:58:22   Time: 2026-07-06T13:58:22.027567
2026-07-06 13:58:22   Market: btc-updown-5m-1783320900
2026-07-06 13:58:22   Signal: BUY_UP
2026-07-06 13:58:22   Token: UP
2026-07-06 13:58:22   Elapsed: 202s | Remaining: 98s | Bin: 2
2026-07-06 13:58:22   --- UP ---
2026-07-06 13:58:22     Price:   LAST=0.6000  BID=0.5800  ASK=0.5900
2026-07-06 13:58:22     VWAP 60s: 0.5947  |  Deviation: +0.89%
2026-07-06 13:58:22     Z-Score 5s: -1.71  |  Momentum 90s: -1.64%
2026-07-06 13:58:22     Trades: 595  |  Volume: 13591
2026-07-06 13:58:22     Buy Vol: 12551  |  Sell Vol: 1040
2026-07-06 13:58:22   --- DOWN ---
2026-07-06 13:58:22     Price:   LAST=0.4100  BID=0.4100  ASK=0.4200
2026-07-06 13:58:22     VWAP 60s: 0.3990  |  Deviation: +2.75%
2026-07-06 13:58:22     Z-Score 5s: +2.36  |  Momentum 90s: +2.14%
2026-07-06 13:58:22     Trades: 585  |  Volume: 16077
2026-07-06 13:58:22     Buy Vol: 14859  |  Sell Vol: 1218
2026-07-06 13:58:22   Win Rate: 0.6%
2026-07-06 13:58:22   Config: min_price=0.6, max_price=0.9, min_elapsed=60s, dev_range=0.1%-100%, no_entry_cutoff=30s
2026-07-06 13:58:22   BTC Chainlink: $62,931.79 (anchor: $62,922.00)
2026-07-06 13:58:22   BTC Deviation: $+9.79 (+0.0156%)
2026-07-06 13:58:22 ============================================================
2026-07-06 13:58:22 MAIN ENTRY FAILED: Could not get price
2026-07-06 13:58:27 ============================================================
2026-07-06 13:58:27 TRADE SIGNAL TRIGGERED
2026-07-06 13:58:27   Time: 2026-07-06T13:58:27.902301
2026-07-06 13:58:27   Market: btc-updown-5m-1783320900
2026-07-06 13:58:27   Signal: BUY_UP
2026-07-06 13:58:27   Token: UP
2026-07-06 13:58:27   Elapsed: 208s | Remaining: 92s | Bin: 2
2026-07-06 13:58:27   --- UP ---
2026-07-06 13:58:27     Price:   LAST=0.6000  BID=0.5900  ASK=0.6000
2026-07-06 13:58:27     VWAP 60s: 0.5905  |  Deviation: +1.60%
2026-07-06 13:58:27     Z-Score 5s: +1.90  |  Momentum 90s: +5.10%
2026-07-06 13:58:27     Trades: 631  |  Volume: 14419
2026-07-06 13:58:27     Buy Vol: 13349  |  Sell Vol: 1070
2026-07-06 13:58:27   --- DOWN ---
2026-07-06 13:58:27     Price:   LAST=0.4200  BID=0.4000  ASK=0.4100
2026-07-06 13:58:27     VWAP 60s: 0.3993  |  Deviation: +5.18%
2026-07-06 13:58:27     Z-Score 5s: -1.33  |  Momentum 90s: -5.08%
2026-07-06 13:58:27     Trades: 597  |  Volume: 16233
2026-07-06 13:58:27     Buy Vol: 14972  |  Sell Vol: 1261
2026-07-06 13:58:27   Win Rate: 0.6%
2026-07-06 13:58:27   Config: min_price=0.6, max_price=0.9, min_elapsed=60s, dev_range=0.1%-100%, no_entry_cutoff=30s
2026-07-06 13:58:27   BTC Chainlink: $62,931.32 (anchor: $62,922.00)
2026-07-06 13:58:27   BTC Deviation: $+9.32 (+0.0148%)
2026-07-06 13:58:27 ============================================================
2026-07-06 13:58:27 MAIN ENTRY FAILED: Could not get price
2026-07-06 13:58:28 ============================================================
2026-07-06 13:58:28 TRADE SIGNAL TRIGGERED
2026-07-06 13:58:28   Time: 2026-07-06T13:58:28.154844
2026-07-06 13:58:28   Market: btc-updown-5m-1783320900
2026-07-06 13:58:28   Signal: BUY_UP
2026-07-06 13:58:28   Token: UP
2026-07-06 13:58:28   Elapsed: 208s | Remaining: 92s | Bin: 2
2026-07-06 13:58:28   --- UP ---
2026-07-06 13:58:28     Price:   LAST=0.6100  BID=0.6000  ASK=0.6100
2026-07-06 13:58:28     VWAP 60s: 0.5906  |  Deviation: +3.29%
2026-07-06 13:58:28     Z-Score 5s: +2.04  |  Momentum 90s: +6.55%
2026-07-06 13:58:28     Trades: 634  |  Volume: 14431
2026-07-06 13:58:28     Buy Vol: 13361  |  Sell Vol: 1070
2026-07-06 13:58:28   --- DOWN ---
2026-07-06 13:58:28     Price:   LAST=0.4200  BID=0.3900  ASK=0.4000
2026-07-06 13:58:28     VWAP 60s: 0.3993  |  Deviation: +5.18%
2026-07-06 13:58:28     Z-Score 5s: -1.54  |  Momentum 90s: -5.08%
2026-07-06 13:58:28     Trades: 597  |  Volume: 16233
2026-07-06 13:58:28     Buy Vol: 14972  |  Sell Vol: 1261
2026-07-06 13:58:28   Win Rate: 0.6%
2026-07-06 13:58:28   Config: min_price=0.6, max_price=0.9, min_elapsed=60s, dev_range=0.1%-100%, no_entry_cutoff=30s
2026-07-06 13:58:28   BTC Chainlink: $62,931.32 (anchor: $62,922.00)
2026-07-06 13:58:28   BTC Deviation: $+9.32 (+0.0148%)
2026-07-06 13:58:28 ============================================================
2026-07-06 13:58:28 MAIN ENTRY FAILED: Could not get price
2026-07-06 13:58:28 ============================================================
2026-07-06 13:58:28 TRADE SIGNAL TRIGGERED
2026-07-06 13:58:28   Time: 2026-07-06T13:58:28.409324
2026-07-06 13:58:28   Market: btc-updown-5m-1783320900
2026-07-06 13:58:28   Signal: BUY_UP
2026-07-06 13:58:28   Token: UP
2026-07-06 13:58:28   Elapsed: 208s | Remaining: 92s | Bin: 2
2026-07-06 13:58:28   --- UP ---
2026-07-06 13:58:28     Price:   LAST=0.6100  BID=0.6100  ASK=0.6200
2026-07-06 13:58:28     VWAP 60s: 0.5906  |  Deviation: +3.29%
2026-07-06 13:58:28     Z-Score 5s: +2.04  |  Momentum 90s: +6.68%
2026-07-06 13:58:28     Trades: 634  |  Volume: 14431
2026-07-06 13:58:28     Buy Vol: 13361  |  Sell Vol: 1070
2026-07-06 13:58:28   --- DOWN ---
2026-07-06 13:58:28     Price:   LAST=0.4200  BID=0.3800  ASK=0.3900
2026-07-06 13:58:28     VWAP 60s: 0.3975  |  Deviation: +5.65%
2026-07-06 13:58:28     Z-Score 5s: -1.53  |  Momentum 90s: -5.26%
2026-07-06 13:58:28     Trades: 597  |  Volume: 16233
2026-07-06 13:58:28     Buy Vol: 14972  |  Sell Vol: 1261
2026-07-06 13:58:28   Win Rate: 0.6%
2026-07-06 13:58:28   Config: min_price=0.6, max_price=0.9, min_elapsed=60s, dev_range=0.1%-100%, no_entry_cutoff=30s
2026-07-06 13:58:28   BTC Chainlink: $62,931.32 (anchor: $62,922.00)
2026-07-06 13:58:28   BTC Deviation: $+9.32 (+0.0148%)
2026-07-06 13:58:28 ============================================================
2026-07-06 13:58:28 MAIN ENTRY FAILED: Could not get price
2026-07-06 13:58:28 ============================================================
2026-07-06 13:58:28 TRADE SIGNAL TRIGGERED
2026-07-06 13:58:28   Time: 2026-07-06T13:58:28.666401
2026-07-06 13:58:28   Market: btc-updown-5m-1783320900
2026-07-06 13:58:28   Signal: BUY_UP
2026-07-06 13:58:28   Token: UP
2026-07-06 13:58:28   Elapsed: 209s | Remaining: 91s | Bin: 2
2026-07-06 13:58:28   --- UP ---
2026-07-06 13:58:28     Price:   LAST=0.6200  BID=0.6100  ASK=0.6200
2026-07-06 13:58:28     VWAP 60s: 0.5908  |  Deviation: +4.95%
2026-07-06 13:58:28     Z-Score 5s: +2.06  |  Momentum 90s: +7.90%
2026-07-06 13:58:28     Trades: 637  |  Volume: 14447
2026-07-06 13:58:28     Buy Vol: 13377  |  Sell Vol: 1070
2026-07-06 13:58:28   --- DOWN ---
2026-07-06 13:58:28     Price:   LAST=0.4200  BID=0.3800  ASK=0.3900
2026-07-06 13:58:28     VWAP 60s: 0.3975  |  Deviation: +5.65%
2026-07-06 13:58:28     Z-Score 5s: -1.40  |  Momentum 90s: -3.23%
2026-07-06 13:58:28     Trades: 597  |  Volume: 16233
2026-07-06 13:58:28     Buy Vol: 14972  |  Sell Vol: 1261
2026-07-06 13:58:28   Win Rate: 0.6%
2026-07-06 13:58:28   Config: min_price=0.6, max_price=0.9, min_elapsed=60s, dev_range=0.1%-100%, no_entry_cutoff=30s
2026-07-06 13:58:28   BTC Chainlink: $62,930.97 (anchor: $62,922.00)
2026-07-06 13:58:28   BTC Deviation: $+8.97 (+0.0143%)
2026-07-06 13:58:28 ============================================================
2026-07-06 13:58:28 MAIN ENTRY FAILED: Could not get price
2026-07-06 13:58:28 ============================================================
2026-07-06 13:58:28 TRADE SIGNAL TRIGGERED
2026-07-06 13:58:28   Time: 2026-07-06T13:58:28.919518
2026-07-06 13:58:28   Market: btc-updown-5m-1783320900
2026-07-06 13:58:28   Signal: BUY_UP
2026-07-06 13:58:28   Token: UP
2026-07-06 13:58:28   Elapsed: 209s | Remaining: 91s | Bin: 2
2026-07-06 13:58:28   --- UP ---
2026-07-06 13:58:28     Price:   LAST=0.6200  BID=0.6100  ASK=0.6200
2026-07-06 13:58:28     VWAP 60s: 0.5910  |  Deviation: +4.91%
2026-07-06 13:58:28     Z-Score 5s: +1.89  |  Momentum 90s: +7.36%
2026-07-06 13:58:28     Trades: 638  |  Volume: 14457
2026-07-06 13:58:28     Buy Vol: 13387  |  Sell Vol: 1070
2026-07-06 13:58:28   --- DOWN ---
2026-07-06 13:58:28     Price:   LAST=0.4200  BID=0.3800  ASK=0.3900
2026-07-06 13:58:28     VWAP 60s: 0.3975  |  Deviation: +5.65%
2026-07-06 13:58:28     Z-Score 5s: -1.40  |  Momentum 90s: -3.23%
2026-07-06 13:58:28     Trades: 597  |  Volume: 16233
2026-07-06 13:58:28     Buy Vol: 14972  |  Sell Vol: 1261
2026-07-06 13:58:28   Win Rate: 0.6%
2026-07-06 13:58:28   Config: min_price=0.6, max_price=0.9, min_elapsed=60s, dev_range=0.1%-100%, no_entry_cutoff=30s
2026-07-06 13:58:28   BTC Chainlink: $62,930.97 (anchor: $62,922.00)
2026-07-06 13:58:28   BTC Deviation: $+8.97 (+0.0143%)
2026-07-06 13:58:28 ============================================================
2026-07-06 13:58:28 MAIN ENTRY FAILED: Could not get price
2026-07-06 13:58:29 ============================================================
2026-07-06 13:58:29 TRADE SIGNAL TRIGGERED
2026-07-06 13:58:29   Time: 2026-07-06T13:58:29.176310
2026-07-06 13:58:29   Market: btc-updown-5m-1783320900
2026-07-06 13:58:29   Signal: BUY_UP
2026-07-06 13:58:29   Token: UP
2026-07-06 13:58:29   Elapsed: 209s | Remaining: 91s | Bin: 2
2026-07-06 13:58:29   --- UP ---
2026-07-06 13:58:29     Price:   LAST=0.6100  BID=0.6100  ASK=0.6200
2026-07-06 13:58:29     VWAP 60s: 0.5910  |  Deviation: +3.21%
2026-07-06 13:58:29     Z-Score 5s: +1.33  |  Momentum 90s: +5.63%
2026-07-06 13:58:29     Trades: 639  |  Volume: 14467
2026-07-06 13:58:29     Buy Vol: 13387  |  Sell Vol: 1080
2026-07-06 13:58:29   --- DOWN ---
2026-07-06 13:58:29     Price:   LAST=0.4200  BID=0.3800  ASK=0.3900
2026-07-06 13:58:29     VWAP 60s: 0.3975  |  Deviation: +5.65%
2026-07-06 13:58:29     Z-Score 5s: -1.40  |  Momentum 90s: -3.23%
2026-07-06 13:58:29     Trades: 597  |  Volume: 16233
2026-07-06 13:58:29     Buy Vol: 14972  |  Sell Vol: 1261
2026-07-06 13:58:29   Win Rate: 0.6%
2026-07-06 13:58:29   Config: min_price=0.6, max_price=0.9, min_elapsed=60s, dev_range=0.1%-100%, no_entry_cutoff=30s
2026-07-06 13:58:29   BTC Chainlink: $62,930.96 (anchor: $62,922.00)
2026-07-06 13:58:29   BTC Deviation: $+8.96 (+0.0142%)
2026-07-06 13:58:29 ============================================================
2026-07-06 13:58:29 MAIN ENTRY FAILED: Could not get price
2026-07-06 13:58:29 ============================================================
2026-07-06 13:58:29 TRADE SIGNAL TRIGGERED
2026-07-06 13:58:29   Time: 2026-07-06T13:58:29.429407
2026-07-06 13:58:29   Market: btc-updown-5m-1783320900
2026-07-06 13:58:29   Signal: BUY_UP
2026-07-06 13:58:29   Token: UP
2026-07-06 13:58:29   Elapsed: 209s | Remaining: 91s | Bin: 2
2026-07-06 13:58:29   --- UP ---
2026-07-06 13:58:29     Price:   LAST=0.6200  BID=0.6100  ASK=0.6200
2026-07-06 13:58:29     VWAP 60s: 0.5911  |  Deviation: +4.89%
2026-07-06 13:58:29     Z-Score 5s: +1.71  |  Momentum 90s: +6.68%
2026-07-06 13:58:29     Trades: 640  |  Volume: 14473
2026-07-06 13:58:29     Buy Vol: 13393  |  Sell Vol: 1080
2026-07-06 13:58:29   --- DOWN ---
2026-07-06 13:58:29     Price:   LAST=0.4200  BID=0.3800  ASK=0.3900
2026-07-06 13:58:29     VWAP 60s: 0.3975  |  Deviation: +5.65%
2026-07-06 13:58:29     Z-Score 5s: -1.61  |  Momentum 90s: -0.79%
2026-07-06 13:58:29     Trades: 597  |  Volume: 16233
2026-07-06 13:58:29     Buy Vol: 14972  |  Sell Vol: 1261
2026-07-06 13:58:29   Win Rate: 0.6%
2026-07-06 13:58:29   Config: min_price=0.6, max_price=0.9, min_elapsed=60s, dev_range=0.1%-100%, no_entry_cutoff=30s
2026-07-06 13:58:29   BTC Chainlink: $62,930.96 (anchor: $62,922.00)
2026-07-06 13:58:29   BTC Deviation: $+8.96 (+0.0142%)
2026-07-06 13:58:29 ============================================================
2026-07-06 13:58:29 MAIN ENTRY FAILED: Could not get price
2026-07-06 13:58:29 ============================================================
2026-07-06 13:58:29 TRADE SIGNAL TRIGGERED
2026-07-06 13:58:29   Time: 2026-07-06T13:58:29.682980
2026-07-06 13:58:29   Market: btc-updown-5m-1783320900
2026-07-06 13:58:29   Signal: BUY_UP
2026-07-06 13:58:29   Token: UP
2026-07-06 13:58:29   Elapsed: 210s | Remaining: 90s | Bin: 2
2026-07-06 13:58:29   --- UP ---
2026-07-06 13:58:29     Price:   LAST=0.6200  BID=0.6100  ASK=0.6200
2026-07-06 13:58:29     VWAP 60s: 0.5911  |  Deviation: +4.89%
2026-07-06 13:58:29     Z-Score 5s: +1.69  |  Momentum 90s: +6.68%
2026-07-06 13:58:29     Trades: 640  |  Volume: 14473
2026-07-06 13:58:29     Buy Vol: 13393  |  Sell Vol: 1080
2026-07-06 13:58:29   --- DOWN ---
2026-07-06 13:58:29     Price:   LAST=0.4200  BID=0.3800  ASK=0.3900
2026-07-06 13:58:29     VWAP 60s: 0.3975  |  Deviation: +5.65%
2026-07-06 13:58:29     Z-Score 5s: -1.61  |  Momentum 90s: -0.79%
2026-07-06 13:58:29     Trades: 597  |  Volume: 16233
2026-07-06 13:58:29     Buy Vol: 14972  |  Sell Vol: 1261
2026-07-06 13:58:29   Win Rate: 0.6%
2026-07-06 13:58:29   Config: min_price=0.6, max_price=0.9, min_elapsed=60s, dev_range=0.1%-100%, no_entry_cutoff=30s
2026-07-06 13:58:29   BTC Chainlink: $62,930.96 (anchor: $62,922.00)
2026-07-06 13:58:29   BTC Deviation: $+8.96 (+0.0142%)
2026-07-06 13:58:29 ============================================================
2026-07-06 13:58:29 MAIN ENTRY FAILED: Could not get price
2026-07-06 13:58:29 ============================================================
2026-07-06 13:58:29 TRADE SIGNAL TRIGGERED
2026-07-06 13:58:29   Time: 2026-07-06T13:58:29.937351
2026-07-06 13:58:29   Market: btc-updown-5m-1783320900
2026-07-06 13:58:29   Signal: BUY_UP
2026-07-06 13:58:29   Token: UP
2026-07-06 13:58:29   Elapsed: 210s | Remaining: 90s | Bin: 2
2026-07-06 13:58:29   --- UP ---
2026-07-06 13:58:29     Price:   LAST=0.6200  BID=0.6100  ASK=0.6200
2026-07-06 13:58:29     VWAP 60s: 0.5912  |  Deviation: +4.88%
2026-07-06 13:58:29     Z-Score 5s: +1.56  |  Momentum 90s: +5.77%
2026-07-06 13:58:29     Trades: 641  |  Volume: 14483
2026-07-06 13:58:29     Buy Vol: 13404  |  Sell Vol: 1080
2026-07-06 13:58:29   --- DOWN ---
2026-07-06 13:58:29     Price:   LAST=0.3900  BID=0.3800  ASK=0.3900
2026-07-06 13:58:29     VWAP 60s: 0.3975  |  Deviation: -1.89%
2026-07-06 13:58:29     Z-Score 5s: -1.06  |  Momentum 90s: -7.87%
2026-07-06 13:58:29     Trades: 598  |  Volume: 16258
2026-07-06 13:58:29     Buy Vol: 14997  |  Sell Vol: 1261
2026-07-06 13:58:29   Win Rate: 0.6%
2026-07-06 13:58:29   Config: min_price=0.6, max_price=0.9, min_elapsed=60s, dev_range=0.1%-100%, no_entry_cutoff=30s
2026-07-06 13:58:29   BTC Chainlink: $62,930.96 (anchor: $62,922.00)
2026-07-06 13:58:29   BTC Deviation: $+8.96 (+0.0142%)
2026-07-06 13:58:29 ============================================================
2026-07-06 13:58:29 MAIN ENTRY FAILED: Could not get price
2026-07-06 13:58:30 ============================================================
2026-07-06 13:58:30 TRADE SIGNAL TRIGGERED
2026-07-06 13:58:30   Time: 2026-07-06T13:58:30.192131
2026-07-06 13:58:30   Market: btc-updown-5m-1783320900
2026-07-06 13:58:30   Signal: BUY_UP
2026-07-06 13:58:30   Token: UP
2026-07-06 13:58:30   Elapsed: 210s | Remaining: 90s | Bin: 2
2026-07-06 13:58:30   --- UP ---
2026-07-06 13:58:30     Price:   LAST=0.6200  BID=0.6100  ASK=0.6200
2026-07-06 13:58:30     VWAP 60s: 0.5912  |  Deviation: +4.88%
2026-07-06 13:58:30     Z-Score 5s: +1.50  |  Momentum 90s: +3.87%
2026-07-06 13:58:30     Trades: 641  |  Volume: 14483
2026-07-06 13:58:30     Buy Vol: 13404  |  Sell Vol: 1080
2026-07-06 13:58:30   --- DOWN ---
2026-07-06 13:58:30     Price:   LAST=0.3900  BID=0.3800  ASK=0.3900
2026-07-06 13:58:30     VWAP 60s: 0.3975  |  Deviation: -1.89%
2026-07-06 13:58:30     Z-Score 5s: -1.06  |  Momentum 90s: -5.65%
2026-07-06 13:58:30     Trades: 598  |  Volume: 16258
2026-07-06 13:58:30     Buy Vol: 14997  |  Sell Vol: 1261
2026-07-06 13:58:30   Win Rate: 0.6%
2026-07-06 13:58:30   Config: min_price=0.6, max_price=0.9, min_elapsed=60s, dev_range=0.1%-100%, no_entry_cutoff=30s
2026-07-06 13:58:30   BTC Chainlink: $62,930.96 (anchor: $62,922.00)
2026-07-06 13:58:30   BTC Deviation: $+8.96 (+0.0142%)
2026-07-06 13:58:30 ============================================================
2026-07-06 13:58:30 MAIN ENTRY FAILED: Could not get price
2026-07-06 13:58:30 ============================================================
2026-07-06 13:58:30 TRADE SIGNAL TRIGGERED
2026-07-06 13:58:30   Time: 2026-07-06T13:58:30.450861
2026-07-06 13:58:30   Market: btc-updown-5m-1783320900
2026-07-06 13:58:30   Signal: BUY_UP
2026-07-06 13:58:30   Token: UP
2026-07-06 13:58:30   Elapsed: 210s | Remaining: 90s | Bin: 2
2026-07-06 13:58:30   --- UP ---
2026-07-06 13:58:30     Price:   LAST=0.6200  BID=0.6100  ASK=0.6200
2026-07-06 13:58:30     VWAP 60s: 0.5912  |  Deviation: +4.88%
2026-07-06 13:58:30     Z-Score 5s: +1.44  |  Momentum 90s: +2.28%
2026-07-06 13:58:30     Trades: 641  |  Volume: 14483
2026-07-06 13:58:30     Buy Vol: 13404  |  Sell Vol: 1080
2026-07-06 13:58:30   --- DOWN ---
2026-07-06 13:58:30     Price:   LAST=0.3900  BID=0.3800  ASK=0.3900
2026-07-06 13:58:30     VWAP 60s: 0.3975  |  Deviation: -1.89%
2026-07-06 13:58:30     Z-Score 5s: -1.06  |  Momentum 90s: -0.73%
2026-07-06 13:58:30     Trades: 598  |  Volume: 16258
2026-07-06 13:58:30     Buy Vol: 14997  |  Sell Vol: 1261
2026-07-06 13:58:30   Win Rate: 0.6%
2026-07-06 13:58:30   Config: min_price=0.6, max_price=0.9, min_elapsed=60s, dev_range=0.1%-100%, no_entry_cutoff=30s
2026-07-06 13:58:30   BTC Chainlink: $62,930.96 (anchor: $62,922.00)
2026-07-06 13:58:30   BTC Deviation: $+8.96 (+0.0142%)
2026-07-06 13:58:30 ============================================================
2026-07-06 13:58:30 MAIN ENTRY FAILED: Could not get price
2026-07-06 13:58:30 ============================================================
2026-07-06 13:58:30 TRADE SIGNAL TRIGGERED
2026-07-06 13:58:30   Time: 2026-07-06T13:58:30.701652
2026-07-06 13:58:30   Market: btc-updown-5m-1783320900
2026-07-06 13:58:30   Signal: BUY_UP
2026-07-06 13:58:30   Token: UP
2026-07-06 13:58:30   Elapsed: 211s | Remaining: 89s | Bin: 2
2026-07-06 13:58:30   --- UP ---
2026-07-06 13:58:30     Price:   LAST=0.6200  BID=0.6100  ASK=0.6300
2026-07-06 13:58:30     VWAP 60s: 0.5912  |  Deviation: +4.88%
2026-07-06 13:58:30     Z-Score 5s: +1.43  |  Momentum 90s: +2.28%
2026-07-06 13:58:30     Trades: 641  |  Volume: 14483
2026-07-06 13:58:30     Buy Vol: 13404  |  Sell Vol: 1080
2026-07-06 13:58:30   --- DOWN ---
2026-07-06 13:58:30     Price:   LAST=0.3900  BID=0.3700  ASK=0.3900
2026-07-06 13:58:30     VWAP 60s: 0.3975  |  Deviation: -1.89%
2026-07-06 13:58:30     Z-Score 5s: -0.71  |  Momentum 90s: +1.74%
2026-07-06 13:58:30     Trades: 598  |  Volume: 16258
2026-07-06 13:58:30     Buy Vol: 14997  |  Sell Vol: 1261
2026-07-06 13:58:30   Win Rate: 0.6%
2026-07-06 13:58:30   Config: min_price=0.6, max_price=0.9, min_elapsed=60s, dev_range=0.1%-100%, no_entry_cutoff=30s
2026-07-06 13:58:30   BTC Chainlink: $62,930.99 (anchor: $62,922.00)
2026-07-06 13:58:30   BTC Deviation: $+8.99 (+0.0143%)
2026-07-06 13:58:30 ============================================================
2026-07-06 13:58:30 MAIN ENTRY FAILED: Could not get price
2026-07-06 13:58:30 ============================================================
2026-07-06 13:58:30 TRADE SIGNAL TRIGGERED
2026-07-06 13:58:30   Time: 2026-07-06T13:58:30.959797
2026-07-06 13:58:30   Market: btc-updown-5m-1783320900
2026-07-06 13:58:30   Signal: BUY_UP
2026-07-06 13:58:30   Token: UP
2026-07-06 13:58:30   Elapsed: 211s | Remaining: 89s | Bin: 2
2026-07-06 13:58:30   --- UP ---
2026-07-06 13:58:30     Price:   LAST=0.6200  BID=0.6200  ASK=0.6500
2026-07-06 13:58:30     VWAP 60s: 0.5912  |  Deviation: +4.88%
2026-07-06 13:58:30     Z-Score 5s: +1.42  |  Momentum 90s: +2.28%
2026-07-06 13:58:30     Trades: 641  |  Volume: 14483
2026-07-06 13:58:30     Buy Vol: 13404  |  Sell Vol: 1080
2026-07-06 13:58:30   --- DOWN ---
2026-07-06 13:58:30     Price:   LAST=0.3800  BID=0.3500  ASK=0.3800
2026-07-06 13:58:30     VWAP 60s: 0.3975  |  Deviation: -4.40%
2026-07-06 13:58:30     Z-Score 5s: -0.80  |  Momentum 90s: -0.87%
2026-07-06 13:58:30     Trades: 599  |  Volume: 16261
2026-07-06 13:58:30     Buy Vol: 15000  |  Sell Vol: 1261
2026-07-06 13:58:30   Win Rate: 0.6%
2026-07-06 13:58:30   Config: min_price=0.6, max_price=0.9, min_elapsed=60s, dev_range=0.1%-100%, no_entry_cutoff=30s
2026-07-06 13:58:30   BTC Chainlink: $62,930.99 (anchor: $62,922.00)
2026-07-06 13:58:30   BTC Deviation: $+8.99 (+0.0143%)
2026-07-06 13:58:30 ============================================================
2026-07-06 13:58:30 MAIN ENTRY FAILED: Could not get price
2026-07-06 13:58:31 ============================================================
2026-07-06 13:58:31 TRADE SIGNAL TRIGGERED
2026-07-06 13:58:31   Time: 2026-07-06T13:58:31.215284
2026-07-06 13:58:31   Market: btc-updown-5m-1783320900
2026-07-06 13:58:31   Signal: BUY_UP
2026-07-06 13:58:31   Token: UP
2026-07-06 13:58:31   Elapsed: 211s | Remaining: 89s | Bin: 2
2026-07-06 13:58:31   --- UP ---
2026-07-06 13:58:31     Price:   LAST=0.6700  BID=0.6400  ASK=0.6500
2026-07-06 13:58:31     VWAP 60s: 0.5954  |  Deviation: +12.52%
2026-07-06 13:58:31     Z-Score 5s: +1.66  |  Momentum 90s: +9.70%
2026-07-06 13:58:31     Trades: 647  |  Volume: 14685
2026-07-06 13:58:31     Buy Vol: 13605  |  Sell Vol: 1080
2026-07-06 13:58:31   --- DOWN ---
2026-07-06 13:58:31     Price:   LAST=0.3500  BID=0.3500  ASK=0.3600
2026-07-06 13:58:31     VWAP 60s: 0.3974  |  Deviation: -11.93%
2026-07-06 13:58:31     Z-Score 5s: -1.21  |  Momentum 90s: -7.71%
2026-07-06 13:58:31     Trades: 600  |  Volume: 16269
2026-07-06 13:58:31     Buy Vol: 15000  |  Sell Vol: 1269
2026-07-06 13:58:31   Win Rate: 0.7%
2026-07-06 13:58:31   Config: min_price=0.6, max_price=0.9, min_elapsed=60s, dev_range=0.1%-100%, no_entry_cutoff=30s
2026-07-06 13:58:31   BTC Chainlink: $62,930.96 (anchor: $62,922.00)
2026-07-06 13:58:31   BTC Deviation: $+8.96 (+0.0142%)
2026-07-06 13:58:31 ============================================================
2026-07-06 13:58:31 MAIN ENTRY FAILED: Could not get price
2026-07-06 13:58:31 ============================================================
2026-07-06 13:58:31 TRADE SIGNAL TRIGGERED
2026-07-06 13:58:31   Time: 2026-07-06T13:58:31.473867
2026-07-06 13:58:31   Market: btc-updown-5m-1783320900
2026-07-06 13:58:31   Signal: BUY_UP
2026-07-06 13:58:31   Token: UP
2026-07-06 13:58:31   Elapsed: 211s | Remaining: 89s | Bin: 2
2026-07-06 13:58:31   --- UP ---
2026-07-06 13:58:31     Price:   LAST=0.6600  BID=0.6500  ASK=0.6600
2026-07-06 13:58:31     VWAP 60s: 0.5957  |  Deviation: +10.79%
2026-07-06 13:58:31     Z-Score 5s: +1.13  |  Momentum 90s: +8.06%
2026-07-06 13:58:31     Trades: 650  |  Volume: 14702
2026-07-06 13:58:31     Buy Vol: 13622  |  Sell Vol: 1080
2026-07-06 13:58:31   --- DOWN ---
2026-07-06 13:58:31     Price:   LAST=0.3500  BID=0.3400  ASK=0.3500
2026-07-06 13:58:31     VWAP 60s: 0.3930  |  Deviation: -10.95%
2026-07-06 13:58:31     Z-Score 5s: -0.95  |  Momentum 90s: -7.71%
2026-07-06 13:58:31     Trades: 601  |  Volume: 16769
2026-07-06 13:58:31     Buy Vol: 15500  |  Sell Vol: 1269
2026-07-06 13:58:31   Win Rate: 0.7%
2026-07-06 13:58:31   Config: min_price=0.6, max_price=0.9, min_elapsed=60s, dev_range=0.1%-100%, no_entry_cutoff=30s
2026-07-06 13:58:31   BTC Chainlink: $62,930.96 (anchor: $62,922.00)
2026-07-06 13:58:31   BTC Deviation: $+8.96 (+0.0142%)
2026-07-06 13:58:31 ============================================================
2026-07-06 13:58:31 MAIN ENTRY FAILED: Could not get price
2026-07-06 13:58:31 ============================================================
2026-07-06 13:58:31 TRADE SIGNAL TRIGGERED
2026-07-06 13:58:31   Time: 2026-07-06T13:58:31.729139
2026-07-06 13:58:31   Market: btc-updown-5m-1783320900
2026-07-06 13:58:31   Signal: BUY_UP
2026-07-06 13:58:31   Token: UP
2026-07-06 13:58:31   Elapsed: 212s | Remaining: 88s | Bin: 2
2026-07-06 13:58:31   --- UP ---
2026-07-06 13:58:31     Price:   LAST=0.6600  BID=0.6500  ASK=0.6600
2026-07-06 13:58:31     VWAP 60s: 0.5976  |  Deviation: +10.43%
2026-07-06 13:58:31     Z-Score 5s: +1.03  |  Momentum 90s: +6.22%
2026-07-06 13:58:31     Trades: 652  |  Volume: 14823
2026-07-06 13:58:31     Buy Vol: 13744  |  Sell Vol: 1080
2026-07-06 13:58:31   --- DOWN ---
2026-07-06 13:58:31     Price:   LAST=0.3500  BID=0.3400  ASK=0.3500
2026-07-06 13:58:31     VWAP 60s: 0.3926  |  Deviation: -10.84%
2026-07-06 13:58:31     Z-Score 5s: -0.81  |  Momentum 90s: -5.80%
2026-07-06 13:58:31     Trades: 602  |  Volume: 16829
2026-07-06 13:58:31     Buy Vol: 15560  |  Sell Vol: 1269
2026-07-06 13:58:31   Win Rate: 0.7%
2026-07-06 13:58:31   Config: min_price=0.6, max_price=0.9, min_elapsed=60s, dev_range=0.1%-100%, no_entry_cutoff=30s
2026-07-06 13:58:31   BTC Chainlink: $62,930.96 (anchor: $62,922.00)
2026-07-06 13:58:31   BTC Deviation: $+8.96 (+0.0142%)
2026-07-06 13:58:31 ============================================================
2026-07-06 13:58:31 MAIN ENTRY FAILED: Could not get price
2026-07-06 13:58:31 ============================================================
2026-07-06 13:58:31 TRADE SIGNAL TRIGGERED
2026-07-06 13:58:31   Time: 2026-07-06T13:58:31.985219
2026-07-06 13:58:31   Market: btc-updown-5m-1783320900
2026-07-06 13:58:31   Signal: BUY_UP
2026-07-06 13:58:31   Token: UP
2026-07-06 13:58:31   Elapsed: 212s | Remaining: 88s | Bin: 2
2026-07-06 13:58:31   --- UP ---
2026-07-06 13:58:31     Price:   LAST=0.6500  BID=0.6100  ASK=0.6400
2026-07-06 13:58:31     VWAP 60s: 0.5999  |  Deviation: +8.34%
2026-07-06 13:58:31     Z-Score 5s: +0.41  |  Momentum 90s: +4.61%
2026-07-06 13:58:31     Trades: 656  |  Volume: 14981
2026-07-06 13:58:31     Buy Vol: 13899  |  Sell Vol: 1082
2026-07-06 13:58:31   --- DOWN ---
2026-07-06 13:58:31     Price:   LAST=0.3400  BID=0.3600  ASK=0.3900
2026-07-06 13:58:31     VWAP 60s: 0.3925  |  Deviation: -13.38%
2026-07-06 13:58:31     Z-Score 5s: -0.98  |  Momentum 90s: -8.49%
2026-07-06 13:58:31     Trades: 603  |  Volume: 16831
2026-07-06 13:58:31     Buy Vol: 15560  |  Sell Vol: 1271
2026-07-06 13:58:31   Win Rate: 0.7%
2026-07-06 13:58:31   Config: min_price=0.6, max_price=0.9, min_elapsed=60s, dev_range=0.1%-100%, no_entry_cutoff=30s
2026-07-06 13:58:31   BTC Chainlink: $62,930.96 (anchor: $62,922.00)
2026-07-06 13:58:31   BTC Deviation: $+8.96 (+0.0142%)
2026-07-06 13:58:31 ============================================================
2026-07-06 13:58:31 MAIN ENTRY FAILED: Could not get price
2026-07-06 13:58:32 ============================================================
2026-07-06 13:58:32 TRADE SIGNAL TRIGGERED
2026-07-06 13:58:32   Time: 2026-07-06T13:58:32.236283
2026-07-06 13:58:32   Market: btc-updown-5m-1783320900
2026-07-06 13:58:32   Signal: BUY_UP
2026-07-06 13:58:32   Token: UP
2026-07-06 13:58:32   Elapsed: 212s | Remaining: 88s | Bin: 2
2026-07-06 13:58:32   --- UP ---
2026-07-06 13:58:32     Price:   LAST=0.6200  BID=0.6100  ASK=0.6200
2026-07-06 13:58:32     VWAP 60s: 0.6000  |  Deviation: +3.33%
2026-07-06 13:58:32     Z-Score 5s: -0.62  |  Momentum 90s: -2.71%
2026-07-06 13:58:32     Trades: 657  |  Volume: 14986
2026-07-06 13:58:32     Buy Vol: 13904  |  Sell Vol: 1082
2026-07-06 13:58:32   --- DOWN ---
2026-07-06 13:58:32     Price:   LAST=0.3900  BID=0.3800  ASK=0.3900
2026-07-06 13:58:32     VWAP 60s: 0.3912  |  Deviation: -0.31%
2026-07-06 13:58:32     Z-Score 5s: +1.34  |  Momentum 90s: +6.43%
2026-07-06 13:58:32     Trades: 605  |  Volume: 17033
2026-07-06 13:58:32     Buy Vol: 15762  |  Sell Vol: 1271
2026-07-06 13:58:32   Win Rate: 0.6%
2026-07-06 13:58:32   Config: min_price=0.6, max_price=0.9, min_elapsed=60s, dev_range=0.1%-100%, no_entry_cutoff=30s
2026-07-06 13:58:32   BTC Chainlink: $62,930.96 (anchor: $62,922.00)
2026-07-06 13:58:32   BTC Deviation: $+8.96 (+0.0142%)
2026-07-06 13:58:32 ============================================================
2026-07-06 13:58:32 MAIN ENTRY FAILED: Could not get price
2026-07-06 13:58:32 ============================================================
2026-07-06 13:58:32 TRADE SIGNAL TRIGGERED
2026-07-06 13:58:32   Time: 2026-07-06T13:58:32.488512
2026-07-06 13:58:32   Market: btc-updown-5m-1783320900
2026-07-06 13:58:32   Signal: BUY_UP
2026-07-06 13:58:32   Token: UP
2026-07-06 13:58:32   Elapsed: 212s | Remaining: 88s | Bin: 2
2026-07-06 13:58:32   --- UP ---
2026-07-06 13:58:32     Price:   LAST=0.6200  BID=0.6400  ASK=0.6600
2026-07-06 13:58:32     VWAP 60s: 0.6000  |  Deviation: +3.33%
2026-07-06 13:58:32     Z-Score 5s: -0.62  |  Momentum 90s: -2.25%
2026-07-06 13:58:32     Trades: 657  |  Volume: 14986
2026-07-06 13:58:32     Buy Vol: 13904  |  Sell Vol: 1082
2026-07-06 13:58:32   --- DOWN ---
2026-07-06 13:58:32     Price:   LAST=0.3900  BID=0.3400  ASK=0.3600
2026-07-06 13:58:32     VWAP 60s: 0.3912  |  Deviation: -0.31%
2026-07-06 13:58:32     Z-Score 5s: +1.15  |  Momentum 90s: +5.09%
2026-07-06 13:58:32     Trades: 606  |  Volume: 17046
2026-07-06 13:58:32     Buy Vol: 15774  |  Sell Vol: 1271
2026-07-06 13:58:32   Win Rate: 0.6%
2026-07-06 13:58:32   Config: min_price=0.6, max_price=0.9, min_elapsed=60s, dev_range=0.1%-100%, no_entry_cutoff=30s
2026-07-06 13:58:32   BTC Chainlink: $62,930.96 (anchor: $62,922.00)
2026-07-06 13:58:32   BTC Deviation: $+8.96 (+0.0142%)
2026-07-06 13:58:32 ============================================================
2026-07-06 13:58:32 MAIN ENTRY FAILED: Could not get price
2026-07-06 13:58:32 ============================================================
2026-07-06 13:58:32 TRADE SIGNAL TRIGGERED
2026-07-06 13:58:32   Time: 2026-07-06T13:58:32.740311
2026-07-06 13:58:32   Market: btc-updown-5m-1783320900
2026-07-06 13:58:32   Signal: BUY_UP
2026-07-06 13:58:32   Token: UP
2026-07-06 13:58:32   Elapsed: 213s | Remaining: 87s | Bin: 2
2026-07-06 13:58:32   --- UP ---
2026-07-06 13:58:32     Price:   LAST=0.6800  BID=0.6500  ASK=0.6600
2026-07-06 13:58:32     VWAP 60s: 0.6145  |  Deviation: +10.66%
2026-07-06 13:58:32     Z-Score 5s: +1.31  |  Momentum 90s: +7.48%
2026-07-06 13:58:32     Trades: 659  |  Volume: 17163
2026-07-06 13:58:32     Buy Vol: 16081  |  Sell Vol: 1082
2026-07-06 13:58:32   --- DOWN ---
2026-07-06 13:58:32     Price:   LAST=0.3500  BID=0.3400  ASK=0.3500
2026-07-06 13:58:32     VWAP 60s: 0.3912  |  Deviation: -10.53%
2026-07-06 13:58:32     Z-Score 5s: -0.68  |  Momentum 90s: -5.69%
2026-07-06 13:58:32     Trades: 607  |  Volume: 17051
2026-07-06 13:58:32     Buy Vol: 15779  |  Sell Vol: 1271
2026-07-06 13:58:32   Win Rate: 0.7%
2026-07-06 13:58:32   Config: min_price=0.6, max_price=0.9, min_elapsed=60s, dev_range=0.1%-100%, no_entry_cutoff=30s
2026-07-06 13:58:32   BTC Chainlink: $62,930.96 (anchor: $62,922.00)
2026-07-06 13:58:32   BTC Deviation: $+8.96 (+0.0142%)
2026-07-06 13:58:32 ============================================================
2026-07-06 13:58:32 MAIN ENTRY FAILED: Could not get price
2026-07-06 13:58:32 ============================================================
2026-07-06 13:58:32 TRADE SIGNAL TRIGGERED
2026-07-06 13:58:32   Time: 2026-07-06T13:58:32.991973
2026-07-06 13:58:32   Market: btc-updown-5m-1783320900
2026-07-06 13:58:32   Signal: BUY_UP
2026-07-06 13:58:32   Token: UP
2026-07-06 13:58:32   Elapsed: 213s | Remaining: 87s | Bin: 2
2026-07-06 13:58:32   --- UP ---
2026-07-06 13:58:32     Price:   LAST=0.6500  BID=0.6500  ASK=0.6600
2026-07-06 13:58:32     VWAP 60s: 0.6146  |  Deviation: +5.76%
2026-07-06 13:58:32     Z-Score 5s: +0.04  |  Momentum 90s: +2.85%
2026-07-06 13:58:32     Trades: 661  |  Volume: 17179
2026-07-06 13:58:32     Buy Vol: 16085  |  Sell Vol: 1094
2026-07-06 13:58:32   --- DOWN ---
2026-07-06 13:58:32     Price:   LAST=0.3500  BID=0.3400  ASK=0.3500
2026-07-06 13:58:32     VWAP 60s: 0.3909  |  Deviation: -10.47%
2026-07-06 13:58:32     Z-Score 5s: -0.60  |  Momentum 90s: -5.69%
2026-07-06 13:58:32     Trades: 609  |  Volume: 17082
2026-07-06 13:58:32     Buy Vol: 15811  |  Sell Vol: 1271
2026-07-06 13:58:32   Win Rate: 0.7%
2026-07-06 13:58:32   Config: min_price=0.6, max_price=0.9, min_elapsed=60s, dev_range=0.1%-100%, no_entry_cutoff=30s
2026-07-06 13:58:32   BTC Chainlink: $62,930.96 (anchor: $62,922.00)
2026-07-06 13:58:32   BTC Deviation: $+8.96 (+0.0142%)
2026-07-06 13:58:32 ============================================================
2026-07-06 13:58:32 MAIN ENTRY FAILED: Could not get price
2026-07-06 13:58:33 ============================================================
2026-07-06 13:58:33 TRADE SIGNAL TRIGGERED
2026-07-06 13:58:33   Time: 2026-07-06T13:58:33.244221
2026-07-06 13:58:33   Market: btc-updown-5m-1783320900
2026-07-06 13:58:33   Signal: BUY_UP
2026-07-06 13:58:33   Token: UP
2026-07-06 13:58:33   Elapsed: 213s | Remaining: 87s | Bin: 2
2026-07-06 13:58:33   --- UP ---
2026-07-06 13:58:33     Price:   LAST=0.6600  BID=0.6700  ASK=0.6800
2026-07-06 13:58:33     VWAP 60s: 0.6148  |  Deviation: +7.35%
2026-07-06 13:58:33     Z-Score 5s: +0.39  |  Momentum 90s: +4.88%
2026-07-06 13:58:33     Trades: 662  |  Volume: 17207
2026-07-06 13:58:33     Buy Vol: 16113  |  Sell Vol: 1094
2026-07-06 13:58:33   --- DOWN ---
2026-07-06 13:58:33     Price:   LAST=0.3500  BID=0.3200  ASK=0.3300
2026-07-06 13:58:33     VWAP 60s: 0.3909  |  Deviation: -10.46%
2026-07-06 13:58:33     Z-Score 5s: -0.57  |  Momentum 90s: -6.21%
2026-07-06 13:58:33     Trades: 610  |  Volume: 17092
2026-07-06 13:58:33     Buy Vol: 15820  |  Sell Vol: 1271
2026-07-06 13:58:33   Win Rate: 0.7%
2026-07-06 13:58:33   Config: min_price=0.6, max_price=0.9, min_elapsed=60s, dev_range=0.1%-100%, no_entry_cutoff=30s
2026-07-06 13:58:33   BTC Chainlink: $62,931.39 (anchor: $62,922.00)
2026-07-06 13:58:33   BTC Deviation: $+9.39 (+0.0149%)
2026-07-06 13:58:33 ============================================================
2026-07-06 13:58:33 MAIN ENTRY FAILED: Could not get price
2026-07-06 13:58:33 ============================================================
2026-07-06 13:58:33 TRADE SIGNAL TRIGGERED
2026-07-06 13:58:33   Time: 2026-07-06T13:58:33.507474
2026-07-06 13:58:33   Market: btc-updown-5m-1783320900
2026-07-06 13:58:33   Signal: BUY_UP
2026-07-06 13:58:33   Token: UP
2026-07-06 13:58:33   Elapsed: 214s | Remaining: 86s | Bin: 2
2026-07-06 13:58:33   --- UP ---
2026-07-06 13:58:33     Price:   LAST=0.6600  BID=0.6700  ASK=0.6800
2026-07-06 13:58:33     VWAP 60s: 0.6148  |  Deviation: +7.35%
2026-07-06 13:58:33     Z-Score 5s: +0.24  |  Momentum 90s: +5.28%
2026-07-06 13:58:33     Trades: 662  |  Volume: 17207
2026-07-06 13:58:33     Buy Vol: 16113  |  Sell Vol: 1094
2026-07-06 13:58:33   --- DOWN ---
2026-07-06 13:58:33     Price:   LAST=0.3300  BID=0.3200  ASK=0.3300
2026-07-06 13:58:33     VWAP 60s: 0.3908  |  Deviation: -15.56%
2026-07-06 13:58:33     Z-Score 5s: -1.43  |  Momentum 90s: -12.52%
2026-07-06 13:58:33     Trades: 611  |  Volume: 17100
2026-07-06 13:58:33     Buy Vol: 15828  |  Sell Vol: 1271
2026-07-06 13:58:33   Win Rate: 0.7%
2026-07-06 13:58:33   Config: min_price=0.6, max_price=0.9, min_elapsed=60s, dev_range=0.1%-100%, no_entry_cutoff=30s
2026-07-06 13:58:33   BTC Chainlink: $62,931.39 (anchor: $62,922.00)
2026-07-06 13:58:33   BTC Deviation: $+9.39 (+0.0149%)
2026-07-06 13:58:33 ============================================================
2026-07-06 13:58:33 MAIN ENTRY FAILED: Could not get price
2026-07-06 13:58:33 ============================================================
2026-07-06 13:58:33 TRADE SIGNAL TRIGGERED
2026-07-06 13:58:33   Time: 2026-07-06T13:58:33.769291
2026-07-06 13:58:33   Market: btc-updown-5m-1783320900
2026-07-06 13:58:33   Signal: BUY_UP
2026-07-06 13:58:33   Token: UP
2026-07-06 13:58:33   Elapsed: 214s | Remaining: 86s | Bin: 2
2026-07-06 13:58:33   --- UP ---
2026-07-06 13:58:33     Price:   LAST=0.6600  BID=0.6600  ASK=0.6700
2026-07-06 13:58:33     VWAP 60s: 0.6148  |  Deviation: +7.35%
2026-07-06 13:58:33     Z-Score 5s: +0.24  |  Momentum 90s: +5.28%
2026-07-06 13:58:33     Trades: 662  |  Volume: 17207
2026-07-06 13:58:33     Buy Vol: 16113  |  Sell Vol: 1094
2026-07-06 13:58:33   --- DOWN ---
2026-07-06 13:58:33     Price:   LAST=0.3300  BID=0.3300  ASK=0.3400
2026-07-06 13:58:33     VWAP 60s: 0.3884  |  Deviation: -15.04%
2026-07-06 13:58:33     Z-Score 5s: -1.19  |  Momentum 90s: -13.66%
2026-07-06 13:58:33     Trades: 613  |  Volume: 17335
2026-07-06 13:58:33     Buy Vol: 16064  |  Sell Vol: 1271
2026-07-06 13:58:33   Win Rate: 0.7%
2026-07-06 13:58:33   Config: min_price=0.6, max_price=0.9, min_elapsed=60s, dev_range=0.1%-100%, no_entry_cutoff=30s
2026-07-06 13:58:33   BTC Chainlink: $62,931.39 (anchor: $62,922.00)
2026-07-06 13:58:33   BTC Deviation: $+9.39 (+0.0149%)
2026-07-06 13:58:33 ============================================================
2026-07-06 13:58:33 MAIN ENTRY FAILED: Could not get price
2026-07-06 13:58:34 ============================================================
2026-07-06 13:58:34 TRADE SIGNAL TRIGGERED
2026-07-06 13:58:34   Time: 2026-07-06T13:58:34.034104
2026-07-06 13:58:34   Market: btc-updown-5m-1783320900
2026-07-06 13:58:34   Signal: BUY_UP
2026-07-06 13:58:34   Token: UP
2026-07-06 13:58:34   Elapsed: 214s | Remaining: 86s | Bin: 2
2026-07-06 13:58:34   --- UP ---
2026-07-06 13:58:34     Price:   LAST=0.6600  BID=0.6600  ASK=0.6700
2026-07-06 13:58:34     VWAP 60s: 0.6149  |  Deviation: +7.33%
2026-07-06 13:58:34     Z-Score 5s: +0.18  |  Momentum 90s: +5.48%
2026-07-06 13:58:34     Trades: 662  |  Volume: 17207
2026-07-06 13:58:34     Buy Vol: 16113  |  Sell Vol: 1094
2026-07-06 13:58:34   --- DOWN ---
2026-07-06 13:58:34     Price:   LAST=0.3400  BID=0.3300  ASK=0.3400
2026-07-06 13:58:34     VWAP 60s: 0.3884  |  Deviation: -12.45%
2026-07-06 13:58:34     Z-Score 5s: -0.68  |  Momentum 90s: -11.26%
2026-07-06 13:58:34     Trades: 614  |  Volume: 17340
2026-07-06 13:58:34     Buy Vol: 16069  |  Sell Vol: 1271
2026-07-06 13:58:34   Win Rate: 0.7%
2026-07-06 13:58:34   Config: min_price=0.6, max_price=0.9, min_elapsed=60s, dev_range=0.1%-100%, no_entry_cutoff=30s
2026-07-06 13:58:34   BTC Chainlink: $62,931.39 (anchor: $62,922.00)
2026-07-06 13:58:34   BTC Deviation: $+9.39 (+0.0149%)
2026-07-06 13:58:34 ============================================================
2026-07-06 13:58:34 MAIN ENTRY FAILED: Could not get price
2026-07-06 13:58:34 ============================================================
2026-07-06 13:58:34 TRADE SIGNAL TRIGGERED
2026-07-06 13:58:34   Time: 2026-07-06T13:58:34.296075
2026-07-06 13:58:34   Market: btc-updown-5m-1783320900
2026-07-06 13:58:34   Signal: BUY_UP
2026-07-06 13:58:34   Token: UP
2026-07-06 13:58:34   Elapsed: 214s | Remaining: 86s | Bin: 2
2026-07-06 13:58:34   --- UP ---
2026-07-06 13:58:34     Price:   LAST=0.6700  BID=0.6600  ASK=0.6700
2026-07-06 13:58:34     VWAP 60s: 0.6150  |  Deviation: +8.94%
2026-07-06 13:58:34     Z-Score 5s: +0.62  |  Momentum 90s: +7.40%
2026-07-06 13:58:34     Trades: 663  |  Volume: 17217
2026-07-06 13:58:34     Buy Vol: 16123  |  Sell Vol: 1094
2026-07-06 13:58:34   --- DOWN ---
2026-07-06 13:58:34     Price:   LAST=0.3400  BID=0.3300  ASK=0.3400
2026-07-06 13:58:34     VWAP 60s: 0.3881  |  Deviation: -12.39%
2026-07-06 13:58:34     Z-Score 5s: -0.61  |  Momentum 90s: -12.12%
2026-07-06 13:58:34     Trades: 617  |  Volume: 17370
2026-07-06 13:58:34     Buy Vol: 16099  |  Sell Vol: 1271
2026-07-06 13:58:34   Win Rate: 0.7%
2026-07-06 13:58:34   Config: min_price=0.6, max_price=0.9, min_elapsed=60s, dev_range=0.1%-100%, no_entry_cutoff=30s
2026-07-06 13:58:34   BTC Chainlink: $62,932.48 (anchor: $62,922.00)
2026-07-06 13:58:34   BTC Deviation: $+10.48 (+0.0167%)
2026-07-06 13:58:34 ============================================================
2026-07-06 13:58:34 MAIN ENTRY FAILED: Could not get price
2026-07-06 13:58:34 ============================================================
2026-07-06 13:58:34 TRADE SIGNAL TRIGGERED
2026-07-06 13:58:34   Time: 2026-07-06T13:58:34.549327
2026-07-06 13:58:34   Market: btc-updown-5m-1783320900
2026-07-06 13:58:34   Signal: BUY_UP
2026-07-06 13:58:34   Token: UP
2026-07-06 13:58:34   Elapsed: 215s | Remaining: 85s | Bin: 2
2026-07-06 13:58:34   --- UP ---
2026-07-06 13:58:34     Price:   LAST=0.6700  BID=0.6500  ASK=0.6600
2026-07-06 13:58:34     VWAP 60s: 0.6150  |  Deviation: +8.94%
2026-07-06 13:58:34     Z-Score 5s: +0.57  |  Momentum 90s: +7.63%
2026-07-06 13:58:34     Trades: 663  |  Volume: 17217
2026-07-06 13:58:34     Buy Vol: 16123  |  Sell Vol: 1094
2026-07-06 13:58:34   --- DOWN ---
2026-07-06 13:58:34     Price:   LAST=0.3400  BID=0.3400  ASK=0.3500
2026-07-06 13:58:34     VWAP 60s: 0.3880  |  Deviation: -12.37%
2026-07-06 13:58:34     Z-Score 5s: -0.59  |  Momentum 90s: -12.16%
2026-07-06 13:58:34     Trades: 618  |  Volume: 17383
2026-07-06 13:58:34     Buy Vol: 16112  |  Sell Vol: 1271
2026-07-06 13:58:34   Win Rate: 0.7%
2026-07-06 13:58:34   Config: min_price=0.6, max_price=0.9, min_elapsed=60s, dev_range=0.1%-100%, no_entry_cutoff=30s
2026-07-06 13:58:34   BTC Chainlink: $62,932.48 (anchor: $62,922.00)
2026-07-06 13:58:34   BTC Deviation: $+10.48 (+0.0167%)
2026-07-06 13:58:34 ============================================================
2026-07-06 13:58:34 MAIN ENTRY FAILED: Could not get price
2026-07-06 13:58:34 ============================================================
2026-07-06 13:58:34 TRADE SIGNAL TRIGGERED
2026-07-06 13:58:34   Time: 2026-07-06T13:58:34.804059
2026-07-06 13:58:34   Market: btc-updown-5m-1783320900
2026-07-06 13:58:34   Signal: BUY_UP
2026-07-06 13:58:34   Token: UP
2026-07-06 13:58:34   Elapsed: 215s | Remaining: 85s | Bin: 2
2026-07-06 13:58:34   --- UP ---
2026-07-06 13:58:34     Price:   LAST=0.6700  BID=0.6500  ASK=0.6600
2026-07-06 13:58:34     VWAP 60s: 0.6150  |  Deviation: +8.94%
2026-07-06 13:58:34     Z-Score 5s: +0.53  |  Momentum 90s: +8.65%
2026-07-06 13:58:34     Trades: 663  |  Volume: 17217
2026-07-06 13:58:34     Buy Vol: 16123  |  Sell Vol: 1094
2026-07-06 13:58:34   --- DOWN ---
2026-07-06 13:58:34     Price:   LAST=0.3400  BID=0.3400  ASK=0.3500
2026-07-06 13:58:34     VWAP 60s: 0.3880  |  Deviation: -12.36%
2026-07-06 13:58:34     Z-Score 5s: -0.52  |  Momentum 90s: -12.67%
2026-07-06 13:58:34     Trades: 619  |  Volume: 17385
2026-07-06 13:58:34     Buy Vol: 16113  |  Sell Vol: 1271
2026-07-06 13:58:34   Win Rate: 0.7%
2026-07-06 13:58:34   Config: min_price=0.6, max_price=0.9, min_elapsed=60s, dev_range=0.1%-100%, no_entry_cutoff=30s
2026-07-06 13:58:34   BTC Chainlink: $62,932.48 (anchor: $62,922.00)
2026-07-06 13:58:34   BTC Deviation: $+10.48 (+0.0167%)
2026-07-06 13:58:34 ============================================================
2026-07-06 13:58:34 MAIN ENTRY FAILED: Could not get price
2026-07-06 13:58:35 ============================================================
2026-07-06 13:58:35 TRADE SIGNAL TRIGGERED
2026-07-06 13:58:35   Time: 2026-07-06T13:58:35.065675
2026-07-06 13:58:35   Market: btc-updown-5m-1783320900
2026-07-06 13:58:35   Signal: BUY_UP
2026-07-06 13:58:35   Token: UP
2026-07-06 13:58:35   Elapsed: 215s | Remaining: 85s | Bin: 2
2026-07-06 13:58:35   --- UP ---
2026-07-06 13:58:35     Price:   LAST=0.6500  BID=0.6500  ASK=0.6600
2026-07-06 13:58:35     VWAP 60s: 0.6166  |  Deviation: +5.42%
2026-07-06 13:58:35     Z-Score 5s: -0.83  |  Momentum 90s: +5.91%
2026-07-06 13:58:35     Trades: 665  |  Volume: 17236
2026-07-06 13:58:35     Buy Vol: 16126  |  Sell Vol: 1110
2026-07-06 13:58:35   --- DOWN ---
2026-07-06 13:58:35     Price:   LAST=0.3500  BID=0.3400  ASK=0.3500
2026-07-06 13:58:35     VWAP 60s: 0.3879  |  Deviation: -9.77%
2026-07-06 13:58:35     Z-Score 5s: +0.05  |  Momentum 90s: -10.42%
2026-07-06 13:58:35     Trades: 620  |  Volume: 17397
2026-07-06 13:58:35     Buy Vol: 16126  |  Sell Vol: 1271
2026-07-06 13:58:35   Win Rate: 0.7%
2026-07-06 13:58:35   Config: min_price=0.6, max_price=0.9, min_elapsed=60s, dev_range=0.1%-100%, no_entry_cutoff=30s
2026-07-06 13:58:35   BTC Chainlink: $62,932.48 (anchor: $62,922.00)
2026-07-06 13:58:35   BTC Deviation: $+10.48 (+0.0167%)
2026-07-06 13:58:35 ============================================================
2026-07-06 13:58:35 MAIN ENTRY FAILED: Could not get price
2026-07-06 13:58:35 ============================================================
2026-07-06 13:58:35 TRADE SIGNAL TRIGGERED
2026-07-06 13:58:35   Time: 2026-07-06T13:58:35.316453
2026-07-06 13:58:35   Market: btc-updown-5m-1783320900
2026-07-06 13:58:35   Signal: BUY_UP
2026-07-06 13:58:35   Token: UP
2026-07-06 13:58:35   Elapsed: 215s | Remaining: 85s | Bin: 2
2026-07-06 13:58:35   --- UP ---
2026-07-06 13:58:35     Price:   LAST=0.6500  BID=0.6400  ASK=0.6500
2026-07-06 13:58:35     VWAP 60s: 0.6168  |  Deviation: +5.38%
2026-07-06 13:58:35     Z-Score 5s: -0.78  |  Momentum 90s: +5.91%
2026-07-06 13:58:35     Trades: 667  |  Volume: 17281
2026-07-06 13:58:35     Buy Vol: 16126  |  Sell Vol: 1155
2026-07-06 13:58:35   --- DOWN ---
2026-07-06 13:58:35     Price:   LAST=0.3500  BID=0.3500  ASK=0.3600
2026-07-06 13:58:35     VWAP 60s: 0.3878  |  Deviation: -9.75%
2026-07-06 13:58:35     Z-Score 5s: +0.05  |  Momentum 90s: -10.78%
2026-07-06 13:58:35     Trades: 621  |  Volume: 17398
2026-07-06 13:58:35     Buy Vol: 16126  |  Sell Vol: 1271
2026-07-06 13:58:35   Win Rate: 0.7%
2026-07-06 13:58:35   Config: min_price=0.6, max_price=0.9, min_elapsed=60s, dev_range=0.1%-100%, no_entry_cutoff=30s
2026-07-06 13:58:35   BTC Chainlink: $62,932.32 (anchor: $62,922.00)
2026-07-06 13:58:35   BTC Deviation: $+10.32 (+0.0164%)
2026-07-06 13:58:35 ============================================================
2026-07-06 13:58:35 MAIN ENTRY FAILED: Could not get price
2026-07-06 13:58:35 ============================================================
2026-07-06 13:58:35 TRADE SIGNAL TRIGGERED
2026-07-06 13:58:35   Time: 2026-07-06T13:58:35.571315
2026-07-06 13:58:35   Market: btc-updown-5m-1783320900
2026-07-06 13:58:35   Signal: BUY_UP
2026-07-06 13:58:35   Token: UP
2026-07-06 13:58:35   Elapsed: 216s | Remaining: 84s | Bin: 2
2026-07-06 13:58:35   --- UP ---
2026-07-06 13:58:35     Price:   LAST=0.6500  BID=0.6400  ASK=0.6500
2026-07-06 13:58:35     VWAP 60s: 0.6176  |  Deviation: +5.25%
2026-07-06 13:58:35     Z-Score 5s: -0.78  |  Momentum 90s: +6.31%
2026-07-06 13:58:35     Trades: 667  |  Volume: 17281
2026-07-06 13:58:35     Buy Vol: 16126  |  Sell Vol: 1155
2026-07-06 13:58:35   --- DOWN ---
2026-07-06 13:58:35     Price:   LAST=0.3500  BID=0.3500  ASK=0.3600
2026-07-06 13:58:35     VWAP 60s: 0.3878  |  Deviation: -9.74%
2026-07-06 13:58:35     Z-Score 5s: +0.05  |  Momentum 90s: -10.67%
2026-07-06 13:58:35     Trades: 621  |  Volume: 17398
2026-07-06 13:58:35     Buy Vol: 16126  |  Sell Vol: 1271
2026-07-06 13:58:35   Win Rate: 0.7%
2026-07-06 13:58:35   Config: min_price=0.6, max_price=0.9, min_elapsed=60s, dev_range=0.1%-100%, no_entry_cutoff=30s
2026-07-06 13:58:35   BTC Chainlink: $62,932.32 (anchor: $62,922.00)
2026-07-06 13:58:35   BTC Deviation: $+10.32 (+0.0164%)
2026-07-06 13:58:35 ============================================================
2026-07-06 13:58:35 MAIN ENTRY FAILED: Could not get price
2026-07-06 13:58:35 ============================================================
2026-07-06 13:58:35 TRADE SIGNAL TRIGGERED
2026-07-06 13:58:35   Time: 2026-07-06T13:58:35.827766
2026-07-06 13:58:35   Market: btc-updown-5m-1783320900
2026-07-06 13:58:35   Signal: BUY_UP
2026-07-06 13:58:35   Token: UP
2026-07-06 13:58:35   Elapsed: 216s | Remaining: 84s | Bin: 2
2026-07-06 13:58:35   --- UP ---
2026-07-06 13:58:35     Price:   LAST=0.6500  BID=0.6400  ASK=0.6500
2026-07-06 13:58:35     VWAP 60s: 0.6176  |  Deviation: +5.25%
2026-07-06 13:58:35     Z-Score 5s: -0.78  |  Momentum 90s: +6.27%
2026-07-06 13:58:35     Trades: 667  |  Volume: 17281
2026-07-06 13:58:35     Buy Vol: 16126  |  Sell Vol: 1155
2026-07-06 13:58:35   --- DOWN ---
2026-07-06 13:58:35     Price:   LAST=0.3600  BID=0.3500  ASK=0.3600
2026-07-06 13:58:35     VWAP 60s: 0.3876  |  Deviation: -7.13%
2026-07-06 13:58:35     Z-Score 5s: +0.74  |  Momentum 90s: -7.38%
2026-07-06 13:58:35     Trades: 623  |  Volume: 17422
2026-07-06 13:58:35     Buy Vol: 16150  |  Sell Vol: 1271
2026-07-06 13:58:35   Win Rate: 0.7%
2026-07-06 13:58:35   Config: min_price=0.6, max_price=0.9, min_elapsed=60s, dev_range=0.1%-100%, no_entry_cutoff=30s
2026-07-06 13:58:35   BTC Chainlink: $62,932.32 (anchor: $62,922.00)
2026-07-06 13:58:35   BTC Deviation: $+10.32 (+0.0164%)
2026-07-06 13:58:35 ============================================================
2026-07-06 13:58:35 MAIN ENTRY FAILED: Could not get price
2026-07-06 13:58:36 ============================================================
2026-07-06 13:58:36 TRADE SIGNAL TRIGGERED
2026-07-06 13:58:36   Time: 2026-07-06T13:58:36.084968
2026-07-06 13:58:36   Market: btc-updown-5m-1783320900
2026-07-06 13:58:36   Signal: BUY_UP
2026-07-06 13:58:36   Token: UP
2026-07-06 13:58:36   Elapsed: 216s | Remaining: 84s | Bin: 2
2026-07-06 13:58:36   --- UP ---
2026-07-06 13:58:36     Price:   LAST=0.6500  BID=0.6400  ASK=0.6500
2026-07-06 13:58:36     VWAP 60s: 0.6177  |  Deviation: +5.24%
2026-07-06 13:58:36     Z-Score 5s: -0.54  |  Momentum 90s: +5.41%
2026-07-06 13:58:36     Trades: 668  |  Volume: 17291
2026-07-06 13:58:36     Buy Vol: 16136  |  Sell Vol: 1155
2026-07-06 13:58:36   --- DOWN ---
2026-07-06 13:58:36     Price:   LAST=0.3600  BID=0.3500  ASK=0.3600
2026-07-06 13:58:36     VWAP 60s: 0.3873  |  Deviation: -7.04%
2026-07-06 13:58:36     Z-Score 5s: +0.67  |  Momentum 90s: -6.90%
2026-07-06 13:58:36     Trades: 626  |  Volume: 17506
2026-07-06 13:58:36     Buy Vol: 16235  |  Sell Vol: 1271
2026-07-06 13:58:36   Win Rate: 0.7%
2026-07-06 13:58:36   Config: min_price=0.6, max_price=0.9, min_elapsed=60s, dev_range=0.1%-100%, no_entry_cutoff=30s
2026-07-06 13:58:36   BTC Chainlink: $62,932.32 (anchor: $62,922.00)
2026-07-06 13:58:36   BTC Deviation: $+10.32 (+0.0164%)
2026-07-06 13:58:36 ============================================================
2026-07-06 13:58:36 MAIN ENTRY FAILED: Could not get price
2026-07-06 13:58:36 ============================================================
2026-07-06 13:58:36 TRADE SIGNAL TRIGGERED
2026-07-06 13:58:36   Time: 2026-07-06T13:58:36.339408
2026-07-06 13:58:36   Market: btc-updown-5m-1783320900
2026-07-06 13:58:36   Signal: BUY_UP
2026-07-06 13:58:36   Token: UP
2026-07-06 13:58:36   Elapsed: 216s | Remaining: 84s | Bin: 2
2026-07-06 13:58:36   --- UP ---
2026-07-06 13:58:36     Price:   LAST=0.6500  BID=0.6400  ASK=0.6500
2026-07-06 13:58:36     VWAP 60s: 0.6177  |  Deviation: +5.23%
2026-07-06 13:58:36     Z-Score 5s: -0.46  |  Momentum 90s: +5.41%
2026-07-06 13:58:36     Trades: 668  |  Volume: 17291
2026-07-06 13:58:36     Buy Vol: 16136  |  Sell Vol: 1155
2026-07-06 13:58:36   --- DOWN ---
2026-07-06 13:58:36     Price:   LAST=0.3600  BID=0.3500  ASK=0.3600
2026-07-06 13:58:36     VWAP 60s: 0.3870  |  Deviation: -6.99%
2026-07-06 13:58:36     Z-Score 5s: +0.65  |  Momentum 90s: -6.63%
2026-07-06 13:58:36     Trades: 626  |  Volume: 17506
2026-07-06 13:58:36     Buy Vol: 16235  |  Sell Vol: 1271
2026-07-06 13:58:36   Win Rate: 0.7%
2026-07-06 13:58:36   Config: min_price=0.6, max_price=0.9, min_elapsed=60s, dev_range=0.1%-100%, no_entry_cutoff=30s
2026-07-06 13:58:36   BTC Chainlink: $62,932.32 (anchor: $62,922.00)
2026-07-06 13:58:36   BTC Deviation: $+10.32 (+0.0164%)
2026-07-06 13:58:36 ============================================================
2026-07-06 13:58:36 MAIN ENTRY FAILED: Could not get price
2026-07-06 13:58:36 ============================================================
2026-07-06 13:58:36 TRADE SIGNAL TRIGGERED
2026-07-06 13:58:36   Time: 2026-07-06T13:58:36.606944
2026-07-06 13:58:36   Market: btc-updown-5m-1783320900
2026-07-06 13:58:36   Signal: BUY_UP
2026-07-06 13:58:36   Token: UP
2026-07-06 13:58:36   Elapsed: 217s | Remaining: 83s | Bin: 2
2026-07-06 13:58:36   --- UP ---
2026-07-06 13:58:36     Price:   LAST=0.6500  BID=0.6400  ASK=0.6500
2026-07-06 13:58:36     VWAP 60s: 0.6177  |  Deviation: +5.23%
2026-07-06 13:58:36     Z-Score 5s: -0.40  |  Momentum 90s: +5.41%
2026-07-06 13:58:36     Trades: 668  |  Volume: 17291
2026-07-06 13:58:36     Buy Vol: 16136  |  Sell Vol: 1155
2026-07-06 13:58:36   --- DOWN ---
2026-07-06 13:58:36     Price:   LAST=0.3600  BID=0.3500  ASK=0.3600
2026-07-06 13:58:36     VWAP 60s: 0.3870  |  Deviation: -6.99%
2026-07-06 13:58:36     Z-Score 5s: +0.65  |  Momentum 90s: -6.36%
2026-07-06 13:58:36     Trades: 626  |  Volume: 17506
2026-07-06 13:58:36     Buy Vol: 16235  |  Sell Vol: 1271
2026-07-06 13:58:36   Win Rate: 0.7%
2026-07-06 13:58:36   Config: min_price=0.6, max_price=0.9, min_elapsed=60s, dev_range=0.1%-100%, no_entry_cutoff=30s
2026-07-06 13:58:36   BTC Chainlink: $62,932.24 (anchor: $62,922.00)
2026-07-06 13:58:36   BTC Deviation: $+10.24 (+0.0163%)
2026-07-06 13:58:36 ============================================================
2026-07-06 13:58:36 MAIN ENTRY FAILED: Could not get price
2026-07-06 13:58:36 ============================================================
2026-07-06 13:58:36 TRADE SIGNAL TRIGGERED
2026-07-06 13:58:36   Time: 2026-07-06T13:58:36.867507
2026-07-06 13:58:36   Market: btc-updown-5m-1783320900
2026-07-06 13:58:36   Signal: BUY_UP
2026-07-06 13:58:36   Token: UP
2026-07-06 13:58:36   Elapsed: 217s | Remaining: 83s | Bin: 2
2026-07-06 13:58:36   --- UP ---
2026-07-06 13:58:36     Price:   LAST=0.6500  BID=0.6400  ASK=0.6500
2026-07-06 13:58:36     VWAP 60s: 0.6179  |  Deviation: +5.20%
2026-07-06 13:58:36     Z-Score 5s: -0.21  |  Momentum 90s: +5.26%
2026-07-06 13:58:36     Trades: 668  |  Volume: 17291
2026-07-06 13:58:36     Buy Vol: 16136  |  Sell Vol: 1155
2026-07-06 13:58:36   --- DOWN ---
2026-07-06 13:58:36     Price:   LAST=0.3600  BID=0.3500  ASK=0.3600
2026-07-06 13:58:36     VWAP 60s: 0.3870  |  Deviation: -6.99%
2026-07-06 13:58:36     Z-Score 5s: +0.61  |  Momentum 90s: -5.99%
2026-07-06 13:58:36     Trades: 626  |  Volume: 17506
2026-07-06 13:58:36     Buy Vol: 16235  |  Sell Vol: 1271
2026-07-06 13:58:36   Win Rate: 0.7%
2026-07-06 13:58:36   Config: min_price=0.6, max_price=0.9, min_elapsed=60s, dev_range=0.1%-100%, no_entry_cutoff=30s
2026-07-06 13:58:36   BTC Chainlink: $62,932.24 (anchor: $62,922.00)
2026-07-06 13:58:36   BTC Deviation: $+10.24 (+0.0163%)
2026-07-06 13:58:36 ============================================================
2026-07-06 13:58:36 MAIN ENTRY FAILED: Could not get price
2026-07-06 13:58:37 ============================================================
2026-07-06 13:58:37 TRADE SIGNAL TRIGGERED
2026-07-06 13:58:37   Time: 2026-07-06T13:58:37.131538
2026-07-06 13:58:37   Market: btc-updown-5m-1783320900
2026-07-06 13:58:37   Signal: BUY_UP
2026-07-06 13:58:37   Token: UP
2026-07-06 13:58:37   Elapsed: 217s | Remaining: 83s | Bin: 2
2026-07-06 13:58:37   --- UP ---
2026-07-06 13:58:37     Price:   LAST=0.6500  BID=0.6400  ASK=0.6500
2026-07-06 13:58:37     VWAP 60s: 0.6179  |  Deviation: +5.19%
2026-07-06 13:58:37     Z-Score 5s: -0.57  |  Momentum 90s: +4.84%
2026-07-06 13:58:37     Trades: 668  |  Volume: 17291
2026-07-06 13:58:37     Buy Vol: 16136  |  Sell Vol: 1155
2026-07-06 13:58:37   --- DOWN ---
2026-07-06 13:58:37     Price:   LAST=0.3600  BID=0.3500  ASK=0.3600
2026-07-06 13:58:37     VWAP 60s: 0.3870  |  Deviation: -6.99%
2026-07-06 13:58:37     Z-Score 5s: +0.82  |  Momentum 90s: -5.85%
2026-07-06 13:58:37     Trades: 626  |  Volume: 17506
2026-07-06 13:58:37     Buy Vol: 16235  |  Sell Vol: 1271
2026-07-06 13:58:37   Win Rate: 0.7%
2026-07-06 13:58:37   Config: min_price=0.6, max_price=0.9, min_elapsed=60s, dev_range=0.1%-100%, no_entry_cutoff=30s
2026-07-06 13:58:37   BTC Chainlink: $62,932.24 (anchor: $62,922.00)
2026-07-06 13:58:37   BTC Deviation: $+10.24 (+0.0163%)
2026-07-06 13:58:37 ============================================================
2026-07-06 13:58:37 MAIN ENTRY FAILED: Could not get price
2026-07-06 13:58:37 ============================================================
2026-07-06 13:58:37 TRADE SIGNAL TRIGGERED
2026-07-06 13:58:37   Time: 2026-07-06T13:58:37.395663
2026-07-06 13:58:37   Market: btc-updown-5m-1783320900
2026-07-06 13:58:37   Signal: BUY_UP
2026-07-06 13:58:37   Token: UP
2026-07-06 13:58:37   Elapsed: 217s | Remaining: 83s | Bin: 2
2026-07-06 13:58:37   --- UP ---
2026-07-06 13:58:37     Price:   LAST=0.6500  BID=0.6400  ASK=0.6500
2026-07-06 13:58:37     VWAP 60s: 0.6179  |  Deviation: +5.19%
2026-07-06 13:58:37     Z-Score 5s: -0.57  |  Momentum 90s: +4.84%
2026-07-06 13:58:37     Trades: 668  |  Volume: 17291
2026-07-06 13:58:37     Buy Vol: 16136  |  Sell Vol: 1155
2026-07-06 13:58:37   --- DOWN ---
2026-07-06 13:58:37     Price:   LAST=0.3600  BID=0.3500  ASK=0.3600
2026-07-06 13:58:37     VWAP 60s: 0.3870  |  Deviation: -6.99%
2026-07-06 13:58:37     Z-Score 5s: +1.30  |  Momentum 90s: -5.73%
2026-07-06 13:58:37     Trades: 626  |  Volume: 17506
2026-07-06 13:58:37     Buy Vol: 16235  |  Sell Vol: 1271
2026-07-06 13:58:37   Win Rate: 0.7%
2026-07-06 13:58:37   Config: min_price=0.6, max_price=0.9, min_elapsed=60s, dev_range=0.1%-100%, no_entry_cutoff=30s
2026-07-06 13:58:37   BTC Chainlink: $62,932.24 (anchor: $62,922.00)
2026-07-06 13:58:37   BTC Deviation: $+10.24 (+0.0163%)
2026-07-06 13:58:37 ============================================================
2026-07-06 13:58:37 MAIN ENTRY FAILED: Could not get price
2026-07-06 13:58:37 ============================================================
2026-07-06 13:58:37 TRADE SIGNAL TRIGGERED
2026-07-06 13:58:37   Time: 2026-07-06T13:58:37.656580
2026-07-06 13:58:37   Market: btc-updown-5m-1783320900
2026-07-06 13:58:37   Signal: BUY_UP
2026-07-06 13:58:37   Token: UP
2026-07-06 13:58:37   Elapsed: 218s | Remaining: 82s | Bin: 2
2026-07-06 13:58:37   --- UP ---
2026-07-06 13:58:37     Price:   LAST=0.6500  BID=0.6400  ASK=0.6500
2026-07-06 13:58:37     VWAP 60s: 0.6181  |  Deviation: +5.17%
2026-07-06 13:58:37     Z-Score 5s: -0.76  |  Momentum 90s: +4.84%
2026-07-06 13:58:37     Trades: 668  |  Volume: 17291
2026-07-06 13:58:37     Buy Vol: 16136  |  Sell Vol: 1155
2026-07-06 13:58:37   --- DOWN ---
2026-07-06 13:58:37     Price:   LAST=0.3600  BID=0.3500  ASK=0.3600
2026-07-06 13:58:37     VWAP 60s: 0.3870  |  Deviation: -6.97%
2026-07-06 13:58:37     Z-Score 5s: +1.20  |  Momentum 90s: -5.95%
2026-07-06 13:58:37     Trades: 627  |  Volume: 17513
2026-07-06 13:58:37     Buy Vol: 16241  |  Sell Vol: 1271
2026-07-06 13:58:37   Win Rate: 0.7%
2026-07-06 13:58:37   Config: min_price=0.6, max_price=0.9, min_elapsed=60s, dev_range=0.1%-100%, no_entry_cutoff=30s
2026-07-06 13:58:37   BTC Chainlink: $62,932.28 (anchor: $62,922.00)
2026-07-06 13:58:37   BTC Deviation: $+10.28 (+0.0163%)
2026-07-06 13:58:37 ============================================================
2026-07-06 13:58:37 MAIN ENTRY FAILED: Could not get price
2026-07-06 13:58:38 ============================================================
2026-07-06 13:58:38 TRADE SIGNAL TRIGGERED
2026-07-06 13:58:38   Time: 2026-07-06T13:58:38.668097
2026-07-06 13:58:38   Market: btc-updown-5m-1783320900
2026-07-06 13:58:38   Signal: BUY_UP
2026-07-06 13:58:38   Token: UP
2026-07-06 13:58:38   Elapsed: 219s | Remaining: 81s | Bin: 2
2026-07-06 13:58:38   --- UP ---
2026-07-06 13:58:38     Price:   LAST=0.6200  BID=0.6100  ASK=0.6200
2026-07-06 13:58:38     VWAP 60s: 0.6178  |  Deviation: +0.36%
2026-07-06 13:58:38     Z-Score 5s: -0.11  |  Momentum 90s: +0.00%
2026-07-06 13:58:38     Trades: 683  |  Volume: 17537
2026-07-06 13:58:38     Buy Vol: 16364  |  Sell Vol: 1173
2026-07-06 13:58:38   --- DOWN ---
2026-07-06 13:58:38     Price:   LAST=0.3900  BID=0.3800  ASK=0.3900
2026-07-06 13:58:38     VWAP 60s: 0.3819  |  Deviation: +2.12%
2026-07-06 13:58:38     Z-Score 5s: +1.42  |  Momentum 90s: +1.01%
2026-07-06 13:58:38     Trades: 634  |  Volume: 17835
2026-07-06 13:58:38     Buy Vol: 16564  |  Sell Vol: 1271
2026-07-06 13:58:38   Win Rate: 0.6%
2026-07-06 13:58:38   Config: min_price=0.6, max_price=0.9, min_elapsed=60s, dev_range=0.1%-100%, no_entry_cutoff=30s
2026-07-06 13:58:38   BTC Chainlink: $62,931.43 (anchor: $62,922.00)
2026-07-06 13:58:38   BTC Deviation: $+9.43 (+0.0150%)
2026-07-06 13:58:38 ============================================================
2026-07-06 13:58:38 MAIN ENTRY FAILED: Could not get price
2026-07-06 13:58:38 ============================================================
2026-07-06 13:58:38 TRADE SIGNAL TRIGGERED
2026-07-06 13:58:38   Time: 2026-07-06T13:58:38.926724
2026-07-06 13:58:38   Market: btc-updown-5m-1783320900
2026-07-06 13:58:38   Signal: BUY_UP
2026-07-06 13:58:38   Token: UP
2026-07-06 13:58:38   Elapsed: 219s | Remaining: 81s | Bin: 2
2026-07-06 13:58:38   --- UP ---
2026-07-06 13:58:38     Price:   LAST=0.6200  BID=0.6100  ASK=0.6200
2026-07-06 13:58:38     VWAP 60s: 0.6178  |  Deviation: +0.35%
2026-07-06 13:58:38     Z-Score 5s: -0.11  |  Momentum 90s: +0.00%
2026-07-06 13:58:38     Trades: 683  |  Volume: 17537
2026-07-06 13:58:38     Buy Vol: 16364  |  Sell Vol: 1173
2026-07-06 13:58:38   --- DOWN ---
2026-07-06 13:58:38     Price:   LAST=0.3900  BID=0.3800  ASK=0.3900
2026-07-06 13:58:38     VWAP 60s: 0.3819  |  Deviation: +2.12%
2026-07-06 13:58:38     Z-Score 5s: +1.36  |  Momentum 90s: +0.49%
2026-07-06 13:58:38     Trades: 634  |  Volume: 17835
2026-07-06 13:58:38     Buy Vol: 16564  |  Sell Vol: 1271
2026-07-06 13:58:38   Win Rate: 0.6%
2026-07-06 13:58:38   Config: min_price=0.6, max_price=0.9, min_elapsed=60s, dev_range=0.1%-100%, no_entry_cutoff=30s
2026-07-06 13:58:38   BTC Chainlink: $62,931.43 (anchor: $62,922.00)
2026-07-06 13:58:38   BTC Deviation: $+9.43 (+0.0150%)
2026-07-06 13:58:38 ============================================================
2026-07-06 13:58:38 MAIN ENTRY FAILED: Could not get price
2026-07-06 13:58:39 ============================================================
2026-07-06 13:58:39 TRADE SIGNAL TRIGGERED
2026-07-06 13:58:39   Time: 2026-07-06T13:58:39.184839
2026-07-06 13:58:39   Market: btc-updown-5m-1783320900
2026-07-06 13:58:39   Signal: BUY_UP
2026-07-06 13:58:39   Token: UP
2026-07-06 13:58:39   Elapsed: 219s | Remaining: 81s | Bin: 2
2026-07-06 13:58:39   --- UP ---
2026-07-06 13:58:39     Price:   LAST=0.6200  BID=0.6100  ASK=0.6200
2026-07-06 13:58:39     VWAP 60s: 0.6178  |  Deviation: +0.35%
2026-07-06 13:58:39     Z-Score 5s: -0.02  |  Momentum 90s: +1.31%
2026-07-06 13:58:39     Trades: 683  |  Volume: 17537
2026-07-06 13:58:39     Buy Vol: 16364  |  Sell Vol: 1173
2026-07-06 13:58:39   --- DOWN ---
2026-07-06 13:58:39     Price:   LAST=0.3900  BID=0.3800  ASK=0.3900
2026-07-06 13:58:39     VWAP 60s: 0.3819  |  Deviation: +2.12%
2026-07-06 13:58:39     Z-Score 5s: +1.21  |  Momentum 90s: -1.52%
2026-07-06 13:58:39     Trades: 634  |  Volume: 17835
2026-07-06 13:58:39     Buy Vol: 16564  |  Sell Vol: 1271
2026-07-06 13:58:39   Win Rate: 0.6%
2026-07-06 13:58:39   Config: min_price=0.6, max_price=0.9, min_elapsed=60s, dev_range=0.1%-100%, no_entry_cutoff=30s
2026-07-06 13:58:39   BTC Chainlink: $62,931.43 (anchor: $62,922.00)
2026-07-06 13:58:39   BTC Deviation: $+9.43 (+0.0150%)
2026-07-06 13:58:39 ============================================================
2026-07-06 13:58:39 MAIN ENTRY FAILED: Could not get price
2026-07-06 13:58:39 ============================================================
2026-07-06 13:58:39 TRADE SIGNAL TRIGGERED
2026-07-06 13:58:39   Time: 2026-07-06T13:58:39.440927
2026-07-06 13:58:39   Market: btc-updown-5m-1783320900
2026-07-06 13:58:39   Signal: BUY_UP
2026-07-06 13:58:39   Token: UP
2026-07-06 13:58:39   Elapsed: 219s | Remaining: 81s | Bin: 2
2026-07-06 13:58:39   --- UP ---
2026-07-06 13:58:39     Price:   LAST=0.6200  BID=0.6100  ASK=0.6300
2026-07-06 13:58:39     VWAP 60s: 0.6180  |  Deviation: +0.33%
2026-07-06 13:58:39     Z-Score 5s: -0.02  |  Momentum 90s: +3.72%
2026-07-06 13:58:39     Trades: 684  |  Volume: 17539
2026-07-06 13:58:39     Buy Vol: 16366  |  Sell Vol: 1173
2026-07-06 13:58:39   --- DOWN ---
2026-07-06 13:58:39     Price:   LAST=0.3900  BID=0.3700  ASK=0.3900
2026-07-06 13:58:39     VWAP 60s: 0.3819  |  Deviation: +2.12%
2026-07-06 13:58:39     Z-Score 5s: +1.16  |  Momentum 90s: -2.38%
2026-07-06 13:58:39     Trades: 634  |  Volume: 17835
2026-07-06 13:58:39     Buy Vol: 16564  |  Sell Vol: 1271
2026-07-06 13:58:39   Win Rate: 0.6%
2026-07-06 13:58:39   Config: min_price=0.6, max_price=0.9, min_elapsed=60s, dev_range=0.1%-100%, no_entry_cutoff=30s
2026-07-06 13:58:39   BTC Chainlink: $62,931.43 (anchor: $62,922.00)
2026-07-06 13:58:39   BTC Deviation: $+9.43 (+0.0150%)
2026-07-06 13:58:39 ============================================================
2026-07-06 13:58:39 MAIN ENTRY FAILED: Could not get price
2026-07-06 13:58:39 ============================================================
2026-07-06 13:58:39 TRADE SIGNAL TRIGGERED
2026-07-06 13:58:39   Time: 2026-07-06T13:58:39.697735
2026-07-06 13:58:39   Market: btc-updown-5m-1783320900
2026-07-06 13:58:39   Signal: BUY_UP
2026-07-06 13:58:39   Token: UP
2026-07-06 13:58:39   Elapsed: 220s | Remaining: 80s | Bin: 2
2026-07-06 13:58:39   --- UP ---
2026-07-06 13:58:39     Price:   LAST=0.6200  BID=0.6200  ASK=0.6300
2026-07-06 13:58:39     VWAP 60s: 0.6184  |  Deviation: +0.27%
2026-07-06 13:58:39     Z-Score 5s: -0.02  |  Momentum 90s: +4.28%
2026-07-06 13:58:39     Trades: 685  |  Volume: 17599
2026-07-06 13:58:39     Buy Vol: 16426  |  Sell Vol: 1173
2026-07-06 13:58:39   --- DOWN ---
2026-07-06 13:58:39     Price:   LAST=0.3900  BID=0.3700  ASK=0.3800
2026-07-06 13:58:39     VWAP 60s: 0.3819  |  Deviation: +2.12%
2026-07-06 13:58:39     Z-Score 5s: +1.06  |  Momentum 90s: -3.55%
2026-07-06 13:58:39     Trades: 634  |  Volume: 17835
2026-07-06 13:58:39     Buy Vol: 16564  |  Sell Vol: 1271
2026-07-06 13:58:39   Win Rate: 0.6%
2026-07-06 13:58:39   Config: min_price=0.6, max_price=0.9, min_elapsed=60s, dev_range=0.1%-100%, no_entry_cutoff=30s
2026-07-06 13:58:39   BTC Chainlink: $62,931.43 (anchor: $62,922.00)
2026-07-06 13:58:39   BTC Deviation: $+9.43 (+0.0150%)
2026-07-06 13:58:39 ============================================================
2026-07-06 13:58:39 MAIN ENTRY FAILED: Could not get price
2026-07-06 13:58:39 ============================================================
2026-07-06 13:58:39 TRADE SIGNAL TRIGGERED
2026-07-06 13:58:39   Time: 2026-07-06T13:58:39.950292
2026-07-06 13:58:39   Market: btc-updown-5m-1783320900
2026-07-06 13:58:39   Signal: BUY_UP
2026-07-06 13:58:39   Token: UP
2026-07-06 13:58:39   Elapsed: 220s | Remaining: 80s | Bin: 2
2026-07-06 13:58:39   --- UP ---
2026-07-06 13:58:39     Price:   LAST=0.6300  BID=0.6200  ASK=0.6300
2026-07-06 13:58:39     VWAP 60s: 0.6185  |  Deviation: +1.86%
2026-07-06 13:58:39     Z-Score 5s: +0.54  |  Momentum 90s: +6.42%
2026-07-06 13:58:39     Trades: 686  |  Volume: 17601
2026-07-06 13:58:39     Buy Vol: 16428  |  Sell Vol: 1173
2026-07-06 13:58:39   --- DOWN ---
2026-07-06 13:58:39     Price:   LAST=0.3900  BID=0.3700  ASK=0.3800
2026-07-06 13:58:39     VWAP 60s: 0.3819  |  Deviation: +2.12%
2026-07-06 13:58:39     Z-Score 5s: +0.99  |  Momentum 90s: -3.81%
2026-07-06 13:58:39     Trades: 634  |  Volume: 17835
2026-07-06 13:58:39     Buy Vol: 16564  |  Sell Vol: 1271
2026-07-06 13:58:39   Win Rate: 0.6%
2026-07-06 13:58:39   Config: min_price=0.6, max_price=0.9, min_elapsed=60s, dev_range=0.1%-100%, no_entry_cutoff=30s
2026-07-06 13:58:39   BTC Chainlink: $62,931.43 (anchor: $62,922.00)
2026-07-06 13:58:39   BTC Deviation: $+9.43 (+0.0150%)
2026-07-06 13:58:39 ============================================================
2026-07-06 13:58:39 MAIN ENTRY FAILED: Could not get price
2026-07-06 13:58:40 ============================================================
2026-07-06 13:58:40 TRADE SIGNAL TRIGGERED
2026-07-06 13:58:40   Time: 2026-07-06T13:58:40.207490
2026-07-06 13:58:40   Market: btc-updown-5m-1783320900
2026-07-06 13:58:40   Signal: BUY_UP
2026-07-06 13:58:40   Token: UP
2026-07-06 13:58:40   Elapsed: 220s | Remaining: 80s | Bin: 2
2026-07-06 13:58:40   --- UP ---
2026-07-06 13:58:40     Price:   LAST=0.6300  BID=0.6200  ASK=0.6300
2026-07-06 13:58:40     VWAP 60s: 0.6185  |  Deviation: +1.86%
2026-07-06 13:58:40     Z-Score 5s: +0.76  |  Momentum 90s: +6.98%
2026-07-06 13:58:40     Trades: 686  |  Volume: 17601
2026-07-06 13:58:40     Buy Vol: 16428  |  Sell Vol: 1173
2026-07-06 13:58:40   --- DOWN ---
2026-07-06 13:58:40     Price:   LAST=0.3900  BID=0.3700  ASK=0.3800
2026-07-06 13:58:40     VWAP 60s: 0.3819  |  Deviation: +2.12%
2026-07-06 13:58:40     Z-Score 5s: +0.99  |  Momentum 90s: -3.99%
2026-07-06 13:58:40     Trades: 634  |  Volume: 17835
2026-07-06 13:58:40     Buy Vol: 16564  |  Sell Vol: 1271
2026-07-06 13:58:40   Win Rate: 0.6%
2026-07-06 13:58:40   Config: min_price=0.6, max_price=0.9, min_elapsed=60s, dev_range=0.1%-100%, no_entry_cutoff=30s
2026-07-06 13:58:40   BTC Chainlink: $62,931.43 (anchor: $62,922.00)
2026-07-06 13:58:40   BTC Deviation: $+9.43 (+0.0150%)
2026-07-06 13:58:40 ============================================================
2026-07-06 13:58:40 MAIN ENTRY FAILED: Could not get price
2026-07-06 13:58:40 ============================================================
2026-07-06 13:58:40 TRADE SIGNAL TRIGGERED
2026-07-06 13:58:40   Time: 2026-07-06T13:58:40.463779
2026-07-06 13:58:40   Market: btc-updown-5m-1783320900
2026-07-06 13:58:40   Signal: BUY_UP
2026-07-06 13:58:40   Token: UP
2026-07-06 13:58:40   Elapsed: 220s | Remaining: 80s | Bin: 2
2026-07-06 13:58:40   --- UP ---
2026-07-06 13:58:40     Price:   LAST=0.6200  BID=0.6200  ASK=0.6300
2026-07-06 13:58:40     VWAP 60s: 0.6185  |  Deviation: +0.24%
2026-07-06 13:58:40     Z-Score 5s: +0.29  |  Momentum 90s: +5.98%
2026-07-06 13:58:40     Trades: 688  |  Volume: 17612
2026-07-06 13:58:40     Buy Vol: 16436  |  Sell Vol: 1176
2026-07-06 13:58:40   --- DOWN ---
2026-07-06 13:58:40     Price:   LAST=0.3800  BID=0.3700  ASK=0.3800
2026-07-06 13:58:40     VWAP 60s: 0.3819  |  Deviation: -0.49%
2026-07-06 13:58:40     Z-Score 5s: +0.36  |  Momentum 90s: -7.21%
2026-07-06 13:58:40     Trades: 635  |  Volume: 17838
2026-07-06 13:58:40     Buy Vol: 16566  |  Sell Vol: 1271
2026-07-06 13:58:40   Win Rate: 0.6%
2026-07-06 13:58:40   Config: min_price=0.6, max_price=0.9, min_elapsed=60s, dev_range=0.1%-100%, no_entry_cutoff=30s
2026-07-06 13:58:40   BTC Chainlink: $62,929.76 (anchor: $62,922.00)
2026-07-06 13:58:40   BTC Deviation: $+7.76 (+0.0123%)
2026-07-06 13:58:40 ============================================================
2026-07-06 13:58:40 MAIN ENTRY FAILED: Could not get price
2026-07-06 13:58:40 ============================================================
2026-07-06 13:58:40 TRADE SIGNAL TRIGGERED
2026-07-06 13:58:40   Time: 2026-07-06T13:58:40.716224
2026-07-06 13:58:40   Market: btc-updown-5m-1783320900
2026-07-06 13:58:40   Signal: BUY_UP
2026-07-06 13:58:40   Token: UP
2026-07-06 13:58:40   Elapsed: 221s | Remaining: 79s | Bin: 2
2026-07-06 13:58:40   --- UP ---
2026-07-06 13:58:40     Price:   LAST=0.6300  BID=0.6200  ASK=0.6300
2026-07-06 13:58:40     VWAP 60s: 0.6185  |  Deviation: +1.85%
2026-07-06 13:58:40     Z-Score 5s: +0.85  |  Momentum 90s: +7.69%
2026-07-06 13:58:40     Trades: 689  |  Volume: 17615
2026-07-06 13:58:40     Buy Vol: 16439  |  Sell Vol: 1176
2026-07-06 13:58:40   --- DOWN ---
2026-07-06 13:58:40     Price:   LAST=0.3800  BID=0.3700  ASK=0.3800
2026-07-06 13:58:40     VWAP 60s: 0.3819  |  Deviation: -0.49%
2026-07-06 13:58:40     Z-Score 5s: +0.23  |  Momentum 90s: -7.94%
2026-07-06 13:58:40     Trades: 635  |  Volume: 17838
2026-07-06 13:58:40     Buy Vol: 16566  |  Sell Vol: 1271
2026-07-06 13:58:40   Win Rate: 0.6%
2026-07-06 13:58:40   Config: min_price=0.6, max_price=0.9, min_elapsed=60s, dev_range=0.1%-100%, no_entry_cutoff=30s
2026-07-06 13:58:40   BTC Chainlink: $62,929.76 (anchor: $62,922.00)
2026-07-06 13:58:40   BTC Deviation: $+7.76 (+0.0123%)
2026-07-06 13:58:40 ============================================================
2026-07-06 13:58:40 MAIN ENTRY FAILED: Could not get price
2026-07-06 13:58:40 ============================================================
2026-07-06 13:58:40 TRADE SIGNAL TRIGGERED
2026-07-06 13:58:40   Time: 2026-07-06T13:58:40.967755
2026-07-06 13:58:40   Market: btc-updown-5m-1783320900
2026-07-06 13:58:40   Signal: BUY_UP
2026-07-06 13:58:40   Token: UP
2026-07-06 13:58:40   Elapsed: 221s | Remaining: 79s | Bin: 2
2026-07-06 13:58:40   --- UP ---
2026-07-06 13:58:40     Price:   LAST=0.6300  BID=0.6200  ASK=0.6300
2026-07-06 13:58:40     VWAP 60s: 0.6185  |  Deviation: +1.85%
2026-07-06 13:58:40     Z-Score 5s: +1.00  |  Momentum 90s: +7.69%
2026-07-06 13:58:40     Trades: 690  |  Volume: 17618
2026-07-06 13:58:40     Buy Vol: 16442  |  Sell Vol: 1176
2026-07-06 13:58:40   --- DOWN ---
2026-07-06 13:58:40     Price:   LAST=0.3800  BID=0.3700  ASK=0.3800
2026-07-06 13:58:40     VWAP 60s: 0.3818  |  Deviation: -0.48%
2026-07-06 13:58:40     Z-Score 5s: +0.15  |  Momentum 90s: -9.37%
2026-07-06 13:58:40     Trades: 635  |  Volume: 17838
2026-07-06 13:58:40     Buy Vol: 16566  |  Sell Vol: 1271
2026-07-06 13:58:40   Win Rate: 0.6%
2026-07-06 13:58:40   Config: min_price=0.6, max_price=0.9, min_elapsed=60s, dev_range=0.1%-100%, no_entry_cutoff=30s
2026-07-06 13:58:40   BTC Chainlink: $62,929.76 (anchor: $62,922.00)
2026-07-06 13:58:40   BTC Deviation: $+7.76 (+0.0123%)
2026-07-06 13:58:40 ============================================================
2026-07-06 13:58:40 MAIN ENTRY FAILED: Could not get price
2026-07-06 13:58:41 ============================================================
2026-07-06 13:58:41 TRADE SIGNAL TRIGGERED
2026-07-06 13:58:41   Time: 2026-07-06T13:58:41.218917
2026-07-06 13:58:41   Market: btc-updown-5m-1783320900
2026-07-06 13:58:41   Signal: BUY_UP
2026-07-06 13:58:41   Token: UP
2026-07-06 13:58:41   Elapsed: 221s | Remaining: 79s | Bin: 2
2026-07-06 13:58:41   --- UP ---
2026-07-06 13:58:41     Price:   LAST=0.6300  BID=0.6200  ASK=0.6300
2026-07-06 13:58:41     VWAP 60s: 0.6185  |  Deviation: +1.85%
2026-07-06 13:58:41     Z-Score 5s: +1.00  |  Momentum 90s: +8.62%
2026-07-06 13:58:41     Trades: 690  |  Volume: 17618
2026-07-06 13:58:41     Buy Vol: 16442  |  Sell Vol: 1176
2026-07-06 13:58:41   --- DOWN ---
2026-07-06 13:58:41     Price:   LAST=0.3800  BID=0.3700  ASK=0.3800
2026-07-06 13:58:41     VWAP 60s: 0.3818  |  Deviation: -0.47%
2026-07-06 13:58:41     Z-Score 5s: -0.06  |  Momentum 90s: -9.37%
2026-07-06 13:58:41     Trades: 635  |  Volume: 17838
2026-07-06 13:58:41     Buy Vol: 16566  |  Sell Vol: 1271
2026-07-06 13:58:41   Win Rate: 0.6%
2026-07-06 13:58:41   Config: min_price=0.6, max_price=0.9, min_elapsed=60s, dev_range=0.1%-100%, no_entry_cutoff=30s
2026-07-06 13:58:41   BTC Chainlink: $62,929.76 (anchor: $62,922.00)
2026-07-06 13:58:41   BTC Deviation: $+7.76 (+0.0123%)
2026-07-06 13:58:41 ============================================================
2026-07-06 13:58:41 MAIN ENTRY FAILED: Could not get price
2026-07-06 13:58:41 ============================================================
2026-07-06 13:58:41 TRADE SIGNAL TRIGGERED
2026-07-06 13:58:41   Time: 2026-07-06T13:58:41.473059
2026-07-06 13:58:41   Market: btc-updown-5m-1783320900
2026-07-06 13:58:41   Signal: BUY_UP
2026-07-06 13:58:41   Token: UP
2026-07-06 13:58:41   Elapsed: 221s | Remaining: 79s | Bin: 2
2026-07-06 13:58:41   --- UP ---
2026-07-06 13:58:41     Price:   LAST=0.6300  BID=0.6200  ASK=0.6300
2026-07-06 13:58:41     VWAP 60s: 0.6186  |  Deviation: +1.85%
2026-07-06 13:58:41     Z-Score 5s: +0.96  |  Momentum 90s: +8.62%
2026-07-06 13:58:41     Trades: 691  |  Volume: 17620
2026-07-06 13:58:41     Buy Vol: 16444  |  Sell Vol: 1176
2026-07-06 13:58:41   --- DOWN ---
2026-07-06 13:58:41     Price:   LAST=0.3800  BID=0.3700  ASK=0.3800
2026-07-06 13:58:41     VWAP 60s: 0.3818  |  Deviation: -0.47%
2026-07-06 13:58:41     Z-Score 5s: -0.06  |  Momentum 90s: -10.76%
2026-07-06 13:58:41     Trades: 636  |  Volume: 17843
2026-07-06 13:58:41     Buy Vol: 16572  |  Sell Vol: 1271
2026-07-06 13:58:41   Win Rate: 0.6%
2026-07-06 13:58:41   Config: min_price=0.6, max_price=0.9, min_elapsed=60s, dev_range=0.1%-100%, no_entry_cutoff=30s
2026-07-06 13:58:41   BTC Chainlink: $62,929.86 (anchor: $62,922.00)
2026-07-06 13:58:41   BTC Deviation: $+7.86 (+0.0125%)
2026-07-06 13:58:41 ============================================================
2026-07-06 13:58:41 MAIN ENTRY FAILED: Could not get price
2026-07-06 13:58:41 ============================================================
2026-07-06 13:58:41 TRADE SIGNAL TRIGGERED
2026-07-06 13:58:41   Time: 2026-07-06T13:58:41.731400
2026-07-06 13:58:41   Market: btc-updown-5m-1783320900
2026-07-06 13:58:41   Signal: BUY_UP
2026-07-06 13:58:41   Token: UP
2026-07-06 13:58:41   Elapsed: 222s | Remaining: 78s | Bin: 2
2026-07-06 13:58:41   --- UP ---
2026-07-06 13:58:41     Price:   LAST=0.6200  BID=0.6200  ASK=0.6300
2026-07-06 13:58:41     VWAP 60s: 0.6186  |  Deviation: +0.23%
2026-07-06 13:58:41     Z-Score 5s: +0.28  |  Momentum 90s: +6.90%
2026-07-06 13:58:41     Trades: 692  |  Volume: 17623
2026-07-06 13:58:41     Buy Vol: 16444  |  Sell Vol: 1180
2026-07-06 13:58:41   --- DOWN ---
2026-07-06 13:58:41     Price:   LAST=0.3800  BID=0.3700  ASK=0.3800
2026-07-06 13:58:41     VWAP 60s: 0.3818  |  Deviation: -0.47%
2026-07-06 13:58:41     Z-Score 5s: -0.06  |  Momentum 90s: -11.06%
2026-07-06 13:58:41     Trades: 636  |  Volume: 17843
2026-07-06 13:58:41     Buy Vol: 16572  |  Sell Vol: 1271
2026-07-06 13:58:41   Win Rate: 0.6%
2026-07-06 13:58:41   Config: min_price=0.6, max_price=0.9, min_elapsed=60s, dev_range=0.1%-100%, no_entry_cutoff=30s
2026-07-06 13:58:41   BTC Chainlink: $62,929.86 (anchor: $62,922.00)
2026-07-06 13:58:41   BTC Deviation: $+7.86 (+0.0125%)
2026-07-06 13:58:41 ============================================================
2026-07-06 13:58:41 MAIN ENTRY FAILED: Could not get price
2026-07-06 13:58:41 ============================================================
2026-07-06 13:58:41 TRADE SIGNAL TRIGGERED
2026-07-06 13:58:41   Time: 2026-07-06T13:58:41.987022
2026-07-06 13:58:41   Market: btc-updown-5m-1783320900
2026-07-06 13:58:41   Signal: BUY_UP
2026-07-06 13:58:41   Token: UP
2026-07-06 13:58:41   Elapsed: 222s | Remaining: 78s | Bin: 2
2026-07-06 13:58:41   --- UP ---
2026-07-06 13:58:41     Price:   LAST=0.6300  BID=0.6200  ASK=0.6300
2026-07-06 13:58:41     VWAP 60s: 0.6188  |  Deviation: +1.80%
2026-07-06 13:58:41     Z-Score 5s: +0.93  |  Momentum 90s: +8.62%
2026-07-06 13:58:41     Trades: 693  |  Volume: 17631
2026-07-06 13:58:41     Buy Vol: 16452  |  Sell Vol: 1180
2026-07-06 13:58:41   --- DOWN ---
2026-07-06 13:58:41     Price:   LAST=0.3800  BID=0.3700  ASK=0.3800
2026-07-06 13:58:41     VWAP 60s: 0.3818  |  Deviation: -0.47%
2026-07-06 13:58:41     Z-Score 5s: -0.06  |  Momentum 90s: -10.94%
2026-07-06 13:58:41     Trades: 636  |  Volume: 17843
2026-07-06 13:58:41     Buy Vol: 16572  |  Sell Vol: 1271
2026-07-06 13:58:41   Win Rate: 0.6%
2026-07-06 13:58:41   Config: min_price=0.6, max_price=0.9, min_elapsed=60s, dev_range=0.1%-100%, no_entry_cutoff=30s
2026-07-06 13:58:41   BTC Chainlink: $62,929.86 (anchor: $62,922.00)
2026-07-06 13:58:41   BTC Deviation: $+7.86 (+0.0125%)
2026-07-06 13:58:41 ============================================================
2026-07-06 13:58:41 MAIN ENTRY FAILED: Could not get price
2026-07-06 13:58:42 ============================================================
2026-07-06 13:58:42 TRADE SIGNAL TRIGGERED
2026-07-06 13:58:42   Time: 2026-07-06T13:58:42.240074
2026-07-06 13:58:42   Market: btc-updown-5m-1783320900
2026-07-06 13:58:42   Signal: BUY_UP
2026-07-06 13:58:42   Token: UP
2026-07-06 13:58:42   Elapsed: 222s | Remaining: 78s | Bin: 2
2026-07-06 13:58:42   --- UP ---
2026-07-06 13:58:42     Price:   LAST=0.6300  BID=0.6200  ASK=0.6300
2026-07-06 13:58:42     VWAP 60s: 0.6189  |  Deviation: +1.80%
2026-07-06 13:58:42     Z-Score 5s: +0.86  |  Momentum 90s: +8.15%
2026-07-06 13:58:42     Trades: 695  |  Volume: 17637
2026-07-06 13:58:42     Buy Vol: 16457  |  Sell Vol: 1180
2026-07-06 13:58:42   --- DOWN ---
2026-07-06 13:58:42     Price:   LAST=0.3800  BID=0.3700  ASK=0.3800
2026-07-06 13:58:42     VWAP 60s: 0.3818  |  Deviation: -0.47%
2026-07-06 13:58:42     Z-Score 5s: -0.06  |  Momentum 90s: -10.85%
2026-07-06 13:58:42     Trades: 636  |  Volume: 17843
2026-07-06 13:58:42     Buy Vol: 16572  |  Sell Vol: 1271
2026-07-06 13:58:42   Win Rate: 0.6%
2026-07-06 13:58:42   Config: min_price=0.6, max_price=0.9, min_elapsed=60s, dev_range=0.1%-100%, no_entry_cutoff=30s
2026-07-06 13:58:42   BTC Chainlink: $62,929.86 (anchor: $62,922.00)
2026-07-06 13:58:42   BTC Deviation: $+7.86 (+0.0125%)
2026-07-06 13:58:42 ============================================================
2026-07-06 13:58:42 MAIN ENTRY FAILED: Could not get price
2026-07-06 13:58:42 ============================================================
2026-07-06 13:58:42 TRADE SIGNAL TRIGGERED
2026-07-06 13:58:42   Time: 2026-07-06T13:58:42.492041
2026-07-06 13:58:42   Market: btc-updown-5m-1783320900
2026-07-06 13:58:42   Signal: BUY_UP
2026-07-06 13:58:42   Token: UP
2026-07-06 13:58:42   Elapsed: 222s | Remaining: 78s | Bin: 2
2026-07-06 13:58:42   --- UP ---
2026-07-06 13:58:42     Price:   LAST=0.6300  BID=0.6200  ASK=0.6300
2026-07-06 13:58:42     VWAP 60s: 0.6189  |  Deviation: +1.80%
2026-07-06 13:58:42     Z-Score 5s: +0.84  |  Momentum 90s: +7.69%
2026-07-06 13:58:42     Trades: 696  |  Volume: 17638
2026-07-06 13:58:42     Buy Vol: 16458  |  Sell Vol: 1180
2026-07-06 13:58:42   --- DOWN ---
2026-07-06 13:58:42     Price:   LAST=0.3800  BID=0.3700  ASK=0.3800
2026-07-06 13:58:42     VWAP 60s: 0.3818  |  Deviation: -0.47%
2026-07-06 13:58:42     Z-Score 5s: -0.06  |  Momentum 90s: -9.79%
2026-07-06 13:58:42     Trades: 636  |  Volume: 17843
2026-07-06 13:58:42     Buy Vol: 16572  |  Sell Vol: 1271
2026-07-06 13:58:42   Win Rate: 0.6%
2026-07-06 13:58:42   Config: min_price=0.6, max_price=0.9, min_elapsed=60s, dev_range=0.1%-100%, no_entry_cutoff=30s
2026-07-06 13:58:42   BTC Chainlink: $62,929.86 (anchor: $62,922.00)
2026-07-06 13:58:42   BTC Deviation: $+7.86 (+0.0125%)
2026-07-06 13:58:42 ============================================================
2026-07-06 13:58:42 MAIN ENTRY FAILED: Could not get price
2026-07-06 13:58:42 ============================================================
2026-07-06 13:58:42 TRADE SIGNAL TRIGGERED
2026-07-06 13:58:42   Time: 2026-07-06T13:58:42.749521
2026-07-06 13:58:42   Market: btc-updown-5m-1783320900
2026-07-06 13:58:42   Signal: BUY_UP
2026-07-06 13:58:42   Token: UP
2026-07-06 13:58:42   Elapsed: 223s | Remaining: 77s | Bin: 2
2026-07-06 13:58:42   --- UP ---
2026-07-06 13:58:42     Price:   LAST=0.6300  BID=0.6200  ASK=0.6300
2026-07-06 13:58:42     VWAP 60s: 0.6189  |  Deviation: +1.80%
2026-07-06 13:58:42     Z-Score 5s: +0.94  |  Momentum 90s: +7.39%
2026-07-06 13:58:42     Trades: 696  |  Volume: 17638
2026-07-06 13:58:42     Buy Vol: 16458  |  Sell Vol: 1180
2026-07-06 13:58:42   --- DOWN ---
2026-07-06 13:58:42     Price:   LAST=0.3800  BID=0.3700  ASK=0.3800
2026-07-06 13:58:42     VWAP 60s: 0.3818  |  Deviation: -0.47%
2026-07-06 13:58:42     Z-Score 5s: -0.71  |  Momentum 90s: -8.90%
2026-07-06 13:58:42     Trades: 636  |  Volume: 17843
2026-07-06 13:58:42     Buy Vol: 16572  |  Sell Vol: 1271
2026-07-06 13:58:42   Win Rate: 0.6%
2026-07-06 13:58:42   Config: min_price=0.6, max_price=0.9, min_elapsed=60s, dev_range=0.1%-100%, no_entry_cutoff=30s
2026-07-06 13:58:42   BTC Chainlink: $62,929.89 (anchor: $62,922.00)
2026-07-06 13:58:42   BTC Deviation: $+7.89 (+0.0125%)
2026-07-06 13:58:42 ============================================================
2026-07-06 13:58:42 MAIN ENTRY FAILED: Could not get price
2026-07-06 13:58:43 ============================================================
2026-07-06 13:58:43 TRADE SIGNAL TRIGGERED
2026-07-06 13:58:43   Time: 2026-07-06T13:58:43.009122
2026-07-06 13:58:43   Market: btc-updown-5m-1783320900
2026-07-06 13:58:43   Signal: BUY_UP
2026-07-06 13:58:43   Token: UP
2026-07-06 13:58:43   Elapsed: 223s | Remaining: 77s | Bin: 2
2026-07-06 13:58:43   --- UP ---
2026-07-06 13:58:43     Price:   LAST=0.6300  BID=0.6200  ASK=0.6300
2026-07-06 13:58:43     VWAP 60s: 0.6189  |  Deviation: +1.80%
2026-07-06 13:58:43     Z-Score 5s: +0.90  |  Momentum 90s: +7.39%
2026-07-06 13:58:43     Trades: 696  |  Volume: 17638
2026-07-06 13:58:43     Buy Vol: 16458  |  Sell Vol: 1180
2026-07-06 13:58:43   --- DOWN ---
2026-07-06 13:58:43     Price:   LAST=0.3800  BID=0.3700  ASK=0.3800
2026-07-06 13:58:43     VWAP 60s: 0.3817  |  Deviation: -0.45%
2026-07-06 13:58:43     Z-Score 5s: -0.71  |  Momentum 90s: -8.90%
2026-07-06 13:58:43     Trades: 636  |  Volume: 17843
2026-07-06 13:58:43     Buy Vol: 16572  |  Sell Vol: 1271
2026-07-06 13:58:43   Win Rate: 0.6%
2026-07-06 13:58:43   Config: min_price=0.6, max_price=0.9, min_elapsed=60s, dev_range=0.1%-100%, no_entry_cutoff=30s
2026-07-06 13:58:43   BTC Chainlink: $62,929.89 (anchor: $62,922.00)
2026-07-06 13:58:43   BTC Deviation: $+7.89 (+0.0125%)
2026-07-06 13:58:43 ============================================================
2026-07-06 13:58:43 MAIN ENTRY FAILED: Could not get price
2026-07-06 13:58:43 ============================================================
2026-07-06 13:58:43 TRADE SIGNAL TRIGGERED
2026-07-06 13:58:43   Time: 2026-07-06T13:58:43.265632
2026-07-06 13:58:43   Market: btc-updown-5m-1783320900
2026-07-06 13:58:43   Signal: BUY_UP
2026-07-06 13:58:43   Token: UP
2026-07-06 13:58:43   Elapsed: 223s | Remaining: 77s | Bin: 2
2026-07-06 13:58:43   --- UP ---
2026-07-06 13:58:43     Price:   LAST=0.6300  BID=0.6200  ASK=0.6300
2026-07-06 13:58:43     VWAP 60s: 0.6189  |  Deviation: +1.80%
2026-07-06 13:58:43     Z-Score 5s: +0.74  |  Momentum 90s: +6.42%
2026-07-06 13:58:43     Trades: 699  |  Volume: 17646
2026-07-06 13:58:43     Buy Vol: 16467  |  Sell Vol: 1180
2026-07-06 13:58:43   --- DOWN ---
2026-07-06 13:58:43     Price:   LAST=0.3800  BID=0.3700  ASK=0.3800
2026-07-06 13:58:43     VWAP 60s: 0.3817  |  Deviation: -0.45%
2026-07-06 13:58:43     Z-Score 5s: -0.58  |  Momentum 90s: -8.90%
2026-07-06 13:58:43     Trades: 636  |  Volume: 17843
2026-07-06 13:58:43     Buy Vol: 16572  |  Sell Vol: 1271
2026-07-06 13:58:43   Win Rate: 0.6%
2026-07-06 13:58:43   Config: min_price=0.6, max_price=0.9, min_elapsed=60s, dev_range=0.1%-100%, no_entry_cutoff=30s
2026-07-06 13:58:43   BTC Chainlink: $62,929.89 (anchor: $62,922.00)
2026-07-06 13:58:43   BTC Deviation: $+7.89 (+0.0125%)
2026-07-06 13:58:43 ============================================================
2026-07-06 13:58:43 MAIN ENTRY FAILED: Could not get price
2026-07-06 13:58:43 ============================================================
2026-07-06 13:58:43 TRADE SIGNAL TRIGGERED
2026-07-06 13:58:43   Time: 2026-07-06T13:58:43.519676
2026-07-06 13:58:43   Market: btc-updown-5m-1783320900
2026-07-06 13:58:43   Signal: BUY_UP
2026-07-06 13:58:43   Token: UP
2026-07-06 13:58:43   Elapsed: 224s | Remaining: 76s | Bin: 2
2026-07-06 13:58:43   --- UP ---
2026-07-06 13:58:43     Price:   LAST=0.6300  BID=0.6200  ASK=0.6300
2026-07-06 13:58:43     VWAP 60s: 0.6189  |  Deviation: +1.80%
2026-07-06 13:58:43     Z-Score 5s: +0.66  |  Momentum 90s: +6.01%
2026-07-06 13:58:43     Trades: 700  |  Volume: 17654
2026-07-06 13:58:43     Buy Vol: 16475  |  Sell Vol: 1180
2026-07-06 13:58:43   --- DOWN ---
2026-07-06 13:58:43     Price:   LAST=0.3800  BID=0.3700  ASK=0.3800
2026-07-06 13:58:43     VWAP 60s: 0.3817  |  Deviation: -0.45%
2026-07-06 13:58:43     Z-Score 5s: -0.58  |  Momentum 90s: -8.21%
2026-07-06 13:58:43     Trades: 636  |  Volume: 17843
2026-07-06 13:58:43     Buy Vol: 16572  |  Sell Vol: 1271
2026-07-06 13:58:43   Win Rate: 0.6%
2026-07-06 13:58:43   Config: min_price=0.6, max_price=0.9, min_elapsed=60s, dev_range=0.1%-100%, no_entry_cutoff=30s
2026-07-06 13:58:43   BTC Chainlink: $62,929.89 (anchor: $62,922.00)
2026-07-06 13:58:43   BTC Deviation: $+7.89 (+0.0125%)
2026-07-06 13:58:43 ============================================================
2026-07-06 13:58:43 MAIN ENTRY FAILED: Could not get price
2026-07-06 13:58:43 ============================================================
2026-07-06 13:58:43 TRADE SIGNAL TRIGGERED
2026-07-06 13:58:43   Time: 2026-07-06T13:58:43.774765
2026-07-06 13:58:43   Market: btc-updown-5m-1783320900
2026-07-06 13:58:43   Signal: BUY_UP
2026-07-06 13:58:43   Token: UP
2026-07-06 13:58:43   Elapsed: 224s | Remaining: 76s | Bin: 2
2026-07-06 13:58:43   --- UP ---
2026-07-06 13:58:43     Price:   LAST=0.6300  BID=0.6200  ASK=0.6300
2026-07-06 13:58:43     VWAP 60s: 0.6189  |  Deviation: +1.80%
2026-07-06 13:58:43     Z-Score 5s: +0.54  |  Momentum 90s: +5.39%
2026-07-06 13:58:43     Trades: 700  |  Volume: 17654
2026-07-06 13:58:43     Buy Vol: 16475  |  Sell Vol: 1180
2026-07-06 13:58:43   --- DOWN ---
2026-07-06 13:58:43     Price:   LAST=0.3800  BID=0.3700  ASK=0.3800
2026-07-06 13:58:43     VWAP 60s: 0.3817  |  Deviation: -0.45%
2026-07-06 13:58:43     Z-Score 5s: +0.00  |  Momentum 90s: -8.21%
2026-07-06 13:58:43     Trades: 636  |  Volume: 17843
2026-07-06 13:58:43     Buy Vol: 16572  |  Sell Vol: 1271
2026-07-06 13:58:43   Win Rate: 0.6%
2026-07-06 13:58:43   Config: min_price=0.6, max_price=0.9, min_elapsed=60s, dev_range=0.1%-100%, no_entry_cutoff=30s
2026-07-06 13:58:43   BTC Chainlink: $62,929.87 (anchor: $62,922.00)
2026-07-06 13:58:43   BTC Deviation: $+7.87 (+0.0125%)
2026-07-06 13:58:43 ============================================================
2026-07-06 13:58:43 MAIN ENTRY FAILED: Could not get price
2026-07-06 13:58:44 ============================================================
2026-07-06 13:58:44 TRADE SIGNAL TRIGGERED
2026-07-06 13:58:44   Time: 2026-07-06T13:58:44.027376
2026-07-06 13:58:44   Market: btc-updown-5m-1783320900
2026-07-06 13:58:44   Signal: BUY_UP
2026-07-06 13:58:44   Token: UP
2026-07-06 13:58:44   Elapsed: 224s | Remaining: 76s | Bin: 2
2026-07-06 13:58:44   --- UP ---
2026-07-06 13:58:44     Price:   LAST=0.6300  BID=0.6200  ASK=0.6300
2026-07-06 13:58:44     VWAP 60s: 0.6189  |  Deviation: +1.79%
2026-07-06 13:58:44     Z-Score 5s: +0.50  |  Momentum 90s: +5.18%
2026-07-06 13:58:44     Trades: 702  |  Volume: 17667
2026-07-06 13:58:44     Buy Vol: 16487  |  Sell Vol: 1180
2026-07-06 13:58:44   --- DOWN ---
2026-07-06 13:58:44     Price:   LAST=0.3800  BID=0.3700  ASK=0.3800
2026-07-06 13:58:44     VWAP 60s: 0.3817  |  Deviation: -0.45%
2026-07-06 13:58:44     Z-Score 5s: +0.00  |  Momentum 90s: -8.21%
2026-07-06 13:58:44     Trades: 636  |  Volume: 17843
2026-07-06 13:58:44     Buy Vol: 16572  |  Sell Vol: 1271
2026-07-06 13:58:44   Win Rate: 0.6%
2026-07-06 13:58:44   Config: min_price=0.6, max_price=0.9, min_elapsed=60s, dev_range=0.1%-100%, no_entry_cutoff=30s
2026-07-06 13:58:44   BTC Chainlink: $62,929.87 (anchor: $62,922.00)
2026-07-06 13:58:44   BTC Deviation: $+7.87 (+0.0125%)
2026-07-06 13:58:44 ============================================================
2026-07-06 13:58:44 MAIN ENTRY FAILED: Could not get price
2026-07-06 13:58:44 ============================================================
2026-07-06 13:58:44 TRADE SIGNAL TRIGGERED
2026-07-06 13:58:44   Time: 2026-07-06T13:58:44.279216
2026-07-06 13:58:44   Market: btc-updown-5m-1783320900
2026-07-06 13:58:44   Signal: BUY_UP
2026-07-06 13:58:44   Token: UP
2026-07-06 13:58:44   Elapsed: 224s | Remaining: 76s | Bin: 2
2026-07-06 13:58:44   --- UP ---
2026-07-06 13:58:44     Price:   LAST=0.6300  BID=0.6200  ASK=0.6300
2026-07-06 13:58:44     VWAP 60s: 0.6189  |  Deviation: +1.79%
2026-07-06 13:58:44     Z-Score 5s: +0.42  |  Momentum 90s: +4.65%
2026-07-06 13:58:44     Trades: 703  |  Volume: 17669
2026-07-06 13:58:44     Buy Vol: 16489  |  Sell Vol: 1180
2026-07-06 13:58:44   --- DOWN ---
2026-07-06 13:58:44     Price:   LAST=0.3800  BID=0.3700  ASK=0.3800
2026-07-06 13:58:44     VWAP 60s: 0.3817  |  Deviation: -0.45%
2026-07-06 13:58:44     Z-Score 5s: +0.00  |  Momentum 90s: -8.21%
2026-07-06 13:58:44     Trades: 636  |  Volume: 17843
2026-07-06 13:58:44     Buy Vol: 16572  |  Sell Vol: 1271
2026-07-06 13:58:44   Win Rate: 0.6%
2026-07-06 13:58:44   Config: min_price=0.6, max_price=0.9, min_elapsed=60s, dev_range=0.1%-100%, no_entry_cutoff=30s
2026-07-06 13:58:44   BTC Chainlink: $62,929.87 (anchor: $62,922.00)
2026-07-06 13:58:44   BTC Deviation: $+7.87 (+0.0125%)
2026-07-06 13:58:44 ============================================================
2026-07-06 13:58:44 MAIN ENTRY FAILED: Could not get price
2026-07-06 13:58:44 ============================================================
2026-07-06 13:58:44 TRADE SIGNAL TRIGGERED
2026-07-06 13:58:44   Time: 2026-07-06T13:58:44.530642
2026-07-06 13:58:44   Market: btc-updown-5m-1783320900
2026-07-06 13:58:44   Signal: BUY_UP
2026-07-06 13:58:44   Token: UP
2026-07-06 13:58:44   Elapsed: 225s | Remaining: 75s | Bin: 2
2026-07-06 13:58:44   --- UP ---
2026-07-06 13:58:44     Price:   LAST=0.6300  BID=0.6500  ASK=0.6600
2026-07-06 13:58:44     VWAP 60s: 0.6189  |  Deviation: +1.79%
2026-07-06 13:58:44     Z-Score 5s: +0.31  |  Momentum 90s: +4.65%
2026-07-06 13:58:44     Trades: 707  |  Volume: 17689
2026-07-06 13:58:44     Buy Vol: 16509  |  Sell Vol: 1180
2026-07-06 13:58:44   --- DOWN ---
2026-07-06 13:58:44     Price:   LAST=0.3800  BID=0.3400  ASK=0.3500
2026-07-06 13:58:44     VWAP 60s: 0.3817  |  Deviation: -0.45%
2026-07-06 13:58:44     Z-Score 5s: +0.00  |  Momentum 90s: -7.88%
2026-07-06 13:58:44     Trades: 636  |  Volume: 17843
2026-07-06 13:58:44     Buy Vol: 16572  |  Sell Vol: 1271
2026-07-06 13:58:44   Win Rate: 0.6%
2026-07-06 13:58:44   Config: min_price=0.6, max_price=0.9, min_elapsed=60s, dev_range=0.1%-100%, no_entry_cutoff=30s
2026-07-06 13:58:44   BTC Chainlink: $62,929.88 (anchor: $62,922.00)
2026-07-06 13:58:44   BTC Deviation: $+7.88 (+0.0125%)
2026-07-06 13:58:44 ============================================================
2026-07-06 13:58:44 MAIN ENTRY FAILED: Could not get price
2026-07-06 13:58:44 ============================================================
2026-07-06 13:58:44 TRADE SIGNAL TRIGGERED
2026-07-06 13:58:44   Time: 2026-07-06T13:58:44.785240
2026-07-06 13:58:44   Market: btc-updown-5m-1783320900
2026-07-06 13:58:44   Signal: BUY_UP
2026-07-06 13:58:44   Token: UP
2026-07-06 13:58:44   Elapsed: 225s | Remaining: 75s | Bin: 2
2026-07-06 13:58:44   --- UP ---
2026-07-06 13:58:44     Price:   LAST=0.6600  BID=0.6500  ASK=0.6600
2026-07-06 13:58:44     VWAP 60s: 0.6190  |  Deviation: +6.63%
2026-07-06 13:58:44     Z-Score 5s: +4.19  |  Momentum 90s: +9.63%
2026-07-06 13:58:44     Trades: 708  |  Volume: 17694
2026-07-06 13:58:44     Buy Vol: 16514  |  Sell Vol: 1180
2026-07-06 13:58:44   --- DOWN ---
2026-07-06 13:58:44     Price:   LAST=0.3500  BID=0.3400  ASK=0.3500
2026-07-06 13:58:44     VWAP 60s: 0.3815  |  Deviation: -8.26%
2026-07-06 13:58:44     Z-Score 5s: -0.87  |  Momentum 90s: -15.15%
2026-07-06 13:58:44     Trades: 638  |  Volume: 17878
2026-07-06 13:58:44     Buy Vol: 16606  |  Sell Vol: 1271
2026-07-06 13:58:44   Win Rate: 0.7%
2026-07-06 13:58:44   Config: min_price=0.6, max_price=0.9, min_elapsed=60s, dev_range=0.1%-100%, no_entry_cutoff=30s
2026-07-06 13:58:44   BTC Chainlink: $62,929.88 (anchor: $62,922.00)
2026-07-06 13:58:44   BTC Deviation: $+7.88 (+0.0125%)
2026-07-06 13:58:44 ============================================================
2026-07-06 13:58:44 MAIN ENTRY FAILED: Could not get price
2026-07-06 13:58:45 ============================================================
2026-07-06 13:58:45 TRADE SIGNAL TRIGGERED
2026-07-06 13:58:45   Time: 2026-07-06T13:58:45.037694
2026-07-06 13:58:45   Market: btc-updown-5m-1783320900
2026-07-06 13:58:45   Signal: BUY_UP
2026-07-06 13:58:45   Token: UP
2026-07-06 13:58:45   Elapsed: 225s | Remaining: 75s | Bin: 2
2026-07-06 13:58:45   --- UP ---
2026-07-06 13:58:45     Price:   LAST=0.6600  BID=0.6500  ASK=0.6600
2026-07-06 13:58:45     VWAP 60s: 0.6190  |  Deviation: +6.62%
2026-07-06 13:58:45     Z-Score 5s: +3.02  |  Momentum 90s: +9.63%
2026-07-06 13:58:45     Trades: 709  |  Volume: 17704
2026-07-06 13:58:45     Buy Vol: 16524  |  Sell Vol: 1180
2026-07-06 13:58:45   --- DOWN ---
2026-07-06 13:58:45     Price:   LAST=0.3500  BID=0.3400  ASK=0.3500
2026-07-06 13:58:45     VWAP 60s: 0.3809  |  Deviation: -8.12%
2026-07-06 13:58:45     Z-Score 5s: -0.73  |  Momentum 90s: -14.63%
2026-07-06 13:58:45     Trades: 639  |  Volume: 17989
2026-07-06 13:58:45     Buy Vol: 16717  |  Sell Vol: 1271
2026-07-06 13:58:45   Win Rate: 0.7%
2026-07-06 13:58:45   Config: min_price=0.6, max_price=0.9, min_elapsed=60s, dev_range=0.1%-100%, no_entry_cutoff=30s
2026-07-06 13:58:45   BTC Chainlink: $62,929.88 (anchor: $62,922.00)
2026-07-06 13:58:45   BTC Deviation: $+7.88 (+0.0125%)
2026-07-06 13:58:45 ============================================================
2026-07-06 13:58:45 MAIN ENTRY FAILED: Could not get price
2026-07-06 13:58:45 ============================================================
2026-07-06 13:58:45 TRADE SIGNAL TRIGGERED
2026-07-06 13:58:45   Time: 2026-07-06T13:58:45.290017
2026-07-06 13:58:45   Market: btc-updown-5m-1783320900
2026-07-06 13:58:45   Signal: BUY_UP
2026-07-06 13:58:45   Token: UP
2026-07-06 13:58:45   Elapsed: 225s | Remaining: 75s | Bin: 2
2026-07-06 13:58:45   --- UP ---
2026-07-06 13:58:45     Price:   LAST=0.6600  BID=0.6500  ASK=0.6600
2026-07-06 13:58:45     VWAP 60s: 0.6191  |  Deviation: +6.61%
2026-07-06 13:58:45     Z-Score 5s: +2.44  |  Momentum 90s: +9.09%
2026-07-06 13:58:45     Trades: 710  |  Volume: 17706
2026-07-06 13:58:45     Buy Vol: 16526  |  Sell Vol: 1180
2026-07-06 13:58:45   --- DOWN ---
2026-07-06 13:58:45     Price:   LAST=0.3500  BID=0.3400  ASK=0.3500
2026-07-06 13:58:45     VWAP 60s: 0.3809  |  Deviation: -8.11%
2026-07-06 13:58:45     Z-Score 5s: -0.65  |  Momentum 90s: -13.93%
2026-07-06 13:58:45     Trades: 640  |  Volume: 17996
2026-07-06 13:58:45     Buy Vol: 16725  |  Sell Vol: 1271
2026-07-06 13:58:45   Win Rate: 0.7%
2026-07-06 13:58:45   Config: min_price=0.6, max_price=0.9, min_elapsed=60s, dev_range=0.1%-100%, no_entry_cutoff=30s
2026-07-06 13:58:45   BTC Chainlink: $62,929.88 (anchor: $62,922.00)
2026-07-06 13:58:45   BTC Deviation: $+7.88 (+0.0125%)
2026-07-06 13:58:45 ============================================================
2026-07-06 13:58:45 MAIN ENTRY FAILED: Could not get price
2026-07-06 13:58:45 ============================================================
2026-07-06 13:58:45 TRADE SIGNAL TRIGGERED
2026-07-06 13:58:45   Time: 2026-07-06T13:58:45.542627
2026-07-06 13:58:45   Market: btc-updown-5m-1783320900
2026-07-06 13:58:45   Signal: BUY_UP
2026-07-06 13:58:45   Token: UP
2026-07-06 13:58:45   Elapsed: 226s | Remaining: 74s | Bin: 2
2026-07-06 13:58:45   --- UP ---
2026-07-06 13:58:45     Price:   LAST=0.6800  BID=0.6700  ASK=0.6800
2026-07-06 13:58:45     VWAP 60s: 0.6191  |  Deviation: +9.84%
2026-07-06 13:58:45     Z-Score 5s: +3.08  |  Momentum 90s: +12.71%
2026-07-06 13:58:45     Trades: 711  |  Volume: 17709
2026-07-06 13:58:45     Buy Vol: 16529  |  Sell Vol: 1180
2026-07-06 13:58:45   --- DOWN ---
2026-07-06 13:58:45     Price:   LAST=0.3300  BID=0.3200  ASK=0.3300
2026-07-06 13:58:45     VWAP 60s: 0.3807  |  Deviation: -13.32%
2026-07-06 13:58:45     Z-Score 5s: -1.35  |  Momentum 90s: -18.52%
2026-07-06 13:58:45     Trades: 641  |  Volume: 18016
2026-07-06 13:58:45     Buy Vol: 16725  |  Sell Vol: 1291
2026-07-06 13:58:45   Win Rate: 0.7%
2026-07-06 13:58:45   Config: min_price=0.6, max_price=0.9, min_elapsed=60s, dev_range=0.1%-100%, no_entry_cutoff=30s
2026-07-06 13:58:45   BTC Chainlink: $62,930.55 (anchor: $62,922.00)
2026-07-06 13:58:45   BTC Deviation: $+8.55 (+0.0136%)
2026-07-06 13:58:45 ============================================================
2026-07-06 13:58:45 MAIN ENTRY FAILED: Could not get price
2026-07-06 13:58:45 ============================================================
2026-07-06 13:58:45 TRADE SIGNAL TRIGGERED
2026-07-06 13:58:45   Time: 2026-07-06T13:58:45.795048
2026-07-06 13:58:45   Market: btc-updown-5m-1783320900
2026-07-06 13:58:45   Signal: BUY_UP
2026-07-06 13:58:45   Token: UP
2026-07-06 13:58:45   Elapsed: 226s | Remaining: 74s | Bin: 2
2026-07-06 13:58:45   --- UP ---
2026-07-06 13:58:45     Price:   LAST=0.6800  BID=0.6700  ASK=0.6800
2026-07-06 13:58:45     VWAP 60s: 0.6191  |  Deviation: +9.84%
2026-07-06 13:58:45     Z-Score 5s: +2.92  |  Momentum 90s: +12.96%
2026-07-06 13:58:45     Trades: 711  |  Volume: 17709
2026-07-06 13:58:45     Buy Vol: 16529  |  Sell Vol: 1180
2026-07-06 13:58:45   --- DOWN ---
2026-07-06 13:58:45     Price:   LAST=0.3300  BID=0.3200  ASK=0.3300
2026-07-06 13:58:45     VWAP 60s: 0.3807  |  Deviation: -13.33%
2026-07-06 13:58:45     Z-Score 5s: -1.35  |  Momentum 90s: -18.18%
2026-07-06 13:58:45     Trades: 641  |  Volume: 18016
2026-07-06 13:58:45     Buy Vol: 16725  |  Sell Vol: 1291
2026-07-06 13:58:45   Win Rate: 0.7%
2026-07-06 13:58:45   Config: min_price=0.6, max_price=0.9, min_elapsed=60s, dev_range=0.1%-100%, no_entry_cutoff=30s
2026-07-06 13:58:45   BTC Chainlink: $62,930.55 (anchor: $62,922.00)
2026-07-06 13:58:45   BTC Deviation: $+8.55 (+0.0136%)
2026-07-06 13:58:45 ============================================================
2026-07-06 13:58:45 MAIN ENTRY FAILED: Could not get price
2026-07-06 13:58:46 ============================================================
2026-07-06 13:58:46 TRADE SIGNAL TRIGGERED
2026-07-06 13:58:46   Time: 2026-07-06T13:58:46.052716
2026-07-06 13:58:46   Market: btc-updown-5m-1783320900
2026-07-06 13:58:46   Signal: BUY_UP
2026-07-06 13:58:46   Token: UP
2026-07-06 13:58:46   Elapsed: 226s | Remaining: 74s | Bin: 2
2026-07-06 13:58:46   --- UP ---
2026-07-06 13:58:46     Price:   LAST=0.6800  BID=0.6700  ASK=0.6800
2026-07-06 13:58:46     VWAP 60s: 0.6191  |  Deviation: +9.84%
2026-07-06 13:58:46     Z-Score 5s: +2.92  |  Momentum 90s: +12.92%
2026-07-06 13:58:46     Trades: 711  |  Volume: 17709
2026-07-06 13:58:46     Buy Vol: 16529  |  Sell Vol: 1180
2026-07-06 13:58:46   --- DOWN ---
2026-07-06 13:58:46     Price:   LAST=0.3300  BID=0.3200  ASK=0.3300
2026-07-06 13:58:46     VWAP 60s: 0.3807  |  Deviation: -13.33%
2026-07-06 13:58:46     Z-Score 5s: -1.35  |  Momentum 90s: -18.18%
2026-07-06 13:58:46     Trades: 641  |  Volume: 18016
2026-07-06 13:58:46     Buy Vol: 16725  |  Sell Vol: 1291
2026-07-06 13:58:46   Win Rate: 0.7%
2026-07-06 13:58:46   Config: min_price=0.6, max_price=0.9, min_elapsed=60s, dev_range=0.1%-100%, no_entry_cutoff=30s
2026-07-06 13:58:46   BTC Chainlink: $62,930.55 (anchor: $62,922.00)
2026-07-06 13:58:46   BTC Deviation: $+8.55 (+0.0136%)
2026-07-06 13:58:46 ============================================================
2026-07-06 13:58:46 MAIN ENTRY FAILED: Could not get price
2026-07-06 13:58:46 ============================================================
2026-07-06 13:58:46 TRADE SIGNAL TRIGGERED
2026-07-06 13:58:46   Time: 2026-07-06T13:58:46.304419
2026-07-06 13:58:46   Market: btc-updown-5m-1783320900
2026-07-06 13:58:46   Signal: BUY_UP
2026-07-06 13:58:46   Token: UP
2026-07-06 13:58:46   Elapsed: 226s | Remaining: 74s | Bin: 2
2026-07-06 13:58:46   --- UP ---
2026-07-06 13:58:46     Price:   LAST=0.6800  BID=0.6700  ASK=0.6800
2026-07-06 13:58:46     VWAP 60s: 0.6180  |  Deviation: +10.03%
2026-07-06 13:58:46     Z-Score 5s: +2.41  |  Momentum 90s: +12.86%
2026-07-06 13:58:46     Trades: 712  |  Volume: 17722
2026-07-06 13:58:46     Buy Vol: 16543  |  Sell Vol: 1180
2026-07-06 13:58:46   --- DOWN ---
2026-07-06 13:58:46     Price:   LAST=0.3300  BID=0.3200  ASK=0.3300
2026-07-06 13:58:46     VWAP 60s: 0.3787  |  Deviation: -12.85%
2026-07-06 13:58:46     Z-Score 5s: -0.69  |  Momentum 90s: -18.18%
2026-07-06 13:58:46     Trades: 647  |  Volume: 18259
2026-07-06 13:58:46     Buy Vol: 16967  |  Sell Vol: 1291
2026-07-06 13:58:46   Win Rate: 0.7%
2026-07-06 13:58:46   Config: min_price=0.6, max_price=0.9, min_elapsed=60s, dev_range=0.1%-100%, no_entry_cutoff=30s
2026-07-06 13:58:46   BTC Chainlink: $62,931.18 (anchor: $62,922.00)
2026-07-06 13:58:46   BTC Deviation: $+9.18 (+0.0146%)
2026-07-06 13:58:46 ============================================================
2026-07-06 13:58:46 MAIN ENTRY FAILED: Could not get price
2026-07-06 13:58:46 ============================================================
2026-07-06 13:58:46 TRADE SIGNAL TRIGGERED
2026-07-06 13:58:46   Time: 2026-07-06T13:58:46.555797
2026-07-06 13:58:46   Market: btc-updown-5m-1783320900
2026-07-06 13:58:46   Signal: BUY_UP
2026-07-06 13:58:46   Token: UP
2026-07-06 13:58:46   Elapsed: 227s | Remaining: 73s | Bin: 2
2026-07-06 13:58:46   --- UP ---
2026-07-06 13:58:46     Price:   LAST=0.6800  BID=0.6700  ASK=0.6800
2026-07-06 13:58:46     VWAP 60s: 0.6180  |  Deviation: +10.04%
2026-07-06 13:58:46     Z-Score 5s: +2.34  |  Momentum 90s: +12.71%
2026-07-06 13:58:46     Trades: 712  |  Volume: 17722
2026-07-06 13:58:46     Buy Vol: 16543  |  Sell Vol: 1180
2026-07-06 13:58:46   --- DOWN ---
2026-07-06 13:58:46     Price:   LAST=0.3300  BID=0.3200  ASK=0.3300
2026-07-06 13:58:46     VWAP 60s: 0.3796  |  Deviation: -13.07%
2026-07-06 13:58:46     Z-Score 5s: -0.72  |  Momentum 90s: -19.02%
2026-07-06 13:58:46     Trades: 647  |  Volume: 18259
2026-07-06 13:58:46     Buy Vol: 16967  |  Sell Vol: 1291
2026-07-06 13:58:46   Win Rate: 0.7%
2026-07-06 13:58:46   Config: min_price=0.6, max_price=0.9, min_elapsed=60s, dev_range=0.1%-100%, no_entry_cutoff=30s
2026-07-06 13:58:46   BTC Chainlink: $62,931.18 (anchor: $62,922.00)
2026-07-06 13:58:46   BTC Deviation: $+9.18 (+0.0146%)
2026-07-06 13:58:46 ============================================================
2026-07-06 13:58:46 MAIN ENTRY FAILED: Could not get price
2026-07-06 13:58:46 ============================================================
2026-07-06 13:58:46 TRADE SIGNAL TRIGGERED
2026-07-06 13:58:46   Time: 2026-07-06T13:58:46.815641
2026-07-06 13:58:46   Market: btc-updown-5m-1783320900
2026-07-06 13:58:46   Signal: BUY_UP
2026-07-06 13:58:46   Token: UP
2026-07-06 13:58:46   Elapsed: 227s | Remaining: 73s | Bin: 2
2026-07-06 13:58:46   --- UP ---
2026-07-06 13:58:46     Price:   LAST=0.6800  BID=0.6800  ASK=0.6900
2026-07-06 13:58:46     VWAP 60s: 0.6180  |  Deviation: +10.03%
2026-07-06 13:58:46     Z-Score 5s: +2.00  |  Momentum 90s: +13.33%
2026-07-06 13:58:46     Trades: 713  |  Volume: 17730
2026-07-06 13:58:46     Buy Vol: 16550  |  Sell Vol: 1180
2026-07-06 13:58:46   --- DOWN ---
2026-07-06 13:58:46     Price:   LAST=0.3300  BID=0.3100  ASK=0.3200
2026-07-06 13:58:46     VWAP 60s: 0.3797  |  Deviation: -13.09%
2026-07-06 13:58:46     Z-Score 5s: -0.72  |  Momentum 90s: -19.02%
2026-07-06 13:58:46     Trades: 647  |  Volume: 18259
2026-07-06 13:58:46     Buy Vol: 16967  |  Sell Vol: 1291
2026-07-06 13:58:46   Win Rate: 0.7%
2026-07-06 13:58:46   Config: min_price=0.6, max_price=0.9, min_elapsed=60s, dev_range=0.1%-100%, no_entry_cutoff=30s
2026-07-06 13:58:46   BTC Chainlink: $62,931.18 (anchor: $62,922.00)
2026-07-06 13:58:46   BTC Deviation: $+9.18 (+0.0146%)
2026-07-06 13:58:46 ============================================================
2026-07-06 13:58:46 MAIN ENTRY FAILED: Could not get price
2026-07-06 13:58:47 ============================================================
2026-07-06 13:58:47 TRADE SIGNAL TRIGGERED
2026-07-06 13:58:47   Time: 2026-07-06T13:58:47.068534
2026-07-06 13:58:47   Market: btc-updown-5m-1783320900
2026-07-06 13:58:47   Signal: BUY_UP
2026-07-06 13:58:47   Token: UP
2026-07-06 13:58:47   Elapsed: 227s | Remaining: 73s | Bin: 2
2026-07-06 13:58:47   --- UP ---
2026-07-06 13:58:47     Price:   LAST=0.7300  BID=0.7200  ASK=0.7300
2026-07-06 13:58:47     VWAP 60s: 0.6235  |  Deviation: +17.09%
2026-07-06 13:58:47     Z-Score 5s: +1.82  |  Momentum 90s: +22.35%
2026-07-06 13:58:47     Trades: 719  |  Volume: 18084
2026-07-06 13:58:47     Buy Vol: 16904  |  Sell Vol: 1180
2026-07-06 13:58:47   --- DOWN ---
2026-07-06 13:58:47     Price:   LAST=0.3300  BID=0.2700  ASK=0.2800
2026-07-06 13:58:47     VWAP 60s: 0.3797  |  Deviation: -13.09%
2026-07-06 13:58:47     Z-Score 5s: -0.72  |  Momentum 90s: -19.02%
2026-07-06 13:58:47     Trades: 647  |  Volume: 18259
2026-07-06 13:58:47     Buy Vol: 16967  |  Sell Vol: 1291
2026-07-06 13:58:47   Win Rate: 0.7%
2026-07-06 13:58:47   Config: min_price=0.6, max_price=0.9, min_elapsed=60s, dev_range=0.1%-100%, no_entry_cutoff=30s
2026-07-06 13:58:47   BTC Chainlink: $62,931.18 (anchor: $62,922.00)
2026-07-06 13:58:47   BTC Deviation: $+9.18 (+0.0146%)
2026-07-06 13:58:47 ============================================================
2026-07-06 13:58:47 MAIN ENTRY FAILED: Could not get price
2026-07-06 13:58:47 ============================================================
2026-07-06 13:58:47 TRADE SIGNAL TRIGGERED
2026-07-06 13:58:47   Time: 2026-07-06T13:58:47.320061
2026-07-06 13:58:47   Market: btc-updown-5m-1783320900
2026-07-06 13:58:47   Signal: BUY_UP
2026-07-06 13:58:47   Token: UP
2026-07-06 13:58:47   Elapsed: 227s | Remaining: 73s | Bin: 2
2026-07-06 13:58:47   --- UP ---
2026-07-06 13:58:47     Price:   LAST=0.7200  BID=0.7200  ASK=0.7300
2026-07-06 13:58:47     VWAP 60s: 0.6236  |  Deviation: +15.45%
2026-07-06 13:58:47     Z-Score 5s: +1.24  |  Momentum 90s: +22.03%
2026-07-06 13:58:47     Trades: 721  |  Volume: 18094
2026-07-06 13:58:47     Buy Vol: 16909  |  Sell Vol: 1185
2026-07-06 13:58:47   --- DOWN ---
2026-07-06 13:58:47     Price:   LAST=0.2800  BID=0.2700  ASK=0.2800
2026-07-06 13:58:47     VWAP 60s: 0.3793  |  Deviation: -26.19%
2026-07-06 13:58:47     Z-Score 5s: -2.07  |  Momentum 90s: -31.29%
2026-07-06 13:58:47     Trades: 649  |  Volume: 18279
2026-07-06 13:58:47     Buy Vol: 16988  |  Sell Vol: 1291
2026-07-06 13:58:47   Win Rate: 0.7%
2026-07-06 13:58:47   Config: min_price=0.6, max_price=0.9, min_elapsed=60s, dev_range=0.1%-100%, no_entry_cutoff=30s
2026-07-06 13:58:47   BTC Chainlink: $62,931.18 (anchor: $62,922.00)
2026-07-06 13:58:47   BTC Deviation: $+9.18 (+0.0146%)
2026-07-06 13:58:47 ============================================================
2026-07-06 13:58:47 MAIN ENTRY FAILED: Could not get price
2026-07-06 13:58:47 ============================================================
2026-07-06 13:58:47 TRADE SIGNAL TRIGGERED
2026-07-06 13:58:47   Time: 2026-07-06T13:58:47.573215
2026-07-06 13:58:47   Market: btc-updown-5m-1783320900
2026-07-06 13:58:47   Signal: BUY_UP
2026-07-06 13:58:47   Token: UP
2026-07-06 13:58:47   Elapsed: 228s | Remaining: 72s | Bin: 2
2026-07-06 13:58:47   --- UP ---
2026-07-06 13:58:47     Price:   LAST=0.7300  BID=0.7200  ASK=0.7300
2026-07-06 13:58:47     VWAP 60s: 0.6243  |  Deviation: +16.93%
2026-07-06 13:58:47     Z-Score 5s: +1.32  |  Momentum 90s: +23.73%
2026-07-06 13:58:47     Trades: 723  |  Volume: 18135
2026-07-06 13:58:47     Buy Vol: 16951  |  Sell Vol: 1185
2026-07-06 13:58:47   --- DOWN ---
2026-07-06 13:58:47     Price:   LAST=0.2800  BID=0.2700  ASK=0.2800
2026-07-06 13:58:47     VWAP 60s: 0.3784  |  Deviation: -26.00%
2026-07-06 13:58:47     Z-Score 5s: -1.38  |  Momentum 90s: -31.29%
2026-07-06 13:58:47     Trades: 652  |  Volume: 18336
2026-07-06 13:58:47     Buy Vol: 17045  |  Sell Vol: 1291
2026-07-06 13:58:47   Win Rate: 0.7%
2026-07-06 13:58:47   Config: min_price=0.6, max_price=0.9, min_elapsed=60s, dev_range=0.1%-100%, no_entry_cutoff=30s
2026-07-06 13:58:47   BTC Chainlink: $62,931.18 (anchor: $62,922.00)
2026-07-06 13:58:47   BTC Deviation: $+9.18 (+0.0146%)
2026-07-06 13:58:47 ============================================================
2026-07-06 13:58:47 MAIN ENTRY FAILED: Could not get price
2026-07-06 13:58:47 ============================================================
2026-07-06 13:58:47 TRADE SIGNAL TRIGGERED
2026-07-06 13:58:47   Time: 2026-07-06T13:58:47.833906
2026-07-06 13:58:47   Market: btc-updown-5m-1783320900
2026-07-06 13:58:47   Signal: BUY_UP
2026-07-06 13:58:47   Token: UP
2026-07-06 13:58:47   Elapsed: 228s | Remaining: 72s | Bin: 2
2026-07-06 13:58:47   --- UP ---
2026-07-06 13:58:47     Price:   LAST=0.7300  BID=0.7200  ASK=0.7300
2026-07-06 13:58:47     VWAP 60s: 0.6243  |  Deviation: +16.92%
2026-07-06 13:58:47     Z-Score 5s: +1.26  |  Momentum 90s: +23.73%
2026-07-06 13:58:47     Trades: 724  |  Volume: 18137
2026-07-06 13:58:47     Buy Vol: 16952  |  Sell Vol: 1185
2026-07-06 13:58:47   --- DOWN ---
2026-07-06 13:58:47     Price:   LAST=0.2800  BID=0.2700  ASK=0.2800
2026-07-06 13:58:47     VWAP 60s: 0.3782  |  Deviation: -25.96%
2026-07-06 13:58:47     Z-Score 5s: -1.26  |  Momentum 90s: -31.29%
2026-07-06 13:58:47     Trades: 653  |  Volume: 18346
2026-07-06 13:58:47     Buy Vol: 17055  |  Sell Vol: 1291
2026-07-06 13:58:47   Win Rate: 0.7%
2026-07-06 13:58:47   Config: min_price=0.6, max_price=0.9, min_elapsed=60s, dev_range=0.1%-100%, no_entry_cutoff=30s
2026-07-06 13:58:47   BTC Chainlink: $62,931.18 (anchor: $62,922.00)
2026-07-06 13:58:47   BTC Deviation: $+9.18 (+0.0146%)
2026-07-06 13:58:47 ============================================================
2026-07-06 13:58:47 MAIN ENTRY FAILED: Could not get price
2026-07-06 13:58:48 ============================================================
2026-07-06 13:58:48 TRADE SIGNAL TRIGGERED
2026-07-06 13:58:48   Time: 2026-07-06T13:58:48.089877
2026-07-06 13:58:48   Market: btc-updown-5m-1783320900
2026-07-06 13:58:48   Signal: BUY_UP
2026-07-06 13:58:48   Token: UP
2026-07-06 13:58:48   Elapsed: 228s | Remaining: 72s | Bin: 2
2026-07-06 13:58:48   --- UP ---
2026-07-06 13:58:48     Price:   LAST=0.7300  BID=0.7200  ASK=0.7300
2026-07-06 13:58:48     VWAP 60s: 0.6243  |  Deviation: +16.92%
2026-07-06 13:58:48     Z-Score 5s: +1.19  |  Momentum 90s: +23.73%
2026-07-06 13:58:48     Trades: 724  |  Volume: 18137
2026-07-06 13:58:48     Buy Vol: 16952  |  Sell Vol: 1185
2026-07-06 13:58:48   --- DOWN ---
2026-07-06 13:58:48     Price:   LAST=0.2800  BID=0.2700  ASK=0.2800
2026-07-06 13:58:48     VWAP 60s: 0.3782  |  Deviation: -25.96%
2026-07-06 13:58:48     Z-Score 5s: -1.26  |  Momentum 90s: -31.29%
2026-07-06 13:58:48     Trades: 653  |  Volume: 18346
2026-07-06 13:58:48     Buy Vol: 17055  |  Sell Vol: 1291
2026-07-06 13:58:48   Win Rate: 0.7%
2026-07-06 13:58:48   Config: min_price=0.6, max_price=0.9, min_elapsed=60s, dev_range=0.1%-100%, no_entry_cutoff=30s
2026-07-06 13:58:48   BTC Chainlink: $62,931.18 (anchor: $62,922.00)
2026-07-06 13:58:48   BTC Deviation: $+9.18 (+0.0146%)
2026-07-06 13:58:48 ============================================================
2026-07-06 13:58:48 MAIN ENTRY FAILED: Could not get price
2026-07-06 13:58:48 ============================================================
2026-07-06 13:58:48 TRADE SIGNAL TRIGGERED
2026-07-06 13:58:48   Time: 2026-07-06T13:58:48.343801
2026-07-06 13:58:48   Market: btc-updown-5m-1783320900
2026-07-06 13:58:48   Signal: BUY_UP
2026-07-06 13:58:48   Token: UP
2026-07-06 13:58:48   Elapsed: 228s | Remaining: 72s | Bin: 2
2026-07-06 13:58:48   --- UP ---
2026-07-06 13:58:48     Price:   LAST=0.7300  BID=0.7200  ASK=0.7300
2026-07-06 13:58:48     VWAP 60s: 0.6243  |  Deviation: +16.92%
2026-07-06 13:58:48     Z-Score 5s: +1.11  |  Momentum 90s: +23.73%
2026-07-06 13:58:48     Trades: 724  |  Volume: 18137
2026-07-06 13:58:48     Buy Vol: 16952  |  Sell Vol: 1185
2026-07-06 13:58:48   --- DOWN ---
2026-07-06 13:58:48     Price:   LAST=0.2800  BID=0.2700  ASK=0.2800
2026-07-06 13:58:48     VWAP 60s: 0.3781  |  Deviation: -25.95%
2026-07-06 13:58:48     Z-Score 5s: -1.18  |  Momentum 90s: -33.33%
2026-07-06 13:58:48     Trades: 654  |  Volume: 18350
2026-07-06 13:58:48     Buy Vol: 17059  |  Sell Vol: 1291
2026-07-06 13:58:48   Win Rate: 0.7%
2026-07-06 13:58:48   Config: min_price=0.6, max_price=0.9, min_elapsed=60s, dev_range=0.1%-100%, no_entry_cutoff=30s
2026-07-06 13:58:48   BTC Chainlink: $62,931.20 (anchor: $62,922.00)
2026-07-06 13:58:48   BTC Deviation: $+9.20 (+0.0146%)
2026-07-06 13:58:48 ============================================================
2026-07-06 13:58:48 MAIN ENTRY FAILED: Could not get price
2026-07-06 13:58:48 ============================================================
2026-07-06 13:58:48 TRADE SIGNAL TRIGGERED
2026-07-06 13:58:48   Time: 2026-07-06T13:58:48.602490
2026-07-06 13:58:48   Market: btc-updown-5m-1783320900
2026-07-06 13:58:48   Signal: BUY_UP
2026-07-06 13:58:48   Token: UP
2026-07-06 13:58:48   Elapsed: 229s | Remaining: 71s | Bin: 2
2026-07-06 13:58:48   --- UP ---
2026-07-06 13:58:48     Price:   LAST=0.7300  BID=0.7200  ASK=0.7300
2026-07-06 13:58:48     VWAP 60s: 0.6243  |  Deviation: +16.92%
2026-07-06 13:58:48     Z-Score 5s: +1.11  |  Momentum 90s: +23.73%
2026-07-06 13:58:48     Trades: 724  |  Volume: 18137
2026-07-06 13:58:48     Buy Vol: 16952  |  Sell Vol: 1185
2026-07-06 13:58:48   --- DOWN ---
2026-07-06 13:58:48     Price:   LAST=0.2800  BID=0.2700  ASK=0.2800
2026-07-06 13:58:48     VWAP 60s: 0.3781  |  Deviation: -25.95%
2026-07-06 13:58:48     Z-Score 5s: -1.18  |  Momentum 90s: -33.33%
2026-07-06 13:58:48     Trades: 654  |  Volume: 18350
2026-07-06 13:58:48     Buy Vol: 17059  |  Sell Vol: 1291
2026-07-06 13:58:48   Win Rate: 0.7%
2026-07-06 13:58:48   Config: min_price=0.6, max_price=0.9, min_elapsed=60s, dev_range=0.1%-100%, no_entry_cutoff=30s
2026-07-06 13:58:48   BTC Chainlink: $62,931.20 (anchor: $62,922.00)
2026-07-06 13:58:48   BTC Deviation: $+9.20 (+0.0146%)
2026-07-06 13:58:48 ============================================================
2026-07-06 13:58:48 MAIN ENTRY FAILED: Could not get price
2026-07-06 13:58:48 ============================================================
2026-07-06 13:58:48 TRADE SIGNAL TRIGGERED
2026-07-06 13:58:48   Time: 2026-07-06T13:58:48.856069
2026-07-06 13:58:48   Market: btc-updown-5m-1783320900
2026-07-06 13:58:48   Signal: BUY_UP
2026-07-06 13:58:48   Token: UP
2026-07-06 13:58:48   Elapsed: 229s | Remaining: 71s | Bin: 2
2026-07-06 13:58:48   --- UP ---
2026-07-06 13:58:48     Price:   LAST=0.7300  BID=0.7200  ASK=0.7300
2026-07-06 13:58:48     VWAP 60s: 0.6247  |  Deviation: +16.86%
2026-07-06 13:58:48     Z-Score 5s: +0.95  |  Momentum 90s: +23.73%
2026-07-06 13:58:48     Trades: 727  |  Volume: 18160
2026-07-06 13:58:48     Buy Vol: 16975  |  Sell Vol: 1185
2026-07-06 13:58:48   --- DOWN ---
2026-07-06 13:58:48     Price:   LAST=0.2800  BID=0.2700  ASK=0.2800
2026-07-06 13:58:48     VWAP 60s: 0.3782  |  Deviation: -25.96%
2026-07-06 13:58:48     Z-Score 5s: -1.18  |  Momentum 90s: -33.33%
2026-07-06 13:58:48     Trades: 654  |  Volume: 18350
2026-07-06 13:58:48     Buy Vol: 17059  |  Sell Vol: 1291
2026-07-06 13:58:48   Win Rate: 0.7%
2026-07-06 13:58:48   Config: min_price=0.6, max_price=0.9, min_elapsed=60s, dev_range=0.1%-100%, no_entry_cutoff=30s
2026-07-06 13:58:48   BTC Chainlink: $62,931.20 (anchor: $62,922.00)
2026-07-06 13:58:48   BTC Deviation: $+9.20 (+0.0146%)
2026-07-06 13:58:48 ============================================================
2026-07-06 13:58:48 MAIN ENTRY FAILED: Could not get price
2026-07-06 13:58:49 ============================================================
2026-07-06 13:58:49 TRADE SIGNAL TRIGGERED
2026-07-06 13:58:49   Time: 2026-07-06T13:58:49.111618
2026-07-06 13:58:49   Market: btc-updown-5m-1783320900
2026-07-06 13:58:49   Signal: BUY_UP
2026-07-06 13:58:49   Token: UP
2026-07-06 13:58:49   Elapsed: 229s | Remaining: 71s | Bin: 2
2026-07-06 13:58:49   --- UP ---
2026-07-06 13:58:49     Price:   LAST=0.7300  BID=0.7200  ASK=0.7300
2026-07-06 13:58:49     VWAP 60s: 0.6247  |  Deviation: +16.86%
2026-07-06 13:58:49     Z-Score 5s: +0.91  |  Momentum 90s: +23.73%
2026-07-06 13:58:49     Trades: 727  |  Volume: 18160
2026-07-06 13:58:49     Buy Vol: 16975  |  Sell Vol: 1185
2026-07-06 13:58:49   --- DOWN ---
2026-07-06 13:58:49     Price:   LAST=0.2800  BID=0.2700  ASK=0.2800
2026-07-06 13:58:49     VWAP 60s: 0.3781  |  Deviation: -25.95%
2026-07-06 13:58:49     Z-Score 5s: -1.10  |  Momentum 90s: -33.33%
2026-07-06 13:58:49     Trades: 655  |  Volume: 18354
2026-07-06 13:58:49     Buy Vol: 17062  |  Sell Vol: 1291
2026-07-06 13:58:49   Win Rate: 0.7%
2026-07-06 13:58:49   Config: min_price=0.6, max_price=0.9, min_elapsed=60s, dev_range=0.1%-100%, no_entry_cutoff=30s
2026-07-06 13:58:49   BTC Chainlink: $62,931.20 (anchor: $62,922.00)
2026-07-06 13:58:49   BTC Deviation: $+9.20 (+0.0146%)
2026-07-06 13:58:49 ============================================================
2026-07-06 13:58:49 MAIN ENTRY FAILED: Could not get price
2026-07-06 13:58:49 ============================================================
2026-07-06 13:58:49 TRADE SIGNAL TRIGGERED
2026-07-06 13:58:49   Time: 2026-07-06T13:58:49.370954
2026-07-06 13:58:49   Market: btc-updown-5m-1783320900
2026-07-06 13:58:49   Signal: BUY_UP
2026-07-06 13:58:49   Token: UP
2026-07-06 13:58:49   Elapsed: 229s | Remaining: 71s | Bin: 2
2026-07-06 13:58:49   --- UP ---
2026-07-06 13:58:49     Price:   LAST=0.7300  BID=0.7200  ASK=0.7300
2026-07-06 13:58:49     VWAP 60s: 0.6247  |  Deviation: +16.86%
2026-07-06 13:58:49     Z-Score 5s: +0.78  |  Momentum 90s: +23.73%
2026-07-06 13:58:49     Trades: 727  |  Volume: 18160
2026-07-06 13:58:49     Buy Vol: 16975  |  Sell Vol: 1185
2026-07-06 13:58:49   --- DOWN ---
2026-07-06 13:58:49     Price:   LAST=0.2800  BID=0.2700  ASK=0.2800
2026-07-06 13:58:49     VWAP 60s: 0.3758  |  Deviation: -25.49%
2026-07-06 13:58:49     Z-Score 5s: -0.99  |  Momentum 90s: N/A
2026-07-06 13:58:49     Trades: 657  |  Volume: 18497
2026-07-06 13:58:49     Buy Vol: 17205  |  Sell Vol: 1291
2026-07-06 13:58:49   Win Rate: 0.7%
2026-07-06 13:58:49   Config: min_price=0.6, max_price=0.9, min_elapsed=60s, dev_range=0.1%-100%, no_entry_cutoff=30s
2026-07-06 13:58:49   BTC Chainlink: $62,931.51 (anchor: $62,922.00)
2026-07-06 13:58:49   BTC Deviation: $+9.51 (+0.0151%)
2026-07-06 13:58:49 ============================================================
2026-07-06 13:58:49 MAIN ENTRY FAILED: Could not get price
2026-07-06 13:58:49 ============================================================
2026-07-06 13:58:49 TRADE SIGNAL TRIGGERED
2026-07-06 13:58:49   Time: 2026-07-06T13:58:49.627338
2026-07-06 13:58:49   Market: btc-updown-5m-1783320900
2026-07-06 13:58:49   Signal: BUY_UP
2026-07-06 13:58:49   Token: UP
2026-07-06 13:58:49   Elapsed: 230s | Remaining: 70s | Bin: 2
2026-07-06 13:58:49   --- UP ---
2026-07-06 13:58:49     Price:   LAST=0.7300  BID=0.7200  ASK=0.7300
2026-07-06 13:58:49     VWAP 60s: 0.6247  |  Deviation: +16.86%
2026-07-06 13:58:49     Z-Score 5s: +0.74  |  Momentum 90s: +23.73%
2026-07-06 13:58:49     Trades: 728  |  Volume: 18161
2026-07-06 13:58:49     Buy Vol: 16976  |  Sell Vol: 1185
2026-07-06 13:58:49   --- DOWN ---
2026-07-06 13:58:49     Price:   LAST=0.2800  BID=0.2700  ASK=0.2800
2026-07-06 13:58:49     VWAP 60s: 0.3758  |  Deviation: -25.49%
2026-07-06 13:58:49     Z-Score 5s: -0.95  |  Momentum 90s: N/A
2026-07-06 13:58:49     Trades: 657  |  Volume: 18497
2026-07-06 13:58:49     Buy Vol: 17205  |  Sell Vol: 1291
2026-07-06 13:58:49   Win Rate: 0.7%
2026-07-06 13:58:49   Config: min_price=0.6, max_price=0.9, min_elapsed=60s, dev_range=0.1%-100%, no_entry_cutoff=30s
2026-07-06 13:58:49   BTC Chainlink: $62,931.51 (anchor: $62,922.00)
2026-07-06 13:58:49   BTC Deviation: $+9.51 (+0.0151%)
2026-07-06 13:58:49 ============================================================
2026-07-06 13:58:49 MAIN ENTRY FAILED: Could not get price
2026-07-06 13:58:49 ============================================================
2026-07-06 13:58:49 TRADE SIGNAL TRIGGERED
2026-07-06 13:58:49   Time: 2026-07-06T13:58:49.881096
2026-07-06 13:58:49   Market: btc-updown-5m-1783320900
2026-07-06 13:58:49   Signal: BUY_UP
2026-07-06 13:58:49   Token: UP
2026-07-06 13:58:49   Elapsed: 230s | Remaining: 70s | Bin: 2
2026-07-06 13:58:49   --- UP ---
2026-07-06 13:58:49     Price:   LAST=0.7300  BID=0.7200  ASK=0.7300
2026-07-06 13:58:49     VWAP 60s: 0.6247  |  Deviation: +16.86%
2026-07-06 13:58:49     Z-Score 5s: +0.69  |  Momentum 90s: +23.73%
2026-07-06 13:58:49     Trades: 728  |  Volume: 18161
2026-07-06 13:58:49     Buy Vol: 16976  |  Sell Vol: 1185
2026-07-06 13:58:49   --- DOWN ---
2026-07-06 13:58:49     Price:   LAST=0.2700  BID=0.2700  ASK=0.2800
2026-07-06 13:58:49     VWAP 60s: 0.3755  |  Deviation: -28.10%
2026-07-06 13:58:49     Z-Score 5s: -1.15  |  Momentum 90s: -35.71%
2026-07-06 13:58:49     Trades: 658  |  Volume: 18508
2026-07-06 13:58:49     Buy Vol: 17205  |  Sell Vol: 1303
2026-07-06 13:58:49   Win Rate: 0.7%
2026-07-06 13:58:49   Config: min_price=0.6, max_price=0.9, min_elapsed=60s, dev_range=0.1%-100%, no_entry_cutoff=30s
2026-07-06 13:58:49   BTC Chainlink: $62,931.51 (anchor: $62,922.00)
2026-07-06 13:58:49   BTC Deviation: $+9.51 (+0.0151%)
2026-07-06 13:58:49 ============================================================
2026-07-06 13:58:49 MAIN ENTRY FAILED: Could not get price
2026-07-06 13:58:50 ============================================================
2026-07-06 13:58:50 TRADE SIGNAL TRIGGERED
2026-07-06 13:58:50   Time: 2026-07-06T13:58:50.138237
2026-07-06 13:58:50   Market: btc-updown-5m-1783320900
2026-07-06 13:58:50   Signal: BUY_UP
2026-07-06 13:58:50   Token: UP
2026-07-06 13:58:50   Elapsed: 230s | Remaining: 70s | Bin: 2
2026-07-06 13:58:50   --- UP ---
2026-07-06 13:58:50     Price:   LAST=0.7300  BID=0.7200  ASK=0.7300
2026-07-06 13:58:50     VWAP 60s: 0.6247  |  Deviation: +16.87%
2026-07-06 13:58:50     Z-Score 5s: +0.65  |  Momentum 90s: +23.73%
2026-07-06 13:58:50     Trades: 728  |  Volume: 18161
2026-07-06 13:58:50     Buy Vol: 16976  |  Sell Vol: 1185
2026-07-06 13:58:50   --- DOWN ---
2026-07-06 13:58:50     Price:   LAST=0.2700  BID=0.2700  ASK=0.2800
2026-07-06 13:58:50     VWAP 60s: 0.3755  |  Deviation: -28.10%
2026-07-06 13:58:50     Z-Score 5s: -1.15  |  Momentum 90s: -35.71%
2026-07-06 13:58:50     Trades: 658  |  Volume: 18508
2026-07-06 13:58:50     Buy Vol: 17205  |  Sell Vol: 1303
2026-07-06 13:58:50   Win Rate: 0.7%
2026-07-06 13:58:50   Config: min_price=0.6, max_price=0.9, min_elapsed=60s, dev_range=0.1%-100%, no_entry_cutoff=30s
2026-07-06 13:58:50   BTC Chainlink: $62,931.51 (anchor: $62,922.00)
2026-07-06 13:58:50   BTC Deviation: $+9.51 (+0.0151%)
2026-07-06 13:58:50 ============================================================
2026-07-06 13:58:50 MAIN ENTRY FAILED: Could not get price
2026-07-06 13:58:50 ============================================================
2026-07-06 13:58:50 TRADE SIGNAL TRIGGERED
2026-07-06 13:58:50   Time: 2026-07-06T13:58:50.393806
2026-07-06 13:58:50   Market: btc-updown-5m-1783320900
2026-07-06 13:58:50   Signal: BUY_UP
2026-07-06 13:58:50   Token: UP
2026-07-06 13:58:50   Elapsed: 230s | Remaining: 70s | Bin: 2
2026-07-06 13:58:50   --- UP ---
2026-07-06 13:58:50     Price:   LAST=0.7200  BID=0.7200  ASK=0.7300
2026-07-06 13:58:50     VWAP 60s: 0.6247  |  Deviation: +15.26%
2026-07-06 13:58:50     Z-Score 5s: +0.00  |  Momentum 90s: +22.03%
2026-07-06 13:58:50     Trades: 729  |  Volume: 18163
2026-07-06 13:58:50     Buy Vol: 16976  |  Sell Vol: 1186
2026-07-06 13:58:50   --- DOWN ---
2026-07-06 13:58:50     Price:   LAST=0.2800  BID=0.2700  ASK=0.2800
2026-07-06 13:58:50     VWAP 60s: 0.3704  |  Deviation: -24.40%
2026-07-06 13:58:50     Z-Score 5s: -0.61  |  Momentum 90s: -33.33%
2026-07-06 13:58:50     Trades: 661  |  Volume: 18798
2026-07-06 13:58:50     Buy Vol: 17495  |  Sell Vol: 1303
2026-07-06 13:58:50   Win Rate: 0.7%
2026-07-06 13:58:50   Config: min_price=0.6, max_price=0.9, min_elapsed=60s, dev_range=0.1%-100%, no_entry_cutoff=30s
2026-07-06 13:58:50   BTC Chainlink: $62,931.89 (anchor: $62,922.00)
2026-07-06 13:58:50   BTC Deviation: $+9.89 (+0.0157%)
2026-07-06 13:58:50 ============================================================
2026-07-06 13:58:50 MAIN ENTRY FAILED: Could not get price
2026-07-06 13:58:50 ============================================================
2026-07-06 13:58:50 TRADE SIGNAL TRIGGERED
2026-07-06 13:58:50   Time: 2026-07-06T13:58:50.649909
2026-07-06 13:58:50   Market: btc-updown-5m-1783320900
2026-07-06 13:58:50   Signal: BUY_UP
2026-07-06 13:58:50   Token: UP
2026-07-06 13:58:50   Elapsed: 231s | Remaining: 69s | Bin: 2
2026-07-06 13:58:50   --- UP ---
2026-07-06 13:58:50     Price:   LAST=0.7300  BID=0.7200  ASK=0.7300
2026-07-06 13:58:50     VWAP 60s: 0.6249  |  Deviation: +16.83%
2026-07-06 13:58:50     Z-Score 5s: +0.54  |  Momentum 90s: +23.73%
2026-07-06 13:58:50     Trades: 730  |  Volume: 18172
2026-07-06 13:58:50     Buy Vol: 16986  |  Sell Vol: 1186
2026-07-06 13:58:50   --- DOWN ---
2026-07-06 13:58:50     Price:   LAST=0.2800  BID=0.2700  ASK=0.2800
2026-07-06 13:58:50     VWAP 60s: 0.3704  |  Deviation: -24.40%
2026-07-06 13:58:50     Z-Score 5s: -0.61  |  Momentum 90s: -32.93%
2026-07-06 13:58:50     Trades: 661  |  Volume: 18798
2026-07-06 13:58:50     Buy Vol: 17495  |  Sell Vol: 1303
2026-07-06 13:58:50   Win Rate: 0.7%
2026-07-06 13:58:50   Config: min_price=0.6, max_price=0.9, min_elapsed=60s, dev_range=0.1%-100%, no_entry_cutoff=30s
2026-07-06 13:58:50   BTC Chainlink: $62,931.89 (anchor: $62,922.00)
2026-07-06 13:58:50   BTC Deviation: $+9.89 (+0.0157%)
2026-07-06 13:58:50 ============================================================
2026-07-06 13:58:50 MAIN ENTRY FAILED: Could not get price
2026-07-06 13:58:50 ============================================================
2026-07-06 13:58:50 TRADE SIGNAL TRIGGERED
2026-07-06 13:58:50   Time: 2026-07-06T13:58:50.906426
2026-07-06 13:58:50   Market: btc-updown-5m-1783320900
2026-07-06 13:58:50   Signal: BUY_UP
2026-07-06 13:58:50   Token: UP
2026-07-06 13:58:50   Elapsed: 231s | Remaining: 69s | Bin: 2
2026-07-06 13:58:50   --- UP ---
2026-07-06 13:58:50     Price:   LAST=0.7300  BID=0.7300  ASK=0.7400
2026-07-06 13:58:50     VWAP 60s: 0.6269  |  Deviation: +16.45%
2026-07-06 13:58:50     Z-Score 5s: +0.50  |  Momentum 90s: +23.73%
2026-07-06 13:58:50     Trades: 733  |  Volume: 18293
2026-07-06 13:58:50     Buy Vol: 17107  |  Sell Vol: 1186
2026-07-06 13:58:50   --- DOWN ---
2026-07-06 13:58:50     Price:   LAST=0.2800  BID=0.2600  ASK=0.2700
2026-07-06 13:58:50     VWAP 60s: 0.3695  |  Deviation: -24.22%
2026-07-06 13:58:50     Z-Score 5s: -0.61  |  Momentum 90s: -32.93%
2026-07-06 13:58:50     Trades: 661  |  Volume: 18798
2026-07-06 13:58:50     Buy Vol: 17495  |  Sell Vol: 1303
2026-07-06 13:58:50   Win Rate: 0.7%
2026-07-06 13:58:50   Config: min_price=0.6, max_price=0.9, min_elapsed=60s, dev_range=0.1%-100%, no_entry_cutoff=30s
2026-07-06 13:58:50   BTC Chainlink: $62,931.89 (anchor: $62,922.00)
2026-07-06 13:58:50   BTC Deviation: $+9.89 (+0.0157%)
2026-07-06 13:58:50 ============================================================
2026-07-06 13:58:50 MAIN ENTRY FAILED: Could not get price
2026-07-06 13:58:51 ============================================================
2026-07-06 13:58:51 TRADE SIGNAL TRIGGERED
2026-07-06 13:58:51   Time: 2026-07-06T13:58:51.158571
2026-07-06 13:58:51   Market: btc-updown-5m-1783320900
2026-07-06 13:58:51   Signal: BUY_UP
2026-07-06 13:58:51   Token: UP
2026-07-06 13:58:51   Elapsed: 231s | Remaining: 69s | Bin: 2
2026-07-06 13:58:51   --- UP ---
2026-07-06 13:58:51     Price:   LAST=0.7400  BID=0.7300  ASK=0.7400
2026-07-06 13:58:51     VWAP 60s: 0.6280  |  Deviation: +17.84%
2026-07-06 13:58:51     Z-Score 5s: +1.10  |  Momentum 90s: +25.42%
2026-07-06 13:58:51     Trades: 735  |  Volume: 18359
2026-07-06 13:58:51     Buy Vol: 17148  |  Sell Vol: 1211
2026-07-06 13:58:51   --- DOWN ---
2026-07-06 13:58:51     Price:   LAST=0.2800  BID=0.2600  ASK=0.2700
2026-07-06 13:58:51     VWAP 60s: 0.3695  |  Deviation: -24.22%
2026-07-06 13:58:51     Z-Score 5s: -0.55  |  Momentum 90s: -32.93%
2026-07-06 13:58:51     Trades: 661  |  Volume: 18798
2026-07-06 13:58:51     Buy Vol: 17495  |  Sell Vol: 1303
2026-07-06 13:58:51   Win Rate: 0.7%
2026-07-06 13:58:51   Config: min_price=0.6, max_price=0.9, min_elapsed=60s, dev_range=0.1%-100%, no_entry_cutoff=30s
2026-07-06 13:58:51   BTC Chainlink: $62,931.89 (anchor: $62,922.00)
2026-07-06 13:58:51   BTC Deviation: $+9.89 (+0.0157%)
2026-07-06 13:58:51 ============================================================
2026-07-06 13:58:51 MAIN ENTRY FAILED: Could not get price
2026-07-06 13:58:51 ============================================================
2026-07-06 13:58:51 TRADE SIGNAL TRIGGERED
2026-07-06 13:58:51   Time: 2026-07-06T13:58:51.411028
2026-07-06 13:58:51   Market: btc-updown-5m-1783320900
2026-07-06 13:58:51   Signal: BUY_UP
2026-07-06 13:58:51   Token: UP
2026-07-06 13:58:51   Elapsed: 231s | Remaining: 69s | Bin: 2
2026-07-06 13:58:51   --- UP ---
2026-07-06 13:58:51     Price:   LAST=0.7400  BID=0.7300  ASK=0.7400
2026-07-06 13:58:51     VWAP 60s: 0.6280  |  Deviation: +17.84%
2026-07-06 13:58:51     Z-Score 5s: +1.10  |  Momentum 90s: +25.42%
2026-07-06 13:58:51     Trades: 735  |  Volume: 18359
2026-07-06 13:58:51     Buy Vol: 17148  |  Sell Vol: 1211
2026-07-06 13:58:51   --- DOWN ---
2026-07-06 13:58:51     Price:   LAST=0.2700  BID=0.2600  ASK=0.2700
2026-07-06 13:58:51     VWAP 60s: 0.3693  |  Deviation: -26.90%
2026-07-06 13:58:51     Z-Score 5s: -2.46  |  Momentum 90s: -35.33%
2026-07-06 13:58:51     Trades: 662  |  Volume: 18803
2026-07-06 13:58:51     Buy Vol: 17500  |  Sell Vol: 1303
2026-07-06 13:58:51   Win Rate: 0.7%
2026-07-06 13:58:51   Config: min_price=0.6, max_price=0.9, min_elapsed=60s, dev_range=0.1%-100%, no_entry_cutoff=30s
2026-07-06 13:58:51   BTC Chainlink: $62,931.89 (anchor: $62,922.00)
2026-07-06 13:58:51   BTC Deviation: $+9.89 (+0.0157%)
2026-07-06 13:58:51 ============================================================
2026-07-06 13:58:51 MAIN ENTRY FAILED: Could not get price
2026-07-06 13:58:51 ============================================================
2026-07-06 13:58:51 TRADE SIGNAL TRIGGERED
2026-07-06 13:58:51   Time: 2026-07-06T13:58:51.676605
2026-07-06 13:58:51   Market: btc-updown-5m-1783320900
2026-07-06 13:58:51   Signal: BUY_UP
2026-07-06 13:58:51   Token: UP
2026-07-06 13:58:51   Elapsed: 232s | Remaining: 68s | Bin: 2
2026-07-06 13:58:51   --- UP ---
2026-07-06 13:58:51     Price:   LAST=0.7400  BID=0.7300  ASK=0.7400
2026-07-06 13:58:51     VWAP 60s: 0.6280  |  Deviation: +17.83%
2026-07-06 13:58:51     Z-Score 5s: +1.05  |  Momentum 90s: +25.42%
2026-07-06 13:58:51     Trades: 736  |  Volume: 18362
2026-07-06 13:58:51     Buy Vol: 17151  |  Sell Vol: 1211
2026-07-06 13:58:51   --- DOWN ---
2026-07-06 13:58:51     Price:   LAST=0.2700  BID=0.2600  ASK=0.2700
2026-07-06 13:58:51     VWAP 60s: 0.3692  |  Deviation: -26.86%
2026-07-06 13:58:51     Z-Score 5s: -2.02  |  Momentum 90s: -35.33%
2026-07-06 13:58:51     Trades: 663  |  Volume: 18810
2026-07-06 13:58:51     Buy Vol: 17507  |  Sell Vol: 1303
2026-07-06 13:58:51   Win Rate: 0.7%
2026-07-06 13:58:51   Config: min_price=0.6, max_price=0.9, min_elapsed=60s, dev_range=0.1%-100%, no_entry_cutoff=30s
2026-07-06 13:58:51   BTC Chainlink: $62,931.89 (anchor: $62,922.00)
2026-07-06 13:58:51   BTC Deviation: $+9.89 (+0.0157%)
2026-07-06 13:58:51 ============================================================
2026-07-06 13:58:51 MAIN ENTRY FAILED: Could not get price
2026-07-06 13:58:51 ============================================================
2026-07-06 13:58:51 TRADE SIGNAL TRIGGERED
2026-07-06 13:58:51   Time: 2026-07-06T13:58:51.938186
2026-07-06 13:58:51   Market: btc-updown-5m-1783320900
2026-07-06 13:58:51   Signal: BUY_UP
2026-07-06 13:58:51   Token: UP
2026-07-06 13:58:51   Elapsed: 232s | Remaining: 68s | Bin: 2
2026-07-06 13:58:51   --- UP ---
2026-07-06 13:58:51     Price:   LAST=0.7400  BID=0.7300  ASK=0.7400
2026-07-06 13:58:51     VWAP 60s: 0.6280  |  Deviation: +17.83%
2026-07-06 13:58:51     Z-Score 5s: +1.25  |  Momentum 90s: +25.42%
2026-07-06 13:58:51     Trades: 736  |  Volume: 18362
2026-07-06 13:58:51     Buy Vol: 17151  |  Sell Vol: 1211
2026-07-06 13:58:51   --- DOWN ---
2026-07-06 13:58:51     Price:   LAST=0.2700  BID=0.2600  ASK=0.2700
2026-07-06 13:58:51     VWAP 60s: 0.3688  |  Deviation: -26.80%
2026-07-06 13:58:51     Z-Score 5s: -2.02  |  Momentum 90s: -35.33%
2026-07-06 13:58:51     Trades: 663  |  Volume: 18810
2026-07-06 13:58:51     Buy Vol: 17507  |  Sell Vol: 1303
2026-07-06 13:58:51   Win Rate: 0.7%
2026-07-06 13:58:51   Config: min_price=0.6, max_price=0.9, min_elapsed=60s, dev_range=0.1%-100%, no_entry_cutoff=30s
2026-07-06 13:58:51   BTC Chainlink: $62,931.89 (anchor: $62,922.00)
2026-07-06 13:58:51   BTC Deviation: $+9.89 (+0.0157%)
2026-07-06 13:58:51 ============================================================
2026-07-06 13:58:51 MAIN ENTRY FAILED: Could not get price
2026-07-06 13:58:52 ============================================================
2026-07-06 13:58:52 TRADE SIGNAL TRIGGERED
2026-07-06 13:58:52   Time: 2026-07-06T13:58:52.193539
2026-07-06 13:58:52   Market: btc-updown-5m-1783320900
2026-07-06 13:58:52   Signal: BUY_UP
2026-07-06 13:58:52   Token: UP
2026-07-06 13:58:52   Elapsed: 232s | Remaining: 68s | Bin: 2
2026-07-06 13:58:52   --- UP ---
2026-07-06 13:58:52     Price:   LAST=0.7300  BID=0.7300  ASK=0.7400
2026-07-06 13:58:52     VWAP 60s: 0.6282  |  Deviation: +16.21%
2026-07-06 13:58:52     Z-Score 5s: +0.00  |  Momentum 90s: +23.73%
2026-07-06 13:58:52     Trades: 737  |  Volume: 18367
2026-07-06 13:58:52     Buy Vol: 17151  |  Sell Vol: 1216
2026-07-06 13:58:52   --- DOWN ---
2026-07-06 13:58:52     Price:   LAST=0.2700  BID=0.2600  ASK=0.2700
2026-07-06 13:58:52     VWAP 60s: 0.3686  |  Deviation: -26.75%
2026-07-06 13:58:52     Z-Score 5s: -1.93  |  Momentum 90s: -35.33%
2026-07-06 13:58:52     Trades: 663  |  Volume: 18810
2026-07-06 13:58:52     Buy Vol: 17507  |  Sell Vol: 1303
2026-07-06 13:58:52   Win Rate: 0.7%
2026-07-06 13:58:52   Config: min_price=0.6, max_price=0.9, min_elapsed=60s, dev_range=0.1%-100%, no_entry_cutoff=30s
2026-07-06 13:58:52   BTC Chainlink: $62,931.89 (anchor: $62,922.00)
2026-07-06 13:58:52   BTC Deviation: $+9.89 (+0.0157%)
2026-07-06 13:58:52 ============================================================
2026-07-06 13:58:52 MAIN ENTRY FAILED: Could not get price
2026-07-06 13:58:52 ============================================================
2026-07-06 13:58:52 TRADE SIGNAL TRIGGERED
2026-07-06 13:58:52   Time: 2026-07-06T13:58:52.447558
2026-07-06 13:58:52   Market: btc-updown-5m-1783320900
2026-07-06 13:58:52   Signal: BUY_UP
2026-07-06 13:58:52   Token: UP
2026-07-06 13:58:52   Elapsed: 232s | Remaining: 68s | Bin: 2
2026-07-06 13:58:52   --- UP ---
2026-07-06 13:58:52     Price:   LAST=0.7300  BID=0.7300  ASK=0.7400
2026-07-06 13:58:52     VWAP 60s: 0.6284  |  Deviation: +16.16%
2026-07-06 13:58:52     Z-Score 5s: -0.15  |  Momentum 90s: +23.73%
2026-07-06 13:58:52     Trades: 738  |  Volume: 18382
2026-07-06 13:58:52     Buy Vol: 17151  |  Sell Vol: 1231
2026-07-06 13:58:52   --- DOWN ---
2026-07-06 13:58:52     Price:   LAST=0.2700  BID=0.2600  ASK=0.2700
2026-07-06 13:58:52     VWAP 60s: 0.3684  |  Deviation: -26.71%
2026-07-06 13:58:52     Z-Score 5s: -1.44  |  Momentum 90s: -35.41%
2026-07-06 13:58:52     Trades: 665  |  Volume: 18820
2026-07-06 13:58:52     Buy Vol: 17517  |  Sell Vol: 1303
2026-07-06 13:58:52   Win Rate: 0.7%
2026-07-06 13:58:52   Config: min_price=0.6, max_price=0.9, min_elapsed=60s, dev_range=0.1%-100%, no_entry_cutoff=30s
2026-07-06 13:58:52   BTC Chainlink: $62,931.91 (anchor: $62,922.00)
2026-07-06 13:58:52   BTC Deviation: $+9.91 (+0.0157%)
2026-07-06 13:58:52 ============================================================
2026-07-06 13:58:52 MAIN ENTRY FAILED: Could not get price
2026-07-06 13:58:52 ============================================================
2026-07-06 13:58:52 TRADE SIGNAL TRIGGERED
2026-07-06 13:58:52   Time: 2026-07-06T13:58:52.701297
2026-07-06 13:58:52   Market: btc-updown-5m-1783320900
2026-07-06 13:58:52   Signal: BUY_UP
2026-07-06 13:58:52   Token: UP
2026-07-06 13:58:52   Elapsed: 233s | Remaining: 67s | Bin: 2
2026-07-06 13:58:52   --- UP ---
2026-07-06 13:58:52     Price:   LAST=0.7900  BID=0.7800  ASK=0.7900
2026-07-06 13:58:52     VWAP 60s: 0.6330  |  Deviation: +24.81%
2026-07-06 13:58:52     Z-Score 5s: +2.52  |  Momentum 90s: +33.90%
2026-07-06 13:58:52     Trades: 742  |  Volume: 18581
2026-07-06 13:58:52     Buy Vol: 17348  |  Sell Vol: 1233
2026-07-06 13:58:52   --- DOWN ---
2026-07-06 13:58:52     Price:   LAST=0.2600  BID=0.2100  ASK=0.2200
2026-07-06 13:58:52     VWAP 60s: 0.3679  |  Deviation: -29.33%
2026-07-06 13:58:52     Z-Score 5s: -2.21  |  Momentum 90s: -37.60%
2026-07-06 13:58:52     Trades: 666  |  Volume: 18843
2026-07-06 13:58:52     Buy Vol: 17517  |  Sell Vol: 1326
2026-07-06 13:58:52   Win Rate: 0.8%
2026-07-06 13:58:52   Config: min_price=0.6, max_price=0.9, min_elapsed=60s, dev_range=0.1%-100%, no_entry_cutoff=30s
2026-07-06 13:58:52   BTC Chainlink: $62,931.91 (anchor: $62,922.00)
2026-07-06 13:58:52   BTC Deviation: $+9.91 (+0.0157%)
2026-07-06 13:58:52 ============================================================
2026-07-06 13:58:54 MAIN ENTRY FAILED: PolyApiException[status_code=400, error_message={'error': 'invalid order version, please use the latest clob-client'}]
2026-07-06 13:58:54 TRAP ENTRY FAILED: PolyApiException[status_code=400, error_message={'error': 'invalid order version, please use the latest clob-client'}]
2026-07-06 13:58:55 ============================================================
2026-07-06 13:58:55 TRADE SIGNAL TRIGGERED
2026-07-06 13:58:55   Time: 2026-07-06T13:58:55.229052
2026-07-06 13:58:55   Market: btc-updown-5m-1783320900
2026-07-06 13:58:55   Signal: BUY_UP
2026-07-06 13:58:55   Token: UP
2026-07-06 13:58:55   Elapsed: 235s | Remaining: 65s | Bin: 2
2026-07-06 13:58:55   --- UP ---
2026-07-06 13:58:55     Price:   LAST=0.7900  BID=0.7900  ASK=0.8000
2026-07-06 13:58:55     VWAP 60s: 0.6402  |  Deviation: +23.41%
2026-07-06 13:58:55     Z-Score 5s: +0.76  |  Momentum 90s: +35.62%
2026-07-06 13:58:55     Trades: 758  |  Volume: 18870
2026-07-06 13:58:55     Buy Vol: 17612  |  Sell Vol: 1259
2026-07-06 13:58:55   --- DOWN ---
2026-07-06 13:58:55     Price:   LAST=0.2200  BID=0.2000  ASK=0.2100
2026-07-06 13:58:55     VWAP 60s: 0.3626  |  Deviation: -39.33%
2026-07-06 13:58:55     Z-Score 5s: -0.73  |  Momentum 90s: -47.31%
2026-07-06 13:58:55     Trades: 674  |  Volume: 18990
2026-07-06 13:58:55     Buy Vol: 17648  |  Sell Vol: 1342
2026-07-06 13:58:55   Win Rate: 0.8%
2026-07-06 13:58:55   Config: min_price=0.6, max_price=0.9, min_elapsed=60s, dev_range=0.1%-100%, no_entry_cutoff=30s
2026-07-06 13:58:55   BTC Chainlink: $62,931.93 (anchor: $62,922.00)
2026-07-06 13:58:55   BTC Deviation: $+9.93 (+0.0158%)
2026-07-06 13:58:55 ============================================================
2026-07-06 13:58:56 MAIN ENTRY FAILED: PolyApiException[status_code=400, error_message={'error': 'invalid order version, please use the latest clob-client'}]
2026-07-06 13:58:56 TRAP ENTRY FAILED: PolyApiException[status_code=400, error_message={'error': 'invalid order version, please use the latest clob-client'}]
2026-07-06 13:58:56 ============================================================
2026-07-06 13:58:56 TRADE SIGNAL TRIGGERED
2026-07-06 13:58:56   Time: 2026-07-06T13:58:56.586105
2026-07-06 13:58:56   Market: btc-updown-5m-1783320900
2026-07-06 13:58:56   Signal: BUY_UP
2026-07-06 13:58:56   Token: UP
2026-07-06 13:58:56   Elapsed: 237s | Remaining: 63s | Bin: 2
2026-07-06 13:58:56   --- UP ---
2026-07-06 13:58:56     Price:   LAST=0.8000  BID=0.7900  ASK=0.8000
2026-07-06 13:58:56     VWAP 60s: 0.6417  |  Deviation: +24.67%
2026-07-06 13:58:56     Z-Score 5s: +0.79  |  Momentum 90s: +37.63%
2026-07-06 13:58:56     Trades: 763  |  Volume: 18911
2026-07-06 13:58:56     Buy Vol: 17653  |  Sell Vol: 1259
2026-07-06 13:58:56   --- DOWN ---
2026-07-06 13:58:56     Price:   LAST=0.2200  BID=0.2000  ASK=0.2100
2026-07-06 13:58:56     VWAP 60s: 0.3618  |  Deviation: -39.19%
2026-07-06 13:58:56     Z-Score 5s: -0.57  |  Momentum 90s: -47.87%
2026-07-06 13:58:56     Trades: 674  |  Volume: 18990
2026-07-06 13:58:56     Buy Vol: 17648  |  Sell Vol: 1342
2026-07-06 13:58:56   Win Rate: 0.8%
2026-07-06 13:58:56   Config: min_price=0.6, max_price=0.9, min_elapsed=60s, dev_range=0.1%-100%, no_entry_cutoff=30s
2026-07-06 13:58:56   BTC Chainlink: $62,932.92 (anchor: $62,922.00)
2026-07-06 13:58:56   BTC Deviation: $+10.92 (+0.0173%)
2026-07-06 13:58:56 ============================================================
2026-07-06 13:58:57 MAIN ENTRY FAILED: PolyApiException[status_code=400, error_message={'error': 'invalid order version, please use the latest clob-client'}]
2026-07-06 13:58:57 TRAP ENTRY FAILED: PolyApiException[status_code=400, error_message={'error': 'invalid order version, please use the latest clob-client'}]
2026-07-06 13:58:57 ============================================================
2026-07-06 13:58:57 TRADE SIGNAL TRIGGERED
2026-07-06 13:58:57   Time: 2026-07-06T13:58:57.847493
2026-07-06 13:58:57   Market: btc-updown-5m-1783320900
2026-07-06 13:58:57   Signal: BUY_UP
2026-07-06 13:58:57   Token: UP
2026-07-06 13:58:57   Elapsed: 238s | Remaining: 62s | Bin: 2
2026-07-06 13:58:57   --- UP ---
2026-07-06 13:58:57     Price:   LAST=0.7900  BID=0.7900  ASK=0.8000
2026-07-06 13:58:57     VWAP 60s: 0.6428  |  Deviation: +22.89%
2026-07-06 13:58:57     Z-Score 5s: -0.43  |  Momentum 90s: +37.50%
2026-07-06 13:58:57     Trades: 766  |  Volume: 18946
2026-07-06 13:58:57     Buy Vol: 17655  |  Sell Vol: 1292
2026-07-06 13:58:57   --- DOWN ---
2026-07-06 13:58:57     Price:   LAST=0.2100  BID=0.2000  ASK=0.2100
2026-07-06 13:58:57     VWAP 60s: 0.3607  |  Deviation: -41.78%
2026-07-06 13:58:57     Z-Score 5s: -0.71  |  Momentum 90s: -51.54%
2026-07-06 13:58:57     Trades: 676  |  Volume: 19010
2026-07-06 13:58:57     Buy Vol: 17662  |  Sell Vol: 1348
2026-07-06 13:58:57   Win Rate: 0.8%
2026-07-06 13:58:57   Config: min_price=0.6, max_price=0.9, min_elapsed=60s, dev_range=0.1%-100%, no_entry_cutoff=30s
2026-07-06 13:58:57   BTC Chainlink: $62,932.92 (anchor: $62,922.00)
2026-07-06 13:58:57   BTC Deviation: $+10.92 (+0.0174%)
2026-07-06 13:58:57 ============================================================
2026-07-06 13:58:58 MAIN ENTRY FAILED: PolyApiException[status_code=400, error_message={'error': 'invalid order version, please use the latest clob-client'}]
2026-07-06 13:58:58 TRAP ENTRY FAILED: PolyApiException[status_code=400, error_message={'error': 'invalid order version, please use the latest clob-client'}]
2026-07-06 13:58:59 ============================================================
2026-07-06 13:58:59 TRADE SIGNAL TRIGGERED
2026-07-06 13:58:59   Time: 2026-07-06T13:58:59.194199
2026-07-06 13:58:59   Market: btc-updown-5m-1783320900
2026-07-06 13:58:59   Signal: BUY_UP
2026-07-06 13:58:59   Token: UP
2026-07-06 13:58:59   Elapsed: 239s | Remaining: 61s | Bin: 2
2026-07-06 13:58:59   --- UP ---
2026-07-06 13:58:59     Price:   LAST=0.8100  BID=0.8000  ASK=0.8100
2026-07-06 13:58:59     VWAP 60s: 0.6460  |  Deviation: +25.38%
2026-07-06 13:58:59     Z-Score 5s: +2.02  |  Momentum 90s: +42.61%
2026-07-06 13:58:59     Trades: 771  |  Volume: 19077
2026-07-06 13:58:59     Buy Vol: 17786  |  Sell Vol: 1292
2026-07-06 13:58:59   --- DOWN ---
2026-07-06 13:58:59     Price:   LAST=0.2000  BID=0.1900  ASK=0.2000
2026-07-06 13:58:59     VWAP 60s: 0.3498  |  Deviation: -42.83%
2026-07-06 13:58:59     Z-Score 5s: -1.04  |  Momentum 90s: -54.55%
2026-07-06 13:58:59     Trades: 683  |  Volume: 19356
2026-07-06 13:58:59     Buy Vol: 18003  |  Sell Vol: 1353
2026-07-06 13:58:59   Win Rate: 0.8%
2026-07-06 13:58:59   Config: min_price=0.6, max_price=0.9, min_elapsed=60s, dev_range=0.1%-100%, no_entry_cutoff=30s
2026-07-06 13:58:59   BTC Chainlink: $62,932.98 (anchor: $62,922.00)
2026-07-06 13:58:59   BTC Deviation: $+10.98 (+0.0175%)
2026-07-06 13:58:59 ============================================================
2026-07-06 13:59:00 MAIN ENTRY FAILED: PolyApiException[status_code=400, error_message={'error': 'invalid order version, please use the latest clob-client'}]
2026-07-06 13:59:00 TRAP ENTRY FAILED: PolyApiException[status_code=400, error_message={'error': 'invalid order version, please use the latest clob-client'}]
